id,municipality,uf,nature,aquifer,latitude,longitude,depth_m,ce_us_cm,ce_ds_m,q_m3_h,coordinates_valid_pb_bbox,registration_date,drilling_date,ce_measurement_date,pumping_test_date
2600000608,Poço de José de Moura,PB,Poço tubular,Não definido,-6.624166,-38.524166,33,750,0.75,,True,2006-12-19,1992-06-01,,
2600000612,São João do Rio do Peixe,PB,Poço tubular,,-6.679166,-38.501111,42,710,0.71,,True,2006-12-19,1969-01-02,,
2600000613,Poço de José de Moura,PB,Poço tubular,,-6.588055,-38.523333,37,672,0.672,,True,2006-12-19,2002-12-12,,
2600000615,Poço de José de Moura,PB,Poço tubular,,-6.559166,-38.528888,18,2130,2.13,,True,2006-12-19,1981-01-02,,
2600000618,Poço de José de Moura,PB,Poço tubular,Rocha cristalina,-6.608055,-38.524444,35,967,0.967,,True,2006-12-19,1980-01-02,,
2600000623,São João do Rio do Peixe,PB,Poço tubular,,-6.718333,-38.463056,50,2910,2.91,,True,2004-08-13,1979-01-05,,
2600000634,São João do Rio do Peixe,PB,Poço tubular,Souza,-6.821944,-38.412777,50,1144,1.144,,True,2006-12-19,1999-01-15,,
2600000635,Poço de José de Moura,PB,Poço tubular,Rocha cristalina,-6.606666,-38.477777,52,1421,1.421,,True,2006-12-19,1990-07-11,,
2600000641,Poço de José de Moura,PB,Poço tubular,Rocha cristalina,-6.579166,-38.488055,50,1558,1.558,,True,2006-12-19,1977-01-15,,
2600000668,Poço de José de Moura,PB,Poço tubular,,-6.653055,-38.483611,21,1419,1.419,,True,2004-08-13,1984-01-12,,
2600000670,Triunfo,PB,Poço tubular,,-6.6625,-38.503888,50,1665,1.665,,True,2008-04-01,1984-01-16,,
2600001641,Cajazeirinhas,PB,Poço tubular,Rocha cristalina,-6.981111,-37.914166,50,703,0.703,,True,2004-09-02,1982-01-01,,
2600001652,Pombal,PB,Poço tubular,Rocha cristalina,-6.869166,-37.875,45,1555,1.555,,True,2004-09-02,1989-06-01,,
2600002265,Uiraúna,PB,Poço tubular,Rocha cristalina,-6.458056,-38.442222,30,317,0.317,,True,1993-11-01,1976-01-01,,
2600002283,Joca Claudino,PB,Poço tubular,Rocha cristalina,-6.489722,-38.489444,43.7,3590,3.59,,True,2007-02-28,2002-11-22,,
2600002285,Joca Claudino,PB,Poço tubular,Rocha cristalina,-6.447777,-38.485277,50,1174,1.174,,True,2007-02-28,1982-06-01,,
2600003205,Gurjão,PB,Poço tubular,Rocha cristalina,-7.258611,-36.486111,17,3310,3.31,,True,2007-09-02,1960-01-01,,
2600003206,Gurjão,PB,Poço tubular,Rocha cristalina,-7.213888,-36.427777,18,8620,8.62,,True,2007-09-02,1980-01-01,,
2600003212,Boa Vista,PB,Poço tubular,Rocha cristalina,-7.2175,-36.330555,45,14780,14.78,,True,2007-03-23,1971-01-01,,
2600003213,Soledade,PB,Poço tubular,Rocha cristalina,-7.165555,-36.305277,43,24200,24.2,,True,2007-09-03,1971-01-01,,
2600003214,Boa Vista,PB,Poço tubular,Rocha cristalina,-7.203888,-36.317777,60,10360,10.36,,True,2007-09-03,1971-01-01,,
2600003215,Soledade,PB,Poço tubular,Rocha cristalina,-7.121944,-36.380277,36,3960,3.96,,True,2007-09-03,1970-01-01,,
2600003216,Soledade,PB,Poço tubular,Rocha cristalina,-7.1725,-36.417222,15,3999,3.999,,True,2007-09-03,1971-01-01,,
2600003217,Soledade,PB,Poço tubular,Rocha cristalina,-7.135555,-36.316388,40,6999,6.999,,True,2007-09-03,1970-01-01,,
2600003218,Soledade,PB,Poço tubular,Rocha cristalina,-7.138888,-36.341944,34,3460,3.46,,True,2007-09-03,1972-01-01,,
2600003220,Soledade,PB,Poço tubular,Rocha cristalina,-7.178055,-36.395555,32,6160,6.16,,True,2007-09-03,1971-01-01,,
2600003222,Soledade,PB,Poço tubular,Rocha cristalina,-7.02,-36.479722,50,18500,18.5,,True,2007-09-03,1972-01-01,,
2600003225,Soledade,PB,Poço tubular,Rocha cristalina,-7.11,-36.361944,60,12600,12.6,,True,2007-09-03,1971-01-01,,
2600003230,Soledade,PB,Poço tubular,Rocha cristalina,-7.055833,-36.360277,35,1667,1.667,,True,2007-09-03,1972-01-01,,
2600003231,Soledade,PB,Poço tubular,Rocha cristalina,-7.125,-36.455,40,4550,4.55,,True,2007-09-03,1971-01-01,,
2600003236,Soledade,PB,Poço tubular,Rocha cristalina,-7.099722,-36.372222,54,8590,8.59,,True,2007-09-03,1971-01-01,,
2600003237,Soledade,PB,Poço tubular,Rocha cristalina,-7.033611,-36.424444,60,5870,5.87,,True,2003-12-01,1959-01-01,,
2600003238,Soledade,PB,Poço tubular,Rocha cristalina,-7.146944,-36.261111,66,17880,17.88,,True,2007-09-03,1971-01-01,,
2600003239,Soledade,PB,Poço tubular,Rocha cristalina,-7.064722,-36.447222,51,6160,6.16,,True,2007-09-03,1972-01-01,,
2600003242,Soledade,PB,Poço tubular,Rocha cristalina,-7.180555,-36.481666,32.5,25700,25.7,,True,2004-10-13,1969-01-01,,
2600003249,Soledade,PB,Poço tubular,Rocha cristalina,-7.031666,-36.398888,32,13360,13.36,,True,2007-09-03,1974-01-01,,
2600003253,Olivedos,PB,Poço tubular,Rocha cristalina,-7.092777,-36.276388,26,25300,25.3,,True,2007-09-03,1959-01-01,,
2600003254,Soledade,PB,Poço tubular,Rocha cristalina,-7.158055,-36.359444,17,2540,2.54,,True,2007-09-03,1961-08-19,,
2600003262,Soledade,PB,Poço tubular,Rocha cristalina,-7.1075,-36.307777,78,5830,5.83,,True,2007-09-03,,,
2600003269,São João do Cariri,PB,Poço tubular,Rocha cristalina,-7.3075,-36.390555,47,3280,3.28,,True,2007-11-07,1967-01-01,,
2600003280,Soledade,PB,Poço tubular,Rocha cristalina,-7.180833,-36.459722,50,10000,10.0,,True,2007-03-23,1983-01-01,,
2600003281,Soledade,PB,Poço tubular,Rocha cristalina,-7.181111,-36.240555,49,5530,5.53,,True,2007-03-23,1983-01-01,,
2600003282,Soledade,PB,Poço tubular,Rocha cristalina,-7.008611,-36.457222,48,22220,22.22,,True,2007-03-23,1983-01-01,,
2600003283,Soledade,PB,Poço tubular,Rocha cristalina,-7.170833,-36.416666,69,6670,6.67,,True,2007-03-23,1983-01-01,,
2600003287,Cabaceiras,PB,Poço tubular,Rocha cristalina,-7.405277,-36.237222,53,3564.04,3.56404,,True,2007-03-23,1984-01-01,,
2600003308,Campina Grande,PB,Poço tubular,Rocha cristalina,-7.269444,-36.101666,50,17543.86,17.543860000000002,,True,2007-03-23,1984-01-01,,
2600003312,Pocinhos,PB,Poço tubular,Rocha cristalina,-7.076388,-36.059444,52,909.09,0.9090900000000001,,True,2001-04-15,1984-04-14,,
2600003317,Gurjão,PB,Poço tubular,Rocha cristalina,-7.234722,-36.448055,50,5000,5.0,,True,2005-05-02,,,
2600003318,Soledade,PB,Poço tubular,Rocha cristalina,-7.187222,-36.479444,30,6000.24,6.00024,,True,2004-10-13,1987-01-01,,
2600003319,Gurjão,PB,Poço tubular,Rocha cristalina,-7.228055,-36.454166,42.4,1234,1.234,,True,2007-09-02,1987-01-01,,
2600003320,Gurjão,PB,Poço tubular,Rocha cristalina,-7.213333,-36.428888,50,6000.24,6.00024,,True,,1987-01-01,,
2600003321,Juazeirinho,PB,Poço tubular,Rocha cristalina,-7.024444,-36.499444,50,1630.01,1.63001,,True,,1986-01-01,,
2600003322,Boa Vista,PB,Poço tubular,Rocha cristalina,-7.246944,-36.1325,40,16000,16.0,,True,2007-03-23,1984-01-01,,
2600003323,Campina Grande,PB,Poço tubular,Rocha cristalina,-7.268888,-36.1,50,30003,30.003,,True,,1984-01-01,,
2600003326,Soledade,PB,Poço tubular,Rocha cristalina,-7.199444,-36.225,40,10800.3,10.8003,,True,2007-03-23,1986-01-01,,
2600003327,Boa Vista,PB,Poço tubular,Rocha cristalina,-7.2175,-36.233333,50,10800,10.8,,True,2007-03-23,1986-01-01,,
2600003328,Boa Vista,PB,Poço tubular,Rocha cristalina,-7.356388,-36.233333,40,8000.2,8.0002,,True,2007-03-23,1986-01-01,,
2600003329,Campina Grande,PB,Poço tubular,,-7.351666,-36.088888,48,2000,2.0,,True,,1986-01-01,,
2600003330,Boa Vista,PB,Poço tubular,Rocha cristalina,-7.323888,-36.259166,40,3200,3.2,,True,2007-03-23,1986-01-01,,
2600003331,Campina Grande,PB,Poço tubular,Rocha cristalina,-7.34,-36.091944,33,2500,2.5,,True,2013-12-23,1986-01-01,,
2600003332,Campina Grande,PB,Poço tubular,Rocha cristalina,-7.283333,-36.095833,50,7000.35,7.00035,,True,2013-12-23,1986-01-01,,
2600003334,Boa Vista,PB,Poço tubular,Rocha cristalina,-7.255,-36.120277,50,14001.68,14.00168,,True,2014-01-16,1986-01-01,,
2600003335,Cabaceiras,PB,Poço tubular,Rocha cristalina,-7.406666,-36.319444,40,7000.35,7.00035,,True,,1984-01-01,,
2600003336,Boqueirão,PB,Poço tubular,Rocha cristalina,-7.442777,-36.221388,50,11001.1,11.001100000000001,,True,2014-01-16,1985-01-01,,
2600003337,Cabaceiras,PB,Poço tubular,Rocha cristalina,-7.373055,-36.215555,40,6000.24,6.00024,,True,,1985-01-01,,
2600003338,Cabaceiras,PB,Poço tubular,Rocha cristalina,-7.436944,-36.278888,50,5500.25,5.50025,,True,,1985-01-01,,
2600003339,Cabaceiras,PB,Poço tubular,Rocha cristalina,-7.486111,-36.251944,50,2400.04,2.40004,,True,,1984-01-01,,
2600003340,Cabaceiras,PB,Poço tubular,Rocha cristalina,-7.460833,-36.260277,42,9000.09,9.00009,,True,,1985-01-01,,
2600003341,São Domingos do Cariri,PB,Poço tubular,Rocha cristalina,-7.498888,-36.406111,30,9501.18,9.50118,,True,2014-01-16,1987-01-01,,
2600003342,Cabaceiras,PB,Poço tubular,Rocha cristalina,-7.468055,-36.3225,40,3700,3.7,,True,,1985-01-01,,
2600003343,Cabaceiras,PB,Poço tubular,Rocha cristalina,-7.481944,-36.281111,8,1250,1.25,,True,,1986-01-01,,
2600003344,Caturité,PB,Poço tubular,Rocha cristalina,-7.381666,-36.1,40,145.01,0.14501,,True,2014-01-16,1986-01-01,,
2600003345,Boqueirão,PB,Poço tubular,Rocha cristalina,-7.45,-36.202777,50,7100.26,7.1002600000000005,,True,,1985-01-01,,
2600003346,Soledade,PB,Poço tubular,Rocha cristalina,-7.156111,-36.297777,50,12500,12.5,,True,,1986-01-01,,
2600003347,Soledade,PB,Poço tubular,Rocha cristalina,-7.147222,-36.231388,50,22300,22.3,,True,2007-09-03,1986-01-01,,
2600003348,Soledade,PB,Poço tubular,Rocha cristalina,-7.191111,-36.425555,40,15001.5,15.0015,,True,1999-01-12,1986-01-01,,
2600003349,Soledade,PB,Poço tubular,Rocha cristalina,-7.164166,-36.413888,45,1410.02,1.41002,,True,2007-09-03,1986-01-01,,
2600003350,Soledade,PB,Poço tubular,Rocha cristalina,-7.076111,-36.39,50,6670,6.67,,True,2007-09-03,1986-01-01,,
2600003351,Soledade,PB,Poço tubular,Rocha cristalina,-7.103611,-36.3775,50,6700,6.7,,True,2007-09-03,1987-01-01,,
2600003352,Soledade,PB,Poço tubular,Rocha cristalina,-7.087777,-36.397222,30,21500.75,21.50075,,True,2004-06-21,1987-01-01,,
2600003353,Soledade,PB,Poço tubular,Rocha cristalina,-7.036666,-36.331111,50,900,0.9,,True,,1985-01-01,,
2600003354,São João do Cariri,PB,Poço tubular,Rocha cristalina,-7.425,-36.459444,50,4000,4.0,,True,2007-11-07,1986-01-01,,
2600003355,Pocinhos,PB,Poço tubular,,-7.141944,-36.1875,50,19011.4,19.011400000000002,,True,,1986-01-01,,
2600003356,Pocinhos,PB,Poço tubular,Rocha cristalina,-7.136944,-36.040833,50,16000,16.0,,True,,1986-01-01,,
2600003357,Pocinhos,PB,Poço tubular,Rocha cristalina,-7.0225,-36.052777,60,26041.66,26.04166,,True,,1985-01-01,,
2600003358,Pocinhos,PB,Poço tubular,Rocha cristalina,-7.073888,-36.064722,50,500,0.5,,True,,1985-01-01,,
2600003359,Pocinhos,PB,Poço tubular,Rocha cristalina,-7.094722,-36.123055,50,38022.81,38.02281,,True,,1986-01-01,,
2600003364,Alcantil,PB,Poço tubular,Rocha cristalina,-7.703611,-36.061388,30,8500,8.5,,True,1990-01-01,1988-03-05,,
2600003366,Barra de São Miguel,PB,Poço tubular,Rocha cristalina,-7.693055,-36.184166,27,7692.3,7.6923,,True,1990-01-01,,,
2600003369,Boqueirão,PB,Poço tubular,Rocha cristalina,-7.645555,-36.195833,17,7692.3,7.6923,,True,,1991-07-15,,
2600003382,Riacho de Santo Antônio,PB,Poço tubular,Rocha cristalina,-7.669444,-36.165833,25,10900,10.9,,True,1982-01-01,1984-06-01,,
2600003387,Alcantil,PB,Poço tubular,Rocha cristalina,-7.672222,-36.037222,43,15490,15.49,,True,1982-01-01,1986-06-01,,
2600003388,Boqueirão,PB,Poço tubular,Rocha cristalina,-7.608888,-36.156388,50,496.1,0.49610000000000004,,True,1982-01-01,1982-01-01,,
2600003397,Riacho de Santo Antônio,PB,Poço tubular,Rocha cristalina,-7.650555,-36.151944,35,9090.9,9.0909,,True,2014-01-16,1977-01-01,,
2600003398,Alcantil,PB,Poço tubular,Rocha cristalina,-7.621111,-36.036111,28,4000,4.0,,True,1982-01-01,1990-01-01,,
2600003400,Boqueirão,PB,Poço tubular,Rocha cristalina,-7.4775,-36.131944,36,8333.33,8.33333,,True,1991-11-29,1990-10-02,,
2600003402,Barra de Santana,PB,Poço tubular,Rocha cristalina,-7.573888,-36.102222,42,2857.14,2.85714,,True,1991-12-10,1988-04-01,,
2600003612,Boqueirão,PB,Poço tubular,Rocha cristalina,-7.538888,-36.169166,28,8333.33,8.33333,,True,,1966-01-01,,
2600003616,Barra de Santana,PB,Poço tubular,Rocha cristalina,-7.595277,-36.018611,30,2500,2.5,,True,1982-01-01,1985-01-01,,
2600003645,Alcantil,PB,Poço tubular,Rocha cristalina,-7.708333,-36.036944,25,10460,10.46,,True,1982-02-01,1994-06-01,,
2600003646,Boqueirão,PB,Poço tubular,Rocha cristalina,-7.543888,-36.211944,15.5,2857.11,2.85711,,True,,1973-01-01,,
2600003647,São Domingos do Cariri,PB,Poço tubular,Rocha cristalina,-7.5925,-36.426111,48,2222,2.222,,True,1982-02-01,1983-01-01,,
2600003649,São Domingos do Cariri,PB,Poço tubular,Rocha cristalina,-7.628611,-36.395277,40,1300,1.3,,True,1982-02-01,1985-01-01,,
2600003650,São Domingos do Cariri,PB,Poço tubular,Rocha cristalina,-7.586944,-36.393611,40,4200.09,4.20009,,True,1982-02-01,1987-01-01,,
2600003651,São Domingos do Cariri,PB,Poço tubular,Rocha cristalina,-7.668055,-36.365833,50,3800.11,3.80011,,True,1982-02-01,1985-01-01,,
2600003654,São Domingos do Cariri,PB,Poço tubular,Rocha cristalina,-7.5425,-36.366666,60,1314,1.314,,True,2014-01-16,1984-01-01,,
2600003655,Cabaceiras,PB,Poço tubular,Rocha cristalina,-7.531666,-36.362222,30,2200.02,2.20002,,True,,1987-01-01,,
2600003656,Barra de São Miguel,PB,Poço tubular,Rocha cristalina,-7.676388,-36.403611,40,5400.15,5.40015,,True,1982-02-01,1985-01-01,,
2600003657,Cabaceiras,PB,Poço tubular,Rocha cristalina,-7.501666,-36.341111,21,2478,2.478,,True,,,,
2600003658,São Domingos do Cariri,PB,Poço tubular,Rocha cristalina,-7.641944,-36.396944,50,5580,5.58,,True,1982-02-01,1970-06-01,,
2600003664,São Domingos do Cariri,PB,Poço tubular,Rocha cristalina,-7.6725,-36.434722,50,3800.11,3.80011,,True,1982-02-01,1987-01-01,,
2600003665,Barra de São Miguel,PB,Poço tubular,Rocha cristalina,-7.698333,-36.424722,53,8910.27,8.91027,,True,1982-02-01,1984-01-01,,
2600003667,São Domingos do Cariri,PB,Poço tubular,Rocha cristalina,-7.650277,-36.431388,40,600,0.6,,True,1982-02-01,1985-01-01,,
2600003669,São Domingos do Cariri,PB,Poço tubular,Rocha cristalina,-7.644444,-36.435833,30,2272.72,2.2727199999999996,,True,1982-02-01,1987-01-01,,
2600003672,São Domingos do Cariri,PB,Poço tubular,Rocha cristalina,-7.638611,-36.41,40,2857.14,2.85714,,True,1982-02-01,1990-01-01,,
2600003674,São Domingos do Cariri,PB,Poço tubular,Rocha cristalina,-7.516388,-36.384166,31,3448.27,3.44827,,True,2014-01-16,1974-11-01,,
2600003675,São João do Cariri,PB,Poço tubular,Rocha cristalina,-7.578888,-36.484166,32,5882.35,5.882350000000001,,True,,1961-01-01,,
2600003676,São João do Cariri,PB,Poço tubular,Rocha cristalina,-7.577222,-36.497222,30,7410,7.41,,True,1982-01-01,1988-02-09,,
2600003678,São João do Cariri,PB,Poço tubular,Rocha cristalina,-7.549444,-36.491388,22,7740,7.74,,True,1982-01-01,1978-01-01,,
2600003680,Caraúbas,PB,Poço tubular,Rocha cristalina,-7.772222,-36.415277,27,6500,6.5,,True,1982-02-01,1974-10-01,,
2600003685,São João do Cariri,PB,Poço tubular,Rocha cristalina,-7.631944,-36.498333,40,14005.6,14.005600000000001,,True,,1986-01-01,,
2600003686,Caraúbas,PB,Poço tubular,Rocha cristalina,-7.659166,-36.460555,40,4562.04,4.56204,,True,2014-01-22,1986-01-01,,
2600003694,Caraúbas,PB,Poço tubular,Rocha cristalina,-7.769722,-36.413888,26,1123.59,1.1235899999999999,,True,1982-02-01,1988-01-01,,
2600003695,São João do Cariri,PB,Poço tubular,Rocha cristalina,-7.503333,-36.456944,22,2173.91,2.17391,,True,,1962-07-31,,
2600003698,Caraúbas,PB,Poço tubular,Rocha cristalina,-7.744722,-36.479722,50,7142.86,7.14286,,True,1982-02-01,1986-01-01,,
2600003755,Barra de São Miguel,PB,Poço tubular,Rocha cristalina,-7.768888,-36.180555,60,13860,13.86,,True,2003-11-07,1960-01-01,,
2600003766,Barra de São Miguel,PB,Poço tubular,Rocha cristalina,-7.688888,-36.222222,25,10000,10.0,,True,,1964-07-01,,
2600003771,Barra de São Miguel,PB,Poço tubular,Rocha cristalina,-7.715555,-36.279166,48,1428.57,1.42857,,True,,1983-08-18,,
2600003776,Barra de São Miguel,PB,Poço tubular,Rocha cristalina,-7.799444,-36.290833,14,4761.9,4.7619,,True,,1983-01-01,,
2600003777,Barra de São Miguel,PB,Poço tubular,Rocha cristalina,-7.765555,-36.365,24,1112,1.112,,True,1990-10-01,1990-10-01,,
2600003786,Barra de São Miguel,PB,Poço tubular,Rocha cristalina,-7.727777,-36.280555,32,5555.55,5.55555,,True,,1982-01-01,,
2600003801,Barra de São Miguel,PB,Poço tubular,,-7.768055,-36.333333,26,8500,8.5,,True,,1979-05-14,,
2600003808,Barra de São Miguel,PB,Poço tubular,Rocha cristalina,-7.6325,-36.363888,45,2083,2.083,,True,1991-10-01,1983-01-01,,
2600003809,Barra de São Miguel,PB,Poço tubular,Rocha cristalina,-7.71,-36.289722,22,5555.55,5.55555,,True,,1991-11-25,,
2600003810,Barra de São Miguel,PB,Poço tubular,Rocha cristalina,-7.797222,-36.369444,27,2222.22,2.2222199999999996,,True,,1979-07-01,,
2600003811,Barra de São Miguel,PB,Poço tubular,Rocha cristalina,-7.738333,-36.378333,30,19950,19.95,,True,2014-01-15,1976-02-20,,
2600003814,Barra de São Miguel,PB,Poço tubular,Rocha cristalina,-7.775,-36.2875,40,3200,3.2,,True,,1986-01-01,,
2600003818,Barra de São Miguel,PB,Poço tubular,Rocha cristalina,-7.725,-36.363888,30,16000,16.0,,True,,1986-01-01,,
2600003822,Barra de São Miguel,PB,Poço tubular,Rocha cristalina,-7.680555,-36.353888,50,3333.33,3.33333,,True,1991-10-01,1984-01-01,,
2600003831,Barra de São Miguel,PB,Poço tubular,Rocha cristalina,-7.788888,-36.36,32,800,0.8,,True,1979-04-26,1979-03-13,,
2600003833,Barra de São Miguel,PB,Poço tubular,Rocha cristalina,-7.797777,-36.324722,20,6250,6.25,,True,1979-04-26,1991-11-28,,
2600003838,Barra de São Miguel,PB,Poço tubular,Rocha cristalina,-7.750555,-36.189722,28,6666.66,6.66666,,True,,1991-11-28,,
2600003845,Barra de São Miguel,PB,Poço tubular,Rocha cristalina,-7.591666,-36.281388,16,2857.14,2.85714,,True,,1992-01-24,,
2600003846,Barra de São Miguel,PB,Poço tubular,Rocha cristalina,-7.597222,-36.293333,51,2440,2.44,,True,1984-02-15,1983-01-01,,
2600003852,Barra de São Miguel,PB,Poço tubular,Rocha cristalina,-7.752222,-36.3175,8.87,3571.43,3.57143,,True,1991-11-25,,,
2600003853,Barra de São Miguel,PB,Poço tubular,Rocha cristalina,-7.752222,-36.3175,60,6870,6.87,,True,1963-09-01,1963-09-01,,
2600003856,Barra de São Miguel,PB,Poço tubular,Rocha cristalina,-7.624166,-36.313611,24.5,8333.33,8.33333,,True,,1966-09-01,,
2600003867,Barra de São Miguel,PB,Poço tubular,Rocha cristalina,-7.781666,-36.185,20,6666.66,6.66666,,True,1991-10-01,1976-04-01,,
2600003871,Barra de São Miguel,PB,Poço tubular,Rocha cristalina,-7.685,-36.322222,24,2941.17,2.94117,,True,,1974-07-25,,
2600003872,Barra de São Miguel,PB,Poço tubular,Rocha cristalina,-7.745555,-36.264444,40,4347.83,4.34783,,True,,1991-11-25,,
2600003873,Barra de São Miguel,PB,Poço tubular,Rocha cristalina,-7.660277,-36.271111,21,2857.14,2.85714,,True,,1974-01-01,,
2600004663,Sossêgo,PB,Poço tubular,Rocha cristalina,-6.768888,-36.252777,60,7266,7.266,,True,1997-01-10,1983-10-01,,
2600004703,Lagoa Seca,PB,Poço tubular,Rocha cristalina,-7.136111,-35.833333,60,1646.09,1.6460899999999998,,True,1997-01-15,1984-10-01,,
2600004706,Monteiro,PB,Poço tubular,Rocha cristalina,-7.831666,-36.963611,60,7000,7.0,,True,1997-01-15,1984-07-01,,
2600004718,Pedra Lavrada,PB,Poço tubular,Rocha cristalina,-6.753055,-36.373333,60,2249.72,2.24972,,True,1997-01-15,1984-05-01,,
2600004719,Pedra Lavrada,PB,Poço tubular,Rocha cristalina,-6.746944,-36.415277,60,3410,3.41,,True,1997-01-15,1984-06-01,,
2600004723,Pilar,PB,Poço tubular,Rocha cristalina,-7.24,-35.255555,53.8,1234.56,1.2345599999999999,,True,1997-01-16,1983-10-01,,
2600004726,Pilar,PB,Poço tubular,Rocha cristalina,-7.298889,-35.301667,55,983,0.983,,True,1997-01-16,1984-02-01,,
2600004727,Pilar,PB,Poço tubular,Rocha cristalina,-7.305277,-35.264444,56.5,2444.98,2.44498,,True,1997-01-16,1983-11-01,,
2600004742,Taperoá,PB,Poço tubular,,-7.182222,-36.821111,25,875.6,0.8756,,True,1997-12-16,1960-08-17,,
2600004744,Sumé,PB,Poço tubular,,-7.797222,-36.954166,21.1,980,0.98,,True,1997-12-16,1960-09-25,,
2600004754,São João do Cariri,PB,Poço tubular,,-7.488611,-36.534166,31,646,0.646,,True,1997-12-17,1961-02-03,,
2600004759,Gurjão,PB,Poço tubular,,-7.323055,-36.516111,20,2750,2.75,,True,1997-12-18,1961-08-05,,
2600004762,Soledade,PB,Poço tubular,Rocha cristalina,-7.15,-36.361111,17.1,67,0.067,,True,1997-12-19,1961-08-19,,
2600004764,Gurjão,PB,Poço tubular,,-7.246111,-36.565,21.6,9600,9.6,,True,1997-12-19,1961-09-25,,
2600004767,Campina Grande,PB,Poço tubular,,-7.337777,-36.027777,13.3,117,0.117,,True,1997-12-19,1961-12-12,,
2600004780,Soledade,PB,Poço tubular,,-7.058333,-36.425,31,140.4,0.1404,,True,1997-12-29,1962-12-07,,
2600005176,Monteiro,PB,Poço tubular,,-7.901388,-37.118333,51,3080,3.08,,True,2008-03-13,2003-11-30,,
2600005178,Monteiro,PB,Poço tubular,,-7.7975,-37.132222,40,6410,6.41,,True,2008-03-17,2003-11-22,,
2600005181,Monteiro,PB,Poço tubular,,-7.895555,-37.130555,34,1923,1.923,,True,2008-03-13,1963-08-24,,
2600005182,Monteiro,PB,Poço tubular,,-7.841944,-37.020833,45,1375,1.375,,True,2008-03-17,2000-06-01,,
2600005183,Monteiro,PB,Poço tubular,,-7.836388,-37.182222,36,1017,1.017,,True,2008-03-17,2003-06-01,,
2600005184,Monteiro,PB,Poço tubular,,-7.879166,-37.162777,50,2140,2.14,,True,2008-03-17,1987-06-01,,
2600005185,Monteiro,PB,Poço tubular,,-8.006944,-37.097222,50,3050,3.05,,True,2008-03-17,1999-01-05,,
2600005186,Monteiro,PB,Poço tubular,,-7.904444,-37.204166,50,1321,1.321,,True,2008-03-14,1963-10-01,,
2600005187,Monteiro,PB,Poço tubular,,-7.906666,-37.198333,51,1651,1.651,,True,2008-03-17,1993-06-01,,
2600005188,Monteiro,PB,Poço tubular,,-7.895833,-37.115833,37,2580,2.58,,True,2008-03-13,2003-11-30,,
2600005189,Monteiro,PB,Poço tubular,,-7.918611,-37.168888,35,5720,5.72,,True,2008-03-17,2003-11-25,,
2600005191,Monteiro,PB,Poço tubular,,-7.935833,-37.197222,30,4330,4.33,,True,2008-03-20,2003-11-24,,
2600005192,Camalaú,PB,Poço tubular,,-7.834722,-36.954722,34,2440,2.44,,True,2008-03-18,2003-12-02,,
2600005195,Monteiro,PB,Poço tubular,,-7.913611,-37.253888,42,1721,1.721,,True,2008-03-15,2003-01-05,,
2600005197,Monteiro,PB,Poço tubular,,-7.874722,-36.991388,39,12360,12.36,,True,2008-03-13,2001-06-01,,
2600005201,Congo,PB,Poço tubular,Rocha cristalina,-7.872222,-36.641666,30,143.52,0.14352,,True,1997-11-18,1964-03-04,,
2600005202,Congo,PB,Poço tubular,Rocha cristalina,-7.715,-36.674444,30,234,0.234,,True,1997-11-18,1964-05-08,,
2600005203,Camalaú,PB,Poço tubular,Rocha cristalina,-7.889722,-36.823055,30,533.5,0.5335,,True,1997-11-19,1964-05-16,,
2600005205,Monteiro,PB,Poço tubular,,-7.996666,-37.033611,61,1889,1.889,,True,2008-03-17,1980-06-01,,
2600005206,Monteiro,PB,Poço tubular,,-7.944166,-37.052222,41,900,0.9,,True,2008-03-17,2002-06-01,,
2600005207,Camalaú,PB,Poço tubular,Rocha cristalina,-7.905277,-36.642222,34,8610,8.61,,True,1997-11-19,1964-11-10,,
2600005208,Monteiro,PB,Poço tubular,Rocha cristalina,-7.900277,-37.174444,30,3780,3.78,,True,1997-11-19,1964-07-18,,
2600005209,São José dos Cordeiros,PB,Poço tubular,Rocha cristalina,-7.398888,-36.799166,30,200,0.2,,True,1997-11-20,1964-08-04,,
2600005210,Boa Vista,PB,Poço tubular,Rocha cristalina,-7.330277,-36.166666,30,2000,2.0,,True,1997-11-20,1964-08-05,,
2600005211,São José dos Cordeiros,PB,Poço tubular,Rocha cristalina,-7.382222,-36.771944,50,382.4,0.38239999999999996,,True,1997-11-20,1966-04-26,,
2600005212,Livramento,PB,Poço tubular,Rocha cristalina,-7.361666,-36.940277,50,2000,2.0,,True,1997-11-20,1966-03-08,,
2600005216,Gurjão,PB,Poço tubular,Rocha cristalina,-7.246666,-36.486944,40,2000,2.0,,True,1997-11-20,1966-03-03,,
2600005217,Parari,PB,Poço tubular,Rocha cristalina,-7.323888,-36.613888,40,596,0.596,,True,1997-11-20,1966-03-24,,
2600005218,Santo André,PB,Poço tubular,Rocha cristalina,-7.2125,-36.575833,40,2000,2.0,,True,1997-11-20,1966-04-07,,
2600005219,Taperoá,PB,Poço tubular,Rocha cristalina,-7.283055,-36.748333,50,2000,2.0,,True,1997-11-20,1966-05-01,,
2600005220,São José dos Cordeiros,PB,Poço tubular,Rocha cristalina,-7.423888,-36.785833,50,562,0.562,,True,1997-11-21,1966-05-14,,
2600005221,São José dos Cordeiros,PB,Poço tubular,,-7.451388,-36.806111,50,424,0.424,,True,1997-11-21,1967-01-01,,
2600005222,Livramento,PB,Poço tubular,,-7.333611,-36.766666,50,186.7,0.18669999999999998,,True,1997-11-21,1967-01-30,,
2600005223,São José dos Cordeiros,PB,Poço tubular,,-7.417222,-36.750833,42,65.4,0.0654,,True,1997-11-21,1967-02-02,,
2600005224,Taperoá,PB,Poço tubular,,-7.224444,-36.791666,36,68.4,0.0684,,True,1997-11-21,1967-02-18,,
2600005225,São José dos Cordeiros,PB,Poço tubular,,-7.383611,-36.850833,56,66.3,0.0663,,True,1997-11-21,1967-02-28,,
2600005226,Livramento,PB,Poço tubular,,-7.35,-36.933888,40,369.4,0.36939999999999995,,True,1997-11-21,1967-03-20,,
2600005228,Taperoá,PB,Poço tubular,,-7.2675,-36.908333,23,337.8,0.3378,,True,1997-11-25,1967-04-28,,
2600005229,Taperoá,PB,Poço tubular,,-7.184444,-36.808888,50,424.2,0.42419999999999997,,True,1997-11-25,1967-03-11,,
2600005230,Catingueira,PB,Poço tubular,,-7.213889,-37.613333,60,72.2,0.0722,,True,1997-11-25,1967-08-16,,
2600005231,Santa Inês,PB,Poço tubular,,-7.629444,-38.595,30,1265.8,1.2658,,True,1997-11-25,1967-01-01,,
2600005235,Boqueirão,PB,Poço tubular,,-7.552777,-36.141666,21.45,116,0.116,,True,1997-11-26,1961-07-24,,
2600005237,Boa Vista,PB,Poço tubular,,-7.225,-36.170833,17,257.4,0.25739999999999996,,True,1997-11-27,1958-10-20,,
2600005241,Alcantil,PB,Poço tubular,,-7.602222,-36.018055,35,300,0.3,,True,1998-01-12,1963-10-02,,
2600005243,Caraúbas,PB,Poço tubular,,-7.841666,-36.441666,40,300,0.3,,True,1998-01-12,1963-09-30,,
2600005244,Caraúbas,PB,Poço tubular,,-7.720833,-36.470833,32.5,175,0.175,,True,1998-01-13,1963-11-29,,
2600005271,Taperoá,PB,Poço tubular,,-7.208333,-36.825,36,700,0.7,,True,1998-02-16,1965-05-31,,
2600005272,Monteiro,PB,Poço tubular,,-7.883888,-37.126944,43,3440,3.44,,True,1998-02-16,1965-05-18,,
2600005281,Soledade,PB,Poço tubular,,-7.170555,-36.414166,14,8650,8.65,,True,1998-02-18,1965-07-31,,
2600005286,Cuité,PB,Poço tubular,,-6.583333,-36.083333,41,1228,1.228,,True,1998-02-19,1965-09-30,,
2600005305,Santo André,PB,Poço tubular,,-7.233333,-36.5625,30.8,520,0.52,,True,1998-03-04,1966-01-31,,
2600005307,Santo André,PB,Poço tubular,,-7.283333,-36.6,25,195,0.195,,True,1998-03-04,1966-02-14,,
2600005308,Barra de Santa Rosa,PB,Poço tubular,,-6.716944,-36.120833,36.5,130,0.13,,True,1998-03-04,1966-02-10,,
2600005312,Parari,PB,Poço tubular,,-7.280555,-36.666666,33,2000,2.0,,True,1998-03-06,1966-03-25,,
2600005314,Assunção,PB,Poço tubular,,-7.054166,-36.75,43.5,180,0.18,,True,1998-03-06,1966-04-20,,
2600005317,Assunção,PB,Poço tubular,,-7.098611,-36.720833,25,613.5,0.6135,,True,1998-03-06,1966-05-27,,
2600005336,Santa Luzia,PB,Poço tubular,,-6.873055,-36.99,48,2380,2.38,,True,1998-03-12,1958-12-04,,
2600005337,Pedra Lavrada,PB,Poço tubular,,-6.775,-36.316666,90,250,0.25,,True,1998-03-12,1959-01-01,,
2600005338,São José do Sabugi,PB,Poço tubular,,-6.776111,-36.799166,35,470,0.47,,True,1998-03-12,1959-01-01,,
2600005361,Riacho de Santo Antônio,PB,Poço tubular,,-7.670833,-36.155555,21,60,0.06,,True,1998-03-19,1959-01-01,,
2600005365,Queimadas,PB,Poço tubular,,-7.445833,-36.016666,66,280.8,0.2808,,True,1998-03-19,,,
2600005370,São Vicente do Seridó,PB,Poço tubular,Rocha cristalina,-6.915277,-36.45,78,244.92,0.24492,,True,1998-03-20,,,
2600005375,Pocinhos,PB,Poço tubular,,-7.127777,-36.208333,35,31.2,0.0312,,True,1998-03-24,,,
2600005380,Sumé,PB,Poço tubular,,-7.814444,-36.900555,41.5,1893,1.893,,True,1998-03-25,1963-03-15,,
2600005381,Sumé,PB,Poço tubular,,-7.508333,-36.961111,32,2924,2.924,,True,1998-03-25,1963-04-10,,
2600005389,Junco do Seridó,PB,Poço tubular,Rocha cristalina,-6.975,-36.733333,126,1100,1.1,,True,1998-03-27,1963-07-04,,
2600005399,Juazeirinho,PB,Poço tubular,Rocha cristalina,-7.0125,-36.563888,51,2000,2.0,,True,1998-03-30,1965-01-01,,
2600005400,Juazeirinho,PB,Poço tubular,Rocha cristalina,-7.133333,-36.536111,25,485.4,0.4854,,True,1998-03-31,1965-02-25,,
2600005419,Monteiro,PB,Poço tubular,Rocha cristalina,-7.853055,-37.159722,33,2120,2.12,,True,1998-04-02,1966-06-02,,
2600005436,Ouro Velho,PB,Poço tubular,Rocha cristalina,-7.616666,-37.175,50,144.7,0.1447,,True,1998-04-06,1962-01-19,,
2600005439,Várzea,PB,Poço tubular,Rocha cristalina,-6.771666,-36.990277,40,880,0.88,,True,1998-04-07,1963-08-31,,
2600005448,Monteiro,PB,Poço tubular,Rocha cristalina,-7.891666,-37.116666,63,512.4,0.5124,,True,1998-04-09,1963-07-12,,
2600005449,Monteiro,PB,Poço tubular,Rocha cristalina,-7.891388,-37.1275,31,292.2,0.2922,,True,1998-04-13,1963-07-12,,
2600005525,Picuí,PB,Poço tubular,Rocha sedimentar,-6.43,-36.286666,35,5120,5.12,,True,1998-05-05,1996-06-01,,
2600005526,Picuí,PB,Poço tubular,Rocha sedimentar,-6.666667,-36.278056,36,707.6,0.7076,,True,1998-05-05,1963-11-12,,
2600005527,Picuí,PB,Poço tubular,,-6.555277,-36.306111,39,8100,8.1,,True,1998-05-05,1997-06-01,,
2600005531,Picuí,PB,Poço tubular,Rocha cristalina,-6.545833,-36.383333,40,6170,6.17,,True,1998-05-06,1965-11-21,,
2600005534,Picuí,PB,Poço tubular,Rocha cristalina,-6.621111,-36.408611,55,6070,6.07,,True,1998-05-06,1970-06-01,,
2600005558,Cuité,PB,Poço tubular,,-6.61,-36.1525,50,21200,21.2,,True,2007-12-06,2002-11-10,,
2600005561,Cuité,PB,Poço tubular,Rocha cristalina,-6.644444,-36.126388,30,6000,6.0,,True,1998-05-15,1967-05-26,,
2600005563,Cuité,PB,Poço tubular,Rocha cristalina,-6.648611,-36.155555,31,1650,1.65,,True,1998-05-18,1967-05-30,,
2600005564,Cuité,PB,Poço tubular,Rocha cristalina,-6.575,-36.106944,61,150,0.15,,True,1967-07-17,1967-07-17,,
2600005565,Picuí,PB,Poço tubular,Rocha cristalina,-6.555,-36.306111,60,8270,8.27,,True,1998-05-18,1970-06-01,,
2600005566,Picuí,PB,Poço tubular,Rocha cristalina,-6.583333,-36.338888,60,4020,4.02,,True,1998-05-18,1967-08-10,,
2600005567,Picuí,PB,Poço tubular,Rocha cristalina,-6.606944,-36.356944,64,7000,7.0,,True,1998-05-18,1967-07-21,,
2600005568,Picuí,PB,Poço tubular,Rocha cristalina,-6.607222,-36.356944,45,880,0.88,,True,1967-09-25,1967-09-25,,
2600005571,Pedra Lavrada,PB,Poço tubular,Rocha cristalina,-6.767777,-36.307222,50,8670,8.67,,True,1998-05-19,2001-06-01,,
2600005572,Pedra Lavrada,PB,Poço tubular,Rocha cristalina,-6.767777,-36.306944,48,5280,5.28,,True,1998-05-19,1998-06-01,,
2600005591,Diamante,PB,Poço tubular,Rocha cristalina,-7.441667,-38.266944,60,2000,2.0,,True,1998-05-21,1922-01-01,,
2600005602,Boa Vista,PB,Poço tubular,Rocha cristalina,-7.266666,-36.138888,12,1216,1.216,,True,1998-05-25,1960-01-01,,
2600005616,Água Branca,PB,Poço tubular,Rocha cristalina,-7.516666,-37.641666,32,475,0.475,,True,1998-06-02,1958-01-01,,
2600005617,Boa Vista,PB,Poço tubular,Rocha cristalina,-7.21,-36.316111,27,40.56,0.04056,,True,1998-06-02,1959-01-01,,
2600005629,Olivedos,PB,Poço tubular,Rocha cristalina,-7.066666,-36.216666,37.3,78,0.078,,True,1998-06-04,1959-01-01,,
2600005646,Catingueira,PB,Poço tubular,Rocha cristalina,-7.133333,-37.6,87,1300,1.3,,True,1998-06-08,1965-01-01,,
2600005656,São José do Bonfim,PB,Poço tubular,Rocha cristalina,-7.154166,-37.3,40.2,350,0.35,,True,1998-06-09,1966-01-01,,
2600005657,Santa Teresinha,PB,Poço tubular,Rocha cristalina,-7.091666,-37.375,132,1400,1.4,,True,1998-06-09,1966-01-01,,
2600005734,São José de Espinharas,PB,Poço tubular,Rocha cristalina,-6.759444,-37.393611,20,1680,1.68,,True,1998-07-27,1967-01-01,,
2600005741,Serra Branca,PB,Poço tubular,Rocha cristalina,-7.455555,-36.666666,25,1100,1.1,,True,1998-07-29,1967-01-01,,
2600005793,Boa Vista,PB,Poço tubular,Rocha cristalina,-7.333333,-36.233333,33,90.48,0.09048,,True,1998-08-06,1962-01-01,,
2600006253,Guarabira,PB,Poço tubular,Rocha cristalina,-6.854166,-35.491666,30,1000,1.0,,True,1998-10-22,,,
2600006265,Cabedelo,PB,Poço tubular,,-7.050278,-34.85,184,1300,1.3,,True,1998-10-23,,,
2600006267,Cabedelo,PB,Poço tubular,,-7.043889,-34.854167,226,1300,1.3,,True,1998-10-23,,,
2600006268,Cabedelo,PB,Poço tubular,,-7.041667,-34.853611,174,1500,1.5,,True,1998-10-23,,,
2600006269,Cabedelo,PB,Poço tubular,,-7.054444,-34.851389,130,1400,1.4,,True,1998-10-23,,,
2600006270,Cabedelo,PB,Poço tubular,,-7.053333,-34.850556,140,1300,1.3,,True,1998-10-23,,,
2600006271,Cabedelo,PB,Poço tubular,,-7.05,-34.85,130,1800,1.8,,True,1998-10-23,,,
2600006276,Baía da Traição,PB,Poço tubular,,-6.6925,-34.934722,42,7000,7.0,,True,1998-10-26,,,
2600006277,Marcação,PB,Poço tubular,Barreiras,-6.758333,-35.008333,76,2600,2.6,,True,1998-10-26,,,
2600006279,Rio Tinto,PB,Poço tubular,Barreiras,-6.8,-35.054166,114,1300,1.3,,True,1998-10-26,,,
2600006282,Rio Tinto,PB,Poço tubular,Barreiras,-6.821666,-35.108333,27.8,5000,5.0,,True,1998-10-26,,,
2600006283,Santa Rita,PB,Poço tubular,Rocha sedimentar,-6.966666,-34.895833,120,2300,2.3,,True,1998-10-26,,,
2600006288,Araçagi,PB,Poço tubular,,-6.854166,-35.366666,66,850,0.85,,True,1998-10-27,,,
2600006289,Capim,PB,Poço tubular,Barreiras,-6.918888,-35.170833,17.07,2800,2.8,,True,1998-10-27,,,
2600006290,Pilõezinhos,PB,Poço tubular,,-6.823889,-35.527778,41,1500,1.5,,True,1998-10-27,,,
2600006295,Mataraca,PB,Poço tubular,,-6.6,-35.044444,49,2352.9,2.3529,,True,1998-10-28,,,
2600006381,Gurinhém,PB,Poço tubular,,-7.200277,-35.416666,40,2480,2.48,,True,1998-11-10,1967-09-07,,
2600006476,Pitimbu,PB,Poço tubular,Aluvionar,-7.475,-34.813888,51,2000,2.0,,True,1998-11-30,1967-10-21,,
2600006477,Caaporã,PB,Poço tubular,,-7.5,-34.858333,80,12500,12.5,,True,1998-11-30,1969-01-19,,
2600006478,Caaporã,PB,Poço tubular,,-7.525,-34.9125,62.5,2800,2.8,,True,1998-11-30,1969-01-19,,
2600006479,Caaporã,PB,Poço tubular,,-7.525277,-34.9125,104,19500,19.5,,True,1998-11-30,1967-11-21,,
2600006481,Alhandra,PB,Poço tubular,Beberibe,-7.441666,-34.916666,36,6400,6.4,,True,1998-11-30,1967-09-23,,
2600006482,Alhandra,PB,Poço tubular,Beberibe,-7.441944,-34.916666,107,8400,8.4,,True,1998-11-30,1969-11-30,,
2600006606,Zabelê,PB,Poço tubular,,-8.121666,-37.133055,48,851,0.851,,True,1997-12-11,1984-06-01,,
2600006676,Monteiro,PB,Poço tubular,,-7.991666,-37.160833,50,591,0.591,,True,1999-06-04,1994-04-01,,
2600006678,Monteiro,PB,Poço tubular,,-7.980277,-37.175,50,1352,1.352,,True,1999-06-04,1999-06-04,,
2600006685,Monteiro,PB,Poço tubular,,-7.971111,-37.327778,54,2870,2.87,,True,1999-06-05,2002-12-03,,
2600006686,Monteiro,PB,Poço tubular,,-7.966944,-37.281111,24,987,0.987,,True,1999-06-05,1999-01-01,,
2600006687,Monteiro,PB,Poço tubular,,-7.965555,-37.1825,50,1488,1.488,,True,1999-06-04,1970-01-01,,
2600006689,Monteiro,PB,Poço tubular,,-7.948611,-37.279722,45,2270,2.27,,True,1998-09-29,,,
2600006691,Monteiro,PB,Poço tubular,,-7.944722,-37.195555,48,8140,8.14,,True,1997-12-10,1997-01-01,,
2600006692,Monteiro,PB,Poço tubular,,-7.943055,-37.220555,43,2440,2.44,,True,1999-06-05,1999-01-01,,
2600006693,Monteiro,PB,Poço tubular,,-7.938333,-37.233055,25,1884,1.884,,True,1999-06-05,1999-06-05,,
2600006695,Monteiro,PB,Poço tubular,,-7.918333,-37.262222,60,2180,2.18,,True,1997-12-11,1996-01-01,,
2600007073,Alagoa Grande,PB,Poço tubular,Rocha cristalina,-7.062222,-35.62,33,2670,2.67,,True,1999-01-13,1998-10-20,,
2600007074,Alagoa Grande,PB,Poço tubular,Rocha cristalina,-7.104166,-35.639722,30,2870,2.87,,True,1998-10-25,1998-09-10,,
2600007075,Algodão de Jandaíra,PB,Poço tubular,Rocha cristalina,-6.945833,-36.015,45,15910,15.91,,True,1999-01-09,1998-11-05,,
2600007077,Araçagi,PB,Poço tubular,Rocha cristalina,-6.8225,-35.385833,39,8070,8.07,,True,1999-01-29,1998-11-27,,
2600007079,Araçagi,PB,Poço tubular,Rocha cristalina,-6.826388,-35.416944,42,749,0.749,,True,1999-01-29,1998-11-26,,
2600007080,Araçagi,PB,Poço tubular,Rocha cristalina,-6.824166,-35.394444,50,8900,8.9,,True,1998-12-08,1998-12-08,,
2600007082,Arara,PB,Poço tubular,Rocha cristalina,-6.857222,-35.732222,42,10120,10.12,,True,1998-11-12,1998-10-27,,
2600007086,Areia,PB,Poço tubular,Rocha cristalina,-6.8775,-35.768611,42,8920,8.92,,True,1998-12-29,1998-10-26,,
2600007087,Arara,PB,Poço tubular,Rocha cristalina,-6.825277,-35.727777,40,8920,8.92,,True,1999-03-02,1998-10-31,,
2600007089,Arara,PB,Poço tubular,Rocha cristalina,-6.854444,-35.806388,50,24060,24.06,,True,1998-11-21,1998-10-24,,
2600007100,Queimadas,PB,Poço tubular,Rocha cristalina,-7.498611,-35.944444,50,10910,10.91,,True,1998-12-29,1998-11-09,,
2600007102,Araruna,PB,Poço tubular,Rocha cristalina,-6.540833,-35.771944,50,11220,11.22,,True,1998-12-22,1998-11-07,,
2600007103,Araruna,PB,Poço tubular,Rocha cristalina,-6.548055,-35.803611,36,17930,17.93,,True,1998-12-21,1998-11-16,,
2600007137,Araruna,PB,Poço tubular,Rocha cristalina,-6.551388,-35.766666,50,10750,10.75,,True,1998-12-22,1998-11-16,,
2600007138,Araruna,PB,Poço tubular,Rocha cristalina,-6.577777,-35.769722,50,8400,8.4,,True,1998-12-22,1998-11-04,,
2600007139,Araruna,PB,Poço tubular,Rocha cristalina,-6.552777,-35.791944,50,11950,11.95,,True,1998-11-28,1998-11-06,,
2600007140,Araruna,PB,Poço tubular,Rocha cristalina,-6.553888,-35.786111,50,8120,8.12,,True,1998-12-22,1998-11-07,,
2600007142,Areia,PB,Poço tubular,,-6.947222,-35.766388,50,1060,1.06,,True,1999-03-27,1998-10-22,,
2600007143,Aroeiras,PB,Poço tubular,Rocha cristalina,-7.616388,-35.7275,45,11050,11.05,,True,1998-11-25,1998-09-17,,
2600007144,Aroeiras,PB,Poço tubular,Rocha cristalina,-7.511944,-35.615277,37,1338,1.338,,True,1998-12-02,1998-09-20,,
2600007145,Assunção,PB,Poço tubular,Rocha cristalina,-7.025555,-36.714166,50,1387,1.387,,True,1998-12-04,1998-10-10,,
2600007147,Cuité,PB,Poço tubular,Rocha cristalina,-6.613055,-36.234722,50,6650,6.65,,True,1998-12-19,1998-11-27,,
2600007155,Cacimba de Dentro,PB,Poço tubular,Rocha cristalina,-6.638888,-35.791666,50,6850,6.85,,True,1998-10-07,1998-10-07,,
2600007156,Cacimba de Dentro,PB,Poço tubular,Rocha cristalina,-6.671944,-35.814722,48,3970,3.97,,True,1998-12-26,1998-10-06,,
2600007158,Barra de Santana,PB,Poço tubular,Rocha cristalina,-7.601666,-35.936666,40,8110,8.11,,True,1998-11-16,1998-09-25,,
2600007159,Barra de Santana,PB,Poço tubular,Rocha cristalina,-7.580555,-36.0675,40,2900,2.9,,True,1998-11-15,1998-09-23,,
2600007192,Barra de São Miguel,PB,Poço tubular,Rocha cristalina,-7.5975,-36.29,50,1495,1.495,,True,1998-11-09,1998-10-02,,
2600007195,Boa Vista,PB,Poço tubular,Rocha cristalina,-7.233056,-36.133611,50,5670,5.67,,True,1999-01-05,2000-06-01,,
2600007196,Boa Vista,PB,Poço tubular,Rocha cristalina,-7.220277,-36.248333,45,1930,1.93,,True,1998-11-12,1998-09-08,,
2600007197,Boa Vista,PB,Poço tubular,Rocha cristalina,-7.26,-36.247777,50,1987,1.987,,True,1999-02-08,1998-09-08,,
2600007198,Cabaceiras,PB,Poço tubular,Rocha cristalina,-7.413611,-36.368888,36,8790,8.79,,True,1998-12-29,1998-10-08,,
2600007199,Cabaceiras,PB,Poço tubular,Rocha cristalina,-7.3975,-36.282777,45,5830,5.83,,True,1999-02-09,1998-10-09,,
2600007201,Cabaceiras,PB,Poço tubular,Rocha cristalina,-7.562777,-36.295277,50,2330,2.33,,True,1998-12-19,1998-10-11,,
2600007202,Cabaceiras,PB,Poço tubular,Rocha cristalina,-7.426666,-36.363333,50,9450,9.45,,True,1999-02-09,1998-10-07,,
2600007208,Caiçara,PB,Poço tubular,Rocha cristalina,-6.637222,-35.399444,50,6010,6.01,,True,1999-02-23,1998-11-15,,
2600007209,Caiçara,PB,Poço tubular,Rocha cristalina,-6.594722,-35.340833,35,5790,5.79,,True,1999-02-18,1998-11-19,,
2600007210,Lagoa de Dentro,PB,Poço tubular,Rocha cristalina,-6.620555,-35.334722,42,6980,6.98,,True,1999-02-19,1998-11-18,,
2600007211,Caiçara,PB,Poço tubular,Rocha cristalina,-6.6125,-35.410833,34,19060,19.06,,True,1999-01-21,1998-11-17,,
2600007212,Caiçara,PB,Poço tubular,Rocha cristalina,-6.636666,-35.489722,50,12730,12.73,,True,1999-02-23,1998-11-21,,
2600007213,Caiçara,PB,Poço tubular,Rocha cristalina,-6.636666,-35.422777,50,9020,9.02,,True,1999-02-23,1998-11-15,,
2600007214,Caiçara,PB,Poço tubular,Rocha cristalina,-6.605277,-35.390555,50,6340,6.34,,True,1999-02-23,1998-11-18,,
2600007215,Camalaú,PB,Poço tubular,Rocha cristalina,-7.909166,-36.7075,37,5790,5.79,,True,1998-12-12,1998-10-14,,
2600007216,São João do Tigre,PB,Poço tubular,Rocha cristalina,-7.953055,-36.698611,50,1336,1.336,,True,1998-10-16,1998-10-16,,
2600007217,São João do Tigre,PB,Poço tubular,Rocha cristalina,-7.958888,-36.812222,50,3190,3.19,,True,1998-12-12,1998-10-13,,
2600007218,Camalaú,PB,Poço tubular,Rocha cristalina,-7.926666,-36.778055,42,4540,4.54,,True,1999-03-02,1998-10-13,,
2600007219,Camalaú,PB,Poço tubular,Rocha cristalina,-7.912222,-36.7925,42,5630,5.63,,True,1999-03-02,1998-10-12,,
2600007222,Campina Grande,PB,Poço tubular,Rocha cristalina,-7.206666,-36.0175,31,7220,7.22,,True,1998-12-29,1998-11-14,,
2600007227,Caraúbas,PB,Poço tubular,Rocha cristalina,-7.732222,-36.515,50,2940,2.94,,True,1998-12-12,1998-10-20,,
2600007250,Cuité,PB,Poço tubular,Rocha cristalina,-6.493611,-36.070833,36,2110,2.11,,True,1999-03-02,1998-10-14,,
2600007251,Cuité,PB,Poço tubular,Rocha cristalina,-6.522777,-36.061111,42,5310,5.31,,True,1999-01-05,1998-12-01,,
2600007252,Cuité,PB,Poço tubular,Rocha cristalina,-6.517222,-35.988611,42,9960,9.96,,True,1998-12-09,1998-10-18,,
2600007253,Cuité,PB,Poço tubular,Rocha cristalina,-6.569166,-36.217222,50,9240,9.24,,True,1998-11-09,1998-10-17,,
2600007254,Cuité,PB,Poço tubular,Rocha cristalina,-6.629444,-36.185,42,1315,1.315,,True,1998-12-15,1998-10-15,,
2600007255,Cuité,PB,Poço tubular,Rocha cristalina,-6.568055,-36.173611,50,12200,12.2,,True,1998-12-15,1998-10-16,,
2600007256,Cuité,PB,Poço tubular,Rocha cristalina,-6.569166,-36.1975,50,8780,8.78,,True,1998-12-15,1998-10-27,,
2600007257,Cuité,PB,Poço tubular,Rocha cristalina,-6.528333,-36.078055,36,9270,9.27,,True,1999-06-05,1998-10-01,,
2600007260,Casserengue,PB,Poço tubular,Rocha cristalina,-6.731944,-35.8675,34,9800,9.8,,True,1998-11-11,1998-11-02,,
2600007262,Casserengue,PB,Poço tubular,Rocha cristalina,-6.683611,-35.868888,31,7960,7.96,,True,1998-12-01,1998-11-03,,
2600007263,Caturité,PB,Poço tubular,Rocha cristalina,-7.39,-36.086388,50,6310,6.31,,True,1998-11-18,1998-10-30,,
2600007264,Caturité,PB,Poço tubular,Rocha cristalina,-7.4575,-36.024722,50,5412,5.412,,True,1998-11-19,1998-10-30,,
2600007265,Caturité,PB,Poço tubular,Rocha cristalina,-7.452222,-36.038611,50,819,0.819,,True,1998-11-20,1998-10-30,,
2600007266,Serra Branca,PB,Poço tubular,Rocha cristalina,-7.685833,-36.732777,45,1958,1.958,,True,1998-10-27,1998-10-17,,
2600007267,Congo,PB,Poço tubular,Rocha cristalina,-7.698055,-36.650277,40,2450,2.45,,True,1998-10-26,1998-10-18,,
2600007268,Cubati,PB,Poço tubular,,-6.873611,-36.324166,53,5030,5.03,,True,1998-11-07,1968-06-01,,
2600007270,Cubati,PB,Poço tubular,,-6.861944,-36.301944,50,4780,4.78,,True,1998-11-28,1975-06-01,,
2600007271,Cubati,PB,Poço tubular,,-6.8925,-36.333055,50,9600,9.6,,True,1998-11-28,1975-06-01,,
2600007274,Cubati,PB,Poço tubular,Rocha cristalina,-6.866111,-36.383888,50,4320,4.32,,True,1999-01-16,1998-11-21,,
2600007278,Dona Inês,PB,Poço tubular,Rocha cristalina,-6.587777,-35.564722,50,3020,3.02,,True,1999-03-10,1998-11-11,,
2600007279,Dona Inês,PB,Poço tubular,Rocha cristalina,-6.570277,-35.565833,50,7780,7.78,,True,1998-12-17,1998-11-29,,
2600007281,Duas Estradas,PB,Poço tubular,Rocha cristalina,-6.709444,-35.411111,30,13460,13.46,,True,1999-03-01,1998-12-14,,
2600007291,Caiçara,PB,Poço tubular,Rocha cristalina,-6.664166,-35.422777,50,9360,9.36,,True,1998-11-24,1998-11-02,,
2600007292,Duas Estradas,PB,Poço tubular,Rocha cristalina,-6.731111,-35.378888,36,6910,6.91,,True,1999-01-22,1998-11-03,,
2600007294,Esperança,PB,Poço tubular,Rocha cristalina,-6.981666,-35.9275,50,11370,11.37,,True,1998-11-16,1998-10-27,,
2600007295,Esperança,PB,Poço tubular,Rocha cristalina,-7.015833,-35.8875,50,12480,12.48,,True,1998-11-15,1998-10-23,,
2600007296,Duas Estradas,PB,Poço tubular,Rocha cristalina,-6.685555,-35.407222,50,4220,4.22,,True,1998-12-12,1998-11-02,,
2600007297,Esperança,PB,Poço tubular,Rocha cristalina,-6.991111,-35.880277,50,12290,12.29,,True,1998-11-14,1998-10-29,,
2600007298,Fagundes,PB,Poço tubular,Rocha cristalina,-7.357777,-35.791666,45,3410,3.41,,True,1998-12-30,1998-09-19,,
2600007299,Fagundes,PB,Poço tubular,Rocha cristalina,-7.364166,-35.784166,24,3410,3.41,,True,1998-10-15,1998-09-17,,
2600007300,Gado Bravo,PB,Poço tubular,Rocha cristalina,-7.559166,-35.785833,50,4970,4.97,,True,1998-11-19,1998-11-19,,
2600007301,Gado Bravo,PB,Poço tubular,Rocha cristalina,-7.619722,-35.790277,50,527,0.527,,True,1998-12-27,1998-11-11,,
2600007302,Gado Bravo,PB,Poço tubular,Rocha cristalina,-7.600833,-35.747777,50,13930,13.93,,True,1998-11-19,1998-09-28,,
2600007303,Barra de Santana,PB,Poço tubular,Rocha cristalina,-7.576388,-35.848333,50,6520,6.52,,True,1998-11-19,1998-09-26,,
2600007304,Gado Bravo,PB,Poço tubular,Rocha cristalina,-7.608888,-35.874444,50,17220,17.22,,True,1998-11-19,1998-09-25,,
2600007305,Gado Bravo,PB,Poço tubular,Rocha cristalina,-7.621666,-35.833055,50,6590,6.59,,True,1998-12-27,1998-11-12,,
2600007310,Gurjão,PB,Poço tubular,Rocha cristalina,-7.318333,-36.511111,45,2960,2.96,,True,1998-10-24,1998-10-24,,
2600007322,Guarabira,PB,Poço tubular,Rocha cristalina,-6.833055,-35.417777,36,3980,3.98,,True,1999-12-08,1998-11-11,,
2600007349,Guarabira,PB,Poço tubular,Rocha cristalina,-6.915555,-35.435,50,4990,4.99,,True,1999-01-22,1998-12-12,,
2600007350,Guarabira,PB,Poço tubular,Rocha cristalina,-6.82,-35.427777,40,3080,3.08,,True,1999-01-08,1998-11-12,,
2600007351,Gurinhém,PB,Poço tubular,Rocha cristalina,-7.191666,-35.455,42,2430,2.43,,True,1999-02-19,1998-12-08,,
2600007352,Gurinhém,PB,Poço tubular,Rocha cristalina,-7.093888,-35.445833,50,19470,19.47,,True,1999-02-04,1998-10-19,,
2600007353,Gurjão,PB,Poço tubular,Rocha cristalina,-7.216666,-36.496666,40,2810,2.81,,True,1999-02-06,1998-10-22,,
2600007354,Santo André,PB,Poço tubular,Rocha cristalina,-7.26,-36.585555,50,5290,5.29,,True,1998-12-28,1998-10-25,,
2600007355,Mogeiro,PB,Poço tubular,Rocha cristalina,-7.213888,-35.506944,50,7980,7.98,,True,1999-03-08,1998-11-26,,
2600007356,Gurinhém,PB,Poço tubular,Rocha cristalina,-7.186111,-35.513333,45.5,6240,6.24,,True,1998-11-20,1998-08-27,,
2600007357,Ingá,PB,Poço tubular,Rocha cristalina,-7.325555,-35.668333,40,4540,4.54,,True,1998-12-15,1998-09-14,,
2600007358,Ingá,PB,Poço tubular,Rocha cristalina,-7.213055,-35.655833,42,1526,1.526,,True,1998-11-12,1998-09-13,,
2600007359,Itabaiana,PB,Poço tubular,Rocha cristalina,-7.405,-35.340833,50,4470,4.47,,True,1999-03-06,1998-11-06,,
2600007361,Itatuba,PB,Poço tubular,Rocha cristalina,-7.432777,-35.729166,45,5660,5.66,,True,1998-11-13,1998-08-31,,
2600007362,Itatuba,PB,Poço tubular,Rocha cristalina,-7.350833,-35.692222,40,6150,6.15,,True,1998-11-13,1998-08-30,,
2600007363,Itatuba,PB,Poço tubular,Rocha cristalina,-7.430555,-35.548611,45,5900,5.9,,True,1999-01-13,1998-11-28,,
2600007364,Itatuba,PB,Poço tubular,Rocha cristalina,-7.451111,-35.665,45,5680,5.68,,True,1998-12-15,1998-08-29,,
2600007365,Itatuba,PB,Poço tubular,Rocha cristalina,-7.398055,-35.541944,32,3320,3.32,,True,1999-01-12,1998-11-28,,
2600007366,Natuba,PB,Poço tubular,Rocha cristalina,-7.445833,-35.573888,33,4590,4.59,,True,1999-01-14,1998-11-29,,
2600007367,Juarez Távora,PB,Poço tubular,Rocha cristalina,-7.125833,-35.579166,40,5830,5.83,,True,1998-11-13,1998-08-28,,
2600007368,Juazeirinho,PB,Poço tubular,Rocha cristalina,-7.090277,-36.588611,45,842,0.842,,True,1998-10-31,1998-09-30,,
2600007370,Juazeirinho,PB,Poço tubular,Rocha cristalina,-7.035555,-36.568611,52,874,0.874,,True,1998-10-31,1998-09-25,,
2600007371,Soledade,PB,Poço tubular,Rocha cristalina,-7.020277,-36.48,50,720,0.72,,True,1998-10-31,1998-09-29,,
2600007372,Junco do Seridó,PB,Poço tubular,Rocha cristalina,-6.972777,-36.775833,50,2890,2.89,,True,1999-01-05,1998-10-11,,
2600007373,Lagoa de Dentro,PB,Poço tubular,Rocha cristalina,-6.666944,-35.360277,42,1682,1.682,,True,1998-12-15,1998-11-06,,
2600007374,Lagoa de Dentro,PB,Poço tubular,Rocha cristalina,-6.666388,-35.329166,42,390,0.39,,True,1998-12-15,1998-10-10,,
2600007375,Lagoa de Dentro,PB,Poço tubular,Rocha cristalina,-6.694444,-35.393611,50,11090,11.09,,True,1999-01-05,1998-11-05,,
2600007376,Lagoa de Dentro,PB,Poço tubular,Rocha cristalina,-6.643888,-35.377222,36,5710,5.71,,True,1999-01-05,1998-11-04,,
2600007377,Lagoa de Dentro,PB,Poço tubular,Rocha cristalina,-6.705,-35.350833,50,6300,6.3,,True,1999-01-05,1998-11-05,,
2600007378,Lagoa Seca,PB,Poço tubular,Rocha cristalina,-7.165555,-35.906666,42,3220,3.22,,True,1999-01-04,1998-10-30,,
2600007379,Livramento,PB,Poço tubular,Rocha cristalina,-7.300555,-36.953055,50,6390,6.39,,True,1999-02-25,1998-10-20,,
2600007380,Livramento,PB,Poço tubular,Rocha cristalina,-7.344444,-36.916111,50,9140,9.14,,True,1999-01-11,1999-01-01,,
2600007382,Livramento,PB,Poço tubular,Rocha cristalina,-7.346111,-36.940833,49,1375,1.375,,True,1999-01-06,1996-06-01,,
2600007385,Caiçara,PB,Poço tubular,Rocha cristalina,-6.583888,-35.424166,50,8290,8.29,,True,1999-01-20,1998-11-23,,
2600007401,Massaranduba,PB,Poço tubular,Rocha cristalina,-7.19,-35.739444,31,752,0.752,,True,1998-12-11,1998-11-12,,
2600007402,Massaranduba,PB,Poço tubular,Rocha cristalina,-7.144166,-35.764722,40,1094,1.094,,True,1999-01-04,1998-11-13,,
2600007404,Massaranduba,PB,Poço tubular,Rocha cristalina,-7.160555,-35.705277,50,2470,2.47,,True,1999-02-02,1998-11-12,,
2600007408,Mogeiro,PB,Poço tubular,Rocha cristalina,-7.287777,-35.491666,30,4190,4.19,,True,1999-01-11,1998-11-26,,
2600007409,Mogeiro,PB,Poço tubular,Rocha cristalina,-7.296944,-35.529722,40,2850,2.85,,True,1999-01-26,1998-09-02,,
2600007410,Mogeiro,PB,Poço tubular,Rocha cristalina,-7.350277,-35.461944,37,19390,19.39,,True,1999-03-12,1998-09-15,,
2600007411,Montadas,PB,Poço tubular,Rocha cristalina,-7.099722,-35.95,42,4870,4.87,,True,1998-10-15,1998-09-11,,
2600007412,Monteiro,PB,Poço tubular,Rocha cristalina,-7.994722,-37.048888,40,3130,3.13,,True,1998-11-07,1998-09-18,,
2600007413,Monteiro,PB,Poço tubular,Rocha cristalina,-8.018888,-36.978055,30,1765,1.765,,True,1998-11-07,1998-09-21,,
2600007414,Monteiro,PB,Poço tubular,Rocha cristalina,-7.995833,-37.136111,45,2380,2.38,,True,1998-11-07,1998-09-20,,
2600007415,Monteiro,PB,Poço tubular,Rocha cristalina,-7.916388,-37.192777,40,2670,2.67,,True,1998-11-07,1998-09-18,,
2600007416,Guarabira,PB,Poço tubular,Rocha cristalina,-6.963055,-35.456666,40,1241,1.241,,True,1998-12-09,1998-10-23,,
2600007418,Mulungu,PB,Poço tubular,Rocha cristalina,-7.0625,-35.491666,48,12670,12.67,,True,1998-12-12,1998-10-22,,
2600007420,Mulungu,PB,Poço tubular,Rocha cristalina,-7.013055,-35.496111,45,8410,8.41,,True,1998-12-12,1998-10-21,,
2600007421,Natuba,PB,Poço tubular,Rocha cristalina,-7.644722,-35.622222,45,3640,3.64,,True,1998-11-26,1998-09-06,,
2600007422,Ouro Velho,PB,Poço tubular,Rocha cristalina,-7.641111,-37.140555,50,2930,2.93,,True,1999-03-02,1994-11-01,,
2600007427,Baraúna,PB,Poço tubular,Rocha cristalina,-6.584444,-36.285277,52,7680,7.68,,True,1998-10-08,2002-11-01,,
2600007487,Pedra Lavrada,PB,Poço tubular,,-6.745277,-36.268888,50,9260,9.26,,True,1998-10-22,1986-06-01,,
2600007489,Pedra Lavrada,PB,Poço tubular,,-6.809722,-36.396388,47,10200,10.2,,True,1998-10-22,1976-12-01,,
2600007503,Picuí,PB,Poço tubular,,-6.600555,-36.428333,50,5280,5.28,,True,1998-11-10,1962-06-01,,
2600007504,Picuí,PB,Poço tubular,,-6.530833,-36.268333,55,3700,3.7,,True,1998-12-16,1969-06-01,,
2600007506,Parari,PB,Poço tubular,Rocha cristalina,-7.338055,-36.743888,43,3220,3.22,,True,1998-12-11,1998-12-19,,
2600007507,Parari,PB,Poço tubular,Rocha cristalina,-7.328055,-36.718333,50,7460,7.46,,True,1999-02-06,1998-10-29,,
2600007508,Parari,PB,Poço tubular,Rocha cristalina,-7.305,-36.75,45,7290,7.29,,True,1998-12-11,1998-11-16,,
2600007509,Parari,PB,Poço tubular,Rocha cristalina,-7.33,-36.706111,42,1120,1.12,,True,1999-02-06,1998-10-20,,
2600007510,Parari,PB,Poço tubular,Rocha cristalina,-7.291666,-36.6575,50,4560,4.56,,True,1999-03-31,1998-10-25,,
2600007511,Pedra Lavrada,PB,Poço tubular,Rocha cristalina,-6.748611,-36.446111,33,2300,2.3,,True,1999-03-02,1999-06-01,,
2600007512,Pedra Lavrada,PB,Poço tubular,Rocha cristalina,-6.771111,-36.358888,50,810,0.81,,True,1999-03-02,1998-12-08,,
2600007513,Pedra Lavrada,PB,Poço tubular,Rocha cristalina,-6.733055,-36.27,50,8890,8.89,,True,1999-03-02,1999-03-02,,
2600007517,Nova Palmeira,PB,Poço tubular,Rocha cristalina,-6.675277,-36.298888,52,6140,6.14,,True,1998-12-07,1998-10-05,,
2600007518,Nova Palmeira,PB,Poço tubular,Rocha cristalina,-6.658055,-36.319722,50,2330,2.33,,True,1998-12-19,1998-10-06,,
2600007520,Picuí,PB,Poço tubular,Rocha cristalina,-6.588611,-36.299166,42,7450,7.45,,True,1998-12-14,1999-06-01,,
2600007521,Pirpirituba,PB,Poço tubular,Rocha cristalina,-6.778611,-35.443611,33,1520,1.52,,True,1998-12-08,1998-10-02,,
2600007522,Pirpirituba,PB,Poço tubular,Rocha cristalina,-6.793333,-35.496666,50,11560,11.56,,True,1998-12-09,1998-11-26,,
2600007525,Pocinhos,PB,Poço tubular,Rocha cristalina,-6.978611,-36.035833,42,9370,9.37,,True,1998-12-28,1998-11-29,,
2600007526,Pocinhos,PB,Poço tubular,Rocha cristalina,-7.044722,-36.180555,47,12430,12.43,,True,1999-01-09,1998-12-03,,
2600007527,Soledade,PB,Poço tubular,Rocha cristalina,-7.148888,-36.222777,47,16710,16.71,,True,1999-01-09,1998-12-02,,
2600007528,Pocinhos,PB,Poço tubular,Rocha cristalina,-7.036111,-36.039722,45,17070,17.07,,True,1999-02-08,1998-12-01,,
2600007529,Prata,PB,Poço tubular,Rocha cristalina,-7.648888,-37.052222,30,1494,1.494,,True,1999-02-26,1998-09-22,,
2600007530,Prata,PB,Poço tubular,Rocha cristalina,-7.651944,-37.028333,50,2910,2.91,,True,1999-03-21,1998-09-25,,
2600007531,Prata,PB,Poço tubular,Rocha cristalina,-7.700833,-37.110833,50,1008,1.008,,True,1998-11-05,1998-09-30,,
2600007532,Prata,PB,Poço tubular,Rocha cristalina,-7.694722,-37.1025,45,5920,5.92,,True,1998-12-29,1998-09-30,,
2600007533,Remígio,PB,Poço tubular,Rocha cristalina,-6.921111,-35.849722,42,18310,18.31,,True,1999-03-02,1998-10-21,,
2600007534,Riachão,PB,Poço tubular,Rocha cristalina,-6.550833,-35.670277,30,5710,5.71,,True,1998-12-17,1998-10-02,,
2600007535,Riachão,PB,Poço tubular,Rocha cristalina,-6.548888,-35.621111,36,13660,13.66,,True,1998-12-17,1998-10-04,,
2600007537,Salgado de São Félix,PB,Poço tubular,Rocha cristalina,-7.368055,-35.49,37,4980,4.98,,True,1998-11-28,1998-10-08,,
2600007545,Santa Luzia,PB,Poço tubular,,-6.9725,-36.922777,35,1142,1.142,,True,1998-12-08,1993-06-01,,
2600007547,Santa Luzia,PB,Poço tubular,,-6.869444,-36.958888,50,6700,6.7,,True,1998-12-08,1997-06-01,,
2600007552,Riachão,PB,Poço tubular,Rocha cristalina,-6.518889,-35.659167,45,1230,1.23,,True,1998-11-18,1998-09-06,,
2600007553,Alcantil,PB,Poço tubular,Rocha cristalina,-7.674166,-36.120277,50,5320,5.32,,True,1999-01-17,1998-11-02,,
2600007554,Riacho de Santo Antônio,PB,Poço tubular,Rocha cristalina,-7.630833,-36.117222,50,5370,5.37,,True,1999-01-06,1998-11-03,,
2600007556,São Sebastião de Lagoa de Roça,PB,Poço tubular,Rocha cristalina,-7.084722,-35.840278,45,8050,8.05,,True,1998-11-12,1998-09-09,,
2600007557,Salgadinho,PB,Poço tubular,Rocha cristalina,-7.063333,-36.814722,50,3200,3.2,,True,1999-01-04,1998-10-19,,
2600007558,Salgadinho,PB,Poço tubular,Rocha cristalina,-7.079722,-36.765,50,7700,7.7,,True,1999-03-02,1998-10-20,,
2600007559,Salgadinho,PB,Poço tubular,Rocha cristalina,-7.073888,-36.833055,50,5300,5.3,,True,1998-12-08,1998-10-19,,
2600007665,Salgado de São Félix,PB,Poço tubular,Rocha cristalina,-7.363055,-35.464166,31,17590,17.59,,True,1998-12-08,1998-10-07,,
2600007666,Salgado de São Félix,PB,Poço tubular,Rocha cristalina,-7.366666,-35.473611,35,5290,5.29,,True,1998-12-08,1998-10-06,,
2600007668,Santa Cecília,PB,Poço tubular,Rocha cristalina,-7.753333,-35.895555,50,5280,5.28,,True,1999-03-13,1998-09-29,,
2600007669,Santa Luzia,PB,Poço tubular,Rocha cristalina,-6.895,-36.886944,50,3840,3.84,,True,1998-11-06,1998-09-24,,
2600007671,Santa Luzia,PB,Poço tubular,Rocha cristalina,-6.9175,-36.940555,40,2460,2.46,,True,1998-11-07,1998-10-21,,
2600007672,Santa Luzia,PB,Poço tubular,Rocha cristalina,-6.943611,-36.922777,50,14850,14.85,,True,1998-11-06,1998-09-22,,
2600007673,Santo André,PB,Poço tubular,Rocha cristalina,-7.169722,-36.606666,45,10730,10.73,,True,1998-12-19,1998-10-07,,
2600007674,São João do Cariri,PB,Poço tubular,Rocha cristalina,-7.3175,-36.437777,36,10920,10.92,,True,1998-12-20,1998-10-29,,
2600007675,Cabaceiras,PB,Poço tubular,Rocha cristalina,-7.492777,-36.4075,40,7320,7.32,,True,1998-12-29,1998-11-03,,
2600007677,São João do Cariri,PB,Poço tubular,Rocha cristalina,-7.377222,-36.570833,40,6350,6.35,,True,1999-02-22,1998-11-28,,
2600007678,Gurjão,PB,Poço tubular,Rocha cristalina,-7.345,-36.578333,40,3760,3.76,,True,1999-03-30,1998-10-27,,
2600007679,São João do Cariri,PB,Poço tubular,Rocha cristalina,-7.475,-36.446111,40,8900,8.9,,True,1998-12-20,1998-10-30,,
2600007694,São Mamede,PB,Poço tubular,,-6.933333,-37.152777,50,3800,3.8,,True,1998-11-27,1983-06-01,,
2600007704,São Mamede,PB,Poço tubular,Rocha cristalina,-6.888611,-37.073611,45,3840,3.84,,True,1998-11-14,1998-09-14,,
2600007706,São José do Sabugi,PB,Poço tubular,Rocha cristalina,-6.803888,-36.881944,50,943,0.943,,True,1998-12-05,1998-10-22,,
2600007707,São José do Sabugi,PB,Poço tubular,Rocha cristalina,-6.824166,-36.839166,42,2180,2.18,,True,1998-12-04,1998-10-21,,
2600007708,São José do Sabugi,PB,Poço tubular,Rocha cristalina,-6.841944,-36.778055,45,834,0.834,,True,1998-12-14,1998-10-16,,
2600007710,São José dos Cordeiros,PB,Poço tubular,Rocha cristalina,-7.397222,-36.958611,50,2890,2.89,,True,1999-02-25,1998-10-24,,
2600007711,São José dos Cordeiros,PB,Poço tubular,Rocha cristalina,-7.435555,-36.953888,50,1516,1.516,,True,1999-02-25,1998-11-25,,
2600007712,São José dos Cordeiros,PB,Poço tubular,,-7.425277,-36.790833,40,8510,8.51,,True,1999-04-22,1998-12-19,,
2600007713,São José dos Cordeiros,PB,Poço tubular,Rocha cristalina,-7.416111,-36.824166,50,1960,1.96,,True,1999-01-10,1998-11-26,,
2600007716,São Mamede,PB,Poço tubular,Rocha cristalina,-6.96,-37.065555,50,3220,3.22,,True,1999-01-04,1998-10-13,,
2600007717,São Mamede,PB,Poço tubular,Rocha cristalina,-6.918333,-37.068888,50,842,0.842,,True,1999-01-31,1998-10-11,,
2600007721,São Mamede,PB,Poço tubular,Rocha cristalina,-6.881944,-37.080555,48,11720,11.72,,True,1998-11-14,1998-09-16,,
2600007722,São Mamede,PB,Poço tubular,Rocha cristalina,-6.949722,-37.073333,50,3500,3.5,,True,1999-02-24,1998-12-02,,
2600007723,São Mamede,PB,Poço tubular,Rocha cristalina,-6.956666,-37.143611,50,1185,1.185,,True,1999-01-31,1998-10-13,,
2600007724,São Mamede,PB,Poço tubular,Rocha cristalina,-6.921388,-37.100555,50,3720,3.72,,True,1998-11-28,1998-09-12,,
2600007725,São Mamede,PB,Poço tubular,Rocha cristalina,-7.015277,-37.047777,50,513,0.513,,True,1999-01-31,1999-10-12,,
2600007762,Zabelê,PB,Poço tubular,Rocha cristalina,-8.125555,-37.118888,50,1533,1.533,,True,1998-11-13,1998-11-13,,
2600007764,São Vicente do Seridó,PB,Poço tubular,Rocha cristalina,-6.934722,-36.430833,45,12860,12.86,,True,1998-10-31,1998-09-16,,
2600007765,São Vicente do Seridó,PB,Poço tubular,Rocha cristalina,-6.984722,-36.4425,36,13440,13.44,,True,1998-09-28,1998-09-22,,
2600007766,Serra Branca,PB,Poço tubular,Rocha cristalina,-7.486388,-36.576944,37,2810,2.81,,True,1999-01-12,1998-11-19,,
2600007768,Serra Branca,PB,Poço tubular,Rocha cristalina,-7.638888,-36.745833,50,2090,2.09,,True,1998-12-07,1998-11-07,,
2600007769,Sertãozinho,PB,Poço tubular,Rocha cristalina,-6.746388,-35.388055,30,7730,7.73,,True,1998-12-31,1998-11-25,,
2600007770,Sertãozinho,PB,Poço tubular,Rocha cristalina,-6.752777,-35.403055,42,8320,8.32,,True,1998-12-10,1998-11-25,,
2600007772,Soledade,PB,Poço tubular,Rocha cristalina,-7.164722,-36.435555,42,24200,24.2,,True,1999-03-26,1998-09-01,,
2600007773,Boa Vista,PB,Poço tubular,Rocha cristalina,-7.215277,-36.319444,40,10850,10.85,,True,1999-01-09,1998-12-07,,
2600007774,Soledade,PB,Poço tubular,Rocha cristalina,-6.988888,-36.384444,42,13400,13.4,,True,1998-11-07,1998-09-25,,
2600007776,Soledade,PB,Poço tubular,Rocha cristalina,-7.140555,-36.331388,40,7870,7.87,,True,1999-01-09,1998-12-08,,
2600007778,Sossêgo,PB,Poço tubular,Rocha cristalina,-6.676388,-36.2275,50,4850,4.85,,True,1999-01-14,1998-11-24,,
2600007779,Sossêgo,PB,Poço tubular,Rocha cristalina,-6.680833,-36.158333,50,7790,7.79,,True,1999-01-04,1998-11-26,,
2600007781,Sumé,PB,Poço tubular,Rocha cristalina,-7.605833,-36.936111,40,7890,7.89,,True,1999-03-16,1998-10-09,,
2600007782,Serra Branca,PB,Poço tubular,Rocha cristalina,-7.647777,-36.784722,40,9120,9.12,,True,1998-12-02,1998-11-14,,
2600007783,Sumé,PB,Poço tubular,Rocha cristalina,-7.802222,-36.786388,30,2263,2.263,,True,1998-12-20,1998-11-15,,
2600007784,Sumé,PB,Poço tubular,Rocha cristalina,-7.672777,-36.867777,40,3290,3.29,,True,1998-11-19,1998-10-08,,
2600007786,Parari,PB,Poço tubular,Rocha cristalina,-7.305833,-36.756388,50,2220,2.22,,True,1999-01-06,1998-10-22,,
2600007787,Tenório,PB,Poço tubular,Rocha cristalina,-6.950555,-36.626111,50,3080,3.08,,True,1998-12-08,1998-10-08,,
2600007788,Umbuzeiro,PB,Poço tubular,Rocha cristalina,-7.690555,-35.7725,43,21940,21.94,,True,1998-12-26,1998-09-14,,
2600007791,Várzea,PB,Poço tubular,Rocha cristalina,-6.7975,-37.033055,50,22600,22.6,,True,1999-03-10,1998-10-16,,
2600007792,Várzea,PB,Poço tubular,Rocha cristalina,-6.7675,-36.989722,50,688,0.688,,True,1999-01-16,1998-10-15,,
2600007793,Várzea,PB,Poço tubular,Rocha cristalina,-6.811944,-37.0475,50,2210,2.21,,True,1999-03-10,1998-10-16,,
2600007796,Zabelê,PB,Poço tubular,Rocha cristalina,-8.07,-37.098055,50,3180,3.18,,True,1998-12-20,1998-11-11,,
2600007797,Zabelê,PB,Poço tubular,Rocha cristalina,-8.083611,-37.101666,50,5320,5.32,,True,1998-12-20,1998-12-20,,
2600007805,Areia,PB,Poço tubular,,-6.889166,-35.758055,50,5970,5.97,,True,1999-01-14,1997-06-01,,
2600007806,Assunção,PB,Poço tubular,,-7.088888,-36.737222,23,1080,1.08,,True,1998-11-29,1981-06-01,,
2600007812,Cabaceiras,PB,Poço tubular,,-7.410833,-36.315,46,7720,7.72,,True,1998-12-29,1997-06-01,,
2600007813,Camalaú,PB,Poço tubular,,-7.956388,-36.923611,50,2760,2.76,,True,2007-09-03,1992-10-01,,
2600007815,Cuité,PB,Poço tubular,Rocha cristalina,-6.668611,-36.180833,42,12850,12.85,,True,1998-12-01,1998-10-14,,
2600007825,Livramento,PB,Poço tubular,,-7.335277,-37.0275,50,2750,2.75,,True,1998-12-05,1998-06-01,,
2600007827,Logradouro,PB,Poço tubular,,-6.558333,-35.426666,50,13270,13.27,,True,1999-01-08,2004-12-08,,
2600007828,Ouro Velho,PB,Poço tubular,,-7.675555,-37.152777,50,1771,1.771,,True,1998-12-03,1963-02-20,,
2600007829,Ouro Velho,PB,Poço tubular,,-7.640277,-37.182777,48,4730,4.73,,True,1998-12-03,1988-10-01,,
2600007830,Ouro Velho,PB,Poço tubular,,-7.589722,-37.169444,25,2600,2.6,,True,1998-12-06,2003-11-29,,
2600007855,Areia de Baraúnas,PB,Poço tubular,,-7.174722,-36.990833,24,2190,2.19,,True,1999-01-13,1999-01-13,,
2600007857,Brejo do Cruz,PB,Poço tubular,,-6.361111,-37.558888,50,1940,1.94,,True,1999-02-22,1993-06-01,,
2600007858,Brejo do Cruz,PB,Poço tubular,,-6.31,-37.489444,50,715,0.715,,True,1999-03-27,1999-03-27,,
2600007860,Catolé do Rocha,PB,Poço tubular,,-6.434722,-37.7675,50,693,0.693,,True,1999-02-23,1999-02-23,,
2600007863,Curral Velho,PB,Poço tubular,,-7.511111,-38.156388,45,1196,1.196,,True,1999-02-04,1998-11-18,,
2600007864,Curral Velho,PB,Poço tubular,,-7.598055,-38.156111,50,672,0.672,,True,1998-11-20,2002-06-01,,
2600007867,Diamante,PB,Poço tubular,,-7.388611,-38.276111,46,1648,1.648,,True,1999-02-05,1998-11-25,,
2600007870,Aguiar,PB,Poço tubular,,-7.156944,-38.201111,50,1076,1.076,,True,1999-02-27,1998-12-16,,
2600007871,Igaracy,PB,Poço tubular,,-7.111666,-38.110833,50,1418,1.418,,True,1999-03-04,2000-01-01,,
2600007873,Itaporanga,PB,Poço tubular,,-7.266111,-38.257777,46,889,0.889,,True,1998-11-11,1998-11-11,,
2600007874,Juru,PB,Poço tubular,,-7.455833,-37.802777,42,1027,1.027,,True,1999-02-03,1998-11-27,,
2600007878,Maturéia,PB,Poço tubular,,-7.345555,-37.383333,36,4950,4.95,,True,1999-02-03,1998-12-04,,
2600007880,Patos,PB,Poço tubular,,-6.950555,-37.392222,36,1739,1.739,,True,1999-02-04,1998-12-09,,
2600007889,Princesa Isabel,PB,Poço tubular,,-7.763333,-37.970555,48,2260,2.26,,True,1999-02-10,1999-01-08,,
2600007891,Princesa Isabel,PB,Poço tubular,,-7.706666,-37.924166,50,6210,6.21,,True,1998-12-22,1998-12-22,,
2600007893,Princesa Isabel,PB,Poço tubular,,-7.645,-37.966388,50,328,0.328,,True,1999-02-10,2000-06-01,,
2600007894,Santana de Mangueira,PB,Poço tubular,,-7.683333,-38.2975,58,1574,1.574,,True,1999-03-13,1992-06-01,,
2600007895,Santa Teresinha,PB,Poço tubular,,-7.073611,-37.401388,38,1382,1.382,,True,1999-02-04,1998-12-10,,
2600007896,Santa Teresinha,PB,Poço tubular,,-7.089444,-37.443333,57,7880,7.88,,True,1998-12-06,1998-12-06,,
2600007898,São José de Espinharas,PB,Poço tubular,,-6.913333,-37.425833,42,927,0.927,,True,1999-02-04,1998-12-12,,
2600007900,São José de Princesa,PB,Poço tubular,,-7.686666,-38.096944,50,2900,2.9,,True,1999-02-05,1998-12-18,,
2600007904,São José de Princesa,PB,Poço tubular,,-7.789444,-38.095277,44,1537,1.537,,True,1999-02-05,1998-12-16,,
2600007905,Tavares,PB,Poço tubular,,-7.673888,-37.901944,50,621,0.621,,True,1999-01-21,1999-01-21,,
2600007908,Aparecida,PB,Poço tubular,,-6.796944,-38.121666,50,3280,3.28,,True,1998-12-02,2002-12-14,,
2600007911,Cajazeiras,PB,Poço tubular,Rocha cristalina,-6.8075,-38.511944,50,923,0.923,,True,1998-12-29,1998-12-29,,
2600007912,Cajazeiras,PB,Poço tubular,Rocha cristalina,-7.046388,-38.608055,48,1049,1.049,,True,1998-12-30,1998-12-30,,
2600007916,Lastro,PB,Poço tubular,Rocha cristalina,-6.516666,-38.172777,50,1057,1.057,,True,1998-11-01,1985-03-10,,
2600007925,Nazarezinho,PB,Poço tubular,,-6.923333,-38.324444,42,501,0.501,,True,1999-01-14,1980-06-01,,
2600007926,Nazarezinho,PB,Poço tubular,,-6.942777,-38.253333,50,603,0.603,,True,1999-02-20,2001-06-01,,
2600007927,Sousa,PB,Poço tubular,,-6.8975,-38.310833,50,360,0.36,,True,1999-02-20,1986-02-01,,
2600007932,Santa Cruz,PB,Poço tubular,Rocha cristalina,-6.546388,-37.998888,50,3540,3.54,,True,1998-12-17,1998-12-17,,
2600007933,Santa Helena,PB,Poço tubular,,-6.698888,-38.666944,22,8630,8.63,,True,1999-03-08,1994-06-01,,
2600007934,Santa Helena,PB,Poço tubular,,-6.699166,-38.632777,151,4050,4.05,,True,1999-03-08,1981-06-01,,
2600007935,Santa Helena,PB,Poço tubular,,-6.691111,-38.653333,45,1054,1.054,,True,1999-03-08,1986-06-01,,
2600007937,São Bentinho,PB,Poço tubular,Rocha cristalina,-6.866388,-37.783611,37,4080,4.08,,True,1999-03-12,1998-08-10,,
2600007938,Condado,PB,Poço tubular,Rocha cristalina,-6.9625,-37.686111,50,870,0.87,,True,1999-03-06,1997-08-12,,
2600007940,São Bentinho,PB,Poço tubular,,-6.886666,-37.725277,12,1682,1.682,,True,1999-02-19,1970-08-10,,
2600007946,São Domingos,PB,Poço tubular,,-6.761944,-37.903055,36,1215,1.215,,True,1999-03-11,2002-12-15,,
2600007948,São Domingos,PB,Poço tubular,,-6.783055,-37.945277,35,514,0.514,,True,1999-03-11,1984-02-12,,
2600007950,São Francisco,PB,Poço tubular,Rocha cristalina,-6.661389,-38.03,50,760,0.76,,True,1998-11-13,1998-11-13,,
2600007953,São João do Rio do Peixe,PB,Poço tubular,,-6.8825,-38.403611,37,2309,2.309,,True,1998-12-30,1990-06-01,,
2600007955,São João do Rio do Peixe,PB,Poço tubular,,-6.67,-38.494722,45,1837,1.837,,True,1998-12-29,2002-12-16,,
2600007957,São José da Lagoa Tapada,PB,Poço tubular,,-6.966944,-38.12,50,732,0.732,,True,1999-02-19,1983-06-01,,
2600007962,Triunfo,PB,Poço tubular,,-6.636388,-38.549166,60,1093,1.093,,True,1998-12-03,1982-06-01,,
2600007964,Triunfo,PB,Poço tubular,,-6.663055,-38.533888,45,992,0.992,,True,1999-03-18,1985-06-01,,
2600007971,Aparecida,PB,Poço tubular,Rocha cristalina,-6.817222,-38.123055,31,3910,3.91,,True,1999-03-24,2002-07-12,,
2600007972,Aparecida,PB,Poço tubular,Rocha cristalina,-6.795,-38.119166,25,1425,1.425,,True,1999-03-24,1999-02-20,,
2600007977,Cajazeiras,PB,Poço tubular,Rocha cristalina,-6.960833,-38.534444,36,1071,1.071,,True,1998-12-30,1998-12-30,,
2600007978,Cajazeiras,PB,Poço tubular,Rocha cristalina,-6.849166,-38.596944,30,278,0.278,,True,1999-03-18,1998-12-28,,
2600007979,Cajazeiras,PB,Poço tubular,Rocha cristalina,-6.978333,-38.583888,36,820,0.82,,True,1998-12-29,1998-12-29,,
2600007980,Cajazeiras,PB,Poço tubular,Rocha cristalina,-7.011944,-38.634166,31,474,0.474,,True,1999-03-18,1999-02-03,,
2600007982,Cajazeirinhas,PB,Poço tubular,Rocha cristalina,-6.956388,-37.86,50,710,0.71,,True,1999-03-10,1998-12-19,,
2600007984,Cajazeirinhas,PB,Poço tubular,Rocha cristalina,-6.994166,-37.679722,30,726,0.726,,True,1998-11-17,1998-09-18,,
2600007987,Malta,PB,Poço tubular,Rocha cristalina,-6.887777,-37.499722,32,612,0.612,,True,1998-11-14,1998-11-14,,
2600007989,Nazarezinho,PB,Poço tubular,Rocha cristalina,-6.944444,-38.281388,50,526,0.526,,True,1998-12-12,1997-06-01,,
2600007990,Poço Dantas,PB,Poço tubular,Rocha cristalina,-6.404444,-38.498888,31,820,0.82,,True,1999-01-20,1998-12-29,,
2600007993,Santa Cruz,PB,Poço tubular,Rocha cristalina,-6.522777,-38.094166,50,926,0.926,,True,1998-12-17,1998-12-17,,
2600007995,São Bentinho,PB,Poço tubular,Rocha cristalina,-6.878333,-37.705555,48,1012,1.012,,True,1998-12-14,1997-11-12,,
2600007998,São Domingos,PB,Poço tubular,Rocha cristalina,-6.849166,-37.958333,34,480,0.48,,True,1999-03-05,1999-03-05,,
2600007999,São João do Rio do Peixe,PB,Poço tubular,Rocha cristalina,-6.699444,-38.516388,42,830,0.83,,True,1999-01-18,1999-01-18,,
2600008001,São José da Lagoa Tapada,PB,Poço tubular,Rocha cristalina,-6.878611,-38.172222,36,776,0.776,,True,1999-03-04,1999-03-04,,
2600008004,Vieirópolis,PB,Poço tubular,Rocha cristalina,-6.505,-38.245833,31,1009,1.009,,True,1998-12-29,1998-12-29,,
2600008005,Vieirópolis,PB,Poço tubular,Rocha cristalina,-6.585555,-38.316666,40,1206,1.206,,True,1999-03-04,1998-12-16,,
2600008006,Vieirópolis,PB,Poço tubular,Rocha cristalina,-6.613333,-38.298333,31,732,0.732,,True,1998-12-14,1998-12-13,,
2600008007,Vieirópolis,PB,Poço tubular,Rocha cristalina,-6.613055,-38.303888,36,1091,1.091,,True,1998-12-15,1999-05-13,,
2600008008,Vieirópolis,PB,Poço tubular,Rocha cristalina,-6.6025,-38.285555,36,1780,1.78,,True,1998-12-17,1998-12-17,,
2600008009,Vista Serrana,PB,Poço tubular,,-6.733333,-37.555277,50,872.95,0.87295,,True,1999-02-06,1998-12-21,,
2600008335,Umbuzeiro,PB,Poço tubular,Rocha cristalina,-7.706111,-35.6825,52,2085.3,2.0853,,True,1998-11-16,1998-11-03,,
2600008431,Conde,PB,Poço tubular,Beberibe,-7.227777,-34.911111,112,339,0.339,,True,2000-07-29,1989-05-19,,
2600008433,Baía da Traição,PB,Poço tubular,,-6.688055,-34.935,58,217.39,0.21739,,True,2000-07-26,1982-04-30,,
2600008434,Baía da Traição,PB,Poço tubular,,-6.671944,-34.956111,60,185.18,0.18518,,True,2000-07-26,1982-02-11,,
2600008435,Baía da Traição,PB,Poço tubular,,-6.599722,-35.005555,50,58.82,0.05882,,True,2000-07-26,1982-03-04,,
2600008436,Caaporã,PB,Poço tubular,,-7.513888,-34.927777,220,595,0.595,,True,2000-07-24,1992-04-07,,
2600008440,João Pessoa,PB,Poço tubular,,-7.133611,-34.9175,300,555.55,0.55555,,True,2000-07-27,1979-10-17,,
2600008441,João Pessoa,PB,Poço tubular,Beberibe,-7.121666,-34.842222,148,403,0.403,,True,2000-07-28,1981-10-28,,
2600008442,Baía da Traição,PB,Poço tubular,,-6.69,-34.948333,60,109.89,0.10989,,True,2000-07-26,1982-01-24,,
2600008443,João Pessoa,PB,Poço tubular,Beberibe,-7.133611,-34.828333,300,480,0.48,,True,2000-07-27,1976-12-04,,
2600008448,João Pessoa,PB,Poço tubular,Beberibe,-7.176388,-34.883611,303,320,0.32,,True,2000-07-27,1980-06-01,,
2600008449,João Pessoa,PB,Poço tubular,Beberibe,-7.155,-34.873888,350,526.3,0.5263,,True,2000-07-27,1979-08-31,,
2600008450,João Pessoa,PB,Poço tubular,Beberibe,-7.114444,-34.835277,386,380,0.38,,True,2000-07-27,1978-09-09,,
2600008451,João Pessoa,PB,Poço tubular,,-7.173611,-34.9125,322,434.7,0.4347,,True,2000-07-27,1980-02-20,,
2600008453,João Pessoa,PB,Poço tubular,,-7.2075,-34.911111,26,250,0.25,,True,2000-07-27,1986-02-28,,
2600008456,Santa Rita,PB,Poço tubular,,-7.137222,-34.968888,200.5,534,0.534,,True,2000-07-28,1976-08-20,,
2600008457,Caaporã,PB,Poço tubular,,-7.509722,-34.926388,243,565,0.565,,True,2000-07-24,1996-10-18,,
2600008460,João Pessoa,PB,Poço tubular,,-7.16,-34.830833,160,454,0.454,,True,2000-07-28,1969-04-29,,
2600008463,João Pessoa,PB,Poço tubular,,-7.116944,-34.867777,150,422,0.422,,True,2000-07-28,1985-07-02,,
2600008464,Baía da Traição,PB,Poço tubular,,-6.671389,-34.956944,58,2040.8,2.0408,,True,2000-07-26,1982-04-07,,
2600008465,Baía da Traição,PB,Poço tubular,,-6.601666,-34.997777,60,62.5,0.0625,,True,2000-07-26,1982-06-02,,
2600008466,Pitimbu,PB,Poço tubular,Beberibe,-7.472777,-34.808611,150,600,0.6,,True,2000-07-24,1978-11-25,,
2600008467,João Pessoa,PB,Poço tubular,,-7.129444,-34.87,144,369,0.369,,True,2000-07-28,1969-03-28,,
2600008469,Cruz do Espírito Santo,PB,Poço tubular,,-7.141944,-35.094166,33,1228,1.228,,True,2000-07-28,1970-07-04,,
2600008675,Itabaiana,PB,Poço tubular,Rocha cristalina,-7.283333,-35.399444,42,7840,7.84,,True,1998-12-08,1998-10-13,,
2600008676,Camalaú,PB,Poço tubular,,-7.913333,-36.703333,50,5710,5.71,,True,2007-09-02,1981-09-01,,
2600008751,Soledade,PB,Poço tubular,Rocha cristalina,-7.184444,-36.374166,50,90,0.09,,True,2000-11-22,,,
2600008753,Conceição,PB,Poço tubular,Rocha cristalina,-7.558055,-38.505833,50,1800,1.8,,True,2000-11-22,1974-01-01,,
2600008754,Quixaba,PB,Poço tubular,Rocha cristalina,-7.031944,-37.150277,50,230,0.23,,True,2000-11-22,1974-01-01,,
2600008764,Mogeiro,PB,Poço tubular,Rocha cristalina,-7.268611,-35.471111,40,10150,10.15,,True,2000-11-24,1977-09-29,,
2600008765,João Pessoa,PB,Poço tubular,Barreiras,-7.125,-34.883333,201,820,0.82,,True,2000-11-28,1978-11-07,,
2600008766,Bayeux,PB,Poço tubular,Barreiras,-7.123888,-34.9275,65,340,0.34,,True,2000-12-04,1978-12-11,,
2600008776,Araçagi,PB,Poço tubular,Rocha cristalina,-6.851388,-35.379722,60,4348,4.348,,True,2000-12-11,1982-07-05,,
2600008777,Araçagi,PB,Poço tubular,Rocha cristalina,-6.813611,-35.367777,62,625,0.625,,True,2000-12-12,1982-07-07,,
2600008778,Sapé,PB,Poço tubular,Rocha cristalina,-7.091666,-35.231388,60,3225,3.225,,True,2000-12-12,1982-07-02,,
2600008780,Araçagi,PB,Poço tubular,Rocha cristalina,-6.938611,-35.321111,60,12195,12.195,,True,2000-12-12,1982-07-25,,
2600008781,Araçagi,PB,Poço tubular,Rocha cristalina,-6.96,-35.317222,60,9090,9.09,,True,2001-01-04,1982-07-09,,
2600008782,Lagoa Seca,PB,Poço tubular,Rocha cristalina,-7.156111,-35.858055,60,588,0.588,,True,2001-01-04,1982-07-23,,
2600008783,Sapé,PB,Poço tubular,Rocha cristalina,-7.096388,-35.230555,62,1492,1.492,,True,2001-01-05,1982-07-01,,
2600008785,São José dos Cordeiros,PB,Poço tubular,Rocha cristalina,-7.454444,-36.843333,68,12987,12.987,,True,2001-01-08,1982-06-25,,
2600008786,São José dos Cordeiros,PB,Poço tubular,Rocha cristalina,-7.4075,-36.819166,60,5000,5.0,,True,2001-01-08,1982-06-23,,
2600008787,Lagoa Seca,PB,Poço tubular,Rocha cristalina,-7.156111,-35.856111,36,555,0.555,,True,2001-01-09,1982-06-13,,
2600008788,Marcação,PB,Poço tubular,Barreiras,-6.708333,-35.026388,29.7,58.82,0.05882,,True,2001-01-09,1982-03-15,,
2600008789,Rio Tinto,PB,Poço tubular,Barreiras,-6.807777,-35.080833,45,66.66,0.06666,,True,2001-01-09,1982-03-14,,
2600008791,Marcação,PB,Poço tubular,Barreiras,-6.705833,-35.008055,57,55.55,0.055549999999999995,,True,2001-01-10,1982-02-20,,
2600008792,Marcação,PB,Poço tubular,Barreiras,-6.732222,-34.990277,50,62.5,0.0625,,True,2001-01-10,1982-01-31,,
2600008793,Marcação,PB,Poço tubular,Barreiras,-6.717777,-34.945,62,109.89,0.10989,,True,2001-01-12,1982-01-14,,
2600008795,Sousa,PB,Poço tubular,,-6.76,-38.230833,60,1219,1.219,,True,2001-01-12,1980-01-24,,
2600008796,Sousa,PB,Poço tubular,,-6.754722,-38.275833,51,1000,1.0,,True,2001-01-12,1980-02-10,,
2600008832,São João do Cariri,PB,Poço tubular,Rocha cristalina,-7.390555,-36.531388,62,3300,3.3,,True,2001-01-17,1984-12-20,,
2600008833,Campina Grande,PB,Poço tubular,Rocha cristalina,-7.228055,-35.896944,69,2777.7,2.7777,,True,2001-01-17,1984-10-04,,
2600008844,Cachoeira dos Índios,PB,Poço tubular,Rocha cristalina,-6.999722,-38.668055,59,710,0.71,,True,2001-02-07,1984-10-16,,
2600008845,Cachoeira dos Índios,PB,Poço tubular,Rocha cristalina,-6.908889,-38.661111,69,500,0.5,,True,2001-02-08,1984-09-13,,
2600008846,Bom Jesus,PB,Poço tubular,Rocha cristalina,-6.808888,-38.630833,50,650,0.65,,True,2001-02-08,1984-09-12,,
2600008848,Bom Jesus,PB,Poço tubular,Rocha cristalina,-6.816111,-38.649166,60,1350,1.35,,True,2001-02-08,1984-09-08,,
2600008850,Cajazeiras,PB,Poço tubular,Rocha cristalina,-6.889722,-38.562777,54,430,0.43,,True,2001-02-13,1984-08-31,,
2600008852,Sumé,PB,Poço tubular,Rocha cristalina,-7.776944,-36.913888,52,1298.7,1.2987,,True,2001-02-15,1984-08-16,,
2600008853,Soledade,PB,Poço tubular,Rocha cristalina,-7.058055,-36.363055,52,17543.8,17.5438,,True,2001-02-15,1984-08-13,,
2600008854,Cubati,PB,Poço tubular,Rocha cristalina,-6.875555,-36.284722,36,8320,8.32,,True,2001-02-15,1984-08-11,,
2600008855,Pilar,PB,Poço tubular,Rocha cristalina,-7.231666,-35.259444,50,833.3,0.8332999999999999,,True,2001-02-20,1984-08-09,,
2600008856,Cajazeiras,PB,Poço tubular,Rocha cristalina,-6.827777,-38.546388,62,650,0.65,,True,2001-02-20,1984-08-22,,
2600008857,Cajazeiras,PB,Poço tubular,Rocha cristalina,-6.889722,-38.563611,55.3,525,0.525,,True,2001-02-22,1984-08-29,,
2600008859,Triunfo,PB,Poço tubular,Rocha cristalina,-6.513888,-38.530277,49,1550,1.55,,True,2001-02-22,1984-07-05,,
2600008860,Lagoa,PB,Poço tubular,Rocha cristalina,-6.591666,-37.904722,52,1100,1.1,,True,2001-02-22,1984-07-09,,
2600008861,Gado Bravo,PB,Poço tubular,Rocha cristalina,-7.581111,-35.781944,54,2900,2.9,,True,2001-02-22,1984-05-03,,
2600008862,Serraria,PB,Poço tubular,,-6.808333,-35.639722,72,333.3,0.3333,,True,2001-03-05,1984-07-12,,
2600008863,Serraria,PB,Poço tubular,,-6.807777,-35.639722,81,170,0.17,,True,2001-03-05,1984-06-12,,
2600008936,Araruna,PB,Poço tubular,,-6.519444,-35.734166,60,476.1,0.4761,,True,2001-03-12,1984-04-30,,
2600008937,Arara,PB,Poço tubular,Rocha cristalina,-6.863055,-35.780833,60,2000,2.0,,True,2001-03-12,1984-04-29,,
2600008938,Algodão de Jandaíra,PB,Poço tubular,Rocha cristalina,-6.863056,-35.816944,54,11764.7,11.764700000000001,,True,2001-02-13,1984-04-24,,
2600008940,Livramento,PB,Poço tubular,Rocha cristalina,-7.361666,-36.881944,63,6200,6.2,,True,2001-03-14,1984-04-25,,
2600008941,Livramento,PB,Poço tubular,Rocha cristalina,-7.323333,-37.006944,60,3700,3.7,,True,2001-03-14,1984-04-27,,
2600008942,Catolé do Rocha,PB,Poço tubular,Rocha cristalina,-6.346944,-37.755833,69,5400,5.4,,True,2001-03-15,1984-04-21,,
2600008943,Catolé do Rocha,PB,Poço tubular,Rocha cristalina,-6.310555,-37.648333,60,4800,4.8,,True,2001-04-17,1984-04-22,,
2600008944,Massaranduba,PB,Poço tubular,Rocha cristalina,-7.1925,-35.824722,60,5600,5.6,,True,2001-04-30,1984-04-22,,
2600008947,Puxinanã,PB,Poço tubular,Rocha cristalina,-7.146388,-35.96,50,22727.27,22.72727,,True,2001-04-30,1984-04-07,,
2600008949,Taperoá,PB,Poço tubular,Rocha cristalina,-7.210277,-36.824722,50,5000,5.0,,True,2001-06-04,1984-04-01,,
2600008950,Salgadinho,PB,Poço tubular,Rocha cristalina,-7.076388,-36.7875,45,9090.9,9.0909,,True,2001-06-04,1984-03-29,,
2600008951,Salgadinho,PB,Poço tubular,Rocha cristalina,-7.104166,-36.7875,50,4166.6,4.166600000000001,,True,2001-06-04,1984-03-26,,
2600008952,Livramento,PB,Poço tubular,Rocha cristalina,-7.336944,-36.988611,50,900,0.9,,True,2001-06-05,1984-03-12,,
2600008953,Livramento,PB,Poço tubular,Rocha cristalina,-7.375555,-36.948055,63,1200,1.2,,True,2001-06-05,1984-03-14,,
2600008954,Juazeirinho,PB,Poço tubular,Rocha cristalina,-7.116944,-36.633333,50,12500,12.5,,True,2001-06-05,1984-03-11,,
2600008955,Gurjão,PB,Poço tubular,Rocha cristalina,-7.245,-36.492222,60,22727.2,22.7272,,True,2001-06-05,1984-03-09,,
2600008956,Araruna,PB,Poço tubular,Rocha cristalina,-6.519444,-35.734166,70,1020.4,1.0204,,True,2001-06-05,1984-03-08,,
2600008957,Bananeiras,PB,Poço tubular,Rocha cristalina,-6.749722,-35.620555,60,10000,10.0,,True,2001-06-05,1984-03-07,,
2600008958,Taperoá,PB,Poço tubular,Rocha cristalina,-7.188055,-36.89,48,7692.3,7.6923,,True,2001-06-05,1984-03-17,,
2600008960,Taperoá,PB,Poço tubular,Rocha cristalina,-7.191388,-36.793888,39,3645.15,3.64515,,True,2001-06-07,1984-03-31,,
2600008962,Soledade,PB,Poço tubular,Rocha cristalina,-7.058055,-36.361388,50,18518.52,18.51852,,True,1984-06-07,1984-03-20,,
2600008963,Soledade,PB,Poço tubular,Rocha cristalina,-7.011111,-36.422777,48,4050,4.05,,True,2001-06-07,1984-03-21,,
2600008965,Caraúbas,PB,Poço tubular,Rocha cristalina,-7.774166,-36.506666,48,2631.58,2.63158,,True,1984-06-07,1984-03-04,,
2600008966,Caraúbas,PB,Poço tubular,Rocha cristalina,-7.642222,-36.531388,50,3571.43,3.57143,,True,2001-06-07,1984-03-06,,
2600008968,Massaranduba,PB,Poço tubular,Rocha cristalina,-7.183888,-35.749444,70,6250,6.25,,True,2001-06-07,1984-03-05,,
2600008969,Lagoa Seca,PB,Poço tubular,Rocha cristalina,-7.139722,-35.860555,60,5555.56,5.555560000000001,,True,2001-06-07,1984-03-02,,
2600008970,Bananeiras,PB,Poço tubular,Rocha cristalina,-6.753611,-35.644444,62,14285.71,14.28571,,True,2001-06-07,1984-02-08,,
2600008971,São João do Tigre,PB,Poço tubular,Rocha cristalina,-8.104444,-36.641666,50,4040,4.04,,True,2001-06-07,1984-02-06,,
2600008973,São João do Tigre,PB,Poço tubular,Rocha cristalina,-8.080833,-36.848611,60,4545.45,4.54545,,True,2001-06-07,1984-02-11,,
2600008974,Caraúbas,PB,Poço tubular,Rocha cristalina,-7.723888,-36.485555,55,1250,1.25,,True,2001-06-08,1984-03-01,,
2600008975,Campina Grande,PB,Poço tubular,Rocha cristalina,-7.164444,-35.986944,65,2222.22,2.2222199999999996,,True,2001-06-08,1984-02-28,,
2600009018,Pedras de Fogo,PB,Poço tubular,,-7.399722,-35.113611,150,932,0.932,,True,2001-06-19,1991-08-28,,
2600009022,Santa Helena,PB,Poço tubular,,-6.721388,-38.640833,60,1220,1.22,,True,2001-06-19,,,
2600009027,Cabaceiras,PB,Poço tubular,Rocha cristalina,-7.428611,-36.363611,60,4166.6,4.166600000000001,,True,2001-06-19,1968-10-01,,
2600009028,Pedra Branca,PB,Poço tubular,Rocha cristalina,-7.426388,-38.068333,60,4347.8,4.3478,,True,2001-06-19,1968-08-01,,
2600009035,Bayeux,PB,Poço tubular,,-7.124722,-34.919166,170,460,0.46,,True,2001-06-20,1969-08-01,,
2600009037,São João do Tigre,PB,Poço tubular,Rocha cristalina,-8.079444,-36.845833,60,6200,6.2,,True,2001-06-20,1969-08-01,,
2600009040,Soledade,PB,Poço tubular,Rocha cristalina,-7.186666,-36.368888,40,11570,11.57,,True,2001-06-20,,,
2600009041,Pedra Lavrada,PB,Poço tubular,Rocha cristalina,-6.7575,-36.470555,60,11235.9,11.235899999999999,,True,2001-06-20,1969-06-01,,
2600009052,João Pessoa,PB,Poço tubular,Rocha sedimentar,-7.125,-34.883333,250,476.1,0.4761,,True,2001-06-21,1983-01-28,,
2600009053,Serra Branca,PB,Poço tubular,Rocha cristalina,-7.490278,-36.8,60,1470.5,1.4705,,True,2001-06-21,1981-11-21,,
2600009054,João Pessoa,PB,Poço tubular,,-7.125,-34.882777,201,416.6,0.4166,,True,2001-06-21,1981-08-18,,
2600009055,Boa Ventura,PB,Poço tubular,Rocha cristalina,-7.471666,-38.111666,52,3030.3,3.0303,,True,2001-06-21,1981-03-21,,
2600009058,Santa Rita,PB,Poço tubular,Rocha sedimentar,-7.124444,-34.982777,28,285.7,0.2857,,True,2001-06-21,1977-06-28,,
2600009059,Piancó,PB,Poço tubular,Rocha cristalina,-7.179722,-37.879444,50,909,0.909,,True,2001-06-21,1980-11-13,,
2600009064,Bom Sucesso,PB,Poço tubular,Rocha cristalina,-6.507222,-37.963333,50,1030.9,1.0309000000000001,,True,2001-06-22,1980-11-02,,
2600009065,Santa Cruz,PB,Poço tubular,Rocha cristalina,-6.546111,-38.000277,50,1360,1.36,,True,2001-06-22,1980-11-08,,
2600009066,Santa Helena,PB,Poço tubular,Rocha cristalina,-6.708333,-38.660833,50,478,0.478,,True,2001-06-22,1980-11-04,,
2600009068,Salgado de São Félix,PB,Poço tubular,,-7.357222,-35.441111,50,3448.2,3.4482,,True,2001-06-22,1980-04-07,,
2600009069,Itabaiana,PB,Poço tubular,Rocha cristalina,-7.425277,-35.386944,46,3125,3.125,,True,2001-06-22,1980-05-15,,
2600009075,Cabaceiras,PB,Poço tubular,Rocha cristalina,-7.421388,-36.338888,48,2439,2.439,,True,2001-06-22,1984-02-28,,
2600009076,Campina Grande,PB,Poço tubular,Rocha cristalina,-7.2275,-35.896666,66,14492.7,14.492700000000001,,True,2001-06-25,1984-02-27,,
2600009077,São João do Tigre,PB,Poço tubular,Rocha cristalina,-8.006111,-36.675555,42,20000,20.0,,True,2001-06-25,1984-02-13,,
2600009081,Congo,PB,Poço tubular,Rocha cristalina,-7.716111,-36.708055,42,7142.8,7.1428,,True,2001-06-25,1984-02-15,,
2600009083,Campina Grande,PB,Poço tubular,Rocha cristalina,-7.2275,-35.896666,65,5555.5,5.5555,,True,2001-06-25,1984-02-16,,
2600009084,Campina Grande,PB,Poço tubular,Rocha cristalina,-7.227222,-35.896388,66,4347.8,4.3478,,True,2001-06-25,1984-02-25,,
2600009085,Sumé,PB,Poço tubular,Rocha cristalina,-7.817777,-36.760833,50,10101,10.101,,True,2001-06-25,1984-02-04,,
2600009086,Camalaú,PB,Poço tubular,Rocha cristalina,-7.888888,-36.822222,42,5263.1,5.2631000000000006,,True,2001-06-25,1984-02-02,,
2600009088,São Domingos do Cariri,PB,Poço tubular,Rocha cristalina,-7.588611,-36.422777,48,2222,2.222,,True,2001-06-25,1984-02-21,,
2600009089,Barra de São Miguel,PB,Poço tubular,Rocha cristalina,-7.737222,-36.376944,50,3333,3.333,,True,2001-06-25,1984-02-18,,
2600009090,Barra de São Miguel,PB,Poço tubular,Rocha cristalina,-7.737778,-36.3775,48,9090.9,9.0909,,True,2001-06-25,1984-02-17,,
2600009092,Bananeiras,PB,Poço tubular,Rocha cristalina,-6.744722,-35.644722,62,4166.6,4.166600000000001,,True,2001-06-25,1984-02-10,,
2600009093,Boqueirão,PB,Poço tubular,Rocha cristalina,-7.4825,-36.134722,66,2777.7,2.7777,,True,2001-06-25,1984-02-05,,
2600009094,Boqueirão,PB,Poço tubular,Rocha cristalina,-7.4825,-36.134722,50,4347.8,4.3478,,True,2001-06-25,1984-02-04,,
2600009095,Boqueirão,PB,Poço tubular,Rocha cristalina,-7.483055,-36.135277,60,7142.8,7.1428,,True,2001-06-26,1984-02-03,,
2600009096,Sumé,PB,Poço tubular,Rocha cristalina,-7.584722,-36.847222,51,1282,1.282,,True,2001-06-26,1984-01-12,,
2600009097,Sumé,PB,Poço tubular,Rocha cristalina,-7.807222,-36.881111,50,7692.3,7.6923,,True,2001-06-26,1984-01-10,,
2600009098,São João do Cariri,PB,Poço tubular,Rocha cristalina,-7.462222,-36.526388,51,15170,15.17,,True,2001-06-26,1984-01-16,,
2600009099,São João do Cariri,PB,Poço tubular,Rocha cristalina,-7.4925,-36.551666,58.5,16129,16.129,,True,2001-06-26,1984-01-14,,
2600009100,São João do Cariri,PB,Poço tubular,Rocha cristalina,-7.393333,-36.534166,70,12820.5,12.8205,,True,2001-06-26,1984-01-17,,
2600009101,Queimadas,PB,Poço tubular,Rocha cristalina,-7.360833,-35.898055,63.5,10000,10.0,,True,2001-06-26,1984-01-26,,
2600009103,Queimadas,PB,Poço tubular,Rocha cristalina,-7.360555,-35.897777,42,11764.7,11.764700000000001,,True,2001-06-26,1984-01-31,,
2600009104,Prata,PB,Poço tubular,Rocha cristalina,-7.694444,-37.084166,50,3448.2,3.4482,,True,2001-06-26,1984-01-24,,
2600009105,Prata,PB,Poço tubular,Rocha cristalina,-7.680833,-37.080277,50,1265.8,1.2658,,True,2001-06-26,1984-01-23,,
2600009107,Prata,PB,Poço tubular,Rocha cristalina,-7.721388,-37.041388,68,1754.3,1.7543,,True,2001-06-26,1984-01-27,,
2600009109,Prata,PB,Poço tubular,Rocha cristalina,-7.671666,-37.102777,68,909,0.909,,True,2001-06-26,1984-01-19,,
2600009110,Monteiro,PB,Poço tubular,Rocha cristalina,-7.960833,-37.013055,50,1075.2,1.0752000000000002,,True,2001-06-26,1984-01-29,,
2600009111,Monteiro,PB,Poço tubular,Rocha cristalina,-7.980555,-37.173055,50,1150,1.15,,True,2001-06-26,1984-01-31,,
2600009112,Conceição,PB,Poço tubular,Rocha cristalina,-7.550833,-38.491388,49,1096,1.096,,True,2001-06-26,1977-05-05,,
2600009119,Santa Cruz,PB,Poço tubular,Rocha cristalina,-6.528888,-38.055555,43,327,0.327,,True,2001-06-27,1976-12-02,,
2600009123,Santa Luzia,PB,Poço tubular,Rocha cristalina,-6.892777,-36.827222,70,762,0.762,,True,2001-06-27,1976-12-06,,
2600009150,Monteiro,PB,Poço tubular,,-7.8425,-37.169444,48,2600,2.6,,True,2003-11-24,1989-06-01,,
2600009159,Monteiro,PB,Poço tubular,Rocha cristalina,-7.878611,-37.047777,50,2941.1,2.9411,,True,2001-06-28,1973-04-30,,
2600009163,Camalaú,PB,Poço tubular,Rocha cristalina,-7.83,-36.951111,40,5660,5.66,,True,2001-06-28,1973-03-25,,
2600009164,Congo,PB,Poço tubular,Rocha cristalina,-7.796111,-36.660555,54.5,5263.1,5.2631000000000006,,True,2001-06-28,1973-04-19,,
2600009165,Congo,PB,Poço tubular,Rocha cristalina,-7.796388,-36.659722,50,5555.5,5.5555,,True,2001-06-28,1973-04-11,,
2600009166,Congo,PB,Poço tubular,Rocha cristalina,-7.796388,-36.656111,51,3846.1,3.8461,,True,2001-06-28,1973-04-09,,
2600009173,Olho d'Água,PB,Poço tubular,,-7.276388,-37.785,30,1351.3,1.3513,,True,2001-06-29,1971-12-19,,
2600009190,São José de Caiana,PB,Poço tubular,Rocha cristalina,-7.249166,-38.277777,50,1375,1.375,,True,2001-06-29,2000-06-01,,
2600009197,Boqueirão,PB,Poço tubular,Rocha cristalina,-7.481388,-36.135277,50,9090.9,9.0909,,True,2001-07-02,1983-11-15,,
2600009200,Serra Branca,PB,Poço tubular,Rocha cristalina,-7.445833,-36.718333,47,2173.9,2.1739,,True,2001-07-02,1983-12-08,,
2600009206,Queimadas,PB,Poço tubular,Rocha cristalina,-7.361388,-35.897777,40,5000,5.0,,True,2001-07-02,1983-11-06,,
2600009207,Queimadas,PB,Poço tubular,Rocha cristalina,-7.360833,-35.897222,40,11904.7,11.9047,,True,2001-07-03,1983-11-11,,
2600009210,Aroeiras,PB,Poço tubular,Rocha cristalina,-7.543055,-35.704166,50,21276.5,21.2765,,True,2001-07-03,1983-12-23,,
2600009213,Camalaú,PB,Poço tubular,Rocha cristalina,-7.942222,-36.900833,48,2500,2.5,,True,2001-07-03,1983-11-15,,
2600009216,Patos,PB,Poço tubular,Rocha cristalina,-6.985555,-37.358611,46,4000,4.0,,True,2001-07-03,1993-07-21,,
2600009230,Monteiro,PB,Poço tubular,,-7.945277,-37.204444,25,2857.1,2.8571,,True,2001-07-04,1993-06-16,,
2600009231,Patos,PB,Poço tubular,Rocha cristalina,-7.021388,-37.258055,43,4000,4.0,,True,2001-07-04,1993-06-27,,
2600009232,Cacimba de Areia,PB,Poço tubular,Rocha cristalina,-7.076388,-37.183611,45,2857.1,2.8571,,True,2001-07-04,1993-06-25,,
2600009258,Gurjão,PB,Poço tubular,Rocha cristalina,-7.195277,-36.546111,50,2330,2.33,,True,2001-07-05,1995-09-28,,
2600009264,Monteiro,PB,Poço tubular,Rocha cristalina,-7.883888,-36.964444,50,4830,4.83,,True,2001-07-05,1996-02-02,,
2600009268,Barra de Santa Rosa,PB,Poço tubular,Rocha cristalina,-6.791944,-36.04,48,25100,25.1,,True,2001-07-06,1996-09-05,,
2600009281,Cacimba de Dentro,PB,Poço tubular,Rocha cristalina,-6.603055,-35.809722,41,25000,25.0,,True,2001-07-06,1996-08-15,,
2600009289,Taperoá,PB,Poço tubular,Rocha cristalina,-7.186388,-36.736111,70,4761.9,4.7619,,True,2001-07-09,1983-01-31,,
2600009290,Quixaba,PB,Poço tubular,Rocha cristalina,-7.025277,-37.088055,60,4000,4.0,,True,2001-07-09,1983-01-23,,
2600009292,Santa Luzia,PB,Poço tubular,Rocha cristalina,-6.907222,-36.936388,60,7692.3,7.6923,,True,2001-07-09,1983-01-25,,
2600009293,Olho d'Água,PB,Poço tubular,Rocha cristalina,-7.261111,-37.788888,50,769.2,0.7692,,True,2001-07-09,1983-01-25,,
2600009297,Monteiro,PB,Poço tubular,Rocha cristalina,-7.884444,-37.113333,64,1098.9,1.0989,,True,2001-07-09,1983-10-11,,
2600009298,Monteiro,PB,Poço tubular,Rocha cristalina,-7.845,-37.193333,27,3520,3.52,,True,2001-07-09,1983-10-08,,
2600009299,Monteiro,PB,Poço tubular,Rocha cristalina,-7.873611,-36.964444,48,10150,10.15,,True,2001-07-01,1983-10-13,,
2600009300,Soledade,PB,Poço tubular,Rocha cristalina,-7.008611,-36.456944,48,22222.2,22.2222,,True,2001-07-09,1983-10-02,,
2600009303,Barra de São Miguel,PB,Poço tubular,Rocha cristalina,-7.663055,-36.307777,39,2702.7,2.7026999999999997,,True,2001-07-10,1983-10-21,,
2600009304,São João do Cariri,PB,Poço tubular,Rocha cristalina,-7.582777,-36.457777,50,4545.4,4.5454,,True,2001-07-10,1983-10-19,,
2600009305,Soledade,PB,Poço tubular,Rocha cristalina,-7.170555,-36.416388,69,6250,6.25,,True,2001-07-10,1983-08-16,,
2600009306,Congo,PB,Poço tubular,Rocha cristalina,-7.785833,-36.724444,48,6666.6,6.666600000000001,,True,2001-07-10,1983-08-27,,
2600009309,Olivedos,PB,Poço tubular,Rocha cristalina,-6.923055,-36.203888,43,17857.1,17.8571,,True,2001-07-10,1983-08-13,,
2600009310,Olivedos,PB,Poço tubular,Rocha cristalina,-6.9875,-36.255555,70,14705.8,14.7058,,True,2001-07-10,1983-08-09,,
2600009311,Soledade,PB,Poço tubular,Rocha cristalina,-7.180277,-36.460833,50,10000,10.0,,True,2001-07-10,1983-08-07,,
2600009315,Congo,PB,Poço tubular,Rocha cristalina,-7.783055,-36.595,59,3174.6,3.1746,,True,2001-07-10,1983-08-02,,
2600009316,Congo,PB,Poço tubular,Rocha cristalina,-7.860277,-36.638611,52,10638.2,10.638200000000001,,True,2001-07-10,1983-07-28,,
2600009317,Congo,PB,Poço tubular,Rocha cristalina,-7.8675,-36.657777,50,3846.1,3.8461,,True,2001-07-11,1983-07-30,,
2600009323,São José do Bonfim,PB,Poço tubular,Rocha cristalina,-7.162777,-37.309166,60,2300,2.3,,True,2001-07-11,1985-01-14,,
2600009324,São Sebastião do Umbuzeiro,PB,Poço tubular,Rocha cristalina,-8.157777,-37.007222,48,4460,4.46,,True,2001-07-11,1983-11-18,,
2600009325,São João do Tigre,PB,Poço tubular,Rocha cristalina,-8.022777,-36.711944,48,13000,13.0,,True,2001-07-11,1983-11-17,,
2600009326,Monteiro,PB,Poço tubular,Rocha cristalina,-7.890833,-37.122222,48,1900,1.9,,True,2001-07-11,1983-11-08,,
2600009327,Camalaú,PB,Poço tubular,Rocha cristalina,-7.8875,-36.823055,48,5500,5.5,,True,2001-07-11,1983-11-09,,
2600009330,Uiraúna,PB,Poço tubular,Rocha cristalina,-6.519444,-38.411944,60,1754.3,1.7543,,True,2001-07-11,1983-06-05,,
2600009331,Uiraúna,PB,Poço tubular,Rocha cristalina,-6.519166,-38.411388,60,1041.6,1.0415999999999999,,True,2001-07-11,1983-05-30,,
2600009332,Cajazeiras,PB,Poço tubular,Rocha cristalina,-7.02,-38.623333,55,909,0.909,,True,2001-07-11,1983-05-21,,
2600009333,Pedra Lavrada,PB,Poço tubular,Rocha cristalina,-6.761944,-36.276944,65,2272.7,2.2727,,True,2001-07-12,1983-03-29,,
2600009334,Cajazeiras,PB,Poço tubular,Rocha cristalina,-6.857222,-38.475,70,625,0.625,,True,2001-07-12,1983-05-21,,
2600009335,São José de Piranhas,PB,Poço tubular,Rocha cristalina,-7.130278,-38.468056,60,2325.5,2.3255,,True,2001-07-12,1983-05-27,,
2600009336,Pedra Lavrada,PB,Poço tubular,Rocha cristalina,-6.785833,-36.266111,70,5555.5,5.5555,,True,2001-07-12,1983-03-26,,
2600009338,Lastro,PB,Poço tubular,Rocha cristalina,-6.590277,-38.164166,70,714.2,0.7142000000000001,,True,2001-07-12,1983-04-24,,
2600009339,Pocinhos,PB,Poço tubular,Rocha cristalina,-7.076111,-36.058055,70,12987,12.987,,True,2001-07-12,1983-03-24,,
2600009341,Pedra Lavrada,PB,Poço tubular,Rocha cristalina,-6.785,-36.365555,70,2439,2.439,,True,2001-07-13,1983-04-03,,
2600009342,Pocinhos,PB,Poço tubular,Rocha cristalina,-6.996944,-36.126388,70,21739.1,21.739099999999997,,True,2001-07-13,1983-03-21,,
2600009343,Junco do Seridó,PB,Poço tubular,Rocha cristalina,-6.996666,-36.7125,50,5555.5,5.5555,,True,2001-07-13,1983-02-02,,
2600009344,Vieirópolis,PB,Poço tubular,Rocha cristalina,-6.520833,-38.223888,70,1190.4,1.1904000000000001,,True,2001-07-13,2002-12-10,,
2600009345,Piancó,PB,Poço tubular,Rocha cristalina,-7.292222,-37.953611,50,666.6,0.6666,,True,2001-07-13,1983-01-31,,
2600009346,Monte Horebe,PB,Poço tubular,Rocha cristalina,-7.215277,-38.585833,60,333.3,0.3333,,True,2001-07-13,1983-01-19,,
2600009347,Catingueira,PB,Poço tubular,Rocha cristalina,-7.126666,-37.608055,60,769.2,0.7692,,True,2001-07-13,1983-01-20,,
2600009348,Monte Horebe,PB,Poço tubular,Rocha cristalina,-7.190833,-38.549166,60,515,0.515,,True,2001-07-13,1983-01-17,,
2600009349,Catingueira,PB,Poço tubular,Rocha cristalina,-7.126111,-37.608333,50,769.2,0.7692,,True,2001-07-13,1983-01-22,,
2600009350,Junco do Seridó,PB,Poço tubular,Rocha cristalina,-6.996111,-36.712222,60,526.3,0.5263,,True,2001-07-13,1983-01-29,,
2600009351,Ingá,PB,Poço tubular,Rocha cristalina,-7.293333,-35.608333,60,5263.1,5.2631000000000006,,True,2001-07-13,1983-01-27,,
2600009352,Santa Teresinha,PB,Poço tubular,Rocha cristalina,-7.053888,-37.438055,50,689.6,0.6896,,True,2001-07-13,1983-01-18,,
2600009353,Santa Teresinha,PB,Poço tubular,Rocha cristalina,-7.058611,-37.496944,60,588.2,0.5882000000000001,,True,2001-07-17,1983-01-19,,
2600009354,Patos,PB,Poço tubular,Rocha cristalina,-6.981388,-37.429166,43,3333.3,3.3333000000000004,,True,2001-07-17,1993-06-23,,
2600009355,Patos,PB,Poço tubular,Rocha cristalina,-6.965833,-37.365,39,1428.5,1.4285,,True,2001-07-17,1993-06-18,,
2600009357,Patos,PB,Poço tubular,Rocha cristalina,-7.025277,-37.278888,42,2000,2.0,,True,2001-07-17,1993-06-10,,
2600009359,Patos,PB,Poço tubular,Rocha cristalina,-6.953055,-37.249166,40,2857.1,2.8571,,True,2001-07-17,1993-06-07,,
2600009360,Patos,PB,Poço tubular,Rocha cristalina,-6.918055,-37.443055,50,2857.1,2.8571,,True,2001-07-17,1993-05-22,,
2600009361,São José do Bonfim,PB,Poço tubular,Rocha cristalina,-7.0875,-37.289444,50,4000,4.0,,True,2001-07-17,1993-05-25,,
2600009362,Patos,PB,Poço tubular,Rocha cristalina,-6.948333,-37.421388,40,1176.4,1.1764000000000001,,True,2001-07-17,1993-05-28,,
2600009363,Patos,PB,Poço tubular,Rocha cristalina,-6.949166,-37.259722,41,2660,2.66,,True,2001-07-17,1993-05-30,,
2600009365,Campina Grande,PB,Poço tubular,Rocha cristalina,-7.228055,-35.897222,48.5,8333.3,8.3333,,True,2001-07-17,1993-03-02,,
2600009367,Campina Grande,PB,Poço tubular,Rocha cristalina,-7.227222,-35.896111,50,10000,10.0,,True,2001-07-17,1993-03-20,,
2600009370,Campina Grande,PB,Poço tubular,Rocha cristalina,-7.226388,-35.895555,50,10000,10.0,,True,2001-08-29,1993-03-24,,
2600009372,Boa Vista,PB,Poço tubular,Rocha cristalina,-7.301388,-36.283055,48,25000,25.0,,True,2001-07-17,1993-03-22,,
2600009375,Pocinhos,PB,Poço tubular,Rocha cristalina,-7.079166,-36.060277,50,1666.6,1.6665999999999999,,True,2001-07-18,1993-02-18,,
2600009377,Sumé,PB,Poço tubular,Rocha cristalina,-7.665555,-36.895833,50,8333.3,8.3333,,True,2001-07-18,1993-02-21,,
2600009378,Sumé,PB,Poço tubular,Rocha cristalina,-7.665833,-36.896388,50,2857.1,2.8571,,True,2001-07-18,1993-02-17,,
2600009380,Alagoa Grande,PB,Poço tubular,Rocha cristalina,-7.038888,-35.645555,50,4000,4.0,,True,2001-07-18,1993-02-11,,
2600009385,Cabaceiras,PB,Poço tubular,Rocha cristalina,-7.369166,-36.246388,45,3333.3,3.3333000000000004,,True,2001-07-18,1993-02-24,,
2600009388,Fagundes,PB,Poço tubular,Rocha cristalina,-7.346111,-35.825555,50,8333.3,8.3333,,True,2001-07-18,1993-02-04,,
2600009390,Soledade,PB,Poço tubular,Rocha cristalina,-7.144166,-36.290833,48,32400,32.4,,True,2001-07-18,1993-01-28,,
2600009391,Soledade,PB,Poço tubular,Rocha cristalina,-7.1525,-36.309166,50,20000,20.0,,True,2001-07-18,1993-01-26,,
2600009392,Queimadas,PB,Poço tubular,Rocha cristalina,-7.494444,-35.917222,45,3333.3,3.3333000000000004,,True,2001-07-18,1993-01-23,,
2600009393,Queimadas,PB,Poço tubular,Rocha cristalina,-7.363333,-35.976111,48,3333.3,3.3333000000000004,,True,2001-07-18,1993-01-21,,
2600009394,Ibiara,PB,Poço tubular,Rocha cristalina,-7.507222,-38.355555,54,1250,1.25,,True,2001-07-19,1977-04-25,,
2600009395,Conceição,PB,Poço tubular,Rocha cristalina,-7.558055,-38.505277,61,750,0.75,,True,2001-07-19,1977-04-29,,
2600009396,Cabaceiras,PB,Poço tubular,Rocha cristalina,-7.351944,-36.153889,51,1000,1.0,,True,2001-07-19,1977-03-24,,
2600009397,São José do Bonfim,PB,Poço tubular,Rocha cristalina,-7.143611,-37.270277,40,4000,4.0,,True,2001-07-19,1977-03-07,,
2600009398,Itaporanga,PB,Poço tubular,Rocha cristalina,-7.381111,-38.148055,58,1500,1.5,,True,2001-07-19,1977-04-13,,
2600009399,Itaporanga,PB,Poço tubular,Rocha cristalina,-7.363333,-38.251388,45,1150,1.15,,True,2001-07-20,1977-04-16,,
2600009400,Santa Teresinha,PB,Poço tubular,Rocha cristalina,-7.028333,-37.438055,61,1667,1.667,,True,2001-07-20,2001-06-01,,
2600009401,Ibiara,PB,Poço tubular,Rocha cristalina,-7.472222,-38.404444,65,3000,3.0,,True,2001-07-20,1977-03-28,,
2600009403,Ibiara,PB,Poço tubular,Rocha cristalina,-7.508333,-38.356388,60,860,0.86,,True,2001-07-20,1977-04-21,,
2600009404,Nova Olinda,PB,Poço tubular,Rocha cristalina,-7.489444,-37.989444,60,700,0.7,,True,2001-07-20,1977-03-22,,
2600009405,Nova Olinda,PB,Poço tubular,Rocha cristalina,-7.4625,-38.039166,41,1600,1.6,,True,2001-07-20,1977-04-02,,
2600009406,Olho d'Água,PB,Poço tubular,Rocha cristalina,-7.308055,-37.838333,60,825,0.825,,True,2001-07-20,1977-03-16,,
2600009407,Piancó,PB,Poço tubular,Rocha cristalina,-7.270833,-38.035277,61,1025,1.025,,True,2001-07-20,1977-03-19,,
2600009408,Santa Teresinha,PB,Poço tubular,Rocha cristalina,-7.085555,-37.445277,61,600,0.6,,True,2001-07-20,1977-03-02,,
2600009409,São Mamede,PB,Poço tubular,Rocha cristalina,-7.000277,-37.135,60,1200,1.2,,True,2001-07-20,1977-01-26,,
2600009410,Santana dos Garrotes,PB,Poço tubular,Rocha cristalina,-7.471388,-37.966666,60,850,0.85,,True,2001-07-20,1977-03-27,,
2600009411,Santana dos Garrotes,PB,Poço tubular,Rocha cristalina,-7.371944,-38.0375,61,1700,1.7,,True,2001-07-20,1977-03-13,,
2600009412,Emas,PB,Poço tubular,Rocha cristalina,-7.039166,-37.726944,61,900,0.9,,True,2001-07-20,1977-03-10,,
2600009413,Patos,PB,Poço tubular,Rocha cristalina,-6.952222,-37.392222,48,950,0.95,,True,2001-07-20,1977-02-15,,
2600009415,Piancó,PB,Poço tubular,Rocha cristalina,-7.208888,-37.925555,61,550,0.55,,True,2001-07-20,1977-03-16,,
2600009417,São Vicente do Seridó,PB,Poço tubular,Rocha cristalina,-6.856666,-36.410555,43,2366,2.366,,True,2001-07-23,1976-11-26,,
2600009420,Quixaba,PB,Poço tubular,Rocha cristalina,-7.036111,-37.078888,60,8000,8.0,,True,2001-07-23,1977-01-30,,
2600009421,Malta,PB,Poço tubular,Rocha cristalina,-6.891388,-37.560833,56,600,0.6,,True,2001-07-23,1977-02-11,,
2600009423,Malta,PB,Poço tubular,Rocha cristalina,-6.899722,-37.553888,61,840,0.84,,True,2001-07-23,1977-02-14,,
2600009424,Malta,PB,Poço tubular,Rocha cristalina,-6.9525,-37.475555,61,1350,1.35,,True,2001-07-23,1977-02-09,,
2600009425,Patos,PB,Poço tubular,Rocha cristalina,-7.024722,-37.279722,61,1580,1.58,,True,2001-07-23,1977-02-20,,
2600009426,Patos,PB,Poço tubular,Rocha cristalina,-7.021944,-37.279722,61,860,0.86,,True,2001-07-23,1977-02-23,,
2600009427,Quixaba,PB,Poço tubular,Rocha cristalina,-7.031111,-37.148611,64,11000,11.0,,True,2001-07-23,1977-02-08,,
2600009428,São Domingos do Cariri,PB,Poço tubular,Rocha cristalina,-7.627777,-36.380555,45,2083.3,2.0833000000000004,,True,2001-07-23,1983-09-03,,
2600009429,Queimadas,PB,Poço tubular,Rocha cristalina,-7.360555,-35.8975,35,10000,10.0,,True,2001-07-23,1983-09-20,,
2600009430,Pocinhos,PB,Poço tubular,Rocha cristalina,-7.168056,-36.036944,50,10000,10.0,,True,2001-07-24,1983-09-29,,
2600009431,Pocinhos,PB,Poço tubular,Rocha cristalina,-7.193055,-36.209722,49,16949.1,16.949099999999998,,True,2001-07-24,1983-10-01,,
2600009432,Barra de São Miguel,PB,Poço tubular,Rocha cristalina,-7.595277,-36.2975,51,2439,2.439,,True,2001-07-24,1983-09-05,,
2600009433,Queimadas,PB,Poço tubular,Rocha cristalina,-7.364444,-35.898055,50,6250,6.25,,True,2001-07-24,1983-09-07,,
2600009434,Queimadas,PB,Poço tubular,Rocha cristalina,-7.362777,-35.897777,50,10000,10.0,,True,2001-07-24,1983-09-09,,
2600009435,Queimadas,PB,Poço tubular,Rocha cristalina,-7.361666,-35.897777,48,2000,2.0,,True,2001-07-24,1983-09-22,,
2600009437,Congo,PB,Poço tubular,Rocha cristalina,-7.889166,-36.623055,55,15873,15.873,,True,2001-07-24,1983-09-01,,
2600009438,Congo,PB,Poço tubular,Rocha cristalina,-7.874722,-36.626388,42,5263.1,5.2631000000000006,,True,2001-07-24,1983-07-31,,
2600009440,Uiraúna,PB,Poço tubular,Rocha cristalina,-6.519722,-38.411666,45,666.6,0.6666,,True,2001-07-24,1983-06-06,,
2600009444,Joca Claudino,PB,Poço tubular,Rocha cristalina,-6.485277,-38.486944,62,1408.4,1.4084,,True,2001-07-25,1983-06-01,,
2600009445,Cajazeiras,PB,Poço tubular,Rocha cristalina,-6.905,-38.456666,65,625,0.625,,True,2001-07-25,1983-05-13,,
2600009446,Uiraúna,PB,Poço tubular,Rocha cristalina,-6.522222,-38.411944,50,2631.5,2.6315,,True,2001-07-25,1983-06-01,,
2600009447,Cajazeiras,PB,Poço tubular,Rocha cristalina,-6.8875,-38.561944,70,555.5,0.5555,,True,2001-07-25,1983-05-18,,
2600009448,Cajazeiras,PB,Poço tubular,Rocha cristalina,-6.8925,-38.563611,66,1041.6,1.0415999999999999,,True,2001-07-25,1983-05-14,,
2600009449,Cajazeiras,PB,Poço tubular,Rocha cristalina,-6.890555,-38.562777,62,1639.3,1.6393,,True,2001-07-25,1983-05-16,,
2600009450,Uiraúna,PB,Poço tubular,Rocha cristalina,-6.522222,-38.411666,50,2380.9,2.3809,,True,2001-07-25,1983-05-29,,
2600009451,Cajazeiras,PB,Poço tubular,Rocha cristalina,-6.888888,-38.560555,68.5,909,0.909,,True,2001-07-25,1983-05-13,,
2600009452,Cajazeiras,PB,Poço tubular,Rocha cristalina,-6.825555,-38.470555,46,1176.4,1.1764000000000001,,True,2001-07-25,1983-05-15,,
2600009453,Pedra Lavrada,PB,Poço tubular,Rocha cristalina,-6.736388,-36.325,68,16666.6,16.6666,,True,2001-07-25,1983-04-01,,
2600009454,Piancó,PB,Poço tubular,Rocha cristalina,-7.2,-37.929444,45.5,666.6,0.6666,,True,2001-07-25,1983-01-29,,
2600009455,Olho d'Água,PB,Poço tubular,Rocha cristalina,-7.348888,-37.834722,50,1000,1.0,,True,2001-07-25,1983-01-27,,
2600009456,Araçagi,PB,Poço tubular,Rocha cristalina,-6.851388,-35.379166,55,1562.5,1.5625,,True,2001-07-25,1982-07-28,,
2600009616,Camalaú,PB,Poço tubular,Rocha cristalina,-7.89,-36.824722,30,1258,1.258,,True,2001-07-31,1964-05-17,,
2600009619,Monteiro,PB,Poço tubular,Rocha cristalina,-7.965833,-37.1825,50,1367,1.367,,True,2001-07-31,1964-06-05,,
2600009621,Monteiro,PB,Poço tubular,,-8.003055,-37.035,42,4920,4.92,,True,2001-07-31,1964-06-18,,
2600009622,Monteiro,PB,Poço tubular,Rocha cristalina,-7.934444,-37.065833,30,1322,1.322,,True,2001-07-31,1964-06-29,,
2600009624,Monteiro,PB,Poço tubular,,-7.912777,-37.088333,45,990,0.99,,True,2008-03-13,2002-06-01,,
2600009641,Monteiro,PB,Poço tubular,,-7.8125,-37.147222,49,4520,4.52,,True,2008-03-14,2002-12-21,,
2600009644,Monteiro,PB,Poço tubular,Rocha cristalina,-7.818055,-37.165277,60,2050,2.05,,True,2001-08-01,1963-08-28,,
2600009645,Monteiro,PB,Poço tubular,Rocha cristalina,-7.826666,-37.185555,60,1198,1.198,,True,2001-08-01,1963-09-07,,
2600009646,Monteiro,PB,Poço tubular,Rocha cristalina,-7.843055,-37.175833,55,3410,3.41,,True,2001-08-01,1963-09-17,,
2600009649,Monteiro,PB,Poço tubular,Rocha cristalina,-7.921944,-37.285277,70,2750,2.75,,True,2001-08-01,1964-03-13,,
2600009651,Monteiro,PB,Poço tubular,Rocha cristalina,-7.918888,-37.262777,70,1754,1.754,,True,2001-08-01,1964-01-28,,
2600009656,Monteiro,PB,Poço tubular,Rocha cristalina,-7.841111,-36.985,65,2510,2.51,,True,2001-08-01,1963-11-30,,
2600009657,Monteiro,PB,Poço tubular,Rocha cristalina,-7.922222,-37.162777,47,5660,5.66,,True,2001-08-01,1963-11-15,,
2600009659,Monteiro,PB,Poço tubular,Rocha cristalina,-7.9175,-37.185555,50,4280,4.28,,True,2001-08-01,1963-10-29,,
2600009660,Monteiro,PB,Poço tubular,Rocha cristalina,-7.897777,-37.183055,50,985,0.985,,True,2001-08-01,1963-10-15,,
2600009662,Monteiro,PB,Poço tubular,Rocha cristalina,-7.878055,-37.183055,60,1346,1.346,,True,2001-08-01,1963-10-07,,
2600009682,Livramento,PB,Poço tubular,Rocha cristalina,-7.326944,-36.869444,46,5940,5.94,,True,2001-08-03,1966-06-01,,
2600009698,Desterro,PB,Poço tubular,Rocha cristalina,-7.308888,-37.136666,51,8040,8.04,,True,2001-08-07,1970-04-10,,
2600009701,Lastro,PB,Poço tubular,Rocha cristalina,-6.516944,-38.180277,45,4770,4.77,,True,2001-08-07,1984-06-05,,
2600009709,Nazarezinho,PB,Poço tubular,Rocha cristalina,-6.916666,-38.325833,44,828,0.828,,True,2001-08-07,1970-01-18,,
2600015985,Natuba,PB,Poço tubular,,-7.54,-35.528333,42,2050,2.05,,True,2006-01-25,1975-01-27,,
2600015992,Natuba,PB,Poço tubular,,-7.553055,-35.522222,82,654,0.654,,True,2006-01-25,2003-11-22,,
2600019108,Itabaiana,PB,Poço tubular,,-7.448055,-35.375555,60,4370,4.37,,True,2006-07-21,1985-01-01,,
2600024655,São João do Tigre,PB,Poço tubular,,-8.084444,-36.856388,55,3210,3.21,,True,2007-06-13,1968-01-01,,
2600024656,São João do Tigre,PB,Poço tubular,,-8.083888,-36.857222,47,1484,1.484,,True,2007-06-13,2003-11-29,,
2600024657,São João do Tigre,PB,Poço tubular,,-8.100277,-36.861944,32,3170,3.17,,True,2007-06-13,2003-11-29,,
2600024658,São João do Tigre,PB,Poço tubular,,-8.145555,-36.878055,50,1987,1.987,,True,2007-06-13,1999-01-01,,
2600024659,São João do Tigre,PB,Poço tubular,,-8.146388,-36.878333,25,1456,1.456,,True,2007-06-13,2000-01-01,,
2600024661,São João do Tigre,PB,Poço tubular,,-8.021944,-36.680833,34.5,1141,1.141,,True,2007-06-13,1999-01-01,,
2600024662,São João do Tigre,PB,Poço tubular,,-8.019444,-36.674444,48,14030,14.03,,True,2007-06-13,1999-01-01,,
2600024663,São João do Tigre,PB,Poço tubular,,-7.973611,-36.628611,28,9860,9.86,,True,2007-06-13,2003-07-01,,
2600024664,São João do Tigre,PB,Poço tubular,,-7.984444,-36.636944,30,4000,4.0,,True,2007-06-13,1998-01-01,,
2600024668,São João do Tigre,PB,Poço tubular,,-7.991666,-36.646111,34,1859,1.859,,True,2007-06-13,2003-11-29,,
2600024669,São João do Tigre,PB,Poço tubular,,-7.977777,-36.712222,80,4930,4.93,,True,2007-06-13,2003-11-29,,
2600024671,São João do Tigre,PB,Poço tubular,,-8.075,-36.85,45,6200,6.2,,True,2007-06-13,2003-03-01,,
2600024672,São João do Tigre,PB,Poço tubular,,-8.080833,-36.835,33,4880,4.88,,True,2007-06-13,2003-07-01,,
2600024673,São João do Tigre,PB,Poço tubular,,-8.081666,-36.834722,30,9460,9.46,,True,2007-06-13,2003-07-01,,
2600024674,São João do Tigre,PB,Poço tubular,,-8.038611,-36.830277,50,2370,2.37,,True,2007-06-13,2000-10-01,,
2600024675,São João do Tigre,PB,Poço tubular,,-8.206388,-36.865833,35,10850,10.85,,True,2007-06-13,2003-11-26,,
2600024676,São João do Tigre,PB,Poço tubular,,-8.222777,-36.872777,40,10790,10.79,,True,2007-06-13,2003-11-26,,
2600024677,São João do Tigre,PB,Poço tubular,,-8.189444,-36.873611,45,3330,3.33,,True,2007-06-13,2003-11-26,,
2600024678,São João do Tigre,PB,Poço tubular,,-8.136666,-36.831111,60,4830,4.83,,True,2007-06-13,2003-11-26,,
2600024679,São João do Tigre,PB,Poço tubular,,-8.124444,-36.826388,30,5840,5.84,,True,2007-06-14,2003-11-26,,
2600024687,São João do Tigre,PB,Poço tubular,,-8.1425,-36.890833,31,7680,7.68,,True,2007-06-14,2003-11-28,,
2600024689,São João do Tigre,PB,Poço tubular,,-8.165277,-36.9225,34,5460,5.46,,True,2007-06-14,2003-11-28,,
2600024691,São Sebastião do Umbuzeiro,PB,Poço tubular,,-8.100555,-36.918055,39,2600,2.6,,True,2007-06-14,2003-11-28,,
2600024693,São João do Tigre,PB,Poço tubular,,-8.119444,-36.887222,26,3050,3.05,,True,2007-06-14,2003-11-28,,
2600024694,São João do Tigre,PB,Poço tubular,,-8.081111,-36.847777,23,5810,5.81,,True,2007-06-14,2003-11-28,,
2600024695,São João do Tigre,PB,Poço tubular,,-7.978333,-36.826944,37,1413,1.413,,True,2007-06-14,2002-11-29,,
2600024696,São João do Tigre,PB,Poço tubular,,-8.005,-36.831666,47,2600,2.6,,True,2007-06-14,2003-11-29,,
2600024698,São João do Tigre,PB,Poço tubular,,-8.028055,-36.87,50,2910,2.91,,True,2007-06-14,2002-06-01,,
2600024699,São João do Tigre,PB,Poço tubular,,-8.104722,-36.811666,30,4950,4.95,,True,2007-06-14,2000-05-13,,
2600024701,São João do Tigre,PB,Poço tubular,,-8.088333,-36.853333,24.2,6570,6.57,,True,2007-06-14,2003-11-29,,
2600024702,Camalaú,PB,Poço tubular,,-7.901666,-36.748055,38,2700,2.7,,True,2007-06-18,1979-02-01,,
2600024703,Camalaú,PB,Poço tubular,,-7.912777,-36.744444,30,2200,2.2,,True,2007-06-18,1994-05-01,,
2600024704,Camalaú,PB,Poço tubular,,-7.923333,-36.722222,35,6140,6.14,,True,2007-06-18,2002-06-01,,
2600024705,Camalaú,PB,Poço tubular,,-7.941944,-36.671388,40,3340,3.34,,True,2007-06-18,1993-01-01,,
2600024706,São João do Tigre,PB,Poço tubular,,-7.979166,-36.694166,50,3410,3.41,,True,2007-06-18,1992-10-01,,
2600024707,Camalaú,PB,Poço tubular,,-7.889722,-36.790277,50,779,0.779,,True,2007-06-18,1999-06-01,,
2600024708,Camalaú,PB,Poço tubular,,-7.876388,-36.721111,50,1170,1.17,,True,2007-06-18,1982-02-01,,
2600024709,Camalaú,PB,Poço tubular,,-7.876388,-36.695833,30,7080,7.08,,True,2007-06-18,1993-01-01,,
2600024711,Camalaú,PB,Poço tubular,,-7.916388,-36.613333,48,3240,3.24,,True,2007-06-18,1999-06-01,,
2600024712,Camalaú,PB,Poço tubular,,-7.832777,-36.743055,52,693,0.693,,True,2007-06-18,1997-06-01,,
2600024713,Camalaú,PB,Poço tubular,,-7.843611,-36.775277,40,4800,4.8,,True,2007-06-18,1983-05-01,,
2600024714,Camalaú,PB,Poço tubular,,-7.876111,-36.7775,27,531,0.531,,True,2007-06-18,2002-06-01,,
2600024715,Camalaú,PB,Poço tubular,,-7.86,-36.789444,29,9060,9.06,,True,2007-06-18,2003-09-01,,
2600024716,Camalaú,PB,Poço tubular,,-7.869722,-36.798055,50,3190,3.19,,True,2007-06-18,1986-08-01,,
2600024717,Camalaú,PB,Poço tubular,,-7.866388,-36.794444,40,2550,2.55,,True,2007-06-18,2001-06-01,,
2600024718,Camalaú,PB,Poço tubular,,-7.832222,-36.780833,40,2160,2.16,,True,2007-06-18,2001-10-11,,
2600024719,Sumé,PB,Poço tubular,,-7.833055,-36.82,48,1731,1.731,,True,2007-06-18,1994-05-01,,
2600024720,Camalaú,PB,Poço tubular,,-7.859166,-36.817222,40,1243,1.243,,True,2007-06-18,1985-07-01,,
2600024721,São João do Tigre,PB,Poço tubular,,-7.976388,-36.771111,40,2130,2.13,,True,2007-06-18,2001-10-10,,
2600024722,Camalaú,PB,Poço tubular,,-7.939722,-36.791388,50,2080,2.08,,True,2007-06-18,2001-06-01,,
2600024723,Camalaú,PB,Poço tubular,,-7.944166,-36.764166,50,2020,2.02,,True,2007-06-18,1994-05-01,,
2600024724,Camalaú,PB,Poço tubular,,-7.924166,-36.760277,45,3020,3.02,,True,2007-06-18,2001-05-10,,
2600024725,Camalaú,PB,Poço tubular,,-7.953888,-36.910555,42,1657,1.657,,True,2007-06-19,2001-10-13,,
2600024726,Camalaú,PB,Poço tubular,,-7.936666,-36.923333,45,2650,2.65,,True,2007-06-19,1998-06-01,,
2600024727,Camalaú,PB,Poço tubular,,-7.9275,-36.923333,49,4080,4.08,,True,2007-06-19,2000-06-01,,
2600024728,Camalaú,PB,Poço tubular,,-7.949166,-36.9,50,5020,5.02,,True,2007-06-19,2000-06-01,,
2600024729,Camalaú,PB,Poço tubular,,-7.946388,-36.899722,50,5330,5.33,,True,2007-06-19,1999-06-01,,
2600024730,Camalaú,PB,Poço tubular,,-7.911944,-36.883333,30,5540,5.54,,True,2007-06-19,1998-02-01,,
2600024731,Camalaú,PB,Poço tubular,,-7.921944,-36.880277,34,633,0.633,,True,2007-06-19,2002-06-01,,
2600024732,Camalaú,PB,Poço tubular,,-7.925555,-36.900555,48,971,0.971,,True,2007-06-19,2001-06-01,,
2600024733,Camalaú,PB,Poço tubular,,-7.945,-36.896666,50,2160,2.16,,True,2007-06-19,1997-06-01,,
2600024734,Camalaú,PB,Poço tubular,,-7.951944,-36.887777,48,982,0.982,,True,2007-06-19,1983-11-01,,
2600024735,Camalaú,PB,Poço tubular,,-7.957777,-36.893055,48,4600,4.6,,True,2007-06-19,2002-06-01,,
2600024736,Camalaú,PB,Poço tubular,,-7.966666,-36.894722,52,4290,4.29,,True,2007-06-19,1973-08-05,,
2600024737,Camalaú,PB,Poço tubular,,-7.9725,-36.901388,40,3090,3.09,,True,2007-06-19,1994-06-01,,
2600024738,Camalaú,PB,Poço tubular,,-7.981388,-36.880277,50,990,0.99,,True,2007-06-19,1982-08-01,,
2600024739,Camalaú,PB,Poço tubular,,-7.964166,-36.856388,38,1923,1.923,,True,2007-06-19,2000-06-01,,
2600024740,Camalaú,PB,Poço tubular,,-7.958333,-36.8525,22,324,0.324,,True,2007-06-19,1993-11-01,,
2600024742,Camalaú,PB,Poço tubular,,-7.9025,-36.716388,35,6710,6.71,,True,2007-06-19,2002-06-01,,
2600024743,São João do Tigre,PB,Poço tubular,,-7.958611,-36.7475,35,2500,2.5,,True,2007-06-19,1999-06-01,,
2600024744,São João do Tigre,PB,Poço tubular,,-7.988333,-36.7975,37,2980,2.98,,True,2007-06-19,1993-11-01,,
2600024745,Camalaú,PB,Poço tubular,,-7.971666,-36.886666,44,3690,3.69,,True,2007-06-19,2001-06-01,,
2600024746,Camalaú,PB,Poço tubular,,-7.9725,-36.898611,48,1675,1.675,,True,2007-06-19,2001-06-01,,
2600024747,Camalaú,PB,Poço tubular,,-7.966111,-36.865,40,2160,2.16,,True,2007-06-19,2001-06-01,,
2600024748,Camalaú,PB,Poço tubular,,-7.964722,-36.863888,49,4590,4.59,,True,2007-06-20,2001-06-01,,
2600024750,Camalaú,PB,Poço tubular,,-7.949444,-36.849722,47,4300,4.3,,True,2007-06-20,2001-06-01,,
2600024751,Camalaú,PB,Poço tubular,,-7.948888,-36.846944,50,4280,4.28,,True,2007-06-20,2001-06-01,,
2600024752,Camalaú,PB,Poço tubular,,-7.9075,-36.860555,45,1499,1.499,,True,2007-06-20,1972-06-01,,
2600024753,Camalaú,PB,Poço tubular,,-7.898611,-36.836111,35,11340,11.34,,True,2007-06-20,2002-06-01,,
2600024754,Camalaú,PB,Poço tubular,,-7.893055,-36.884166,52,812,0.812,,True,2007-06-20,2000-06-01,,
2600024755,Camalaú,PB,Poço tubular,,-7.887777,-36.893611,24,1160,1.16,,True,2007-06-20,1975-10-01,,
2600024756,Camalaú,PB,Poço tubular,,-7.895833,-36.921111,36,4860,4.86,,True,2007-06-20,1999-06-01,,
2600024757,Camalaú,PB,Poço tubular,,-7.876388,-36.920277,45,2820,2.82,,True,2007-06-20,1998-06-01,,
2600024758,Camalaú,PB,Poço tubular,,-7.868333,-36.915555,40,7260,7.26,,True,2007-06-20,2001-04-12,,
2600024759,Camalaú,PB,Poço tubular,,-7.860277,-36.909444,50,5940,5.94,,True,2007-06-20,1998-08-01,,
2600024761,Camalaú,PB,Poço tubular,,-7.834722,-36.861111,20,673,0.673,,True,2007-06-20,1994-06-01,,
2600024762,Camalaú,PB,Poço tubular,,-7.839722,-36.890555,40,1744,1.744,,True,2007-06-20,1984-10-01,,
2600024763,Camalaú,PB,Poço tubular,,-7.867222,-36.870833,30,1315,1.315,,True,2007-06-20,2002-06-01,,
2600024764,Camalaú,PB,Poço tubular,,-7.944722,-36.841111,50,5740,5.74,,True,2007-06-20,2001-06-01,,
2600024765,Camalaú,PB,Poço tubular,,-7.940277,-36.836666,50,5550,5.55,,True,2007-06-20,2001-06-01,,
2600024766,Camalaú,PB,Poço tubular,,-7.937222,-36.834444,36,7490,7.49,,True,2007-06-20,2002-06-01,,
2600024767,Camalaú,PB,Poço tubular,,-7.921111,-36.828888,55,2180,2.18,,True,2007-06-20,1999-06-01,,
2600024768,Camalaú,PB,Poço tubular,,-7.913611,-36.828055,50,3130,3.13,,True,2007-06-20,1993-11-01,,
2600024770,Camalaú,PB,Poço tubular,,-7.908333,-36.929166,29.71,5890,5.89,,True,2007-06-21,2003-11-24,,
2600024771,Camalaú,PB,Poço tubular,,-7.9,-36.929444,28,1640,1.64,,True,2007-06-21,2002-06-01,,
2600024772,Camalaú,PB,Poço tubular,,-7.9775,-36.909166,30,1338,1.338,,True,2007-06-21,1998-10-12,,
2600024774,Camalaú,PB,Poço tubular,,-8.0275,-36.92,32.67,1629,1.629,,True,2007-06-21,2003-11-25,,
2600024775,Camalaú,PB,Poço tubular,,-7.910277,-36.775555,50,1845,1.845,,True,2007-06-21,1998-06-01,,
2600024776,Camalaú,PB,Poço tubular,,-7.926666,-36.655,50,816,0.816,,True,2007-06-21,1998-06-01,,
2600024777,Camalaú,PB,Poço tubular,,-7.929166,-36.655,50,9510,9.51,,True,2007-06-21,1998-06-01,,
2600024778,Camalaú,PB,Poço tubular,,-7.915555,-36.651944,50,6090,6.09,,True,2007-06-21,1998-03-01,,
2600024779,Camalaú,PB,Poço tubular,,-7.939444,-36.896388,20,3050,3.05,,True,2007-06-21,1994-05-01,,
2600024780,Camalaú,PB,Poço tubular,,-7.972777,-36.876111,40,1278,1.278,,True,2007-06-21,1993-01-01,,
2600024781,Camalaú,PB,Poço tubular,,-7.878888,-36.808611,36,1775,1.775,,True,2007-06-21,2003-12-04,,
2600024782,Camalaú,PB,Poço tubular,,-7.890277,-36.823611,36,445,0.445,,True,2007-06-21,1988-06-01,,
2600024787,Belém,PB,Poço tubular,,-6.759722,-35.481944,50,6750,6.75,,True,2007-06-21,2003-12-04,,
2600024788,Belém,PB,Poço tubular,,-6.764444,-35.473888,50,3820,3.82,,True,2007-06-21,2003-12-04,,
2600024789,Belém,PB,Poço tubular,,-6.755,-35.4725,50,4540,4.54,,True,2007-06-21,2003-12-04,,
2600024792,Gurjão,PB,Poço tubular,,-7.218888,-36.504166,26,1771,1.771,,True,2007-06-22,2000-06-01,,
2600024794,Gurjão,PB,Poço tubular,,-7.208333,-36.512222,30,1322,1.322,,True,2007-06-22,1995-06-01,,
2600024795,Juazeirinho,PB,Poço tubular,,-7.178611,-36.513333,30,13200,13.2,,True,2007-06-22,2001-06-01,,
2600024798,Gurjão,PB,Poço tubular,,-7.208055,-36.505555,37,3790,3.79,,True,2007-06-22,1996-06-01,,
2600024799,Juazeirinho,PB,Poço tubular,,-7.179166,-36.541666,37,4430,4.43,,True,2007-06-22,2002-06-01,,
2600024800,Juazeirinho,PB,Poço tubular,,-7.18,-36.543888,50,1072,1.072,,True,2007-06-22,2003-06-01,,
2600024801,Juazeirinho,PB,Poço tubular,,-7.180833,-36.543888,50,1457,1.457,,True,2007-06-22,1999-06-01,,
2600024803,Juazeirinho,PB,Poço tubular,,-7.160555,-36.578333,50,14710,14.71,,True,2007-06-25,2001-06-01,,
2600024804,Juazeirinho,PB,Poço tubular,,-7.157222,-36.583333,20,874,0.874,,True,2007-06-25,2001-06-01,,
2600024805,Gurjão,PB,Poço tubular,,-7.188888,-36.550555,30,4860,4.86,,True,2007-06-25,2002-07-18,,
2600024806,Santo André,PB,Poço tubular,,-7.199166,-36.556944,50,4940,4.94,,True,2007-06-25,2003-06-01,,
2600024808,Gurjão,PB,Poço tubular,,-7.215277,-36.530833,35,743,0.743,,True,2007-06-25,2001-07-01,,
2600024809,Santo André,PB,Poço tubular,,-7.229444,-36.527777,43,11940,11.94,,True,2007-06-25,1999-06-01,,
2600024810,Gurjão,PB,Poço tubular,,-7.232777,-36.51,45,1596,1.596,,True,2007-06-25,1999-01-01,,
2600024811,Gurjão,PB,Poço tubular,,-7.233611,-36.510555,12.6,10510,10.51,,True,2007-06-25,2003-06-01,,
2600024813,Gurjão,PB,Poço tubular,,-7.231111,-36.503333,50,13050,13.05,,True,2007-06-25,2003-06-01,,
2600024815,Gurjão,PB,Poço tubular,,-7.249444,-36.492222,22,4540,4.54,,True,2007-06-25,2003-06-01,,
2600024816,Gurjão,PB,Poço tubular,,-7.249444,-36.491944,47,4370,4.37,,True,2007-06-25,2003-06-01,,
2600024817,Gurjão,PB,Poço tubular,,-7.249722,-36.492222,19,13700,13.7,,True,2007-06-25,2003-06-01,,
2600024821,Gurjão,PB,Poço tubular,,-7.254722,-36.514444,50,1773,1.773,,True,2007-06-25,1998-06-01,,
2600024824,Gurjão,PB,Poço tubular,,-7.258055,-36.513333,50,9850,9.85,,True,2007-06-25,1983-06-01,,
2600024825,Gurjão,PB,Poço tubular,,-7.261111,-36.520555,31.8,13360,13.36,,True,2007-06-25,2003-06-01,,
2600024826,Gurjão,PB,Poço tubular,,-7.250833,-36.539166,32,9450,9.45,,True,2007-06-25,1993-06-01,,
2600024827,Gurjão,PB,Poço tubular,,-7.245,-36.551388,33,5790,5.79,,True,2007-06-25,2002-06-01,,
2600024828,Gurjão,PB,Poço tubular,,-7.233888,-36.545833,21.4,16890,16.89,,True,2007-06-25,1998-06-01,,
2600024829,Gurjão,PB,Poço tubular,,-7.237777,-36.545277,50,2490,2.49,,True,2007-06-25,2000-06-01,,
2600024830,Gurjão,PB,Poço tubular,,-7.238333,-36.543333,15,3090,3.09,,True,2007-06-25,2003-06-01,,
2600024831,Santo André,PB,Poço tubular,,-7.232222,-36.535,30,2660,2.66,,True,2007-06-25,2001-06-01,,
2600024832,Santo André,PB,Poço tubular,,-7.235277,-36.556388,22,3610,3.61,,True,2007-06-25,1988-06-01,,
2600024833,Gurjão,PB,Poço tubular,,-7.2425,-36.533611,31,6470,6.47,,True,2007-06-25,2003-06-01,,
2600024835,Gurjão,PB,Poço tubular,,-7.2425,-36.525555,30,16020,16.02,,True,2007-06-25,2000-06-01,,
2600024836,Gurjão,PB,Poço tubular,,-7.240555,-36.509166,25,6380,6.38,,True,2007-06-25,2003-06-01,,
2600024837,Gurjão,PB,Poço tubular,,-7.246666,-36.496111,30.5,2340,2.34,,True,2007-06-25,2003-06-01,,
2600024838,Gurjão,PB,Poço tubular,,-7.246944,-36.495555,31.5,2440,2.44,,True,2007-06-25,2003-06-01,,
2600024841,Gurjão,PB,Poço tubular,,-7.236111,-36.483055,24,7210,7.21,,True,2007-06-25,1995-06-01,,
2600024842,Gurjão,PB,Poço tubular,,-7.227777,-36.489722,19,3140,3.14,,True,2007-06-25,2003-06-01,,
2600024843,Gurjão,PB,Poço tubular,,-7.220555,-36.487777,48,7020,7.02,,True,2007-06-25,1999-06-01,,
2600024844,Gurjão,PB,Poço tubular,,-7.216944,-36.4975,20,9420,9.42,,True,2007-06-26,1999-06-01,,
2600024845,Gurjão,PB,Poço tubular,,-7.195277,-36.49,42,4940,4.94,,True,2007-06-26,2002-06-01,,
2600024846,Gurjão,PB,Poço tubular,,-7.200833,-36.426111,46,2530,2.53,,True,2007-06-26,2003-06-01,,
2600024847,Gurjão,PB,Poço tubular,,-7.223611,-36.455277,28,7170,7.17,,True,2007-06-26,2001-06-01,,
2600024848,Gurjão,PB,Poço tubular,,-7.218888,-36.458611,50,6480,6.48,,True,2007-06-26,1998-06-01,,
2600024849,Gurjão,PB,Poço tubular,,-7.261944,-36.495,55,9370,9.37,,True,2007-06-26,2000-06-01,,
2600024850,Gurjão,PB,Poço tubular,,-7.2625,-36.495,40,11140,11.14,,True,2007-06-26,2003-06-01,,
2600024851,Gurjão,PB,Poço tubular,,-7.304722,-36.529444,30,13850,13.85,,True,2007-06-26,1996-06-01,,
2600024852,Gurjão,PB,Poço tubular,,-7.304444,-36.532222,40,18090,18.09,,True,2007-06-26,1996-06-01,,
2600024853,Gurjão,PB,Poço tubular,,-7.299166,-36.545555,30,4590,4.59,,True,2007-06-26,1996-06-01,,
2600024854,Gurjão,PB,Poço tubular,,-7.308611,-36.537222,17,1427,1.427,,True,2007-06-26,1994-06-01,,
2600024855,Gurjão,PB,Poço tubular,,-7.314444,-36.542222,50,9490,9.49,,True,2007-06-26,1998-06-01,,
2600024856,Gurjão,PB,Poço tubular,,-7.331944,-36.534444,35,3110,3.11,,True,2007-06-26,1967-06-01,,
2600024858,Gurjão,PB,Poço tubular,,-7.323333,-36.516111,50,3050,3.05,,True,2007-06-26,1999-06-01,,
2600024859,Gurjão,PB,Poço tubular,,-7.315833,-36.486111,48,1800,1.8,,True,2007-06-26,2003-06-01,,
2600024860,Gurjão,PB,Poço tubular,,-7.257777,-36.486944,45,2230,2.23,,True,2007-06-26,2002-06-01,,
2600024861,Gurjão,PB,Poço tubular,,-7.251666,-36.487222,40,18640,18.64,,True,2007-06-26,2000-06-01,,
2600024862,Gurjão,PB,Poço tubular,,-7.248888,-36.480277,45,14160,14.16,,True,2007-06-26,2002-06-01,,
2600024863,Gurjão,PB,Poço tubular,,-7.198055,-36.516944,60,9710,9.71,,True,2007-06-26,1993-06-01,,
2600024865,Juazeirinho,PB,Poço tubular,,-7.157777,-36.585277,50,370,0.37,,True,2007-06-26,2003-06-01,,
2600024866,Gurjão,PB,Poço tubular,,-7.246388,-36.496666,28,7180,7.18,,True,2007-06-26,2003-06-01,,
2600024868,Gurjão,PB,Poço tubular,,-7.246111,-36.479166,53,5010,5.01,,True,2007-06-26,1999-06-01,,
2600024869,Sumé,PB,Poço tubular,,-7.782222,-36.734444,30,5070,5.07,,True,2007-06-29,2001-12-01,,
2600024870,Sumé,PB,Poço tubular,,-7.780277,-36.731111,20,2760,2.76,,True,2007-06-29,2003-12-01,,
2600024872,Sumé,PB,Poço tubular,,-7.771111,-36.7375,37,2750,2.75,,True,2007-06-29,2003-12-01,,
2600024873,Sumé,PB,Poço tubular,,-7.776944,-36.755833,30,2280,2.28,,True,2007-06-29,2003-12-01,,
2600024874,Sumé,PB,Poço tubular,,-7.801666,-36.764166,27,6360,6.36,,True,2007-06-29,2003-12-01,,
2600024875,Sumé,PB,Poço tubular,,-7.807777,-36.765,50,850,0.85,,True,2007-06-29,2002-12-21,,
2600024876,Sumé,PB,Poço tubular,,-7.787222,-36.74,23,2630,2.63,,True,2007-06-29,2003-04-01,,
2600024877,Sumé,PB,Poço tubular,,-7.780555,-36.789444,22,2770,2.77,,True,2007-06-29,1982-10-01,,
2600024878,Sumé,PB,Poço tubular,,-7.783333,-36.784166,32,1044,1.044,,True,2007-06-29,2001-01-03,,
2600024879,Sumé,PB,Poço tubular,,-7.778611,-36.806944,30,715,0.715,,True,2007-06-29,2003-12-02,,
2600024880,Sumé,PB,Poço tubular,,-7.784166,-36.801111,30,1065,1.065,,True,2007-06-29,2003-12-02,,
2600024881,Sumé,PB,Poço tubular,,-7.782777,-36.802777,40,1189,1.189,,True,2007-06-29,2003-12-02,,
2600024882,Sumé,PB,Poço tubular,,-7.768888,-36.818333,38,3580,3.58,,True,2007-06-29,2002-06-01,,
2600024883,Sumé,PB,Poço tubular,,-7.777222,-36.825833,50,1189,1.189,,True,2007-06-29,2003-12-02,,
2600024884,Sumé,PB,Poço tubular,,-7.735555,-36.9625,24,1157,1.157,,True,2007-06-29,1980-10-01,,
2600024885,Sumé,PB,Poço tubular,,-7.7375,-36.961111,40,1442,1.442,,True,2007-06-29,1991-11-20,,
2600024886,Sumé,PB,Poço tubular,,-7.75,-36.951388,52,2050,2.05,,True,2007-06-29,1984-08-01,,
2600024888,Sumé,PB,Poço tubular,,-7.771666,-36.903888,50,807,0.807,,True,2007-06-29,2002-04-23,,
2600024889,Sumé,PB,Poço tubular,,-7.761944,-36.921388,32,1551,1.551,,True,2007-06-29,2003-12-03,,
2600024891,Sumé,PB,Poço tubular,,-7.698055,-36.911666,42,1259,1.259,,True,2007-07-02,1995-12-01,,
2600024892,Sumé,PB,Poço tubular,,-7.753611,-36.955555,50,2070,2.07,,True,2007-07-02,1983-10-01,,
2600024893,Sumé,PB,Poço tubular,,-7.761388,-36.955277,51,1652,1.652,,True,2007-07-02,2001-11-13,,
2600024895,Sumé,PB,Poço tubular,,-7.766666,-36.87,27,12290,12.29,,True,2007-07-02,2003-12-04,,
2600024896,Sumé,PB,Poço tubular,,-7.751944,-36.873333,50,3650,3.65,,True,2007-07-02,1998-07-01,,
2600024897,Sumé,PB,Poço tubular,,-7.739166,-36.871666,48,2360,2.36,,True,2007-07-02,1983-07-01,,
2600024898,Sumé,PB,Poço tubular,,-7.6925,-36.865555,23,937,0.937,,True,2007-07-02,2003-12-05,,
2600024899,Sumé,PB,Poço tubular,,-7.716666,-36.846388,28,869,0.869,,True,2007-07-02,2002-06-01,,
2600024900,Sumé,PB,Poço tubular,,-7.709166,-36.843333,45,2590,2.59,,True,2007-07-02,2002-06-01,,
2600024901,Sumé,PB,Poço tubular,,-7.711666,-36.848055,50,838,0.838,,True,2007-07-02,2003-12-05,,
2600024902,Sumé,PB,Poço tubular,,-7.737777,-36.877777,25,2720,2.72,,True,2007-07-02,2002-12-21,,
2600024903,Sumé,PB,Poço tubular,,-7.749166,-36.894444,60,1504,1.504,,True,2007-07-02,2003-12-05,,
2600024904,Sumé,PB,Poço tubular,,-7.822777,-36.806944,45,1143,1.143,,True,2007-07-02,1993-10-01,,
2600024905,Sumé,PB,Poço tubular,,-7.789166,-36.769166,50,2880,2.88,,True,2007-07-02,2000-06-01,,
2600024906,Sumé,PB,Poço tubular,,-7.805555,-36.802222,46,1475,1.475,,True,2007-07-02,2000-06-01,,
2600024907,Sumé,PB,Poço tubular,,-7.761666,-36.782777,18,392,0.392,,True,2007-07-02,2001-06-01,,
2600024908,Sumé,PB,Poço tubular,,-7.728611,-36.801111,18,1515,1.515,,True,2007-07-02,2003-12-05,,
2600024909,Sumé,PB,Poço tubular,,-7.711388,-36.802777,28,1444,1.444,,True,2007-07-02,2003-12-05,,
2600024910,Sumé,PB,Poço tubular,,-7.718055,-36.797222,30,1368,1.368,,True,2007-07-02,2000-06-01,,
2600024911,Sumé,PB,Poço tubular,,-7.723333,-36.813611,20,761,0.761,,True,2007-07-02,1978-09-01,,
2600024912,Sumé,PB,Poço tubular,,-7.710277,-36.8325,27,4330,4.33,,True,2007-07-02,1999-11-01,,
2600024913,Sumé,PB,Poço tubular,,-7.703055,-36.829444,50,2470,2.47,,True,2007-07-02,1997-03-01,,
2600024914,Sumé,PB,Poço tubular,,-7.705833,-36.843888,30,877,0.877,,True,2007-07-02,1995-06-01,,
2600024915,Sumé,PB,Poço tubular,,-7.675555,-36.882777,17,1188,1.188,,True,2007-07-02,2003-05-01,,
2600024916,Sumé,PB,Poço tubular,,-7.644444,-36.886944,38,373,0.373,,True,2007-07-02,1999-06-01,,
2600024917,Sumé,PB,Poço tubular,,-7.5625,-36.916666,50,2250,2.25,,True,2007-07-02,1988-06-01,,
2600024918,Sumé,PB,Poço tubular,,-7.544722,-36.931666,36,1106,1.106,,True,2007-07-02,2000-12-01,,
2600024919,Sumé,PB,Poço tubular,,-7.5375,-36.934722,33,3780,3.78,,True,2007-07-02,1999-06-01,,
2600024920,Sumé,PB,Poço tubular,,-7.536944,-36.934166,14,2980,2.98,,True,2007-07-02,1978-06-01,,
2600024921,Sumé,PB,Poço tubular,,-7.537222,-36.934166,30,3290,3.29,,True,2007-07-02,2000-06-01,,
2600024922,Sumé,PB,Poço tubular,,-7.510277,-36.961944,30,3970,3.97,,True,2007-07-02,1992-06-01,,
2600024924,Sumé,PB,Poço tubular,,-7.513333,-36.980833,40,7590,7.59,,True,2007-07-02,2001-10-27,,
2600024926,Sumé,PB,Poço tubular,,-7.548055,-36.974722,32,2810,2.81,,True,2007-07-02,2003-12-03,,
2600024927,Sumé,PB,Poço tubular,,-7.551666,-36.975555,40,3010,3.01,,True,2007-07-02,1984-06-01,,
2600024928,Sumé,PB,Poço tubular,,-7.535,-36.975,80,3480,3.48,,True,2007-07-02,1981-06-12,,
2600024929,Sumé,PB,Poço tubular,,-7.594166,-36.898611,50,3000,3.0,,True,2007-07-03,1994-06-01,,
2600024930,Sumé,PB,Poço tubular,,-7.564166,-36.993055,60,1784,1.784,,True,2007-07-03,1963-06-01,,
2600024931,Sumé,PB,Poço tubular,,-7.501944,-37.004722,50,1950,1.95,,True,2007-07-03,2003-11-28,,
2600024932,Sumé,PB,Poço tubular,,-7.598611,-36.900833,18,8080,8.08,,True,2007-07-03,2003-02-01,,
2600024933,Sumé,PB,Poço tubular,,-7.553611,-36.938333,5,1164,1.164,,True,2007-07-03,1994-06-01,,
2600024934,Sumé,PB,Poço tubular,,-7.558333,-36.937777,13,3450,3.45,,True,2007-07-03,2002-11-01,,
2600024935,Sumé,PB,Poço tubular,,-7.562222,-36.932777,23,5960,5.96,,True,2007-07-03,2003-04-01,,
2600024936,Sumé,PB,Poço tubular,,-7.579166,-36.960277,45,3500,3.5,,True,2007-07-03,1989-06-01,,
2600024938,Sumé,PB,Poço tubular,,-7.573333,-36.918333,50,1027,1.027,,True,2007-07-03,1965-06-01,,
2600024939,Sumé,PB,Poço tubular,,-7.634722,-36.903611,36,2310,2.31,,True,2007-07-03,1997-06-01,,
2600024940,Sumé,PB,Poço tubular,,-7.641666,-36.928888,50,5180,5.18,,True,2007-07-03,2001-06-01,,
2600024941,Sumé,PB,Poço tubular,,-7.6325,-36.931388,35,2090,2.09,,True,2007-07-03,2003-12-05,,
2600024942,Sumé,PB,Poço tubular,,-7.615833,-36.931111,32,1073,1.073,,True,2007-07-03,2001-11-01,,
2600024943,Sumé,PB,Poço tubular,,-7.631111,-36.93,28,1182,1.182,,True,2007-07-03,2003-12-05,,
2600024945,Sumé,PB,Poço tubular,,-7.7425,-36.771111,50,4920,4.92,,True,2007-07-03,2003-12-05,,
2600024946,Sumé,PB,Poço tubular,,-7.741111,-36.771666,45,2570,2.57,,True,2007-07-03,2003-12-05,,
2600024947,Sumé,PB,Poço tubular,,-7.521111,-36.938333,48,3110,3.11,,True,2007-07-03,1994-06-01,,
2600024948,Sumé,PB,Poço tubular,,-7.511944,-36.928888,48,2080,2.08,,True,2007-07-03,1978-06-01,,
2600024949,Sumé,PB,Poço tubular,,-7.509166,-36.961666,48,4500,4.5,,True,2007-07-03,1984-04-01,,
2600024950,Sumé,PB,Poço tubular,,-7.567777,-36.967222,70,2360,2.36,,True,2007-07-03,1964-06-01,,
2600024951,Sumé,PB,Poço tubular,,-7.563611,-36.965277,18,1630,1.63,,True,2007-07-03,2002-03-01,,
2600024952,Sumé,PB,Poço tubular,,-7.505,-36.947222,36,2010,2.01,,True,2007-07-03,1958-06-01,,
2600024953,Sumé,PB,Poço tubular,,-7.548888,-36.937777,50,7390,7.39,,True,2007-07-03,1997-06-01,,
2600024954,Sumé,PB,Poço tubular,,-7.783611,-36.915833,32,2130,2.13,,True,2007-07-03,1982-02-01,,
2600024955,Sumé,PB,Poço tubular,,-7.81,-36.930833,16,6800,6.8,,True,2007-07-03,2003-12-03,,
2600024956,Sumé,PB,Poço tubular,,-7.814722,-36.961111,18,2860,2.86,,True,2007-07-03,2003-12-03,,
2600026150,Zabelê,PB,Poço tubular,,-8.073611,-37.086944,27,11390,11.39,,True,2007-07-04,2000-06-01,,
2600026151,Zabelê,PB,Poço tubular,,-8.064444,-37.101666,28,2710,2.71,,True,2007-07-04,2001-10-15,,
2600026152,Zabelê,PB,Poço tubular,,-8.055277,-37.106944,44,2030,2.03,,True,2007-07-04,2002-06-01,,
2600026153,Zabelê,PB,Poço tubular,,-8.056944,-37.111388,45,4210,4.21,,True,2007-07-04,1999-06-01,,
2600026154,Zabelê,PB,Poço tubular,,-8.071666,-37.113611,40,2530,2.53,,True,2007-07-04,1999-06-01,,
2600026155,Zabelê,PB,Poço tubular,,-8.069166,-37.116666,40,1625,1.625,,True,2007-07-04,1999-06-01,,
2600026156,Zabelê,PB,Poço tubular,,-8.043055,-37.128611,50,2220,2.22,,True,2007-07-04,1993-06-01,,
2600026157,Zabelê,PB,Poço tubular,,-8.043333,-37.137222,31,1702,1.702,,True,2007-07-04,2003-06-01,,
2600026158,Zabelê,PB,Poço tubular,,-8.067222,-37.135555,40,1554,1.554,,True,2007-07-04,1999-07-23,,
2600026159,Zabelê,PB,Poço tubular,,-8.072222,-37.122222,50,4300,4.3,,True,2007-07-04,1999-06-01,,
2600026160,Zabelê,PB,Poço tubular,,-8.0725,-37.117222,45,1721,1.721,,True,2007-07-04,2003-06-01,,
2600026161,Zabelê,PB,Poço tubular,,-8.071111,-37.120277,40,1384,1.384,,True,2007-07-04,1998-06-01,,
2600026162,Zabelê,PB,Poço tubular,,-8.0775,-37.108333,22.5,3770,3.77,,True,2007-07-05,1976-06-01,,
2600026163,Zabelê,PB,Poço tubular,,-8.093888,-37.132222,72,2820,2.82,,True,2007-07-05,2001-06-01,,
2600026164,Zabelê,PB,Poço tubular,,-8.098611,-37.128333,38,1956,1.956,,True,2007-07-05,1993-06-01,,
2600026165,Zabelê,PB,Poço tubular,,-8.102222,-37.122777,54,2560,2.56,,True,2007-07-05,1990-06-01,,
2600026166,Zabelê,PB,Poço tubular,,-8.108611,-37.126111,33,4080,4.08,,True,2007-07-05,1999-06-01,,
2600026167,Zabelê,PB,Poço tubular,,-8.126388,-37.123333,40,1889,1.889,,True,2007-07-05,2003-11-22,,
2600026168,Zabelê,PB,Poço tubular,,-8.122777,-37.124444,33,2530,2.53,,True,2007-07-05,1999-06-01,,
2600026169,Zabelê,PB,Poço tubular,,-8.125277,-37.116944,40,2800,2.8,,True,2007-07-05,2003-10-22,,
2600026170,São Sebastião do Umbuzeiro,PB,Poço tubular,,-8.126944,-37.111666,48,2930,2.93,,True,2007-07-05,1999-06-01,,
2600026171,Zabelê,PB,Poço tubular,,-8.120277,-37.098055,50,5190,5.19,,True,2007-07-05,2003-11-23,,
2600026172,Zabelê,PB,Poço tubular,,-8.121388,-37.103055,55,2450,2.45,,True,2007-07-05,1999-06-01,,
2600026173,Zabelê,PB,Poço tubular,,-8.105833,-37.113333,45,3020,3.02,,True,2007-07-05,2002-06-01,,
2600026174,Zabelê,PB,Poço tubular,,-8.098055,-37.094166,30,2590,2.59,,True,2007-07-05,2003-06-01,,
2600026175,Zabelê,PB,Poço tubular,,-8.098055,-37.095555,40,2840,2.84,,True,2007-07-05,2003-11-23,,
2600026176,Zabelê,PB,Poço tubular,,-8.084722,-37.103333,51.3,5730,5.73,,True,2007-07-05,2002-06-01,,
2600026177,Zabelê,PB,Poço tubular,,-8.0825,-37.1,52,5720,5.72,,True,2007-07-05,1999-06-01,,
2600026179,Zabelê,PB,Poço tubular,,-8.076666,-37.103888,42,5580,5.58,,True,2007-07-05,1999-06-01,,
2600026180,Zabelê,PB,Poço tubular,,-8.077222,-37.100277,40,6220,6.22,,True,2007-07-05,2003-11-23,,
2600026181,Zabelê,PB,Poço tubular,,-8.077777,-37.099444,37,3160,3.16,,True,2007-07-05,2003-06-01,,
2600026182,Zabelê,PB,Poço tubular,,-8.093055,-37.095833,21,1118,1.118,,True,2007-07-05,1999-06-01,,
2600026183,Zabelê,PB,Poço tubular,,-8.099166,-37.085833,40,6810,6.81,,True,2007-07-05,2001-06-01,,
2600026184,Zabelê,PB,Poço tubular,,-8.100277,-37.086388,40,6860,6.86,,True,2007-07-06,2002-06-01,,
2600026185,Zabelê,PB,Poço tubular,,-8.100833,-37.087777,25,3610,3.61,,True,2007-07-06,1998-06-01,,
2600026186,Zabelê,PB,Poço tubular,,-8.113888,-37.0875,50,4330,4.33,,True,2007-07-06,1983-06-01,,
2600026187,Zabelê,PB,Poço tubular,,-8.104444,-37.077777,50,3430,3.43,,True,2007-07-06,1993-06-01,,
2600026188,Zabelê,PB,Poço tubular,,-8.044444,-37.038611,36,1904,1.904,,True,2007-07-06,1994-06-01,,
2600026189,Zabelê,PB,Poço tubular,,-8.091666,-37.026111,42,4160,4.16,,True,2007-07-06,2001-06-01,,
2600026190,Zabelê,PB,Poço tubular,,-8.096111,-37.040833,40,9380,9.38,,True,2007-07-06,2001-06-01,,
2600026191,Zabelê,PB,Poço tubular,,-8.095555,-37.047777,50,1829,1.829,,True,2007-07-06,1991-06-01,,
2600026192,Zabelê,PB,Poço tubular,,-8.089444,-37.053888,50,4760,4.76,,True,2007-07-06,1983-06-01,,
2600026193,Zabelê,PB,Poço tubular,,-8.082222,-37.055277,40,2610,2.61,,True,2007-07-06,1999-06-01,,
2600026194,Zabelê,PB,Poço tubular,,-8.077222,-37.076111,45,8730,8.73,,True,2007-07-06,1999-06-01,,
2600026195,Zabelê,PB,Poço tubular,,-8.075555,-37.08,54,1970,1.97,,True,2007-07-06,2001-06-01,,
2600026196,Zabelê,PB,Poço tubular,,-8.076388,-37.101666,45,3800,3.8,,True,2007-07-06,2003-11-24,,
2600026219,Sertãozinho,PB,Poço tubular,,-6.758055,-35.3975,46,4390,4.39,,True,2007-07-09,2002-06-01,,
2600026220,Sertãozinho,PB,Poço tubular,,-6.743055,-35.408055,45,509,0.509,,True,2007-07-09,2003-12-05,,
2600026223,Sertãozinho,PB,Poço tubular,,-6.750555,-35.441111,45,1912,1.912,,True,2007-07-09,2003-12-05,,
2600026226,Monteiro,PB,Poço tubular,,-8.052777,-36.981111,50,2360,2.36,,True,2007-07-10,1993-05-24,,
2600026227,São Sebastião do Umbuzeiro,PB,Poço tubular,,-8.054444,-36.98,48,2380,2.38,,True,2007-07-10,2003-11-21,,
2600026228,Monteiro,PB,Poço tubular,,-8.028888,-36.991111,40,882,0.882,,True,2007-07-10,2003-11-21,,
2600026229,Monteiro,PB,Poço tubular,,-8.016111,-36.991388,50,1949,1.949,,True,2007-07-10,2003-11-21,,
2600026230,Monteiro,PB,Poço tubular,,-8.0425,-36.992777,50,1102,1.102,,True,2007-07-10,2003-11-21,,
2600026231,Monteiro,PB,Poço tubular,,-8.049722,-36.987777,21.5,1069,1.069,,True,2007-07-10,2003-11-21,,
2600026232,São Sebastião do Umbuzeiro,PB,Poço tubular,,-8.058611,-37.011388,50,1315,1.315,,True,2007-07-10,2003-11-21,,
2600026233,São Sebastião do Umbuzeiro,PB,Poço tubular,,-8.055,-37.013055,50,1536,1.536,,True,2007-07-10,2003-11-21,,
2600026234,São Sebastião do Umbuzeiro,PB,Poço tubular,,-8.06,-37.014444,30,4190,4.19,,True,2007-07-10,2003-11-21,,
2600026235,São Sebastião do Umbuzeiro,PB,Poço tubular,,-8.043333,-37.022777,32,8550,8.55,,True,2007-07-10,2000-06-01,,
2600026237,Monteiro,PB,Poço tubular,,-8.0425,-37.031944,36,1885,1.885,,True,2007-07-10,2003-04-01,,
2600026238,Monteiro,PB,Poço tubular,,-8.041944,-37.0275,38,6830,6.83,,True,2007-07-10,1994-07-01,,
2600026239,São Sebastião do Umbuzeiro,PB,Poço tubular,,-8.091111,-37.006944,22,5950,5.95,,True,2007-07-10,2003-11-22,,
2600026240,São Sebastião do Umbuzeiro,PB,Poço tubular,,-8.09,-37.011666,35,2680,2.68,,True,2007-07-10,2003-11-22,,
2600026241,São Sebastião do Umbuzeiro,PB,Poço tubular,,-8.101111,-37.027777,26,4850,4.85,,True,2007-07-10,2003-11-22,,
2600026242,São Sebastião do Umbuzeiro,PB,Poço tubular,,-8.116666,-37.011666,29,2910,2.91,,True,2007-07-10,2003-11-22,,
2600026243,São Sebastião do Umbuzeiro,PB,Poço tubular,,-8.115833,-37.008611,37,5080,5.08,,True,2007-07-10,2003-11-22,,
2600026244,São Sebastião do Umbuzeiro,PB,Poço tubular,,-8.118333,-37.015,40,3060,3.06,,True,2007-07-10,2003-11-22,,
2600026245,São Sebastião do Umbuzeiro,PB,Poço tubular,,-8.117222,-37.035,25,1563,1.563,,True,2007-07-10,1999-12-01,,
2600026246,São Sebastião do Umbuzeiro,PB,Poço tubular,,-8.102777,-37.040833,21,13490,13.49,,True,2007-07-10,2003-11-22,,
2600026247,São Sebastião do Umbuzeiro,PB,Poço tubular,,-8.104444,-37.041944,17,5960,5.96,,True,2007-07-10,2003-11-22,,
2600026248,São Sebastião do Umbuzeiro,PB,Poço tubular,,-8.104722,-37.040555,23,8640,8.64,,True,2007-07-10,2003-11-22,,
2600026249,São Sebastião do Umbuzeiro,PB,Poço tubular,,-8.117777,-37.043611,33,7540,7.54,,True,2007-07-10,2003-11-22,,
2600026251,São Sebastião do Umbuzeiro,PB,Poço tubular,,-8.124722,-37.048055,45,7450,7.45,,True,2007-07-10,2003-11-22,,
2600026252,São Sebastião do Umbuzeiro,PB,Poço tubular,,-8.130555,-37.018055,40,2210,2.21,,True,2007-07-10,2002-06-01,,
2600026253,São Sebastião do Umbuzeiro,PB,Poço tubular,,-8.142777,-37.013055,42,3470,3.47,,True,2007-07-10,2003-11-22,,
2600026254,Camalaú,PB,Poço tubular,,-8.028055,-36.913333,19,4030,4.03,,True,2007-07-11,1994-06-01,,
2600026255,São Sebastião do Umbuzeiro,PB,Poço tubular,,-8.055833,-36.95,40,6380,6.38,,True,2007-07-11,1999-08-22,,
2600026256,São Sebastião do Umbuzeiro,PB,Poço tubular,,-8.052777,-36.946666,33,7200,7.2,,True,2007-07-11,2003-11-23,,
2600026257,Monteiro,PB,Poço tubular,,-8.0575,-36.968888,58,5110,5.11,,True,2007-07-11,2003-11-23,,
2600026258,São Sebastião do Umbuzeiro,PB,Poço tubular,,-8.0575,-36.960555,45,3380,3.38,,True,2007-07-11,2003-11-22,,
2600026259,São Sebastião do Umbuzeiro,PB,Poço tubular,,-8.068055,-36.9575,45,5810,5.81,,True,2007-07-11,2003-11-23,,
2600026260,São Sebastião do Umbuzeiro,PB,Poço tubular,,-8.073611,-36.965277,28,1635,1.635,,True,2007-07-11,2003-11-23,,
2600026261,São Sebastião do Umbuzeiro,PB,Poço tubular,,-8.080277,-36.974444,25,1917,1.917,,True,2007-07-11,2003-11-23,,
2600026262,São Sebastião do Umbuzeiro,PB,Poço tubular,,-8.087777,-36.975555,28,5760,5.76,,True,2007-07-11,2003-11-24,,
2600026264,São Sebastião do Umbuzeiro,PB,Poço tubular,,-8.1025,-36.9675,37,5340,5.34,,True,2007-07-11,2003-11-24,,
2600026265,São Sebastião do Umbuzeiro,PB,Poço tubular,,-8.098333,-36.981388,60,3020,3.02,,True,2007-07-11,2003-11-24,,
2600026266,São Sebastião do Umbuzeiro,PB,Poço tubular,,-8.118333,-36.993333,23,5950,5.95,,True,2007-07-11,2003-11-24,,
2600026267,São Sebastião do Umbuzeiro,PB,Poço tubular,,-8.126111,-36.993888,27,6130,6.13,,True,2007-07-11,2003-11-24,,
2600026268,São João do Tigre,PB,Poço tubular,,-8.158611,-36.938055,43,4160,4.16,,True,2007-07-11,1994-06-01,,
2600026269,São João do Tigre,PB,Poço tubular,,-8.150277,-36.935833,47,5160,5.16,,True,2007-07-11,2003-11-25,,
2600026270,São Sebastião do Umbuzeiro,PB,Poço tubular,,-8.148333,-36.970555,39,8530,8.53,,True,2007-07-11,2003-11-25,,
2600026271,São Sebastião do Umbuzeiro,PB,Poço tubular,,-8.145,-36.986388,25,3830,3.83,,True,2007-07-11,2003-11-25,,
2600026273,São Sebastião do Umbuzeiro,PB,Poço tubular,,-8.121111,-36.978888,46,9040,9.04,,True,2007-07-11,2003-11-25,,
2600026274,São Sebastião do Umbuzeiro,PB,Poço tubular,,-8.118333,-36.988333,39,15890,15.89,,True,2007-07-11,2003-11-25,,
2600026275,São Sebastião do Umbuzeiro,PB,Poço tubular,,-8.130555,-36.996111,21,5800,5.8,,True,2007-07-11,2003-11-25,,
2600026276,São Sebastião do Umbuzeiro,PB,Poço tubular,,-8.128055,-37.003333,38,5810,5.81,,True,2007-07-11,2003-11-25,,
2600026277,São Sebastião do Umbuzeiro,PB,Poço tubular,,-8.242777,-37.053055,47,3020,3.02,,True,2007-07-11,1999-06-01,,
2600026278,São Sebastião do Umbuzeiro,PB,Poço tubular,,-8.244722,-37.055555,18,5370,5.37,,True,2007-07-11,2001-06-01,,
2600026280,São Sebastião do Umbuzeiro,PB,Poço tubular,,-8.221388,-37.047222,28,4070,4.07,,True,2007-07-11,1998-06-01,,
2600026281,São Sebastião do Umbuzeiro,PB,Poço tubular,,-8.217222,-37.049444,50,3790,3.79,,True,2007-07-11,1998-06-01,,
2600026283,São Sebastião do Umbuzeiro,PB,Poço tubular,,-8.206944,-37.055555,50,3150,3.15,,True,2007-07-11,1992-10-01,,
2600026284,São Sebastião do Umbuzeiro,PB,Poço tubular,,-8.208611,-37.06,43,5670,5.67,,True,2007-07-12,1988-02-01,,
2600026286,São Sebastião do Umbuzeiro,PB,Poço tubular,,-8.218888,-37.091111,33,6870,6.87,,True,2007-07-12,2002-11-01,,
2600026287,São Sebastião do Umbuzeiro,PB,Poço tubular,,-8.2,-37.086944,30,5110,5.11,,True,2007-07-12,2003-06-01,,
2600026288,São Sebastião do Umbuzeiro,PB,Poço tubular,,-8.184444,-37.088888,30,3950,3.95,,True,2007-07-12,2000-01-19,,
2600026289,São Sebastião do Umbuzeiro,PB,Poço tubular,,-8.143611,-37.104444,45,2810,2.81,,True,2007-07-12,1999-12-04,,
2600026290,São Sebastião do Umbuzeiro,PB,Poço tubular,,-8.136111,-37.098611,35,3440,3.44,,True,2007-07-12,2003-06-01,,
2600026291,São Sebastião do Umbuzeiro,PB,Poço tubular,,-8.148611,-37.116944,50,3250,3.25,,True,2007-07-12,2001-06-01,,
2600026292,São Sebastião do Umbuzeiro,PB,Poço tubular,,-8.144444,-37.133611,35,4450,4.45,,True,2007-07-12,1999-06-01,,
2600026293,São Sebastião do Umbuzeiro,PB,Poço tubular,,-8.1375,-37.0675,27,620,0.62,,True,2007-07-12,1999-06-01,,
2600026294,São Sebastião do Umbuzeiro,PB,Poço tubular,,-8.155555,-37.070277,42,5730,5.73,,True,2007-07-12,1999-06-01,,
2600026295,São Sebastião do Umbuzeiro,PB,Poço tubular,,-8.161388,-37.081666,30,4650,4.65,,True,2007-07-12,2000-06-01,,
2600026296,São Sebastião do Umbuzeiro,PB,Poço tubular,,-8.172222,-37.085,36,5720,5.72,,True,2007-07-12,2000-06-01,,
2600026297,São Sebastião do Umbuzeiro,PB,Poço tubular,,-8.169444,-37.143055,45,3700,3.7,,True,2007-07-12,1995-10-01,,
2600026298,São Sebastião do Umbuzeiro,PB,Poço tubular,,-8.156388,-37.135833,50,1797,1.797,,True,2007-07-12,1992-10-01,,
2600026299,São Sebastião do Umbuzeiro,PB,Poço tubular,,-8.15,-37.131388,36,4570,4.57,,True,2007-07-12,1984-06-01,,
2600026300,São Sebastião do Umbuzeiro,PB,Poço tubular,,-8.155277,-37.009444,48,4260,4.26,,True,2007-07-12,2001-02-01,,
2600026301,São Sebastião do Umbuzeiro,PB,Poço tubular,,-8.154444,-37.006666,18,3730,3.73,,True,2007-07-12,2000-06-01,,
2600026302,São Sebastião do Umbuzeiro,PB,Poço tubular,,-8.153888,-37.010833,50,5030,5.03,,True,2007-07-12,1984-09-01,,
2600026303,São Sebastião do Umbuzeiro,PB,Poço tubular,,-8.150277,-37.0075,32,4300,4.3,,True,2007-07-12,2001-06-01,,
2600026304,São Sebastião do Umbuzeiro,PB,Poço tubular,,-8.15,-37.009722,30.7,5680,5.68,,True,2007-07-12,1998-06-01,,
2600026305,São Sebastião do Umbuzeiro,PB,Poço tubular,,-8.146666,-37.069166,43,3440,3.44,,True,2007-07-12,1986-06-01,,
2600026306,São Sebastião do Umbuzeiro,PB,Poço tubular,,-8.182222,-37.011666,42,1404,1.404,,True,2007-07-12,1980-06-01,,
2600026308,São João do Tigre,PB,Poço tubular,,-8.256111,-36.964444,45,16640,16.64,,True,2007-07-12,2003-11-25,,
2600026311,São Sebastião do Umbuzeiro,PB,Poço tubular,,-8.255277,-37.016666,52,4930,4.93,,True,2007-07-12,1971-06-01,,
2600026312,São Sebastião do Umbuzeiro,PB,Poço tubular,,-8.243888,-37.013888,35,5450,5.45,,True,2007-07-12,1970-09-01,,
2600026313,São Sebastião do Umbuzeiro,PB,Poço tubular,,-8.243888,-36.989166,50,1413,1.413,,True,2007-07-12,1970-09-01,,
2600026314,São Sebastião do Umbuzeiro,PB,Poço tubular,,-8.223888,-37.004722,26,6120,6.12,,True,2007-07-12,1996-06-01,,
2600026315,São Sebastião do Umbuzeiro,PB,Poço tubular,,-8.222777,-37.005277,20,4400,4.4,,True,2007-07-12,1982-07-01,,
2600026316,São Sebastião do Umbuzeiro,PB,Poço tubular,,-8.220555,-36.997777,36,8880,8.88,,True,2007-07-12,2003-08-01,,
2600026317,São Sebastião do Umbuzeiro,PB,Poço tubular,,-8.217777,-36.998055,34,8360,8.36,,True,2007-07-12,1982-07-01,,
2600026319,São João do Tigre,PB,Poço tubular,,-8.178055,-36.951111,19,6820,6.82,,True,2007-07-13,1983-06-01,,
2600026320,São João do Tigre,PB,Poço tubular,,-8.178055,-36.951388,53,5350,5.35,,True,2007-07-13,2002-06-01,,
2600026321,São João do Tigre,PB,Poço tubular,,-8.178611,-36.900277,54,7020,7.02,,True,2007-07-13,2002-03-01,,
2600026322,São Sebastião do Umbuzeiro,PB,Poço tubular,,-8.134166,-37.003611,45,7700,7.7,,True,2007-07-13,1997-06-01,,
2600026323,São Sebastião do Umbuzeiro,PB,Poço tubular,,-8.145277,-37.005555,40,8620,8.62,,True,2007-07-13,2001-06-01,,
2600026325,Soledade,PB,Poço tubular,,-7.082222,-36.364722,50,16500,16.5,,True,2007-07-17,2003-11-15,,
2600026326,Soledade,PB,Poço tubular,,-7.083888,-36.358888,50,35300,35.3,,True,2007-07-17,2003-06-15,,
2600026327,Soledade,PB,Poço tubular,,-7.091111,-36.361666,50,6410,6.41,,True,2007-07-17,2003-11-21,,
2600026329,Soledade,PB,Poço tubular,,-7.056944,-36.36,50,1751,1.751,,True,2007-07-18,1997-08-01,,
2600026331,Soledade,PB,Poço tubular,,-7.051388,-36.362777,40,9554,9.554,,True,2007-07-18,2003-11-21,,
2600026332,Soledade,PB,Poço tubular,,-7.051944,-36.362222,30,8770,8.77,,True,2007-07-18,2003-11-14,,
2600026333,Soledade,PB,Poço tubular,,-7.055555,-36.369444,50,1990,1.99,,True,2007-07-18,2003-11-21,,
2600026335,Soledade,PB,Poço tubular,,-7.059444,-36.371666,50,6930,6.93,,True,2007-07-18,2003-11-21,,
2600026337,Soledade,PB,Poço tubular,,-7.099166,-36.388888,42,20700,20.7,,True,2007-07-18,2003-10-25,,
2600026338,Soledade,PB,Poço tubular,,-7.105,-36.365833,50,11040,11.04,,True,2007-07-18,2003-11-22,,
2600026340,Soledade,PB,Poço tubular,,-7.115833,-36.381111,30,2460,2.46,,True,2007-07-18,2003-06-01,,
2600026341,Soledade,PB,Poço tubular,,-7.116111,-36.382222,50,6060,6.06,,True,2007-07-18,2003-11-22,,
2600026342,Soledade,PB,Poço tubular,,-7.116388,-36.381666,50,10180,10.18,,True,2007-07-18,1997-06-12,,
2600026343,Soledade,PB,Poço tubular,,-7.118333,-36.368888,40,6340,6.34,,True,2007-07-18,2001-06-01,,
2600026348,Soledade,PB,Poço tubular,,-7.135833,-36.376388,35,16390,16.39,,True,2007-07-18,2003-10-01,,
2600026349,Soledade,PB,Poço tubular,,-7.138333,-36.385277,30,2420,2.42,,True,2007-07-18,2003-11-24,,
2600026350,Soledade,PB,Poço tubular,,-7.138611,-36.368333,30,1287,1.287,,True,2007-07-18,2003-11-10,,
2600026351,Soledade,PB,Poço tubular,,-7.125,-36.379722,51,9130,9.13,,True,2007-07-18,1998-10-05,,
2600026352,Soledade,PB,Poço tubular,,-7.132777,-36.365277,48,16600,16.6,,True,2007-07-19,1999-02-01,,
2600026354,Soledade,PB,Poço tubular,,-7.132777,-36.386111,50,1370,1.37,,True,2007-07-19,2003-06-14,,
2600026355,Soledade,PB,Poço tubular,,-7.135,-36.390277,50,6670,6.67,,True,2007-07-19,2003-03-10,,
2600026356,Soledade,PB,Poço tubular,,-7.1275,-36.396388,50,6450,6.45,,True,2007-07-19,2002-10-11,,
2600026357,Soledade,PB,Poço tubular,,-7.149444,-36.403888,50,23400,23.4,,True,2007-07-19,2003-10-01,,
2600026358,Soledade,PB,Poço tubular,,-7.145555,-36.408611,36,8650,8.65,,True,2007-07-19,1999-03-01,,
2600026359,Soledade,PB,Poço tubular,,-7.155833,-36.413888,25,12110,12.11,,True,2007-07-19,2002-10-01,,
2600026360,Soledade,PB,Poço tubular,,-7.170833,-36.417777,26,8650,8.65,,True,2007-07-19,2003-11-25,,
2600026361,Soledade,PB,Poço tubular,,-7.061111,-36.356111,30,11650,11.65,,True,2007-07-19,2003-06-01,,
2600026363,Soledade,PB,Poço tubular,,-7.150833,-36.395555,36,16400,16.4,,True,2007-07-19,1999-03-31,,
2600026364,Soledade,PB,Poço tubular,,-7.150277,-36.368055,40,4730,4.73,,True,2007-07-19,1999-02-01,,
2600026365,Soledade,PB,Poço tubular,,-7.1575,-36.368888,19,9900,9.9,,True,2007-07-19,2003-09-23,,
2600026366,Soledade,PB,Poço tubular,,-7.156944,-36.372777,9,1783,1.783,,True,2007-07-19,2003-09-20,,
2600026367,Soledade,PB,Poço tubular,,-7.170555,-36.37,36,11260,11.26,,True,2007-07-19,2003-11-26,,
2600026369,Soledade,PB,Poço tubular,,-7.1825,-36.360555,22,2600,2.6,,True,2007-07-19,2002-09-21,,
2600026370,Soledade,PB,Poço tubular,,-7.176111,-36.398333,34,7330,7.33,,True,2007-07-19,2003-11-26,,
2600026372,Soledade,PB,Poço tubular,,-7.195277,-36.377222,36,14490,14.49,,True,2007-07-19,2003-11-27,,
2600026373,Soledade,PB,Poço tubular,,-7.205555,-36.394722,44,14010,14.01,,True,2007-07-19,2003-01-10,,
2600026374,Soledade,PB,Poço tubular,,-7.215,-36.404166,40,3070,3.07,,True,2007-07-19,1982-06-01,,
2600026375,Gurjão,PB,Poço tubular,,-7.213333,-36.387777,50,5960,5.96,,True,2007-07-19,1990-02-01,,
2600026376,Gurjão,PB,Poço tubular,,-7.22,-36.387777,50,6280,6.28,,True,2007-07-19,2003-11-27,,
2600026377,Soledade,PB,Poço tubular,,-7.160277,-36.422777,37,2000,2.0,,True,2007-07-19,2001-09-01,,
2600026378,Soledade,PB,Poço tubular,,-7.170555,-36.434444,27,9870,9.87,,True,2007-07-19,2002-10-03,,
2600026379,Soledade,PB,Poço tubular,,-7.1575,-36.432777,38,8180,8.18,,True,2007-07-19,2003-11-27,,
2600026380,Soledade,PB,Poço tubular,,-7.153888,-36.449444,50,4390,4.39,,True,2007-07-19,2003-11-27,,
2600026382,Soledade,PB,Poço tubular,,-7.137222,-36.449166,50,3470,3.47,,True,2007-07-20,1998-07-06,,
2600026383,Soledade,PB,Poço tubular,,-7.082777,-36.376666,38,5420,5.42,,True,2007-07-20,1998-08-20,,
2600026384,Gurjão,PB,Poço tubular,,-7.253888,-36.385,16,4560,4.56,,True,2007-07-20,2003-11-27,,
2600026388,Soledade,PB,Poço tubular,,-7.114722,-36.456666,50,13450,13.45,,True,2007-07-20,1998-02-01,,
2600026389,Soledade,PB,Poço tubular,,-7.139722,-36.460555,26,655,0.655,,True,2007-07-20,2003-11-29,,
2600026391,Soledade,PB,Poço tubular,,-7.166944,-36.475277,36,12980,12.98,,True,2007-07-20,2003-11-29,,
2600026392,Soledade,PB,Poço tubular,,-7.169444,-36.478611,39,6120,6.12,,True,2007-07-20,1998-06-01,,
2600026393,Soledade,PB,Poço tubular,,-7.173888,-36.484444,50,6070,6.07,,True,2007-07-20,1993-02-01,,
2600026394,Soledade,PB,Poço tubular,,-7.173888,-36.475555,32,15660,15.66,,True,2007-07-20,2003-11-29,,
2600026395,Soledade,PB,Poço tubular,,-7.186666,-36.485555,50,16630,16.63,,True,2007-07-20,2003-11-26,,
2600026396,Soledade,PB,Poço tubular,,-7.187222,-36.483888,35,2200,2.2,,True,2007-07-20,2003-11-29,,
2600026398,Soledade,PB,Poço tubular,,-7.087222,-36.405555,59,11410,11.41,,True,2007-07-20,2003-09-10,,
2600026399,Soledade,PB,Poço tubular,,-7.086666,-36.406111,49,11940,11.94,,True,2007-07-20,2003-11-16,,
2600026400,Soledade,PB,Poço tubular,,-7.082222,-36.413333,50,14670,14.67,,True,2007-07-20,2003-04-02,,
2600026401,Soledade,PB,Poço tubular,,-7.081944,-36.413055,50,14650,14.65,,True,2007-07-20,2003-11-30,,
2600026402,Soledade,PB,Poço tubular,,-7.065833,-36.354444,50,4810,4.81,,True,2007-07-23,2003-11-30,,
2600026405,Soledade,PB,Poço tubular,,-7.116666,-36.288888,48,2250,2.25,,True,2007-07-23,1983-01-01,,
2600026406,Soledade,PB,Poço tubular,,-7.108333,-36.327777,51.8,14400,14.4,,True,2007-07-23,2003-07-28,,
2600026407,Soledade,PB,Poço tubular,,-7.172777,-36.286666,36,22600,22.6,,True,2007-07-23,1999-06-01,,
2600026408,Soledade,PB,Poço tubular,,-7.0825,-36.316666,50,22700,22.7,,True,2007-07-23,2002-10-01,,
2600026409,Soledade,PB,Poço tubular,,-7.105,-36.340277,53,14420,14.42,,True,2007-07-23,2003-11-22,,
2600026410,Soledade,PB,Poço tubular,,-7.110555,-36.340277,30,10600,10.6,,True,2007-07-23,2003-07-28,,
2600026412,Soledade,PB,Poço tubular,,-7.074166,-36.338333,47,13540,13.54,,True,2007-07-23,2003-11-01,,
2600026413,Soledade,PB,Poço tubular,,-7.069722,-36.320277,55,15330,15.33,,True,2007-07-23,2003-11-22,,
2600026418,Soledade,PB,Poço tubular,,-7.046944,-36.343055,50,7550,7.55,,True,2007-07-23,2003-11-24,,
2600026420,Soledade,PB,Poço tubular,,-7.136111,-36.2375,35,14980,14.98,,True,2007-07-23,2002-09-25,,
2600026421,Soledade,PB,Poço tubular,,-7.1475,-36.235555,45,9220,9.22,,True,2007-07-23,2003-11-23,,
2600026422,Soledade,PB,Poço tubular,,-7.148611,-36.222222,50,20600,20.6,,True,2007-07-23,2003-11-24,,
2600026423,Soledade,PB,Poço tubular,,-7.135,-36.260833,48,36800,36.8,,True,2007-07-23,2002-09-21,,
2600026424,Soledade,PB,Poço tubular,,-7.161944,-36.269444,36,30500,30.5,,True,2007-07-23,2003-11-24,,
2600026425,Soledade,PB,Poço tubular,,-7.060555,-36.356388,40,19690,19.69,,True,2007-07-23,2003-11-24,,
2600026426,Soledade,PB,Poço tubular,,-7.167777,-36.251111,32,7350,7.35,,True,2007-07-23,2003-11-25,,
2600026429,Soledade,PB,Poço tubular,,-7.139444,-36.326388,42,3310,3.31,,True,2007-07-23,1992-06-01,,
2600026430,Soledade,PB,Poço tubular,,-7.142222,-36.331666,50,8420,8.42,,True,2007-07-23,2003-11-26,,
2600026433,Soledade,PB,Poço tubular,,-7.186388,-36.252777,30,3850,3.85,,True,2007-07-24,1998-06-01,,
2600026434,Soledade,PB,Poço tubular,,-7.187222,-36.318888,30,24400,24.4,,True,2007-07-24,1993-07-01,,
2600026435,Soledade,PB,Poço tubular,,-7.080833,-36.331944,50,8320,8.32,,True,2007-07-24,2003-11-26,,
2600026436,Boa Vista,PB,Poço tubular,,-7.206388,-36.323333,38,9280,9.28,,True,2007-07-24,2003-11-27,,
2600026437,Soledade,PB,Poço tubular,,-7.012777,-36.341944,36,7660,7.66,,True,2007-07-24,2003-06-01,,
2600026438,Soledade,PB,Poço tubular,,-7.000833,-36.336111,23,11540,11.54,,True,2007-07-24,2003-08-12,,
2600026441,Soledade,PB,Poço tubular,,-7.027777,-36.321944,32,7550,7.55,,True,2007-07-24,2002-09-14,,
2600026442,Soledade,PB,Poço tubular,,-7.031666,-36.324444,24,16050,16.05,,True,2007-07-24,2002-09-15,,
2600026443,Soledade,PB,Poço tubular,,-7.018888,-36.320555,48,15100,15.1,,True,2007-07-24,2002-09-18,,
2600026444,Soledade,PB,Poço tubular,,-6.976388,-36.350833,43,13560,13.56,,True,2007-07-24,2003-11-28,,
2600026445,Soledade,PB,Poço tubular,,-7.011666,-36.366111,27,11200,11.2,,True,2007-07-24,1978-06-01,,
2600026447,Soledade,PB,Poço tubular,,-7.006666,-36.367777,45,5100,5.1,,True,2007-07-24,2003-11-28,,
2600026448,Soledade,PB,Poço tubular,,-6.979166,-36.371666,16,3880,3.88,,True,2007-07-24,1970-10-01,,
2600026449,Soledade,PB,Poço tubular,,-6.980555,-36.379166,36,7400,7.4,,True,2007-07-24,2002-10-02,,
2600026450,Soledade,PB,Poço tubular,,-6.980555,-36.379444,40,2850,2.85,,True,2007-07-24,2002-10-03,,
2600026451,Soledade,PB,Poço tubular,,-6.998611,-36.382222,46,20200,20.2,,True,2007-07-24,2003-11-28,,
2600026452,Soledade,PB,Poço tubular,,-6.985833,-36.391666,64,3860,3.86,,True,2007-07-25,1995-06-01,,
2600026453,São Vicente do Seridó,PB,Poço tubular,,-6.983888,-36.415833,25,14700,14.7,,True,2007-07-25,2002-01-15,,
2600026455,Soledade,PB,Poço tubular,,-7.026111,-36.365277,33,6150,6.15,,True,2007-07-25,2003-11-28,,
2600026456,Soledade,PB,Poço tubular,,-7.018611,-36.367222,51,8640,8.64,,True,2007-07-25,1999-03-01,,
2600026457,Soledade,PB,Poço tubular,,-6.991111,-36.416111,50,16800,16.8,,True,2007-07-25,1998-02-01,,
2600026458,São Vicente do Seridó,PB,Poço tubular,,-6.984444,-36.445,25,11100,11.1,,True,2007-07-25,2003-11-08,,
2600026459,São Vicente do Seridó,PB,Poço tubular,,-6.985277,-36.442222,51,9140,9.14,,True,2007-07-25,2002-09-27,,
2600026462,Soledade,PB,Poço tubular,,-6.994444,-36.4275,53,2410,2.41,,True,2007-07-25,2003-09-01,,
2600026463,Soledade,PB,Poço tubular,,-7.000277,-36.436666,21,15140,15.14,,True,2007-07-25,1993-02-01,,
2600026464,Soledade,PB,Poço tubular,,-7.011666,-36.441111,23,10320,10.32,,True,2007-07-25,1983-05-01,,
2600026465,Soledade,PB,Poço tubular,,-7.024722,-36.460555,22,16230,16.23,,True,2007-07-25,2003-11-29,,
2600026466,Soledade,PB,Poço tubular,,-7.008333,-36.4225,36,10560,10.56,,True,2007-07-25,2003-11-29,,
2600026467,Soledade,PB,Poço tubular,,-7.049166,-36.361666,50,8530,8.53,,True,2007-07-25,2001-06-01,,
2600026469,Soledade,PB,Poço tubular,,-7.044166,-36.382777,32,6270,6.27,,True,2007-07-25,2003-11-30,,
2600026473,Soledade,PB,Poço tubular,,-7.063333,-36.473611,30,5360,5.36,,True,2007-07-25,2002-06-01,,
2600026476,Soledade,PB,Poço tubular,,-7.031666,-36.473888,45,13850,13.85,,True,2007-07-26,1999-03-01,,
2600026477,Soledade,PB,Poço tubular,,-7.031111,-36.486666,25,1330,1.33,,True,2007-07-26,2003-12-01,,
2600026478,Soledade,PB,Poço tubular,,-7.034166,-36.415277,42,6590,6.59,,True,2007-07-26,2003-12-01,,
2600026480,Soledade,PB,Poço tubular,,-7.132777,-36.236111,68.5,17620,17.62,,True,2007-07-26,2003-11-24,,
2600026483,São Mamede,PB,Poço tubular,,-6.968055,-37.060277,43,4850,4.85,,True,2007-07-27,2002-11-24,,
2600026487,São Mamede,PB,Poço tubular,,-7.025,-37.026111,43,881,0.881,,True,2007-07-27,2002-11-24,,
2600026488,São Mamede,PB,Poço tubular,,-7.026111,-37.0175,35,1604,1.604,,True,2007-07-27,2002-11-24,,
2600026489,São Mamede,PB,Poço tubular,,-7.026111,-37.017777,38,1309,1.309,,True,2007-07-27,2002-11-24,,
2600026491,São Mamede,PB,Poço tubular,,-6.962222,-37.065,50,4260,4.26,,True,2007-07-30,2001-09-15,,
2600026492,São Mamede,PB,Poço tubular,,-6.962777,-37.042777,37,1840,1.84,,True,2007-07-30,2002-02-15,,
2600026493,São Mamede,PB,Poço tubular,,-6.966111,-37.041666,48,2270,2.27,,True,2007-07-30,2002-11-28,,
2600026494,São Mamede,PB,Poço tubular,,-6.973055,-37.030833,45,2520,2.52,,True,2007-07-30,2001-09-21,,
2600026495,São Mamede,PB,Poço tubular,,-6.974444,-37.001111,35,10380,10.38,,True,2007-07-30,2002-11-28,,
2600026496,São Mamede,PB,Poço tubular,,-6.976944,-36.994444,32,8650,8.65,,True,2007-07-30,2002-11-28,,
2600026499,São Mamede,PB,Poço tubular,,-7.029444,-37.029166,50,959,0.959,,True,2007-07-30,2002-11-28,,
2600026500,São Mamede,PB,Poço tubular,,-7.0225,-37.017777,50,2460,2.46,,True,2007-07-30,2002-11-28,,
2600026501,São Mamede,PB,Poço tubular,,-7.015277,-37.046111,49,486,0.486,,True,2007-07-30,1998-10-13,,
2600026504,São Mamede,PB,Poço tubular,,-6.981666,-37.169444,40,3460,3.46,,True,2007-07-30,2002-01-01,,
2600026505,São Mamede,PB,Poço tubular,,-6.98,-37.156111,44,14230,14.23,,True,2007-07-30,2001-11-01,,
2600026506,São Mamede,PB,Poço tubular,,-6.981666,-37.140555,50,1670,1.67,,True,2007-07-30,1991-06-01,,
2600026507,São Mamede,PB,Poço tubular,,-6.974722,-37.124444,48,5340,5.34,,True,2007-07-30,1992-06-01,,
2600026508,São Mamede,PB,Poço tubular,,-6.985,-37.129444,45,2170,2.17,,True,2007-07-30,2000-06-01,,
2600026509,Quixaba,PB,Poço tubular,,-7.018888,-37.128333,50,4460,4.46,,True,2007-07-30,1982-06-01,,
2600026510,São Mamede,PB,Poço tubular,,-7.009166,-37.103055,43,2110,2.11,,True,2007-07-31,1982-06-01,,
2600026512,São Mamede,PB,Poço tubular,,-7.014444,-37.078888,60,639,0.639,,True,2007-07-31,1999-06-01,,
2600026513,São Mamede,PB,Poço tubular,,-7.002777,-37.075277,45,2860,2.86,,True,2007-07-31,1999-06-01,,
2600026514,São Mamede,PB,Poço tubular,,-7.008611,-37.064722,50,2920,2.92,,True,2007-07-31,1998-06-01,,
2600026515,São Mamede,PB,Poço tubular,,-7.01,-37.063611,49,3100,3.1,,True,2007-07-31,1998-06-01,,
2600026516,São Mamede,PB,Poço tubular,,-7.024444,-37.027777,40,2360,2.36,,True,2007-07-31,1997-06-01,,
2600026517,São Mamede,PB,Poço tubular,,-7.046111,-36.989444,30,991,0.991,,True,2007-07-31,2002-01-01,,
2600026522,São Mamede,PB,Poço tubular,,-6.948333,-37.106666,50,3820,3.82,,True,2007-08-06,2002-11-01,,
2600026523,São Mamede,PB,Poço tubular,,-6.947222,-37.105833,25,3560,3.56,,True,2007-08-06,1997-06-01,,
2600026524,São Mamede,PB,Poço tubular,,-6.951666,-37.108055,30,1124,1.124,,True,2007-08-06,1997-06-01,,
2600026525,São Mamede,PB,Poço tubular,,-6.971388,-37.108888,35,3000,3.0,,True,2007-08-06,1997-06-01,,
2600026526,São Mamede,PB,Poço tubular,,-6.947222,-37.063333,35,1497,1.497,,True,2007-08-06,1983-06-01,,
2600026527,São Mamede,PB,Poço tubular,,-6.949722,-37.065555,50,7230,7.23,,True,2007-08-06,1998-06-01,,
2600026528,São Mamede,PB,Poço tubular,,-6.943888,-37.030555,36,9640,9.64,,True,2007-08-06,2001-06-01,,
2600026529,São Mamede,PB,Poço tubular,,-6.944722,-37.030277,50,3010,3.01,,True,2007-08-06,2002-12-01,,
2600026530,São Mamede,PB,Poço tubular,,-6.943055,-37.031388,36,7040,7.04,,True,2007-08-06,2000-06-01,,
2600026531,Santa Luzia,PB,Poço tubular,,-6.908888,-37.009444,50,4980,4.98,,True,2007-08-06,1999-06-01,,
2600026532,São Mamede,PB,Poço tubular,,-6.94,-37.037222,50,6660,6.66,,True,2007-08-06,1999-06-01,,
2600026533,São Mamede,PB,Poço tubular,,-6.945833,-37.027777,50,6580,6.58,,True,2007-08-06,2002-11-01,,
2600026534,São Mamede,PB,Poço tubular,,-6.948611,-37.013055,50,2110,2.11,,True,2007-08-06,2002-12-02,,
2600026535,São Mamede,PB,Poço tubular,,-6.972777,-37.007222,45,15450,15.45,,True,2007-08-06,2001-06-01,,
2600026536,São Mamede,PB,Poço tubular,,-6.953888,-37.004166,34,1830,1.83,,True,2007-08-06,1998-06-01,,
2600026537,São Mamede,PB,Poço tubular,,-6.951944,-36.991666,30,1330,1.33,,True,2007-08-06,1982-06-01,,
2600027183,São Mamede,PB,Poço tubular,,-6.94,-36.985555,50,1710,1.71,,True,2007-08-07,1995-06-01,,
2600027184,São Mamede,PB,Poço tubular,,-6.928055,-37.074722,70,2190,2.19,,True,2007-08-07,2001-06-01,,
2600027186,São Mamede,PB,Poço tubular,,-6.93,-37.073888,50,7490,7.49,,True,2007-08-08,2001-06-01,,
2600027187,São Mamede,PB,Poço tubular,,-6.943333,-37.168888,50,3460,3.46,,True,2007-08-08,1999-06-01,,
2600027189,São Mamede,PB,Poço tubular,,-6.941944,-37.172777,40,687,0.687,,True,2007-08-08,2002-01-01,,
2600027190,São Mamede,PB,Poço tubular,,-6.956666,-37.171944,40,1140,1.14,,True,2007-08-08,2002-01-01,,
2600027191,São Mamede,PB,Poço tubular,,-6.943055,-37.154722,48,6380,6.38,,True,2007-08-08,1999-06-01,,
2600027193,São Mamede,PB,Poço tubular,,-6.938333,-37.15,25,2700,2.7,,True,2007-08-08,1993-06-01,,
2600027199,São Mamede,PB,Poço tubular,,-6.922222,-37.011111,40,6840,6.84,,True,2007-08-08,2001-06-01,,
2600027200,São Mamede,PB,Poço tubular,,-6.922777,-37.009444,45,2470,2.47,,True,2007-08-08,1999-06-01,,
2600027201,São Mamede,PB,Poço tubular,,-6.965555,-37.000555,50,3900,3.9,,True,2007-08-08,1999-06-01,,
2600027202,Quixaba,PB,Poço tubular,,-7.004722,-37.145,35,1176,1.176,,True,2007-08-08,2001-06-01,,
2600027203,São Mamede,PB,Poço tubular,,-6.97,-37.125277,45,2530,2.53,,True,2007-08-08,1989-06-01,,
2600027204,São Mamede,PB,Poço tubular,,-6.928888,-37.026944,50,6530,6.53,,True,2007-08-09,2002-12-03,,
2600027207,São Mamede,PB,Poço tubular,,-6.918888,-37.061666,49.5,720,0.72,,True,2007-08-09,1996-06-01,,
2600027208,São Mamede,PB,Poço tubular,,-6.975833,-37.0875,50,3670,3.67,,True,2007-08-09,1997-06-01,,
2600027212,São Mamede,PB,Poço tubular,,-6.996111,-37.053055,41,685,0.685,,True,2007-08-09,1995-07-01,,
2600027214,São Mamede,PB,Poço tubular,,-6.979166,-37.061111,51,790,0.79,,True,2007-08-09,2001-06-01,,
2600027215,São Mamede,PB,Poço tubular,,-6.955,-37.147222,44,984,0.984,,True,2007-08-09,2002-01-01,,
2600027217,São Mamede,PB,Poço tubular,,-6.959166,-37.142777,40,1263,1.263,,True,2007-08-09,1998-06-01,,
2600027218,São Mamede,PB,Poço tubular,,-6.963055,-37.071388,50,3230,3.23,,True,2007-08-09,1997-06-01,,
2600027219,São Mamede,PB,Poço tubular,,-6.870833,-37.036666,50,1479,1.479,,True,2007-08-09,1986-06-01,,
2600027221,São Mamede,PB,Poço tubular,,-6.878055,-37.042777,50,1262,1.262,,True,2007-08-09,1999-06-01,,
2600027222,Várzea,PB,Poço tubular,,-6.871666,-37.016666,32,3100,3.1,,True,2007-08-09,2002-06-01,,
2600027223,São Mamede,PB,Poço tubular,,-6.875555,-37.024166,27,668,0.668,,True,2007-08-09,2002-06-01,,
2600027224,São Mamede,PB,Poço tubular,,-6.9025,-37.068611,35,2240,2.24,,True,2007-08-10,1979-06-01,,
2600027225,São Mamede,PB,Poço tubular,,-6.904722,-37.068888,50,1448,1.448,,True,2007-08-10,1988-06-01,,
2600027226,São Mamede,PB,Poço tubular,,-6.941944,-37.128888,50,10900,10.9,,True,2007-08-10,2002-12-05,,
2600027227,São Mamede,PB,Poço tubular,,-6.929166,-37.102222,50,5690,5.69,,True,2007-08-10,2001-06-01,,
2600027228,São Mamede,PB,Poço tubular,,-6.864166,-37.185,50,1811,1.811,,True,2007-08-10,2000-06-01,,
2600027229,São Mamede,PB,Poço tubular,,-6.870833,-37.2125,48,919,0.919,,True,2007-08-10,2002-03-01,,
2600027230,São Mamede,PB,Poço tubular,,-6.843055,-37.218333,50,1668,1.668,,True,2007-08-10,2001-06-01,,
2600027231,São Mamede,PB,Poço tubular,,-6.843333,-37.218611,50,816,0.816,,True,2007-08-10,2001-06-01,,
2600027232,São Mamede,PB,Poço tubular,,-6.902222,-37.145833,45,1135,1.135,,True,2007-08-10,2001-06-01,,
2600027233,São Mamede,PB,Poço tubular,,-6.858055,-37.173333,43,844,0.844,,True,2007-08-10,1993-06-01,,
2600027234,São Mamede,PB,Poço tubular,,-6.859166,-37.173333,35,478,0.478,,True,2007-08-10,1993-06-01,,
2600027235,São Mamede,PB,Poço tubular,,-6.858333,-37.171388,56,645,0.645,,True,2007-08-10,2000-06-01,,
2600027236,São Mamede,PB,Poço tubular,,-6.849166,-37.092777,30,651,0.651,,True,2007-08-10,2001-06-01,,
2600027237,São Mamede,PB,Poço tubular,,-6.844722,-37.093888,28,573,0.573,,True,2007-08-10,2002-12-06,,
2600027241,São Mamede,PB,Poço tubular,,-6.889166,-37.055833,30,8500,8.5,,True,2007-08-10,2000-06-01,,
2600027244,São Mamede,PB,Poço tubular,,-6.885555,-37.052777,20,460,0.46,,True,2007-08-10,2002-12-07,,
2600027246,São Mamede,PB,Poço tubular,,-6.896388,-37.066388,50,4020,4.02,,True,2007-08-10,2000-01-01,,
2600027247,São Mamede,PB,Poço tubular,,-6.889444,-37.063888,50,3980,3.98,,True,2007-08-13,1995-06-01,,
2600027248,São Mamede,PB,Poço tubular,,-6.876944,-37.0625,50,9450,9.45,,True,2007-08-13,2000-06-01,,
2600027249,São Mamede,PB,Poço tubular,,-6.883611,-37.08,42,2640,2.64,,True,2007-08-13,1980-06-01,,
2600027250,São Mamede,PB,Poço tubular,,-6.881388,-37.081944,35,5730,5.73,,True,2007-08-13,2002-09-01,,
2600027251,São Mamede,PB,Poço tubular,,-6.871388,-37.075,34,936,0.936,,True,2007-08-13,2000-06-01,,
2600027252,São Mamede,PB,Poço tubular,,-6.843333,-37.087222,58,1990,1.99,,True,2007-08-13,1999-06-01,,
2600027255,São Mamede,PB,Poço tubular,,-6.911666,-37.077222,40,1048,1.048,,True,2007-08-13,1999-06-01,,
2600027256,São Mamede,PB,Poço tubular,,-6.926388,-37.099166,36,6700,6.7,,True,2007-08-13,1998-06-01,,
2600027259,São Mamede,PB,Poço tubular,,-6.926666,-37.095277,31,5140,5.14,,True,2007-08-13,1997-06-01,,
2600027260,São Mamede,PB,Poço tubular,,-6.915833,-37.114166,45,505,0.505,,True,2007-08-13,1999-06-01,,
2600027261,São Mamede,PB,Poço tubular,,-6.906111,-37.109166,48,14630,14.63,,True,2007-08-13,1998-06-01,,
2600027262,São Mamede,PB,Poço tubular,,-6.8975,-37.113055,46,9040,9.04,,True,2007-08-13,1978-06-01,,
2600027263,São Mamede,PB,Poço tubular,,-6.895277,-37.1,46,1362,1.362,,True,2007-08-13,1978-06-01,,
2600027265,São Mamede,PB,Poço tubular,,-6.889166,-37.1275,42,583,0.583,,True,2007-08-13,1998-06-01,,
2600027268,São Mamede,PB,Poço tubular,,-6.885,-37.107222,55,2980,2.98,,True,2007-08-13,1984-06-01,,
2600027271,São Mamede,PB,Poço tubular,,-6.842222,-37.120833,38,1270,1.27,,True,2007-08-13,1992-10-21,,
2600027274,São Mamede,PB,Poço tubular,,-6.987222,-37.109166,41,2210,2.21,,True,2007-08-14,1999-06-01,,
2600027276,São Mamede,PB,Poço tubular,,-6.885833,-37.208888,68,1795,1.795,,True,2007-08-14,1984-06-01,,
2600027277,São Mamede,PB,Poço tubular,,-6.845555,-37.208055,54,1050,1.05,,True,2007-08-14,1981-06-01,,
2600027279,São Vicente do Seridó,PB,Poço tubular,,-6.964444,-36.386666,50,2750,2.75,,True,2007-08-14,2002-12-04,,
2600027280,São Vicente do Seridó,PB,Poço tubular,,-6.973611,-36.389722,32,1099,1.099,,True,2007-08-14,2002-12-04,,
2600027282,São Vicente do Seridó,PB,Poço tubular,,-6.950555,-36.368611,50,11210,11.21,,True,2007-08-15,2002-06-01,,
2600027283,São Vicente do Seridó,PB,Poço tubular,,-6.950833,-36.364722,25,1506,1.506,,True,2007-08-15,2002-06-01,,
2600027284,São Vicente do Seridó,PB,Poço tubular,,-6.943055,-36.361666,50,20000,20.0,,True,2007-08-15,2002-06-01,,
2600027285,Cubati,PB,Poço tubular,,-6.844722,-36.352777,45,1670,1.67,,True,2007-08-15,1986-06-01,,
2600027286,São Vicente do Seridó,PB,Poço tubular,,-6.943055,-36.342777,50,462,0.462,,True,2007-08-15,2002-06-01,,
2600027288,São Vicente do Seridó,PB,Poço tubular,,-6.920277,-36.355,50,19610,19.61,,True,2007-08-15,2002-06-01,,
2600027290,São Vicente do Seridó,PB,Poço tubular,,-6.930277,-36.358333,45,20000,20.0,,True,2007-08-15,2002-06-01,,
2600027291,São Vicente do Seridó,PB,Poço tubular,,-6.933611,-36.356944,45,19700,19.7,,True,2007-08-15,2002-12-04,,
2600027292,São Vicente do Seridó,PB,Poço tubular,,-6.924444,-36.369166,34,6610,6.61,,True,2007-08-15,2002-06-01,,
2600027293,São Vicente do Seridó,PB,Poço tubular,,-6.931944,-36.361111,32,20000,20.0,,True,2007-08-15,2002-06-01,,
2600027296,São Vicente do Seridó,PB,Poço tubular,,-6.931388,-36.376666,40,20000,20.0,,True,2007-08-15,1993-06-01,,
2600027298,São Vicente do Seridó,PB,Poço tubular,,-6.945555,-36.451388,50,12010,12.01,,True,2007-08-15,1997-06-01,,
2600027302,São Vicente do Seridó,PB,Poço tubular,,-6.965,-36.472777,50,7160,7.16,,True,2007-08-16,2002-12-05,,
2600027303,Juazeirinho,PB,Poço tubular,,-6.97,-36.475555,50,10180,10.18,,True,2007-08-16,2002-12-05,,
2600027305,São Vicente do Seridó,PB,Poço tubular,,-6.9375,-36.480833,60,3740,3.74,,True,2007-08-16,2002-12-05,,
2600027308,São Vicente do Seridó,PB,Poço tubular,,-6.914166,-36.478333,52,5370,5.37,,True,2007-08-16,1958-06-01,,
2600027310,São Vicente do Seridó,PB,Poço tubular,,-6.883888,-36.515,48,4090,4.09,,True,2007-08-16,2002-12-06,,
2600027311,São Vicente do Seridó,PB,Poço tubular,,-6.898333,-36.491111,50,4530,4.53,,True,2007-08-16,2002-12-06,,
2600027313,São Vicente do Seridó,PB,Poço tubular,,-6.874444,-36.446666,50,4810,4.81,,True,2007-08-16,2002-12-06,,
2600027314,São Vicente do Seridó,PB,Poço tubular,,-6.885,-36.430833,50,5680,5.68,,True,2007-08-16,1964-06-01,,
2600027315,São Vicente do Seridó,PB,Poço tubular,,-6.904444,-36.437777,55,6620,6.62,,True,2007-08-16,2002-12-06,,
2600027316,São Vicente do Seridó,PB,Poço tubular,,-6.909166,-36.440833,40,7050,7.05,,True,2007-08-16,2002-12-06,,
2600027317,São Vicente do Seridó,PB,Poço tubular,,-6.914166,-36.459722,50,9370,9.37,,True,2007-08-17,2002-12-06,,
2600027318,São Vicente do Seridó,PB,Poço tubular,,-6.918333,-36.452777,22,12210,12.21,,True,2007-08-17,2002-06-01,,
2600027322,São Vicente do Seridó,PB,Poço tubular,,-6.868611,-36.415555,50,4190,4.19,,True,2007-08-20,2002-12-06,,
2600027323,São Vicente do Seridó,PB,Poço tubular,,-6.874166,-36.414444,50,5990,5.99,,True,2007-08-20,1998-07-23,,
2600027324,Pedra Lavrada,PB,Poço tubular,,-6.851666,-36.413888,60,5190,5.19,,True,2007-08-20,1973-06-01,,
2600027330,São Vicente do Seridó,PB,Poço tubular,,-6.947222,-36.423055,50,1830,1.83,,True,2007-08-20,2002-12-07,,
2600027331,São Vicente do Seridó,PB,Poço tubular,,-6.968611,-36.405277,50,8550,8.55,,True,2007-08-20,2002-12-07,,
2600027333,Sossêgo,PB,Poço tubular,,-6.767777,-36.224722,50,6850,6.85,,True,2007-08-20,2002-06-01,,
2600027334,Sossêgo,PB,Poço tubular,,-6.779444,-36.219444,50,8320,8.32,,True,2007-08-20,1999-06-01,,
2600027336,Pedra Lavrada,PB,Poço tubular,,-6.761111,-36.33,50,10380,10.38,,True,2007-08-20,2002-12-18,,
2600027337,Sossêgo,PB,Poço tubular,,-6.7625,-36.247777,50,13150,13.15,,True,2007-08-20,2002-12-18,,
2600027338,Pedra Lavrada,PB,Poço tubular,,-6.763333,-36.328055,50,13480,13.48,,True,2007-08-20,2002-06-01,,
2600027339,Sossêgo,PB,Poço tubular,,-6.751111,-36.224444,50,5430,5.43,,True,2007-08-20,2002-06-01,,
2600027342,Sossêgo,PB,Poço tubular,,-6.735277,-36.204166,50,10240,10.24,,True,2007-08-20,2002-06-01,,
2600027344,Sossêgo,PB,Poço tubular,,-6.734722,-36.223611,50,8960,8.96,,True,2007-08-20,2002-12-18,,
2600027345,Sossêgo,PB,Poço tubular,,-6.696111,-36.161388,50,17570,17.57,,True,2007-08-20,2001-05-22,,
2600027346,Sossêgo,PB,Poço tubular,,-6.692222,-36.161388,50,8630,8.63,,True,2007-08-20,2002-12-19,,
2600027347,Sossêgo,PB,Poço tubular,,-6.683333,-36.156111,50,2230,2.23,,True,2007-08-20,2002-06-01,,
2600027348,Sossêgo,PB,Poço tubular,,-6.676944,-36.225277,50,8150,8.15,,True,2007-08-21,2002-06-01,,
2600027349,Sossêgo,PB,Poço tubular,,-6.689722,-36.210555,50,15040,15.04,,True,2007-08-21,2002-12-19,,
2600027353,Sossêgo,PB,Poço tubular,,-6.738055,-36.215,44,10850,10.85,,True,2007-08-21,2002-06-01,,
2600027354,Sossêgo,PB,Poço tubular,,-6.685277,-36.246666,56,10390,10.39,,True,2007-08-21,2002-06-01,,
2600027355,Taperoá,PB,Poço tubular,,-7.210555,-36.785,50,5640,5.64,,True,2007-08-21,1987-11-27,,
2600027357,Taperoá,PB,Poço tubular,,-7.221944,-36.791666,45,5580,5.58,,True,2007-08-21,1980-06-01,,
2600027358,Salgadinho,PB,Poço tubular,,-7.138611,-36.830833,50,3950,3.95,,True,2007-08-21,1997-02-02,,
2600027362,Taperoá,PB,Poço tubular,,-7.164722,-36.913888,50,5300,5.3,,True,2007-08-21,1998-06-01,,
2600027364,Taperoá,PB,Poço tubular,,-7.189166,-36.968611,60,3880,3.88,,True,2007-08-21,1985-06-01,,
2600027367,Taperoá,PB,Poço tubular,,-7.207222,-37.007222,50,13790,13.79,,True,2007-08-22,2000-06-01,,
2600027368,Taperoá,PB,Poço tubular,,-7.213333,-36.986666,50,437,0.437,,True,2007-08-22,1985-06-01,,
2600027371,Taperoá,PB,Poço tubular,,-7.196944,-36.9075,50,34700,34.7,,True,2007-08-22,1988-06-01,,
2600027376,Taperoá,PB,Poço tubular,,-7.165277,-36.778888,50,3960,3.96,,True,2007-08-22,2001-02-28,,
2600027377,Taperoá,PB,Poço tubular,,-7.171388,-36.703055,35,3570,3.57,,True,2007-08-22,1988-06-01,,
2600027380,Taperoá,PB,Poço tubular,,-7.286388,-36.902777,50,3140,3.14,,True,2007-08-22,2001-06-01,,
2600027381,Taperoá,PB,Poço tubular,,-7.256111,-36.8925,54,1289,1.289,,True,2007-08-22,1988-06-01,,
2600027382,Taperoá,PB,Poço tubular,,-7.264444,-36.885555,50,2400,2.4,,True,2007-08-22,2001-06-01,,
2600027383,Taperoá,PB,Poço tubular,,-7.251388,-36.883888,50,939,0.939,,True,2007-08-22,1990-06-01,,
2600027384,Taperoá,PB,Poço tubular,,-7.234722,-36.831111,35,1056,1.056,,True,2007-08-23,1995-06-01,,
2600027385,Livramento,PB,Poço tubular,,-7.305,-36.763611,50,4140,4.14,,True,2007-08-23,1986-06-01,,
2600027386,Taperoá,PB,Poço tubular,,-7.273611,-36.774166,50,7670,7.67,,True,2007-08-23,2002-12-12,,
2600027387,Taperoá,PB,Poço tubular,,-7.258333,-36.786666,30,6860,6.86,,True,2007-08-23,2002-06-01,,
2600027389,Taperoá,PB,Poço tubular,,-7.206666,-36.827777,22,2830,2.83,,True,2007-08-23,1999-11-01,,
2600027390,Taperoá,PB,Poço tubular,,-7.301666,-36.846111,50,4230,4.23,,True,2007-08-23,1998-06-01,,
2600027391,Taperoá,PB,Poço tubular,,-7.313333,-36.857222,50,5800,5.8,,True,2007-08-23,1982-06-01,,
2600027392,Taperoá,PB,Poço tubular,,-7.314722,-36.847222,30,5500,5.5,,True,2007-08-23,2001-06-01,,
2600027393,Taperoá,PB,Poço tubular,,-7.273888,-36.819444,50,8080,8.08,,True,2007-08-23,1998-08-25,,
2600027395,Taperoá,PB,Poço tubular,,-7.206111,-36.828611,40,15550,15.55,,True,2007-08-23,2002-06-01,,
2600027396,Taperoá,PB,Poço tubular,,-7.240833,-36.868333,25,4150,4.15,,True,2007-08-23,2001-06-01,,
2600027398,Taperoá,PB,Poço tubular,,-7.212222,-36.687777,35,11030,11.03,,True,2007-08-23,1998-06-01,,
2600027399,Taperoá,PB,Poço tubular,,-7.213888,-36.69,50,2610,2.61,,True,2007-08-23,1998-06-01,,
2600027400,Taperoá,PB,Poço tubular,,-7.209166,-36.821666,30,2450,2.45,,True,2007-08-24,2002-10-01,,
2600027401,Taperoá,PB,Poço tubular,,-7.189722,-36.769722,50,5800,5.8,,True,2007-08-24,1990-06-01,,
2600027402,Taperoá,PB,Poço tubular,,-7.188888,-36.785833,50,6060,6.06,,True,2007-08-24,1976-06-01,,
2600027403,Tenório,PB,Poço tubular,,-6.945555,-36.608888,45,3600,3.6,,True,2007-08-24,1995-06-01,,
2600027405,Tenório,PB,Poço tubular,,-6.963055,-36.620555,52,4560,4.56,,True,2007-08-24,1998-06-01,,
2600027407,Tenório,PB,Poço tubular,,-6.949166,-36.632222,45,10800,10.8,,True,2007-08-24,2001-06-01,,
2600027408,Tenório,PB,Poço tubular,,-6.9625,-36.648888,50,1626,1.626,,True,2007-08-24,1998-06-01,,
2600027410,Tenório,PB,Poço tubular,,-6.938888,-36.654722,50,1930,1.93,,True,2007-08-24,1999-06-01,,
2600027413,Tenório,PB,Poço tubular,,-6.95,-36.658055,50,985,0.985,,True,2007-08-24,1999-06-01,,
2600027423,Várzea,PB,Poço tubular,,-6.786666,-37.009444,31,1243,1.243,,True,2007-08-27,1998-06-01,,
2600027424,Várzea,PB,Poço tubular,,-6.831111,-36.981111,60,6560,6.56,,True,2007-08-27,1986-06-01,,
2600027425,Várzea,PB,Poço tubular,,-6.828611,-36.981944,50,8210,8.21,,True,2007-08-27,2002-06-01,,
2600027426,Várzea,PB,Poço tubular,,-6.833055,-36.979444,40,8680,8.68,,True,2007-08-27,2000-06-01,,
2600027427,Várzea,PB,Poço tubular,,-6.848611,-36.995555,50,5880,5.88,,True,2007-08-27,1986-06-01,,
2600027429,Várzea,PB,Poço tubular,,-6.8375,-36.993888,52,3290,3.29,,True,2007-08-27,1998-10-17,,
2600027431,Várzea,PB,Poço tubular,,-6.848611,-37.014444,36,1914,1.914,,True,2007-08-27,1998-06-01,,
2600027432,Várzea,PB,Poço tubular,,-6.843055,-37.001388,50,3790,3.79,,True,2007-08-27,2001-06-01,,
2600027433,Várzea,PB,Poço tubular,,-6.818888,-36.9875,45,3300,3.3,,True,2007-08-27,1998-06-01,,
2600027434,Várzea,PB,Poço tubular,,-6.816111,-36.985555,46,2600,2.6,,True,2007-08-27,1999-06-01,,
2600027435,Várzea,PB,Poço tubular,,-6.828888,-36.973055,50,3230,3.23,,True,2007-08-27,1999-06-01,,
2600027438,Várzea,PB,Poço tubular,,-6.818333,-37.011944,50,1002,1.002,,True,2007-08-27,1993-06-01,,
2600027439,Várzea,PB,Poço tubular,,-6.826111,-36.989722,50,5570,5.57,,True,2007-08-27,2002-11-01,,
2600027440,Várzea,PB,Poço tubular,,-6.7675,-37.015833,42,3260,3.26,,True,2007-08-27,2002-06-01,,
2600027441,Várzea,PB,Poço tubular,,-6.800833,-37.033055,50,4310,4.31,,True,2007-08-27,1982-06-01,,
2600027444,Várzea,PB,Poço tubular,,-6.823611,-37.045833,40,4010,4.01,,True,2007-08-27,1985-06-01,,
2600027445,Várzea,PB,Poço tubular,,-6.817222,-37.053888,50,3870,3.87,,True,2007-08-27,2002-12-14,,
2600027446,Várzea,PB,Poço tubular,,-6.831666,-37.056666,50,5420,5.42,,True,2007-08-27,1992-06-01,,
2600027447,Várzea,PB,Poço tubular,,-6.820277,-37.059166,46,640,0.64,,True,2007-08-28,2002-06-01,,
2600027448,Várzea,PB,Poço tubular,,-6.816111,-37.075833,50,1135,1.135,,True,2007-08-28,1985-06-01,,
2600027449,Várzea,PB,Poço tubular,,-6.786944,-37.049166,50,884,0.884,,True,2007-08-28,2002-12-14,,
2600027451,Várzea,PB,Poço tubular,,-6.781666,-37.030833,50,1219,1.219,,True,2007-08-28,1982-06-01,,
2600027453,Várzea,PB,Poço tubular,,-6.787777,-37.033888,50,1118,1.118,,True,2007-08-28,1999-06-01,,
2600027454,Várzea,PB,Poço tubular,,-6.779166,-36.991111,28,4840,4.84,,True,2007-08-28,1998-06-01,,
2600027456,Várzea,PB,Poço tubular,,-6.781944,-36.9875,50,840,0.84,,True,2007-08-28,1997-06-01,,
2600027458,Várzea,PB,Poço tubular,,-6.794444,-36.986944,47,2550,2.55,,True,2007-08-28,2000-06-01,,
2600027460,Várzea,PB,Poço tubular,,-6.808055,-36.993333,50,3270,3.27,,True,2007-08-28,2001-06-01,,
2600027461,Várzea,PB,Poço tubular,,-6.788888,-36.994444,48,2410,2.41,,True,2007-08-28,2001-06-01,,
2600027462,Várzea,PB,Poço tubular,,-6.807777,-37.009722,50,777,0.777,,True,2007-08-28,2002-11-01,,
2600027463,Várzea,PB,Poço tubular,,-6.809444,-37.011666,50,1096,1.096,,True,2007-08-28,1999-06-01,,
2600027464,Várzea,PB,Poço tubular,,-6.7975,-36.9975,40,979,0.979,,True,2007-08-28,1995-06-01,,
2600027465,Várzea,PB,Poço tubular,,-6.796111,-36.996666,31,1101,1.101,,True,2007-08-28,2001-06-01,,
2600027466,Várzea,PB,Poço tubular,,-6.795277,-36.996388,51,1880,1.88,,True,2007-08-28,2001-06-01,,
2600027468,Várzea,PB,Poço tubular,,-6.769722,-37.045,35,3830,3.83,,True,2007-08-28,2002-06-01,,
2600027469,Várzea,PB,Poço tubular,,-6.77,-37.045,40,4780,4.78,,True,2007-08-28,1983-06-01,,
2600027471,Várzea,PB,Poço tubular,,-6.757777,-37.048611,27,4940,4.94,,True,2007-08-29,2001-06-01,,
2600027472,Várzea,PB,Poço tubular,,-6.758611,-37.058888,55,866,0.866,,True,2007-08-29,1983-06-01,,
2600027473,Várzea,PB,Poço tubular,,-6.760555,-37.040833,50,1806,1.806,,True,2007-08-29,2002-12-16,,
2600027474,Várzea,PB,Poço tubular,,-6.763611,-37.034444,50,539,0.539,,True,2007-08-29,2002-11-01,,
2600027476,Várzea,PB,Poço tubular,,-6.734166,-37.029166,24,24200,24.2,,True,2007-08-29,1997-06-01,,
2600027477,Várzea,PB,Poço tubular,,-6.736666,-37.020277,39,1980,1.98,,True,2007-08-29,2002-11-01,,
2600027478,Várzea,PB,Poço tubular,,-6.768055,-36.998611,42,6190,6.19,,True,2007-08-29,2001-06-01,,
2600027479,Várzea,PB,Poço tubular,,-6.769444,-36.993611,55,1838,1.838,,True,2007-08-29,2001-06-01,,
2600027480,Várzea,PB,Poço tubular,,-6.773055,-36.991944,50,8480,8.48,,True,2007-08-29,2002-06-01,,
2600027482,Várzea,PB,Poço tubular,,-6.77,-36.990277,50,3770,3.77,,True,2007-08-29,2002-06-01,,
2600027483,Várzea,PB,Poço tubular,,-6.770833,-36.992222,50,4590,4.59,,True,2007-08-29,2000-06-01,,
2600027484,Várzea,PB,Poço tubular,,-6.769444,-36.991388,50,3890,3.89,,True,2007-08-29,2000-06-01,,
2600027485,Várzea,PB,Poço tubular,,-6.7725,-36.990278,56,3600,3.6,,True,2007-08-29,1962-06-01,,
2600027487,Várzea,PB,Poço tubular,,-6.734444,-36.977222,50,914,0.914,,True,2007-08-30,2002-12-17,,
2600027488,Várzea,PB,Poço tubular,,-6.728888,-36.979722,50,1408,1.408,,True,2007-08-30,1980-06-01,,
2600027489,Várzea,PB,Poço tubular,,-6.728333,-36.980833,50,2220,2.22,,True,2007-08-30,1995-06-01,,
2600027491,Várzea,PB,Poço tubular,,-6.83,-36.974167,18,843,0.843,,True,2007-08-30,1976-06-01,,
2600027492,Várzea,PB,Poço tubular,,-6.719722,-36.979722,42,854,0.854,,True,2007-08-30,1962-06-01,,
2600027493,Várzea,PB,Poço tubular,,-6.761944,-36.976666,50,703,0.703,,True,2007-08-30,1995-06-01,,
2600027494,Várzea,PB,Poço tubular,,-6.758333,-36.975277,50,916,0.916,,True,2007-08-30,1984-06-01,,
2600027495,Várzea,PB,Poço tubular,,-6.7575,-36.974166,50,796,0.796,,True,2007-08-30,2002-06-01,,
2600027496,Várzea,PB,Poço tubular,,-6.830556,-36.975,50,521,0.521,,True,2007-08-30,1995-01-01,,
2600027497,Várzea,PB,Poço tubular,,-6.768055,-36.987777,38,2710,2.71,,True,2007-08-30,1997-06-01,,
2600027498,Várzea,PB,Poço tubular,,-6.774444,-36.985555,50,876,0.876,,True,2007-08-30,1992-06-01,,
2600027499,Várzea,PB,Poço tubular,,-6.773888,-36.983888,50,1889,1.889,,True,2007-08-30,2002-12-17,,
2600027500,Várzea,PB,Poço tubular,,-6.774444,-36.986944,50,2050,2.05,,True,2007-08-30,1992-06-01,,
2600027501,Várzea,PB,Poço tubular,,-6.780277,-36.989444,47,817,0.817,,True,2007-08-30,1997-06-01,,
2600027502,Vista Serrana,PB,Poço tubular,,-6.729444,-37.597222,50,1470,1.47,,True,2007-08-31,1998-06-01,,
2600027504,Vista Serrana,PB,Poço tubular,,-6.738611,-37.566111,42,1583,1.583,,True,2007-08-31,1986-04-01,,
2600027509,Vista Serrana,PB,Poço tubular,,-6.742777,-37.571944,26,1766,1.766,,True,2007-08-31,2000-06-01,,
2600028967,São José do Brejo do Cruz,PB,Poço tubular,,-6.229722,-37.345833,15,2020,2.02,,True,2007-09-03,2002-06-01,,
2600028970,São José do Brejo do Cruz,PB,Poço tubular,,-6.231388,-37.367222,50,3080,3.08,,True,2007-09-03,2002-01-01,,
2600028973,São José do Brejo do Cruz,PB,Poço tubular,,-6.281944,-37.370555,50,3650,3.65,,True,2007-09-03,2002-07-01,,
2600028974,São José dos Cordeiros,PB,Poço tubular,,-7.389166,-36.808611,48,2850,2.85,,True,2007-09-03,2002-12-09,,
2600028976,São José dos Cordeiros,PB,Poço tubular,,-7.390833,-36.808333,48,4120,4.12,,True,2007-09-03,2002-06-01,,
2600028977,São José dos Cordeiros,PB,Poço tubular,,-7.387777,-36.8075,49,4340,4.34,,True,2007-09-03,2002-06-01,,
2600028978,São José dos Cordeiros,PB,Poço tubular,,-7.388888,-36.803055,50,5200,5.2,,True,2007-09-04,1965-06-01,,
2600028981,São José dos Cordeiros,PB,Poço tubular,,-7.387222,-36.780833,50,2280,2.28,,True,2007-09-04,1999-06-01,,
2600028983,São José dos Cordeiros,PB,Poço tubular,,-7.387777,-36.762222,31,6150,6.15,,True,2007-09-04,1997-06-01,,
2600028984,São José dos Cordeiros,PB,Poço tubular,,-7.398333,-36.768333,50,9640,9.64,,True,2007-09-04,2000-08-14,,
2600028986,São José dos Cordeiros,PB,Poço tubular,,-7.381111,-36.750555,40,6650,6.65,,True,2007-09-04,1997-06-01,,
2600028987,São José dos Cordeiros,PB,Poço tubular,,-7.38,-36.709444,43,3750,3.75,,True,2007-09-04,1997-06-01,,
2600028988,São José dos Cordeiros,PB,Poço tubular,,-7.394722,-36.725555,40,8800,8.8,,True,2007-09-04,1996-06-01,,
2600028989,São José dos Cordeiros,PB,Poço tubular,,-7.394444,-36.739444,40,1812,1.812,,True,2007-09-04,1998-06-01,,
2600028992,São José dos Cordeiros,PB,Poço tubular,,-7.413888,-36.817777,40,3190,3.19,,True,2007-09-04,2002-06-01,,
2600028993,São José dos Cordeiros,PB,Poço tubular,,-7.445277,-36.825,40,3730,3.73,,True,2007-09-04,1996-06-01,,
2600028994,São José dos Cordeiros,PB,Poço tubular,,-7.44,-36.819166,38,4480,4.48,,True,2007-09-04,2000-06-01,,
2600028995,São José dos Cordeiros,PB,Poço tubular,,-7.433333,-36.8125,20,4550,4.55,,True,2007-09-04,1998-01-19,,
2600028997,São José dos Cordeiros,PB,Poço tubular,,-7.432777,-36.810277,50,3410,3.41,,True,2007-09-04,1983-06-01,,
2600028998,São José dos Cordeiros,PB,Poço tubular,,-7.389444,-36.848888,40,7570,7.57,,True,2007-09-05,1998-06-01,,
2600029000,São José dos Cordeiros,PB,Poço tubular,,-7.39,-36.831111,37,4660,4.66,,True,2007-09-05,2000-06-01,,
2600029001,São José dos Cordeiros,PB,Poço tubular,,-7.3825,-36.835833,50,6350,6.35,,True,2007-09-05,1972-12-27,,
2600029002,São José dos Cordeiros,PB,Poço tubular,,-7.416111,-36.848055,50,3650,3.65,,True,2007-09-05,2000-06-01,,
2600029003,São José dos Cordeiros,PB,Poço tubular,,-7.411388,-36.858611,40,2600,2.6,,True,2007-09-05,2000-06-01,,
2600029004,São José dos Cordeiros,PB,Poço tubular,,-7.407777,-36.823333,45,7620,7.62,,True,2007-09-05,1998-09-13,,
2600029006,São José dos Cordeiros,PB,Poço tubular,,-7.431666,-36.806388,30,6050,6.05,,True,2007-09-05,1992-06-02,,
2600029008,São José dos Cordeiros,PB,Poço tubular,,-7.432777,-36.808611,46,3990,3.99,,True,2007-09-05,2001-07-13,,
2600029009,São José dos Cordeiros,PB,Poço tubular,,-7.410555,-36.810277,40,11440,11.44,,True,2007-09-05,2002-06-01,,
2600029010,São José dos Cordeiros,PB,Poço tubular,,-7.413333,-36.809166,50,2040,2.04,,True,2007-09-05,2002-06-01,,
2600029011,São José dos Cordeiros,PB,Poço tubular,,-7.386111,-36.819444,49,6750,6.75,,True,2007-09-05,2002-06-01,,
2600029012,São José dos Cordeiros,PB,Poço tubular,,-7.426388,-36.7925,45,8770,8.77,,True,2007-09-05,1998-06-01,,
2600029013,São José dos Cordeiros,PB,Poço tubular,,-7.443611,-36.781666,45,4560,4.56,,True,2007-09-05,1999-06-01,,
2600029014,São José dos Cordeiros,PB,Poço tubular,,-7.455555,-36.7875,48,10500,10.5,,True,2007-09-05,1983-06-01,,
2600029016,São José dos Cordeiros,PB,Poço tubular,,-7.436666,-36.776666,26,4710,4.71,,True,2007-09-05,2002-12-12,,
2600029017,São José dos Cordeiros,PB,Poço tubular,,-7.423611,-36.770833,40,3830,3.83,,True,2007-09-05,1993-06-01,,
2600029018,São José dos Cordeiros,PB,Poço tubular,,-7.4225,-36.769166,46,2660,2.66,,True,2007-09-05,1999-06-01,,
2600029019,São José dos Cordeiros,PB,Poço tubular,,-7.433611,-36.7625,36,2630,2.63,,True,2007-09-05,1972-06-01,,
2600029020,São José dos Cordeiros,PB,Poço tubular,,-7.433055,-36.757222,48,5080,5.08,,True,2007-09-05,2000-06-01,,
2600029021,São José dos Cordeiros,PB,Poço tubular,,-7.406666,-36.754444,48,2040,2.04,,True,2007-09-05,2002-06-01,,
2600029023,São José dos Cordeiros,PB,Poço tubular,,-7.400833,-36.746388,48,6200,6.2,,True,2007-09-06,1999-06-01,,
2600029029,São José dos Cordeiros,PB,Poço tubular,,-7.412222,-36.781666,35,1194,1.194,,True,2007-09-06,1999-06-01,,
2600029033,São José dos Cordeiros,PB,Poço tubular,,-7.437777,-36.845277,50,4130,4.13,,True,2007-09-06,1999-06-01,,
2600029034,São José dos Cordeiros,PB,Poço tubular,,-7.436944,-36.848333,62,5550,5.55,,True,2007-09-06,1988-06-01,,
2600029036,São José dos Cordeiros,PB,Poço tubular,,-7.382222,-36.822222,48,12480,12.48,,True,2007-09-06,2002-06-01,,
2600029037,Livramento,PB,Poço tubular,,-7.367222,-36.808888,48,4230,4.23,,True,2007-09-06,1992-06-01,,
2600029038,Livramento,PB,Poço tubular,,-7.364444,-36.808888,50,7790,7.79,,True,2007-09-06,1992-06-01,,
2600029039,Parari,PB,Poço tubular,,-7.306666,-36.7325,45,1351,1.351,,True,2007-09-06,1999-06-01,,
2600029040,Parari,PB,Poço tubular,,-7.306111,-36.579444,50,18280,18.28,,True,2007-09-06,2002-12-14,,
2600029041,Parari,PB,Poço tubular,,-7.304166,-36.718888,60,16500,16.5,,True,2007-09-06,1996-06-01,,
2600029042,São José do Sabugi,PB,Poço tubular,,-6.754166,-36.878055,46,2600,2.6,,True,2007-09-06,1996-06-05,,
2600029044,Várzea,PB,Poço tubular,,-6.775277,-36.964722,46,1779,1.779,,True,2007-09-06,2002-12-13,,
2600029045,São José do Sabugi,PB,Poço tubular,,-6.749166,-36.849722,35,424,0.424,,True,2007-09-06,1998-06-01,,
2600029046,São José do Sabugi,PB,Poço tubular,,-6.749444,-36.826388,39,1291,1.291,,True,2007-09-06,1996-06-01,,
2600029047,São José do Sabugi,PB,Poço tubular,,-6.762222,-36.83,40,2080,2.08,,True,2007-09-10,2002-12-13,,
2600029048,São José do Sabugi,PB,Poço tubular,,-6.772777,-36.823055,40,5360,5.36,,True,2007-09-10,1995-06-01,,
2600029049,Santa Luzia,PB,Poço tubular,,-6.763333,-36.912777,50,1974,1.974,,True,2007-09-10,2002-12-14,,
2600029051,São José do Sabugi,PB,Poço tubular,,-6.788888,-36.825277,30,1401,1.401,,True,2007-09-10,2002-12-14,,
2600029052,São José do Sabugi,PB,Poço tubular,,-6.787222,-36.836388,50,2900,2.9,,True,2007-09-10,2002-12-14,,
2600029053,São José do Sabugi,PB,Poço tubular,,-6.781666,-36.837222,50,12380,12.38,,True,2007-09-10,2002-12-14,,
2600029054,São José do Sabugi,PB,Poço tubular,,-6.804722,-36.831111,50,10150,10.15,,True,2007-09-10,1992-06-01,,
2600029055,São José do Sabugi,PB,Poço tubular,,-6.777777,-36.798333,40,1978,1.978,,True,2007-09-10,2002-12-14,,
2600029056,São José do Sabugi,PB,Poço tubular,,-6.778055,-36.798333,40,1850,1.85,,True,2007-09-10,2002-12-14,,
2600029057,São José do Sabugi,PB,Poço tubular,,-6.774166,-36.800833,46,4170,4.17,,True,2007-09-11,2002-12-14,,
2600029059,São José do Sabugi,PB,Poço tubular,,-6.828055,-36.836666,30,2370,2.37,,True,2007-09-11,1992-06-01,,
2600029060,São José do Sabugi,PB,Poço tubular,,-6.830555,-36.826666,50,1071,1.071,,True,2007-09-11,1992-06-01,,
2600029061,São José do Sabugi,PB,Poço tubular,,-6.820833,-36.816111,30,653,0.653,,True,2007-09-11,1987-06-01,,
2600029062,São José do Sabugi,PB,Poço tubular,,-6.854722,-36.802777,50,1270,1.27,,True,2007-09-11,1975-06-01,,
2600029064,São José do Sabugi,PB,Poço tubular,,-6.863611,-36.810277,38,700,0.7,,True,2007-09-11,1988-01-01,,
2600029065,São José do Sabugi,PB,Poço tubular,,-6.877222,-36.816111,50,1279,1.279,,True,2007-09-11,2000-03-01,,
2600029066,São José do Sabugi,PB,Poço tubular,,-6.878888,-36.812777,50,1033,1.033,,True,2007-09-11,2001-06-01,,
2600029067,São José do Sabugi,PB,Poço tubular,,-6.880555,-36.808611,50,655,0.655,,True,2007-09-11,2001-06-01,,
2600029068,Santa Luzia,PB,Poço tubular,,-6.879444,-36.815555,50,1490,1.49,,True,2007-09-11,1999-10-01,,
2600029070,São José do Sabugi,PB,Poço tubular,,-6.874444,-36.792777,50,915,0.915,,True,2007-09-11,2002-08-01,,
2600029071,São José do Sabugi,PB,Poço tubular,,-6.892222,-36.781666,50,1820,1.82,,True,2007-09-11,2000-06-01,,
2600029075,São José do Sabugi,PB,Poço tubular,,-6.855555,-36.753333,35,3270,3.27,,True,2007-09-11,1980-02-01,,
2600029076,São José do Sabugi,PB,Poço tubular,,-6.862777,-36.801111,65,1010,1.01,,True,2007-09-11,1986-06-01,,
2600029078,São José do Sabugi,PB,Poço tubular,,-6.845277,-36.77,50,743,0.743,,True,2007-09-11,2000-06-01,,
2600029083,São José do Sabugi,PB,Poço tubular,,-6.810833,-36.782222,50,698,0.698,,True,2007-09-12,1998-06-01,,
2600029101,São José do Sabugi,PB,Poço tubular,,-6.755555,-36.822222,50,3270,3.27,,True,2007-09-12,2002-12-16,,
2600029102,São José do Sabugi,PB,Poço tubular,,-6.784444,-36.794722,50,1712,1.712,,True,2007-09-12,2002-12-16,,
2600029103,São José do Sabugi,PB,Poço tubular,,-6.782777,-36.788888,50,1274,1.274,,True,2007-09-12,2002-12-16,,
2600029106,São José do Sabugi,PB,Poço tubular,,-6.777222,-36.789444,50,4090,4.09,,True,2007-09-12,1998-06-01,,
2600029107,São José do Sabugi,PB,Poço tubular,,-6.784444,-36.791111,50,796,0.796,,True,2007-09-13,2002-12-16,,
2600029108,São José de Espinharas,PB,Poço tubular,,-6.885833,-37.254444,50,1175,1.175,,True,2007-09-13,1984-06-01,,
2600029110,São José de Espinharas,PB,Poço tubular,,-6.842222,-37.389444,38,1076,1.076,,True,2007-09-13,1986-06-01,,
2600029111,São José de Espinharas,PB,Poço tubular,,-6.842222,-37.391944,38,1248,1.248,,True,2007-09-13,2002-11-24,,
2600029112,São José de Espinharas,PB,Poço tubular,,-6.856388,-37.403055,38,1318,1.318,,True,2007-09-13,1993-06-01,,
2600029113,São José de Espinharas,PB,Poço tubular,,-6.857777,-37.409722,24,846,0.846,,True,2007-09-13,2002-06-01,,
2600029114,São José de Espinharas,PB,Poço tubular,,-6.861111,-37.409444,47,725,0.725,,True,2007-09-13,2001-06-01,,
2600029115,São José de Espinharas,PB,Poço tubular,,-6.847777,-37.403611,45,1290,1.29,,True,2007-09-13,1994-06-01,,
2600029117,São José de Espinharas,PB,Poço tubular,,-6.846666,-37.404166,25,1027,1.027,,True,2007-09-13,2002-11-24,,
2600029118,São José de Espinharas,PB,Poço tubular,,-6.853611,-37.397222,50,1672,1.672,,True,2007-09-13,2002-06-01,,
2600029119,São José de Espinharas,PB,Poço tubular,,-6.825,-37.388333,25,1153,1.153,,True,2007-09-13,2001-06-01,,
2600029124,Malta,PB,Poço tubular,,-6.862777,-37.502222,48,1209,1.209,,True,2007-09-14,2002-11-25,,
2600029126,São José de Espinharas,PB,Poço tubular,,-6.864166,-37.466388,50,1106,1.106,,True,2007-09-14,2001-06-01,,
2600029127,São José de Espinharas,PB,Poço tubular,,-6.86,-37.468055,50,1230,1.23,,True,2007-09-14,1993-06-01,,
2600029129,São José de Espinharas,PB,Poço tubular,,-6.875,-37.411111,46,1118,1.118,,True,2007-09-14,1981-06-01,,
2600029130,São José de Espinharas,PB,Poço tubular,,-6.879722,-37.393611,46,768,0.768,,True,2007-09-14,2002-11-27,,
2600029131,São José de Espinharas,PB,Poço tubular,,-6.918611,-37.395277,18,812,0.812,,True,2007-09-14,2002-11-27,,
2600029133,São José de Espinharas,PB,Poço tubular,,-6.905,-37.406111,14,887,0.887,,True,2007-09-14,2002-06-01,,
2600029134,São José de Espinharas,PB,Poço tubular,,-6.9075,-37.412222,50,653,0.653,,True,2007-09-14,2002-11-27,,
2600029135,São José de Espinharas,PB,Poço tubular,,-6.912777,-37.435555,50,956,0.956,,True,2007-09-17,1993-06-01,,
2600029136,São José de Espinharas,PB,Poço tubular,,-6.861388,-37.380833,25,288,0.288,,True,2007-09-17,2002-06-01,,
2600029140,São José de Espinharas,PB,Poço tubular,,-6.751666,-37.517777,50,1537,1.537,,True,2007-09-17,2002-11-28,,
2600029141,São José de Espinharas,PB,Poço tubular,,-6.759444,-37.449444,50,1025,1.025,,True,2007-09-17,2002-11-28,,
2600029147,São José de Espinharas,PB,Poço tubular,,-6.778333,-37.402222,36,840,0.84,,True,2007-09-17,2002-06-01,,
2600029156,São José de Espinharas,PB,Poço tubular,,-6.7575,-37.409166,46,1080,1.08,,True,2007-09-17,2002-11-29,,
2600029157,São José de Espinharas,PB,Poço tubular,,-6.757222,-37.383055,50,739,0.739,,True,2007-09-17,1971-09-01,,
2600029161,São José de Espinharas,PB,Poço tubular,,-6.846111,-37.345,39,2140,2.14,,True,2007-09-18,2002-06-01,,
2600029167,São José de Espinharas,PB,Poço tubular,,-6.87,-37.340277,40,665,0.665,,True,2007-09-18,1999-06-01,,
2600029168,São José de Espinharas,PB,Poço tubular,,-6.843888,-37.263611,38,778,0.778,,True,2007-09-18,2002-12-01,,
2600029170,São José de Espinharas,PB,Poço tubular,,-6.872777,-37.272777,50,848,0.848,,True,2007-09-18,2002-12-01,,
2600029171,São José de Espinharas,PB,Poço tubular,,-6.827222,-37.285,27,1530,1.53,,True,2007-09-18,2001-06-01,,
2600029172,São José de Espinharas,PB,Poço tubular,,-6.833611,-37.254166,50,1150,1.15,,True,2007-09-18,1993-06-01,,
2600029173,São José de Espinharas,PB,Poço tubular,,-6.832777,-37.330277,43,860,0.86,,True,2007-09-18,2001-06-01,,
2600029174,São José de Espinharas,PB,Poço tubular,,-6.8075,-37.347222,44,935,0.935,,True,2007-09-18,2002-01-17,,
2600029175,São José de Espinharas,PB,Poço tubular,,-6.785833,-37.378333,36,672,0.672,,True,2007-09-18,2002-10-24,,
2600029177,São José de Espinharas,PB,Poço tubular,,-6.808055,-37.364166,41,1631,1.631,,True,2007-09-18,2002-06-01,,
2600029180,São José de Espinharas,PB,Poço tubular,,-6.891666,-37.263055,46,2430,2.43,,True,2007-09-18,2000-06-01,,
2600029181,São José de Espinharas,PB,Poço tubular,,-6.8925,-37.265,60,2690,2.69,,True,2007-09-18,2001-06-01,,
2600029184,São José de Espinharas,PB,Poço tubular,,-6.886111,-37.254166,45,1168,1.168,,True,2007-09-18,2002-12-02,,
2600029186,São José de Espinharas,PB,Poço tubular,,-6.904444,-37.316111,51,885,0.885,,True,2007-09-18,2002-12-02,,
2600029187,São José de Espinharas,PB,Poço tubular,,-6.895555,-37.316388,40,501,0.501,,True,2007-09-19,2002-12-02,,
2600029192,São José de Espinharas,PB,Poço tubular,,-6.738333,-37.273888,42,715,0.715,,True,2007-09-19,2000-06-21,,
2600029193,São José de Espinharas,PB,Poço tubular,,-6.886111,-37.470555,45,1412,1.412,,True,2007-09-19,2002-11-25,,
2600029194,Cacimba de Dentro,PB,Poço tubular,,-6.580555,-35.819166,32,3430,3.43,,True,2007-09-19,2003-12-06,,
2600029195,Cacimba de Dentro,PB,Poço tubular,,-6.583333,-35.834722,25,1383,1.383,,True,2007-09-19,2003-12-06,,
2600029196,Cacimba de Dentro,PB,Poço tubular,,-6.606111,-35.778055,28,4100,4.1,,True,2007-09-19,2003-12-06,,
2600029197,Cacimba de Dentro,PB,Poço tubular,,-6.667222,-35.764722,28,6110,6.11,,True,2007-09-19,2003-12-06,,
2600029199,Cacimba de Dentro,PB,Poço tubular,,-6.654444,-35.75,50,11210,11.21,,True,2007-09-19,2003-12-06,,
2600029200,Cacimba de Dentro,PB,Poço tubular,,-6.6575,-35.772777,50,7200,7.2,,True,2007-09-19,2003-12-06,,
2600029201,São João do Cariri,PB,Poço tubular,,-7.502222,-36.507222,50,1434,1.434,,True,2007-09-21,2003-12-02,,
2600029202,São João do Cariri,PB,Poço tubular,,-7.496388,-36.505,50,1818,1.818,,True,2007-09-21,2003-12-02,,
2600029203,São João do Cariri,PB,Poço tubular,,-7.496111,-36.504722,50,2570,2.57,,True,2007-09-21,2003-12-02,,
2600029204,São João do Cariri,PB,Poço tubular,,-7.4925,-36.496944,50,7160,7.16,,True,2007-09-21,2003-12-02,,
2600029205,São João do Cariri,PB,Poço tubular,,-7.495277,-36.503611,50,5700,5.7,,True,2007-09-21,2003-12-02,,
2600029206,São João do Cariri,PB,Poço tubular,,-7.485,-36.528888,50,6010,6.01,,True,2007-09-21,2003-12-02,,
2600029207,São João do Cariri,PB,Poço tubular,,-7.480277,-36.518611,40,8200,8.2,,True,2007-09-21,2003-12-02,,
2600029208,São João do Cariri,PB,Poço tubular,,-7.482777,-36.503888,40,3630,3.63,,True,2007-09-21,2003-12-02,,
2600029209,São João do Cariri,PB,Poço tubular,,-7.481944,-36.504444,40,3630,3.63,,True,2007-09-21,2003-12-02,,
2600029211,São João do Cariri,PB,Poço tubular,,-7.476666,-36.531666,52,6270,6.27,,True,2007-09-24,2003-12-02,,
2600029212,São João do Cariri,PB,Poço tubular,,-7.543055,-36.512777,32,2520,2.52,,True,2007-09-24,1989-06-01,,
2600029213,São João do Cariri,PB,Poço tubular,,-7.555555,-36.503611,30,3870,3.87,,True,2007-09-24,2002-09-01,,
2600029214,São João do Cariri,PB,Poço tubular,,-7.401111,-36.56,32,2400,2.4,,True,2007-09-24,2002-09-01,,
2600029215,São João do Cariri,PB,Poço tubular,,-7.389722,-36.578333,42,1410,1.41,,True,2007-09-24,1988-06-01,,
2600029216,São João do Cariri,PB,Poço tubular,,-7.375555,-36.596666,40,3010,3.01,,True,2007-09-24,1998-06-01,,
2600029217,São João do Cariri,PB,Poço tubular,,-7.383055,-36.608333,35,5380,5.38,,True,2007-09-24,2000-09-01,,
2600029218,Parari,PB,Poço tubular,,-7.376944,-36.621111,48,12200,12.2,,True,2007-09-24,2000-06-01,,
2600029219,São João do Cariri,PB,Poço tubular,,-7.381388,-36.603611,33,1796,1.796,,True,2007-09-24,1999-01-01,,
2600029220,São João do Cariri,PB,Poço tubular,,-7.403055,-36.607777,54,647,0.647,,True,2007-09-24,1998-06-01,,
2600029221,São João do Cariri,PB,Poço tubular,,-7.388888,-36.533333,50,2320,2.32,,True,2007-09-24,2001-06-01,,
2600029222,São João do Cariri,PB,Poço tubular,,-7.386388,-36.529444,50,5410,5.41,,True,2007-09-24,1997-06-01,,
2600029223,São João do Cariri,PB,Poço tubular,,-7.3875,-36.439722,38,2530,2.53,,True,2007-09-24,1998-06-01,,
2600029224,São João do Cariri,PB,Poço tubular,,-7.3775,-36.429444,27,2440,2.44,,True,2007-09-24,1998-06-01,,
2600029226,São João do Cariri,PB,Poço tubular,,-7.401666,-36.4175,38,4640,4.64,,True,2007-09-24,2002-08-01,,
2600029228,São João do Cariri,PB,Poço tubular,,-7.396388,-36.441666,28,2330,2.33,,True,2007-09-25,2002-08-01,,
2600029229,São João do Cariri,PB,Poço tubular,,-7.405833,-36.459722,30,3090,3.09,,True,2007-09-25,2002-06-01,,
2600029230,São João do Cariri,PB,Poço tubular,,-7.433333,-36.497777,31,4350,4.35,,True,2007-09-25,2003-12-03,,
2600029231,São João do Cariri,PB,Poço tubular,,-7.426666,-36.432222,36,5940,5.94,,True,2007-09-25,1998-06-01,,
2600029232,São João do Cariri,PB,Poço tubular,,-7.347777,-36.418888,45,3420,3.42,,True,2007-09-25,2003-12-04,,
2600029234,São João do Cariri,PB,Poço tubular,,-7.361944,-36.396944,30,4680,4.68,,True,2007-09-25,1997-06-01,,
2600029235,São João do Cariri,PB,Poço tubular,,-7.344166,-36.409444,46,5970,5.97,,True,2007-09-25,2001-06-01,,
2600029236,São João do Cariri,PB,Poço tubular,,-7.327777,-36.4025,30,9770,9.77,,True,2007-09-25,1999-06-01,,
2600029238,Cabaceiras,PB,Poço tubular,,-7.340555,-36.347222,50,5970,5.97,,True,2007-09-25,1990-06-01,,
2600029239,São João do Cariri,PB,Poço tubular,,-7.341666,-36.376666,50,6020,6.02,,True,2007-09-25,2003-12-05,,
2600029240,São João do Cariri,PB,Poço tubular,,-7.353333,-36.382222,50,5890,5.89,,True,2007-09-25,2003-12-05,,
2600029242,Boa Vista,PB,Poço tubular,,-7.356111,-36.34,19,5510,5.51,,True,2007-09-25,1991-06-01,,
2600029244,São João do Cariri,PB,Poço tubular,,-7.326388,-36.401666,28,4090,4.09,,True,2007-09-25,1998-06-01,,
2600029245,São João do Cariri,PB,Poço tubular,,-7.321666,-36.393888,33,3120,3.12,,True,2007-09-25,2002-06-01,,
2600029246,São João do Cariri,PB,Poço tubular,,-7.311388,-36.390555,40,5080,5.08,,True,2007-09-25,2002-09-01,,
2600029247,São João do Cariri,PB,Poço tubular,,-7.304166,-36.384722,40,2480,2.48,,True,2007-09-25,1995-06-01,,
2600029249,São João do Cariri,PB,Poço tubular,,-7.325,-36.396388,28,13000,13.0,,True,2007-09-26,1998-06-01,,
2600029250,São João do Cariri,PB,Poço tubular,,-7.365833,-36.494166,45,2910,2.91,,True,2007-09-26,1999-05-01,,
2600029251,São João do Cariri,PB,Poço tubular,,-7.593055,-36.481944,25,14300,14.3,,True,2007-09-26,2003-06-01,,
2600029252,São João do Cariri,PB,Poço tubular,,-7.575277,-36.500833,29,7390,7.39,,True,2007-09-26,2002-09-01,,
2600029253,São João do Cariri,PB,Poço tubular,,-7.566111,-36.508055,60,6890,6.89,,True,2007-09-26,2003-12-04,,
2600029254,São João do Cariri,PB,Poço tubular,,-7.559722,-36.511111,20,5170,5.17,,True,2007-09-26,2001-06-01,,
2600029255,São João do Cariri,PB,Poço tubular,,-7.555555,-36.513611,40,5120,5.12,,True,2007-09-26,2003-12-04,,
2600029256,São João do Cariri,PB,Poço tubular,,-7.56,-36.519166,50,7910,7.91,,True,2007-09-26,2003-12-04,,
2600029257,São João do Cariri,PB,Poço tubular,,-7.5925,-36.530555,50,2550,2.55,,True,2007-09-27,2003-12-04,,
2600029258,São João do Cariri,PB,Poço tubular,,-7.578611,-36.5375,50,5410,5.41,,True,2007-09-27,2001-06-01,,
2600029259,São João do Cariri,PB,Poço tubular,,-7.579722,-36.531111,48,1831,1.831,,True,2007-09-27,2001-06-01,,
2600029260,São João do Cariri,PB,Poço tubular,,-7.559444,-36.536388,42,14700,14.7,,True,2007-09-27,2003-12-04,,
2600029261,São João do Cariri,PB,Poço tubular,,-7.558333,-36.521944,40,6970,6.97,,True,2007-09-27,2003-12-04,,
2600029262,São João do Cariri,PB,Poço tubular,,-7.5575,-36.521111,28,7350,7.35,,True,2007-09-27,2002-06-01,,
2600029263,São João do Cariri,PB,Poço tubular,,-7.548888,-36.526944,40,14140,14.14,,True,2007-09-27,2003-12-05,,
2600029264,São João do Cariri,PB,Poço tubular,,-7.493611,-36.534444,18,6730,6.73,,True,2007-09-27,2003-12-05,,
2600029265,São João do Cariri,PB,Poço tubular,,-7.483055,-36.536944,29,2300,2.3,,True,2007-09-27,2003-10-07,,
2600029266,São João do Cariri,PB,Poço tubular,,-7.4575,-36.521111,40,6840,6.84,,True,2007-09-27,2003-12-05,,
2600029267,São João do Cariri,PB,Poço tubular,,-7.470277,-36.536666,40,16970,16.97,,True,2007-09-28,2003-12-05,,
2600029268,São João do Cariri,PB,Poço tubular,,-7.470555,-36.533888,53,1594,1.594,,True,2007-09-28,2003-06-01,,
2600029269,São João do Cariri,PB,Poço tubular,,-7.474166,-36.536666,40,6350,6.35,,True,2007-09-28,2003-12-05,,
2600029271,São João do Cariri,PB,Poço tubular,,-7.485555,-36.542222,60,1751,1.751,,True,2007-09-28,2003-12-05,,
2600029272,São João do Cariri,PB,Poço tubular,,-7.491388,-36.551944,40,1491,1.491,,True,2007-09-28,2003-12-05,,
2600029274,São João do Cariri,PB,Poço tubular,,-7.538611,-36.459166,40,2920,2.92,,True,2007-10-01,2003-12-03,,
2600029276,São João do Cariri,PB,Poço tubular,,-7.575,-36.493333,40,3370,3.37,,True,2007-10-01,2003-12-03,,
2600029278,São João do Cariri,PB,Poço tubular,,-7.396111,-36.405555,40,4440,4.44,,True,2007-10-01,2001-06-01,,
2600029279,São João do Cariri,PB,Poço tubular,,-7.405833,-36.385555,21,2670,2.67,,True,2007-10-01,1997-06-01,,
2600029280,São João do Cariri,PB,Poço tubular,,-7.340555,-36.431388,28,2820,2.82,,True,2007-10-01,1997-06-01,,
2600029281,São João do Cariri,PB,Poço tubular,,-7.345277,-36.420277,38,1636,1.636,,True,2007-10-01,1977-06-01,,
2600029282,São João do Cariri,PB,Poço tubular,,-7.337777,-36.444722,35,3050,3.05,,True,2007-10-01,1998-09-01,,
2600029283,Prata,PB,Poço tubular,,-7.765277,-37.120833,25,6080,6.08,,True,2007-10-03,1997-06-01,,
2600029285,Prata,PB,Poço tubular,,-7.69,-37.148611,33,1653,1.653,,True,2007-10-03,1981-11-01,,
2600029286,Prata,PB,Poço tubular,,-7.631388,-37.082222,24.8,1206,1.206,,True,2007-10-03,1965-03-01,,
2600029287,Prata,PB,Poço tubular,,-7.769166,-37.129444,30,10630,10.63,,True,2007-10-03,2003-11-25,,
2600029288,Prata,PB,Poço tubular,,-7.689166,-37.075555,50,2790,2.79,,True,2007-10-03,2003-12-03,,
2600029289,Prata,PB,Poço tubular,,-7.689444,-37.074166,36,2690,2.69,,True,2007-10-03,2003-06-01,,
2600029290,Prata,PB,Poço tubular,,-7.688333,-37.074166,30,2830,2.83,,True,2007-10-03,1999-06-01,,
2600029292,Prata,PB,Poço tubular,,-7.689444,-37.070555,26,2930,2.93,,True,2007-10-03,2003-12-03,,
2600029293,Prata,PB,Poço tubular,,-7.681944,-37.065833,48,3350,3.35,,True,2007-10-04,2002-06-01,,
2600029294,Prata,PB,Poço tubular,,-7.681388,-37.0575,35,2550,2.55,,True,2007-10-04,2001-06-01,,
2600029295,Prata,PB,Poço tubular,,-7.680833,-37.058333,30,3020,3.02,,True,2007-10-04,2003-12-03,,
2600029296,Prata,PB,Poço tubular,,-7.678611,-37.0575,30,4250,4.25,,True,2007-10-04,2003-12-03,,
2600029299,Prata,PB,Poço tubular,,-7.670833,-37.042777,45,1443,1.443,,True,2007-10-04,2003-12-03,,
2600029300,Prata,PB,Poço tubular,,-7.6625,-37.036944,30,4310,4.31,,True,2007-10-04,2003-06-01,,
2600029301,Prata,PB,Poço tubular,,-7.672222,-37.03,35,1721,1.721,,True,2007-10-04,2003-12-03,,
2600029676,Prata,PB,Poço tubular,,-7.645277,-37.055,35,4300,4.3,,True,2007-10-04,2002-06-01,,
2600029677,Prata,PB,Poço tubular,,-7.644722,-37.066388,39,3450,3.45,,True,2007-10-05,2002-06-01,,
2600029678,Prata,PB,Poço tubular,,-7.650277,-37.057777,30,1469,1.469,,True,2007-10-05,2003-12-04,,
2600029680,Prata,PB,Poço tubular,,-7.681388,-37.069166,30,731,0.731,,True,2007-10-05,2002-12-03,,
2600029681,Prata,PB,Poço tubular,,-7.688055,-37.081111,45,3460,3.46,,True,2007-10-05,2001-06-01,,
2600029682,Prata,PB,Poço tubular,,-7.651944,-37.099444,50,1357,1.357,,True,2007-10-05,1982-06-01,,
2600029683,Prata,PB,Poço tubular,,-7.644722,-37.099444,42,1712,1.712,,True,2007-10-05,2003-12-04,,
2600029685,Prata,PB,Poço tubular,,-7.69,-37.077222,26,2540,2.54,,True,2007-10-08,2003-12-04,,
2600029686,Prata,PB,Poço tubular,,-7.6825,-37.103611,31,1462,1.462,,True,2007-10-08,1998-06-01,,
2600029687,Prata,PB,Poço tubular,,-7.675,-37.117222,28,959,0.959,,True,2007-10-08,1982-06-01,,
2600029688,Prata,PB,Poço tubular,,-7.674166,-37.116944,36,977,0.977,,True,2007-10-08,1982-06-01,,
2600029689,Prata,PB,Poço tubular,,-7.694166,-37.113055,28,1644,1.644,,True,2007-10-08,1972-06-01,,
2600029690,Prata,PB,Poço tubular,,-7.696666,-37.103888,35,1154,1.154,,True,2007-10-08,2002-06-01,,
2600029692,Prata,PB,Poço tubular,,-7.713055,-37.142222,50,1410,1.41,,True,2007-10-08,1994-06-01,,
2600029693,Prata,PB,Poço tubular,,-7.702222,-37.135833,35,1500,1.5,,True,2007-10-08,2001-06-01,,
2600029694,Prata,PB,Poço tubular,,-7.7,-37.139444,42,698,0.698,,True,2007-10-08,2003-06-01,,
2600029695,Prata,PB,Poço tubular,,-7.702777,-37.129166,35,2940,2.94,,True,2007-10-08,1962-06-01,,
2600029696,Prata,PB,Poço tubular,,-7.702222,-37.123055,38,859,0.859,,True,2007-10-08,2003-12-05,,
2600029697,Prata,PB,Poço tubular,,-7.700833,-37.117222,35,1377,1.377,,True,2007-10-08,2000-06-01,,
2600029698,Prata,PB,Poço tubular,,-7.699444,-37.113611,33,2070,2.07,,True,2007-10-08,1982-06-01,,
2600029699,Prata,PB,Poço tubular,,-7.711944,-37.106944,48,3470,3.47,,True,2007-10-08,2001-06-01,,
2600029701,Prata,PB,Poço tubular,,-7.708888,-37.101666,30,3330,3.33,,True,2007-10-08,2002-06-01,,
2600029702,Prata,PB,Poço tubular,,-7.697222,-37.0925,35,3820,3.82,,True,2007-10-08,2003-12-05,,
2600029704,Prata,PB,Poço tubular,,-7.743611,-37.054444,50,2130,2.13,,True,2007-10-09,2003-12-05,,
2600029705,Prata,PB,Poço tubular,,-7.711388,-37.0575,30,2040,2.04,,True,2007-10-09,1995-06-01,,
2600029706,Prata,PB,Poço tubular,,-7.716666,-37.038888,49,2610,2.61,,True,2007-10-09,1995-06-01,,
2600029707,Prata,PB,Poço tubular,,-7.717777,-37.04,27,2260,2.26,,True,2007-10-09,2002-06-01,,
2600029708,Prata,PB,Poço tubular,,-7.711944,-37.05,35,1820,1.82,,True,2007-10-09,2003-12-06,,
2600029709,Prata,PB,Poço tubular,,-7.695833,-37.080833,42,1337,1.337,,True,2007-10-09,2003-12-06,,
2600029710,Prata,PB,Poço tubular,,-7.706388,-37.084166,37,2230,2.23,,True,2007-10-09,2002-06-01,,
2600029711,Prata,PB,Poço tubular,,-7.754722,-37.101666,20,5120,5.12,,True,2007-10-09,1962-02-03,,
2600029712,Prata,PB,Poço tubular,,-7.761388,-37.102222,35,3920,3.92,,True,2007-10-09,2003-12-06,,
2600029713,Prata,PB,Poço tubular,,-7.763888,-37.110833,36,5900,5.9,,True,2007-10-09,2000-06-01,,
2600029714,Prata,PB,Poço tubular,,-7.693888,-37.08,40,1182,1.182,,True,2007-10-09,2003-12-06,,
2600029715,Prata,PB,Poço tubular,,-7.732222,-37.050277,20,2190,2.19,,True,2007-10-09,2003-12-05,,
2600029716,Prata,PB,Poço tubular,,-7.736944,-37.043888,38,2750,2.75,,True,2007-10-09,2003-12-05,,
2600029717,Prata,PB,Poço tubular,,-7.642222,-37.061944,35,2420,2.42,,True,2007-10-09,2003-12-04,,
2600029718,Prata,PB,Poço tubular,,-7.691111,-37.079722,35,2590,2.59,,True,2007-10-09,2000-06-01,,
2600029719,Monteiro,PB,Poço tubular,,-7.891944,-37.138888,51,1868,1.868,,True,2007-10-09,1999-08-01,,
2600029720,Monteiro,PB,Poço tubular,,-7.893333,-37.139444,48,3170,3.17,,True,2007-10-09,2000-06-01,,
2600029721,Monteiro,PB,Poço tubular,,-7.871666,-37.085555,50,2560,2.56,,True,2007-10-09,1999-06-01,,
2600029722,Monteiro,PB,Poço tubular,,-7.871666,-37.086944,50,2830,2.83,,True,2007-10-09,1999-06-01,,
2600029723,Monteiro,PB,Poço tubular,,-7.857777,-37.079722,45,3700,3.7,,True,2007-10-09,2003-01-15,,
2600029724,Monteiro,PB,Poço tubular,,-7.86,-37.076388,48,1210,1.21,,True,2007-10-09,1998-06-01,,
2600029725,Monteiro,PB,Poço tubular,,-7.856111,-37.066944,27,4670,4.67,,True,2008-03-13,1999-06-01,,
2600029726,Monteiro,PB,Poço tubular,,-7.866111,-37.068611,40,1656,1.656,,True,2007-10-09,2001-06-01,,
2600029727,Monteiro,PB,Poço tubular,,-7.875277,-37.068333,50,2150,2.15,,True,2007-10-09,2001-06-01,,
2600029728,Monteiro,PB,Poço tubular,,-7.851944,-37.068888,49,2920,2.92,,True,2007-10-10,2003-01-10,,
2600029729,Monteiro,PB,Poço tubular,,-7.850555,-37.071111,41,2250,2.25,,True,2007-10-10,2002-12-19,,
2600029730,Monteiro,PB,Poço tubular,,-7.871388,-37.055555,43,15590,15.59,,True,2007-10-10,2002-06-01,,
2600029731,Monteiro,PB,Poço tubular,,-7.870555,-37.0525,49,6260,6.26,,True,2007-10-10,1998-10-01,,
2600029732,Monteiro,PB,Poço tubular,,-7.878333,-37.0475,33,3040,3.04,,True,2007-10-10,2003-10-24,,
2600029733,Monteiro,PB,Poço tubular,,-7.8825,-37.044166,35,4950,4.95,,True,2007-10-10,2001-06-01,,
2600029734,Monteiro,PB,Poço tubular,,-7.883888,-37.060833,30,2200,2.2,,True,2007-10-10,1992-09-01,,
2600029735,Monteiro,PB,Poço tubular,,-7.847777,-37.043611,61,3300,3.3,,True,2007-10-10,1976-05-15,,
2600029736,Monteiro,PB,Poço tubular,,-7.858333,-37.039166,25,1173,1.173,,True,2007-10-10,2001-06-01,,
2600029737,Monteiro,PB,Poço tubular,,-7.866666,-37.036388,35,3000,3.0,,True,2007-10-10,1998-06-01,,
2600029738,Monteiro,PB,Poço tubular,,-7.853888,-37.025,50,1368,1.368,,True,2007-10-10,1999-06-01,,
2600029739,Monteiro,PB,Poço tubular,,-7.856111,-37.081666,40,3340,3.34,,True,2007-10-10,1999-07-01,,
2600029740,Monteiro,PB,Poço tubular,,-7.857222,-37.082222,50,1369,1.369,,True,2007-10-10,1998-11-01,,
2600029741,Monteiro,PB,Poço tubular,,-7.8525,-37.087777,34,4180,4.18,,True,2007-10-10,2002-06-01,,
2600029742,Monteiro,PB,Poço tubular,,-7.851944,-37.103611,50,4900,4.9,,True,2007-10-10,2003-01-03,,
2600029743,Monteiro,PB,Poço tubular,,-7.848055,-37.093333,42,1122,1.122,,True,2007-10-10,1999-11-05,,
2600029744,Monteiro,PB,Poço tubular,,-7.848333,-37.078333,38,699,0.699,,True,2007-10-10,1997-06-01,,
2600029745,Monteiro,PB,Poço tubular,,-7.847222,-37.078055,51,1156,1.156,,True,2007-10-10,2001-12-07,,
2600029746,Monteiro,PB,Poço tubular,,-7.847777,-37.071666,30,1871,1.871,,True,2007-10-10,2003-10-27,,
2600029747,Monteiro,PB,Poço tubular,,-7.843055,-37.070833,53,3310,3.31,,True,2007-10-11,2003-01-17,,
2600029748,Monteiro,PB,Poço tubular,,-7.838611,-37.074722,19,1764,1.764,,True,2007-10-11,1971-06-01,,
2600029749,Monteiro,PB,Poço tubular,,-7.823333,-37.076666,49,3440,3.44,,True,2007-10-11,2002-12-19,,
2600029750,Monteiro,PB,Poço tubular,,-7.82,-37.0725,38,3930,3.93,,True,2007-10-11,1967-06-01,,
2600029751,Monteiro,PB,Poço tubular,,-7.819166,-37.068888,23,2830,2.83,,True,2007-10-11,1967-06-01,,
2600029752,Monteiro,PB,Poço tubular,,-7.793333,-37.080277,28,1898,1.898,,True,2007-10-11,2003-11-21,,
2600029753,Monteiro,PB,Poço tubular,,-7.790555,-37.075,50,7370,7.37,,True,2007-10-11,2003-11-21,,
2600029755,Monteiro,PB,Poço tubular,,-7.847222,-37.118611,27,3060,3.06,,True,2007-10-15,2003-11-22,,
2600029756,Monteiro,PB,Poço tubular,,-7.8475,-37.1175,35,10760,10.76,,True,2007-10-15,2003-11-22,,
2600029760,Monteiro,PB,Poço tubular,,-7.81,-37.1325,50,7020,7.02,,True,2007-10-15,2003-11-22,,
2600029762,Monteiro,PB,Poço tubular,,-7.778611,-37.078888,50,4270,4.27,,True,2007-10-15,2003-11-22,,
2600029763,Monteiro,PB,Poço tubular,,-7.759166,-37.074444,22,5180,5.18,,True,2007-10-15,2003-11-22,,
2600029764,Monteiro,PB,Poço tubular,,-7.777777,-37.072777,40,2850,2.85,,True,2007-10-15,2003-11-22,,
2600029767,Monteiro,PB,Poço tubular,,-7.786666,-37.1075,50,8880,8.88,,True,2007-10-15,2003-11-22,,
2600029769,Monteiro,PB,Poço tubular,,-7.895277,-37.141388,50,2860,2.86,,True,2007-10-15,2003-11-21,,
2600029770,Monteiro,PB,Poço tubular,,-7.8775,-37.164722,40,1935,1.935,,True,2007-10-15,1998-10-01,,
2600029771,Monteiro,PB,Poço tubular,,-7.876111,-37.167222,24,1889,1.889,,True,2007-10-15,1999-01-01,,
2600029772,Monteiro,PB,Poço tubular,,-7.879444,-37.167222,48,2250,2.25,,True,2007-10-15,2003-11-21,,
2600029773,Monteiro,PB,Poço tubular,,-7.878055,-37.169722,30,1894,1.894,,True,2007-10-15,2003-11-21,,
2600029774,Monteiro,PB,Poço tubular,,-7.876111,-37.171666,40,1706,1.706,,True,2007-10-15,1999-06-01,,
2600029775,Monteiro,PB,Poço tubular,,-7.874722,-37.1975,28,1189,1.189,,True,2007-10-15,1997-06-01,,
2600029776,Monteiro,PB,Poço tubular,,-7.875555,-37.193055,50,2070,2.07,,True,2007-10-15,1999-09-01,,
2600029777,Monteiro,PB,Poço tubular,,-7.879722,-37.158888,40,8340,8.34,,True,2007-10-15,2003-11-21,,
2600029778,Monteiro,PB,Poço tubular,,-7.880555,-37.233888,50,2170,2.17,,True,2007-10-15,2003-11-22,,
2600029779,Monteiro,PB,Poço tubular,,-7.884722,-37.235555,50,2640,2.64,,True,2007-10-16,2002-12-21,,
2600029780,Monteiro,PB,Poço tubular,,-7.894722,-37.235555,40,1702,1.702,,True,2007-10-16,2003-11-22,,
2600029781,Monteiro,PB,Poço tubular,,-7.906666,-37.281388,30,5170,5.17,,True,2007-10-16,2003-11-22,,
2600029782,Monteiro,PB,Poço tubular,,-7.91,-37.244166,30,765,0.765,,True,2007-10-16,2003-11-22,,
2600029786,Monteiro,PB,Poço tubular,,-7.960833,-37.300277,20,4740,4.74,,True,2007-10-16,2002-06-01,,
2600029787,Monteiro,PB,Poço tubular,,-7.934722,-37.226111,43,2740,2.74,,True,2007-10-16,1999-04-01,,
2600029788,Monteiro,PB,Poço tubular,,-7.948333,-37.250277,50,2430,2.43,,True,2007-10-16,2003-01-16,,
2600029789,Monteiro,PB,Poço tubular,,-7.945,-37.185,33,1051,1.051,,True,2007-10-16,1997-07-01,,
2600029790,Monteiro,PB,Poço tubular,,-7.928333,-37.189166,40,5580,5.58,,True,2007-10-17,1997-07-01,,
2600029791,Monteiro,PB,Poço tubular,,-7.9275,-37.188611,45,4550,4.55,,True,2007-10-17,2001-06-01,,
2600029792,Monteiro,PB,Poço tubular,,-7.912777,-37.228611,45,1300,1.3,,True,2007-10-17,2003-01-16,,
2600029793,Monteiro,PB,Poço tubular,,-7.919166,-37.200277,36,1584,1.584,,True,2007-10-17,1999-04-01,,
2600029794,Monteiro,PB,Poço tubular,,-7.898888,-37.209444,50,1176,1.176,,True,2007-10-17,1999-09-01,,
2600029795,Monteiro,PB,Poço tubular,,-7.909722,-37.203333,21,1410,1.41,,True,2007-10-17,1999-09-01,,
2600029796,Monteiro,PB,Poço tubular,,-7.912222,-37.203888,49,1772,1.772,,True,2007-10-17,2003-10-25,,
2600029798,Monteiro,PB,Poço tubular,,-7.9125,-37.198888,45,1590,1.59,,True,2007-10-17,2003-10-26,,
2600029799,Monteiro,PB,Poço tubular,,-7.894444,-37.117777,50,3700,3.7,,True,2008-03-13,2003-11-30,,
2600029800,Monteiro,PB,Poço tubular,,-7.926944,-37.1725,29,1351,1.351,,True,2007-10-17,2002-12-20,,
2600029801,Monteiro,PB,Poço tubular,,-7.917777,-37.168333,41,6530,6.53,,True,2007-10-17,2002-12-20,,
2600029802,Monteiro,PB,Poço tubular,,-7.916666,-37.163611,30,3740,3.74,,True,2007-10-17,1997-06-01,,
2600029803,Monteiro,PB,Poço tubular,,-7.918333,-37.171944,48,1300,1.3,,True,2007-10-17,2002-06-01,,
2600029804,Monteiro,PB,Poço tubular,,-7.926111,-37.176666,33,3040,3.04,,True,2007-10-17,1999-01-01,,
2600029805,Monteiro,PB,Poço tubular,,-7.927222,-37.185555,40,3080,3.08,,True,2007-10-17,2003-11-01,,
2600029806,Monteiro,PB,Poço tubular,,-7.916111,-37.174722,40,4540,4.54,,True,2007-10-17,2003-11-25,,
2600029807,Monteiro,PB,Poço tubular,,-7.911388,-37.166944,28,8030,8.03,,True,2007-10-17,2002-06-01,,
2600029808,Monteiro,PB,Poço tubular,,-7.907222,-37.158055,50,5120,5.12,,True,2007-10-18,1992-09-01,,
2600029809,Monteiro,PB,Poço tubular,,-7.906111,-37.1675,45,1498,1.498,,True,2007-10-18,2001-06-01,,
2600029810,Monteiro,PB,Poço tubular,,-7.914722,-37.148611,38,816,0.816,,True,2007-10-18,2003-11-26,,
2600029811,Monteiro,PB,Poço tubular,,-7.929444,-37.159444,55,7640,7.64,,True,2007-10-18,1981-06-01,,
2600029812,Monteiro,PB,Poço tubular,,-7.929722,-37.158333,50,8000,8.0,,True,2007-10-18,2003-01-17,,
2600029813,Monteiro,PB,Poço tubular,,-7.930555,-37.158611,47.5,4370,4.37,,True,2007-10-18,2003-01-17,,
2600029814,Monteiro,PB,Poço tubular,,-7.943888,-37.160277,40,1090,1.09,,True,2007-10-18,2003-11-27,,
2600029815,Monteiro,PB,Poço tubular,,-7.845277,-37.027777,42,1862,1.862,,True,2007-10-18,1994-05-01,,
2600029816,Monteiro,PB,Poço tubular,,-7.824166,-37.015555,21.7,2190,2.19,,True,2007-10-18,2001-06-01,,
2600029818,Monteiro,PB,Poço tubular,,-7.818333,-37.011111,50,2010,2.01,,True,2007-10-18,1998-06-01,,
2600029819,Monteiro,PB,Poço tubular,,-7.821666,-37.011944,49,1051,1.051,,True,2007-10-18,2001-06-01,,
2600029820,Monteiro,PB,Poço tubular,,-7.822777,-37.006388,51,2260,2.26,,True,2007-10-18,1982-06-01,,
2600029821,Monteiro,PB,Poço tubular,,-7.819722,-37.009722,36,2730,2.73,,True,2007-10-18,1998-06-01,,
2600029822,Monteiro,PB,Poço tubular,,-7.830277,-36.996666,70,6210,6.21,,True,2007-10-18,1954-06-01,,
2600029823,Monteiro,PB,Poço tubular,,-7.820555,-37.043055,50,1185,1.185,,True,2007-10-18,1996-06-01,,
2600029825,Monteiro,PB,Poço tubular,,-8.004444,-36.928055,23,777,0.777,,True,2007-10-18,1997-06-01,,
2600029826,Monteiro,PB,Poço tubular,,-8.011111,-36.932777,33,3760,3.76,,True,2007-10-18,2001-06-01,,
2600029827,Monteiro,PB,Poço tubular,,-8.011111,-36.933888,49.9,1558,1.558,,True,2007-10-18,2001-06-01,,
2600029828,Monteiro,PB,Poço tubular,,-8.017222,-36.931666,33,3060,3.06,,True,2007-10-19,1999-08-01,,
2600029829,Monteiro,PB,Poço tubular,,-8.0225,-36.949166,40,2170,2.17,,True,2007-10-19,2000-06-01,,
2600029830,Monteiro,PB,Poço tubular,,-8.024444,-36.932777,50,4240,4.24,,True,2007-10-19,1991-06-01,,
2600029831,Monteiro,PB,Poço tubular,,-8.025277,-36.940277,23,2350,2.35,,True,2007-10-19,2001-06-01,,
2600029832,Monteiro,PB,Poço tubular,,-8.025833,-36.942222,46,3530,3.53,,True,2007-10-19,2002-06-01,,
2600029833,Monteiro,PB,Poço tubular,,-8.023333,-36.947222,24,1945,1.945,,True,2007-10-19,1996-06-01,,
2600029834,Monteiro,PB,Poço tubular,,-8.017222,-36.961944,43,4150,4.15,,True,2007-10-19,2001-06-01,,
2600029835,Monteiro,PB,Poço tubular,,-8.02,-36.958611,33,1647,1.647,,True,2007-10-19,1997-06-01,,
2600029836,Monteiro,PB,Poço tubular,,-7.972222,-36.950555,55,2720,2.72,,True,2007-10-19,1999-06-01,,
2600029837,Monteiro,PB,Poço tubular,,-7.978888,-36.953611,34.24,1692,1.692,,True,2007-10-19,2003-11-26,,
2600029838,Monteiro,PB,Poço tubular,,-7.9775,-36.967777,22,2060,2.06,,True,2007-10-19,1982-07-01,,
2600029839,Monteiro,PB,Poço tubular,,-7.977222,-36.968888,24,1971,1.971,,True,2007-10-19,2000-06-01,,
2600029840,Monteiro,PB,Poço tubular,,-7.973611,-36.968888,28,1894,1.894,,True,2007-10-19,2000-06-01,,
2600029841,Monteiro,PB,Poço tubular,,-7.979166,-36.971944,16.32,765,0.765,,True,2007-10-19,2002-06-01,,
2600029842,Monteiro,PB,Poço tubular,,-7.9775,-36.974444,50,2730,2.73,,True,2007-10-19,1999-08-01,,
2600029843,Monteiro,PB,Poço tubular,,-7.974722,-36.974166,35,3420,3.42,,True,2007-10-19,2003-11-25,,
2600029844,Monteiro,PB,Poço tubular,,-7.988611,-36.980833,22,1079,1.079,,True,2007-10-19,1982-06-01,,
2600029845,Monteiro,PB,Poço tubular,,-8.008055,-36.980555,43,2560,2.56,,True,2007-10-19,2003-11-27,,
2600029846,Monteiro,PB,Poço tubular,,-7.947777,-37.0175,36,5790,5.79,,True,2007-10-19,2001-06-01,,
2600029847,Monteiro,PB,Poço tubular,,-7.941666,-37.020555,51,4150,4.15,,True,2007-10-19,1998-06-01,,
2600029848,Monteiro,PB,Poço tubular,,-7.939166,-37.0225,50,3890,3.89,,True,2007-10-19,2000-06-01,,
2600029849,Monteiro,PB,Poço tubular,,-7.931111,-37.021111,30,4820,4.82,,True,2007-10-19,2002-06-01,,
2600029850,Monteiro,PB,Poço tubular,,-7.929722,-37.029444,50,1552,1.552,,True,2007-10-19,1998-06-01,,
2600029851,Monteiro,PB,Poço tubular,,-7.892222,-37.108055,48,1537,1.537,,True,2007-10-22,2002-06-01,,
2600029852,Monteiro,PB,Poço tubular,,-7.901666,-37.103888,30,1576,1.576,,True,2007-10-22,1999-06-01,,
2600029854,Monteiro,PB,Poço tubular,,-7.903888,-37.1,45,1800,1.8,,True,2007-10-22,2001-06-01,,
2600029855,Monteiro,PB,Poço tubular,,-7.905277,-37.096666,45,2940,2.94,,True,2007-10-22,1997-06-01,,
2600029856,Monteiro,PB,Poço tubular,,-7.9125,-37.091944,23,5760,5.76,,True,2007-10-22,2003-11-28,,
2600029857,Monteiro,PB,Poço tubular,,-7.907777,-37.09,45,1318,1.318,,True,2007-10-22,2002-06-01,,
2600029858,Monteiro,PB,Poço tubular,,-7.910277,-37.066111,50,2150,2.15,,True,2007-10-22,1998-06-01,,
2600029859,Monteiro,PB,Poço tubular,,-7.918611,-37.0475,50,2800,2.8,,True,2007-10-22,1997-06-01,,
2600029860,Monteiro,PB,Poço tubular,,-7.921944,-37.033888,53,1263,1.263,,True,2007-10-22,2001-06-01,,
2600029861,Monteiro,PB,Poço tubular,,-7.912222,-37.028333,33,4170,4.17,,True,2007-10-22,1999-04-01,,
2600029862,Monteiro,PB,Poço tubular,,-7.924166,-37.029444,49,609,0.609,,True,2007-10-22,2003-10-23,,
2600029863,Monteiro,PB,Poço tubular,,-7.926111,-37.042777,30,2020,2.02,,True,2007-10-22,2001-06-01,,
2600029864,Monteiro,PB,Poço tubular,,-7.9325,-37.042222,25,6000,6.0,,True,2007-10-22,1996-06-01,,
2600029865,Monteiro,PB,Poço tubular,,-7.903055,-37.099166,60,4020,4.02,,True,2007-10-22,1980-11-01,,
2600029866,Monteiro,PB,Poço tubular,,-7.934722,-37.066944,42,1519,1.519,,True,2007-10-22,2002-06-01,,
2600029867,Monteiro,PB,Poço tubular,,-7.933888,-37.064722,48,1606,1.606,,True,2007-10-22,2002-06-01,,
2600029869,Monteiro,PB,Poço tubular,,-7.884166,-37.128888,50,4210,4.21,,True,2007-10-22,2003-11-24,,
2600029870,Monteiro,PB,Poço tubular,,-7.8725,-37.135277,30,7640,7.64,,True,2007-10-23,2003-11-24,,
2600029871,Monteiro,PB,Poço tubular,,-7.87,-37.142777,30,9370,9.37,,True,2007-10-23,2003-11-24,,
2600029872,Monteiro,PB,Poço tubular,,-7.891666,-37.120277,100,2920,2.92,,True,2008-03-13,1996-06-01,,
2600029873,Monteiro,PB,Poço tubular,,-7.855555,-37.151388,23,2710,2.71,,True,2007-10-23,2003-11-24,,
2600029874,Monteiro,PB,Poço tubular,,-7.8525,-37.159444,50,5750,5.75,,True,2007-10-23,2003-11-24,,
2600029875,Monteiro,PB,Poço tubular,,-7.852777,-37.160277,50,2400,2.4,,True,2007-10-23,2003-11-24,,
2600029876,Monteiro,PB,Poço tubular,,-7.843611,-37.159722,50,4250,4.25,,True,2007-10-23,2003-11-24,,
2600029877,Monteiro,PB,Poço tubular,,-7.891388,-37.114444,50,3260,3.26,,True,2008-03-13,1998-04-25,,
2600029878,Monteiro,PB,Poço tubular,,-7.827777,-37.161111,39,4110,4.11,,True,2007-10-23,2003-06-01,,
2600029879,Monteiro,PB,Poço tubular,,-7.829444,-37.158333,20,3960,3.96,,True,2007-10-23,2003-11-24,,
2600029880,Monteiro,PB,Poço tubular,,-7.829166,-37.159166,24,3250,3.25,,True,2007-10-23,2002-12-22,,
2600029881,Monteiro,PB,Poço tubular,,-7.818333,-37.166111,50,2130,2.13,,True,2007-10-23,1998-11-01,,
2600029882,Monteiro,PB,Poço tubular,,-7.813055,-37.168333,39,1177,1.177,,True,2007-10-23,2002-06-01,,
2600029884,Monteiro,PB,Poço tubular,,-7.845,-37.178055,30,1529,1.529,,True,2007-10-23,1999-06-01,,
2600029886,Monteiro,PB,Poço tubular,,-7.842777,-37.186388,30,1866,1.866,,True,2007-10-23,2003-11-25,,
2600029887,Monteiro,PB,Poço tubular,,-7.900833,-37.126944,50,2460,2.46,,True,2008-03-13,2003-12-06,,
2600029888,Monteiro,PB,Poço tubular,,-7.847777,-37.205277,52,3760,3.76,,True,2007-10-23,2002-05-04,,
2600029889,Monteiro,PB,Poço tubular,,-7.848333,-37.214444,50,3090,3.09,,True,2007-10-23,2002-05-05,,
2600029891,Monteiro,PB,Poço tubular,,-7.815277,-37.191111,45,2520,2.52,,True,2007-10-24,1998-06-01,,
2600029892,Monteiro,PB,Poço tubular,,-7.817777,-37.219444,48,1568,1.568,,True,2007-10-24,1998-11-01,,
2600029893,Monteiro,PB,Poço tubular,,-7.824444,-37.205833,36,3557,3.557,,True,2007-10-24,1989-06-01,,
2600029895,Monteiro,PB,Poço tubular,,-7.786666,-37.148611,50,5860,5.86,,True,2007-10-24,1999-09-01,,
2600029896,Monteiro,PB,Poço tubular,,-7.933611,-37.115833,24,11370,11.37,,True,2007-10-24,2002-06-01,,
2600029898,Monteiro,PB,Poço tubular,,-7.931944,-37.116666,14,18030,18.03,,True,2007-10-24,2003-06-01,,
2600029899,Monteiro,PB,Poço tubular,,-7.934444,-37.119444,21,2940,2.94,,True,2007-10-24,1971-06-01,,
2600029900,Monteiro,PB,Poço tubular,,-7.938611,-37.118333,36,2090,2.09,,True,2007-10-24,2000-06-01,,
2600029901,Monteiro,PB,Poço tubular,,-7.937222,-37.115555,30,2340,2.34,,True,2007-10-24,2002-06-01,,
2600029902,Monteiro,PB,Poço tubular,,-7.931944,-37.106111,50,1639,1.639,,True,2007-10-24,2003-09-01,,
2600029903,Monteiro,PB,Poço tubular,,-7.920555,-37.100277,60,2800,2.8,,True,2007-10-24,2003-11-26,,
2600029904,Monteiro,PB,Poço tubular,,-7.92,-37.1,49,2640,2.64,,True,2007-10-24,2003-10-24,,
2600029906,Monteiro,PB,Poço tubular,,-7.931388,-37.095277,49,6290,6.29,,True,2007-10-24,2003-10-24,,
2600029907,Monteiro,PB,Poço tubular,,-7.938055,-37.096111,41,2810,2.81,,True,2007-10-24,2003-01-17,,
2600029908,Monteiro,PB,Poço tubular,,-7.95,-37.077222,50,2350,2.35,,True,2007-10-25,1988-06-01,,
2600029909,Monteiro,PB,Poço tubular,,-7.946388,-37.121388,50,4870,4.87,,True,2007-10-25,2003-11-26,,
2600029910,Monteiro,PB,Poço tubular,,-7.955555,-37.116666,50,1688,1.688,,True,2007-10-25,1999-04-01,,
2600029911,Monteiro,PB,Poço tubular,,-7.971666,-37.12,38,3630,3.63,,True,2007-10-25,2003-11-26,,
2600029913,Monteiro,PB,Poço tubular,,-7.983611,-37.125833,50,1948,1.948,,True,2007-10-25,2001-06-01,,
2600029915,Monteiro,PB,Poço tubular,,-7.985,-37.124444,50,1934,1.934,,True,2007-10-25,2003-11-26,,
2600029916,Monteiro,PB,Poço tubular,,-8.010277,-37.130555,48,711,0.711,,True,2007-10-25,1971-10-01,,
2600029917,Monteiro,PB,Poço tubular,,-8.019722,-37.141666,28,770,0.77,,True,2007-10-25,2003-11-26,,
2600029918,Monteiro,PB,Poço tubular,,-8.010833,-37.123888,50,1533,1.533,,True,2007-10-25,2003-01-07,,
2600029919,Monteiro,PB,Poço tubular,,-7.949722,-37.152222,35,1209,1.209,,True,2007-10-25,2003-11-27,,
2600029920,Monteiro,PB,Poço tubular,,-7.95,-37.151944,35,818,0.818,,True,2007-10-25,2003-11-27,,
2600029921,Monteiro,PB,Poço tubular,,-7.953055,-37.151388,40,1140,1.14,,True,2007-10-25,2003-11-27,,
2600029922,Monteiro,PB,Poço tubular,,-7.945555,-37.1525,36,1905,1.905,,True,2007-10-25,2003-11-27,,
2600029923,Monteiro,PB,Poço tubular,,-7.9475,-37.129166,37,4040,4.04,,True,2007-10-25,2003-11-27,,
2600029924,Monteiro,PB,Poço tubular,,-7.957222,-37.131944,43,3740,3.74,,True,2007-10-25,2003-11-27,,
2600029925,Monteiro,PB,Poço tubular,,-7.958055,-37.13,47,2900,2.9,,True,2007-10-25,2003-11-27,,
2600029926,Monteiro,PB,Poço tubular,,-7.956944,-37.135,42,3100,3.1,,True,2007-10-25,1982-04-01,,
2600029927,Monteiro,PB,Poço tubular,,-7.958333,-37.139166,48,1993,1.993,,True,2007-10-25,1982-04-01,,
2600029928,Monteiro,PB,Poço tubular,,-7.969722,-37.145,25,1683,1.683,,True,2007-10-25,1997-06-01,,
2600029929,Monteiro,PB,Poço tubular,,-7.9725,-37.146666,35,2620,2.62,,True,2007-10-25,2003-11-27,,
2600029930,Monteiro,PB,Poço tubular,,-7.976944,-37.150833,40,1815,1.815,,True,2007-10-25,2003-11-27,,
2600029931,Monteiro,PB,Poço tubular,,-7.975555,-37.157222,40,1354,1.354,,True,2007-10-26,1993-01-01,,
2600029932,Monteiro,PB,Poço tubular,,-7.973888,-37.163611,18,2160,2.16,,True,2007-10-26,2002-12-22,,
2600029933,Monteiro,PB,Poço tubular,,-7.9425,-37.153888,34,1175,1.175,,True,2007-10-26,2000-06-01,,
2600029934,Monteiro,PB,Poço tubular,,-7.983611,-37.156388,50,2180,2.18,,True,2007-10-26,2003-11-28,,
2600029935,Monteiro,PB,Poço tubular,,-7.986388,-37.156666,50,1043,1.043,,True,2007-10-26,1993-01-01,,
2600029936,Monteiro,PB,Poço tubular,,-7.988055,-37.158611,38,1064,1.064,,True,2007-10-26,2002-06-01,,
2600029937,Monteiro,PB,Poço tubular,,-7.996111,-37.157222,37,1143,1.143,,True,2007-10-26,2002-12-22,,
2600029938,Monteiro,PB,Poço tubular,,-7.998055,-37.149444,50,1016,1.016,,True,2007-10-26,1997-06-01,,
2600029940,Monteiro,PB,Poço tubular,,-7.893055,-37.133333,50,1609,1.609,,True,2007-10-26,2003-11-28,,
2600029941,Monteiro,PB,Poço tubular,,-7.889444,-37.133611,50,2120,2.12,,True,2007-10-26,2003-11-28,,
2600029942,Monteiro,PB,Poço tubular,,-7.889166,-37.129444,40,3960,3.96,,True,2007-10-26,2003-11-28,,
2600029943,Monteiro,PB,Poço tubular,,-7.891388,-37.127222,25,2380,2.38,,True,2007-10-26,2002-12-23,,
2600029944,Monteiro,PB,Poço tubular,,-7.891666,-37.124444,35,5880,5.88,,True,2007-10-29,2003-11-30,,
2600029945,Monteiro,PB,Poço tubular,,-7.895,-37.124166,50,2670,2.67,,True,2007-10-29,1998-10-01,,
2600029946,Monteiro,PB,Poço tubular,,-7.898333,-37.121388,36,3750,3.75,,True,2007-10-29,2003-11-30,,
2600029947,Monteiro,PB,Poço tubular,,-7.905555,-37.115833,50,4690,4.69,,True,2007-10-29,1997-06-01,,
2600029948,Monteiro,PB,Poço tubular,,-7.9025,-37.122777,33,2180,2.18,,True,2007-10-29,1999-08-01,,
2600029949,Monteiro,PB,Poço tubular,,-7.904722,-37.1175,49,3100,3.1,,True,2007-10-29,2002-12-22,,
2600029950,Monteiro,PB,Poço tubular,,-7.905833,-37.125555,49,2690,2.69,,True,2007-10-29,2003-01-08,,
2600029951,Monteiro,PB,Poço tubular,,-7.893888,-37.118333,52,3520,3.52,,True,2007-10-29,2003-11-30,,
2600029952,Monteiro,PB,Poço tubular,,-7.888055,-37.113611,50,3070,3.07,,True,2007-10-29,2003-11-30,,
2600029953,Monteiro,PB,Poço tubular,,-7.889722,-37.117222,42,2780,2.78,,True,2007-10-29,1997-06-01,,
2600029954,Monteiro,PB,Poço tubular,,-7.901944,-37.132777,50,1228,1.228,,True,2007-10-29,2003-01-06,,
2600029955,Monteiro,PB,Poço tubular,,-7.892222,-37.128888,48,2520,2.52,,True,2007-10-29,1999-08-01,,
2600029956,Monteiro,PB,Poço tubular,,-7.888888,-37.109722,45,3170,3.17,,True,2007-10-29,2002-12-22,,
2600029957,Monteiro,PB,Poço tubular,,-7.866388,-36.945555,50,12530,12.53,,True,2007-10-29,2001-06-01,,
2600029958,Camalaú,PB,Poço tubular,,-7.830555,-36.938333,30,5310,5.31,,True,2007-10-29,1997-11-01,,
2600029959,Monteiro,PB,Poço tubular,,-7.830833,-36.991111,34,7340,7.34,,True,2007-10-29,2003-12-02,,
2600029960,Monteiro,PB,Poço tubular,,-7.829444,-36.989166,29,2560,2.56,,True,2007-10-29,2003-01-06,,
2600029961,Monteiro,PB,Poço tubular,,-7.836388,-36.980555,50,5210,5.21,,True,2007-10-30,2003-12-02,,
2600029962,Monteiro,PB,Poço tubular,,-7.845,-36.99,35,1662,1.662,,True,2007-10-30,2003-12-02,,
2600029963,Monteiro,PB,Poço tubular,,-7.829444,-36.988611,36,1646,1.646,,True,2007-10-30,2002-06-01,,
2600029964,Monteiro,PB,Poço tubular,,-7.833888,-36.985277,44,2010,2.01,,True,2007-10-30,1998-12-01,,
2600029965,Monteiro,PB,Poço tubular,,-7.8325,-36.983888,50,1912,1.912,,True,2007-10-30,1998-10-01,,
2600029966,Monteiro,PB,Poço tubular,,-7.83,-36.988333,39,4560,4.56,,True,2007-10-30,2003-12-03,,
2600029967,Sumé,PB,Poço tubular,,-7.795555,-36.982777,40,1786,1.786,,True,2007-10-30,2003-12-03,,
2600029968,Monteiro,PB,Poço tubular,,-7.831666,-36.994444,55,5330,5.33,,True,2007-10-30,2003-12-03,,
2600029969,Monteiro,PB,Poço tubular,,-7.833611,-37.001388,28,1432,1.432,,True,2007-10-30,2003-12-03,,
2600029970,Monteiro,PB,Poço tubular,,-7.835277,-36.991944,48,1507,1.507,,True,2007-10-30,1999-09-01,,
2600029971,Monteiro,PB,Poço tubular,,-7.888055,-37.117777,17,3480,3.48,,True,2007-10-30,2003-12-03,,
2600029972,Monteiro,PB,Poço tubular,,-7.946388,-37.070833,33,1491,1.491,,True,2007-10-30,2001-06-01,,
2600029973,Monteiro,PB,Poço tubular,,-7.944722,-37.061666,18,3130,3.13,,True,2007-10-30,2001-06-01,,
2600029974,Monteiro,PB,Poço tubular,,-7.942777,-37.056666,40,4700,4.7,,True,2007-10-30,2002-06-01,,
2600029975,Monteiro,PB,Poço tubular,,-7.936111,-37.051111,35,8470,8.47,,True,2007-10-30,2003-11-29,,
2600029976,Monteiro,PB,Poço tubular,,-7.935,-37.051388,25,8990,8.99,,True,2007-10-30,2000-06-01,,
2600029977,Monteiro,PB,Poço tubular,,-7.901111,-37.009444,50,2250,2.25,,True,2007-10-30,2002-06-01,,
2600029978,Monteiro,PB,Poço tubular,,-7.915833,-37.005555,30,1625,1.625,,True,2007-10-30,2001-06-01,,
2600029979,Monteiro,PB,Poço tubular,,-7.93,-37.011666,48,3270,3.27,,True,2007-10-30,2001-06-01,,
2600029980,Monteiro,PB,Poço tubular,,-7.9475,-37.051111,30,807,0.807,,True,2007-10-30,1994-04-01,,
2600029981,Monteiro,PB,Poço tubular,,-7.963611,-37.043611,42,5840,5.84,,True,2007-10-30,2003-11-29,,
2600029982,Monteiro,PB,Poço tubular,,-7.965833,-37.045277,25,10950,10.95,,True,2007-10-30,2002-06-01,,
2600029983,Monteiro,PB,Poço tubular,,-7.981388,-37.04,36,1252,1.252,,True,2007-10-30,1981-12-01,,
2600029984,Monteiro,PB,Poço tubular,,-8.003333,-37.033333,33,3480,3.48,,True,2007-10-30,1999-06-01,,
2600029985,Monteiro,PB,Poço tubular,,-7.998888,-37.03,30,3660,3.66,,True,2007-10-30,1986-06-01,,
2600029986,Monteiro,PB,Poço tubular,,-7.993333,-37.019166,50,1150,1.15,,True,2007-10-30,2002-12-18,,
2600029987,Monteiro,PB,Poço tubular,,-7.988888,-37.018055,21,1339,1.339,,True,2007-10-30,1998-06-01,,
2600029989,Monteiro,PB,Poço tubular,,-8.036944,-36.968611,50,1867,1.867,,True,2007-10-31,1996-06-01,,
2600029990,Monteiro,PB,Poço tubular,,-7.976944,-37.016666,50,4760,4.76,,True,2007-10-31,1983-06-01,,
2600029991,Monteiro,PB,Poço tubular,,-7.970555,-37.015,24,1466,1.466,,True,2007-10-31,1996-06-01,,
2600029992,Monteiro,PB,Poço tubular,,-7.965277,-36.965833,37,903,0.903,,True,2007-10-31,1996-06-01,,
2600029993,Monteiro,PB,Poço tubular,,-7.958333,-36.969444,51,1092,1.092,,True,2007-10-31,1999-06-01,,
2600029994,Monteiro,PB,Poço tubular,,-7.971388,-36.963888,25,3030,3.03,,True,2007-10-31,2000-06-01,,
2600029995,Monteiro,PB,Poço tubular,,-7.928333,-36.934444,30,10200,10.2,,True,2007-10-31,1999-08-01,,
2600029996,Monteiro,PB,Poço tubular,,-8.011388,-36.953055,33,1089,1.089,,True,2007-10-31,1999-01-01,,
2600029997,Monteiro,PB,Poço tubular,,-8.010555,-36.953611,50,2890,2.89,,True,2007-10-31,1997-03-01,,
2600029998,Monteiro,PB,Poço tubular,,-7.976111,-36.968333,46,1203,1.203,,True,2007-10-31,2001-06-01,,
2600029999,Monteiro,PB,Poço tubular,,-7.984444,-36.969722,42,1326,1.326,,True,2007-10-31,1999-08-01,,
2600030000,Monteiro,PB,Poço tubular,,-7.946388,-36.984166,36,1651,1.651,,True,2007-10-31,1981-06-01,,
2600030001,Monteiro,PB,Poço tubular,,-7.946944,-36.988888,28,2450,2.45,,True,2007-10-31,2001-06-01,,
2600030002,Monteiro,PB,Poço tubular,,-7.959444,-37.018611,33,5790,5.79,,True,2007-10-31,1993-01-01,,
2600030004,Monteiro,PB,Poço tubular,,-7.960833,-37.036666,18,2900,2.9,,True,2007-10-31,1993-01-01,,
2600030005,Monteiro,PB,Poço tubular,,-7.933611,-37.007777,30,2360,2.36,,True,2007-10-31,1999-07-01,,
2600030006,Monteiro,PB,Poço tubular,,-7.930833,-37.002222,33,1484,1.484,,True,2007-10-31,2003-05-30,,
2600030007,Camalaú,PB,Poço tubular,,-7.866111,-36.938888,29,4490,4.49,,True,2007-10-31,2003-01-04,,
2600030008,Monteiro,PB,Poço tubular,,-7.872222,-36.9375,51,6710,6.71,,True,2007-11-01,1999-08-01,,
2600030009,Monteiro,PB,Poço tubular,,-7.87,-36.941666,50,3250,3.25,,True,2007-11-01,2003-01-15,,
2600030010,Monteiro,PB,Poço tubular,,-7.863333,-36.968055,32,1147,1.147,,True,2007-11-01,2000-06-01,,
2600030447,Belém do Brejo do Cruz,PB,Poço tubular,,-6.188333,-37.579722,41,10200,10.2,,True,2007-11-28,2000-06-01,,
2600030449,Belém do Brejo do Cruz,PB,Poço tubular,,-6.173611,-37.423611,41,1550,1.55,,True,2007-11-28,2002-11-19,,
2600030450,Belém do Brejo do Cruz,PB,Poço tubular,,-6.117777,-37.373055,50,2050,2.05,,True,2007-11-28,1979-06-01,,
2600030451,Belém do Brejo do Cruz,PB,Poço tubular,,-6.116944,-37.372222,50,2010,2.01,,True,2007-11-28,1979-06-01,,
2600030453,Belém do Brejo do Cruz,PB,Poço tubular,,-6.148888,-37.393611,10,2200,2.2,,True,2007-11-28,1957-06-01,,
2600030454,Belém do Brejo do Cruz,PB,Poço tubular,,-6.246388,-37.619722,29,1154,1.154,,True,2007-11-28,1999-06-01,,
2600030457,Mãe d'Água,PB,Poço tubular,,-7.258611,-37.426111,45,2260,2.26,,True,2007-11-28,1979-06-01,,
2600030461,Mãe d'Água,PB,Poço tubular,,-7.261111,-37.423888,50,4190,4.19,,True,2007-11-29,2002-08-01,,
2600030462,Mãe d'Água,PB,Poço tubular,,-7.256111,-37.427222,50,2450,2.45,,True,2007-11-29,1984-06-01,,
2600030470,Mãe d'Água,PB,Poço tubular,,-7.197777,-37.394444,50,1074,1.074,,True,2007-11-29,2002-12-13,,
2600030473,Mãe d'Água,PB,Poço tubular,,-7.269722,-37.504722,35,521,0.521,,True,2007-11-29,2001-06-01,,
2600030475,Mãe d'Água,PB,Poço tubular,,-7.186944,-37.380277,50,1448,1.448,,True,2007-11-29,2002-05-01,,
2600030477,Mãe d'Água,PB,Poço tubular,,-7.213611,-37.3925,40.15,3710,3.71,,True,2007-11-29,1999-06-01,,
2600030483,Desterro,PB,Poço tubular,,-7.264444,-37.136666,32,2020,2.02,,True,2007-11-29,2002-06-01,,
2600030484,Desterro,PB,Poço tubular,,-7.270277,-37.109722,44,7950,7.95,,True,2007-11-29,2002-11-25,,
2600030485,Desterro,PB,Poço tubular,,-7.259444,-37.104444,50,2530,2.53,,True,2007-11-29,1999-02-08,,
2600030486,Desterro,PB,Poço tubular,,-7.241111,-37.103055,50,1344,1.344,,True,2007-11-29,1999-06-01,,
2600030489,Desterro,PB,Poço tubular,,-7.324722,-37.149166,42,3390,3.39,,True,2007-11-29,2001-06-01,,
2600030491,Desterro,PB,Poço tubular,,-7.316944,-37.126388,36,1190,1.19,,True,2007-11-30,2000-06-01,,
2600030495,Desterro,PB,Poço tubular,,-7.290277,-37.063333,54,1778,1.778,,True,2007-11-30,1986-06-01,,
2600030497,Desterro,PB,Poço tubular,,-7.285,-37.079722,42,3750,3.75,,True,2007-11-30,2000-06-01,,
2600030501,Desterro,PB,Poço tubular,,-7.286388,-37.085833,50,4940,4.94,,True,2007-11-30,1966-09-14,,
2600030502,Desterro,PB,Poço tubular,,-7.290555,-37.087777,35,3170,3.17,,True,2007-11-30,2000-06-01,,
2600030503,Desterro,PB,Poço tubular,,-7.291388,-37.084722,6,2800,2.8,,True,2007-11-30,1999-06-01,,
2600030504,Desterro,PB,Poço tubular,,-7.290277,-37.088055,28,3480,3.48,,True,2007-11-30,2000-06-01,,
2600030505,Desterro,PB,Poço tubular,,-7.291666,-37.1025,46,3470,3.47,,True,2007-11-30,2000-06-01,,
2600030508,Teixeira,PB,Poço tubular,,-7.273333,-37.155,40,5630,5.63,,True,2007-11-30,1981-11-03,,
2600030509,Monteiro,PB,Poço tubular,,-7.885277,-36.970833,53,3290,3.29,,True,2007-11-07,2003-01-04,,
2600030510,Monteiro,PB,Poço tubular,,-7.883888,-36.996388,30,3840,3.84,,True,2007-11-07,1998-06-01,,
2600030511,Monteiro,PB,Poço tubular,,-7.874166,-36.987777,40,9660,9.66,,True,2007-11-07,1985-11-01,,
2600030512,Monteiro,PB,Poço tubular,,-7.851666,-37.027222,42,1308,1.308,,True,2007-11-07,1999-02-01,,
2600030514,Monteiro,PB,Poço tubular,,-7.862777,-37.035833,48,1426,1.426,,True,2007-11-07,1991-06-07,,
2600030515,Monteiro,PB,Poço tubular,,-7.879722,-37.023888,33,1105,1.105,,True,2007-11-07,2003-12-03,,
2600030516,Monteiro,PB,Poço tubular,,-7.874722,-37.01,22,2400,2.4,,True,2007-11-07,1996-06-01,,
2600030517,Monteiro,PB,Poço tubular,,-7.870555,-37.008888,50,2060,2.06,,True,2007-11-07,2003-12-03,,
2600030518,Monteiro,PB,Poço tubular,,-7.862222,-37.013333,37,3880,3.88,,True,2007-11-07,2003-01-09,,
2600030519,Monteiro,PB,Poço tubular,,-7.875555,-37.011111,50,2200,2.2,,True,2007-11-07,2000-06-01,,
2600030520,Monteiro,PB,Poço tubular,,-7.891111,-37.029166,50,9890,9.89,,True,2007-11-07,1998-06-01,,
2600030521,Monteiro,PB,Poço tubular,,-7.893055,-37.025555,40,2310,2.31,,True,2007-11-07,1999-01-01,,
2600030522,Monteiro,PB,Poço tubular,,-7.889722,-37.036944,33,3900,3.9,,True,2007-11-07,1998-10-01,,
2600030523,Monteiro,PB,Poço tubular,,-7.894166,-37.042777,51,1132,1.132,,True,2007-11-07,1994-04-01,,
2600030524,Monteiro,PB,Poço tubular,,-7.882222,-37.043611,37,6760,6.76,,True,2007-11-07,2003-01-08,,
2600030525,Monteiro,PB,Poço tubular,,-7.88,-37.049722,28.38,2170,2.17,,True,2007-11-07,2002-06-01,,
2600030526,Monteiro,PB,Poço tubular,,-7.891388,-37.117777,48,3750,3.75,,True,2007-11-08,1999-08-01,,
2600030527,Monteiro,PB,Poço tubular,,-7.889722,-37.124166,24,3590,3.59,,True,2007-11-08,2003-12-03,,
2600030528,Monteiro,PB,Poço tubular,,-7.891388,-37.125,34,2660,2.66,,True,2007-11-08,1999-09-01,,
2600030529,Monteiro,PB,Poço tubular,,-7.983333,-37.088888,49,7830,7.83,,True,2007-11-08,2003-01-07,,
2600030531,Monteiro,PB,Poço tubular,,-7.983888,-37.08,50,3400,3.4,,True,2007-11-08,2002-06-01,,
2600030532,Monteiro,PB,Poço tubular,,-7.963333,-37.086111,50,2910,2.91,,True,2007-11-08,1999-01-01,,
2600030533,Monteiro,PB,Poço tubular,,-7.964722,-37.0775,40,5250,5.25,,True,2007-11-08,2001-06-01,,
2600030534,Monteiro,PB,Poço tubular,,-7.970277,-37.070833,30,4110,4.11,,True,2007-11-08,2003-12-04,,
2600030535,Monteiro,PB,Poço tubular,,-7.979166,-37.078611,55,4920,4.92,,True,2007-11-08,1991-06-01,,
2600030536,Monteiro,PB,Poço tubular,,-7.982222,-37.100277,35,2200,2.2,,True,2007-11-08,2003-12-04,,
2600030537,Monteiro,PB,Poço tubular,,-7.990555,-37.1,50,3410,3.41,,True,2007-11-08,1997-07-01,,
2600030538,Monteiro,PB,Poço tubular,,-8.016666,-37.090555,48,4260,4.26,,True,2007-11-08,1984-04-01,,
2600030539,Monteiro,PB,Poço tubular,,-8.021944,-37.094166,46,3650,3.65,,True,2007-11-08,2003-10-01,,
2600030540,Monteiro,PB,Poço tubular,,-8.009722,-37.089166,45,6370,6.37,,True,2007-11-08,2003-10-25,,
2600030541,Monteiro,PB,Poço tubular,,-8.023055,-37.063888,50,1582,1.582,,True,2007-11-08,1997-07-01,,
2600030543,Monteiro,PB,Poço tubular,,-8.030555,-37.069722,36,5160,5.16,,True,2007-11-09,2003-12-05,,
2600030544,Monteiro,PB,Poço tubular,,-8.033333,-37.068888,50,6020,6.02,,True,2007-11-09,1995-06-01,,
2600030545,Monteiro,PB,Poço tubular,,-8.039722,-37.072777,40,3420,3.42,,True,2007-11-09,2003-12-05,,
2600030546,Monteiro,PB,Poço tubular,,-8.011666,-37.1175,46,1718,1.718,,True,2007-11-09,2000-06-01,,
2600030547,Monteiro,PB,Poço tubular,,-8.016111,-37.106111,49,7760,7.76,,True,2007-11-09,2003-10-25,,
2600030548,Monteiro,PB,Poço tubular,,-8.0275,-37.101388,40,7700,7.7,,True,2007-11-09,2003-12-05,,
2600030549,Monteiro,PB,Poço tubular,,-8.033611,-37.101666,51,2850,2.85,,True,2007-11-09,1997-07-01,,
2600030550,Monteiro,PB,Poço tubular,,-8.033055,-37.108611,50,2830,2.83,,True,2007-11-09,1999-03-01,,
2600030551,Monteiro,PB,Poço tubular,,-7.870555,-37.091944,50,4110,4.11,,True,2007-11-09,2003-06-01,,
2600030552,Monteiro,PB,Poço tubular,,-7.870277,-37.091944,51,3340,3.34,,True,2007-11-09,2003-06-01,,
2600030553,Monteiro,PB,Poço tubular,,-7.870277,-37.092222,26,2680,2.68,,True,2007-11-09,2003-12-06,,
2600030554,Monteiro,PB,Poço tubular,,-7.868888,-37.093333,50,1298,1.298,,True,2007-11-09,2003-12-06,,
2600030555,Monteiro,PB,Poço tubular,,-7.871111,-37.0925,46,3970,3.97,,True,2007-11-09,2003-12-06,,
2600030556,Monteiro,PB,Poço tubular,,-7.873333,-37.09,49,765,0.765,,True,2007-11-09,2003-12-06,,
2600030557,Monteiro,PB,Poço tubular,,-7.888888,-37.118055,36,3380,3.38,,True,2007-11-09,1999-04-01,,
2600030558,Monteiro,PB,Poço tubular,,-7.889444,-37.126944,50,2420,2.42,,True,2007-11-09,1999-07-01,,
2600030560,Monteiro,PB,Poço tubular,,-7.930277,-37.013055,53.5,7110,7.11,,True,2007-11-12,1992-06-01,,
2600030561,Monteiro,PB,Poço tubular,,-7.930833,-37.019166,30,5850,5.85,,True,2007-11-12,1981-11-01,,
2600030562,Monteiro,PB,Poço tubular,,-7.945,-37.076666,30,1977,1.977,,True,2007-11-12,1997-06-01,,
2600030563,Monteiro,PB,Poço tubular,,-7.951111,-37.071111,49,3610,3.61,,True,2007-11-12,2000-06-01,,
2600030564,Monteiro,PB,Poço tubular,,-7.960277,-37.065833,32,1115,1.115,,True,2007-11-12,1977-08-01,,
2600030565,Monteiro,PB,Poço tubular,,-7.96,-37.064722,40,2740,2.74,,True,2007-11-12,1979-06-01,,
2600030566,Monteiro,PB,Poço tubular,,-7.969722,-37.059444,40,3180,3.18,,True,2007-11-12,2002-11-13,,
2600030567,Monteiro,PB,Poço tubular,,-7.992222,-37.065555,42,4030,4.03,,True,2007-11-12,2001-10-16,,
2600030568,Monteiro,PB,Poço tubular,,-8.005277,-37.0625,52,1608,1.608,,True,2007-11-12,2002-11-13,,
2600030569,Monteiro,PB,Poço tubular,,-7.904444,-37.066666,50,1683,1.683,,True,2007-11-12,1998-03-01,,
2600030570,Monteiro,PB,Poço tubular,,-7.913055,-37.065277,49.92,1802,1.802,,True,2007-11-12,2002-06-01,,
2600030571,Monteiro,PB,Poço tubular,,-7.923333,-36.968888,30,2770,2.77,,True,2007-11-12,1976-02-01,,
2600030572,Monteiro,PB,Poço tubular,,-7.993055,-37.052777,45,3120,3.12,,True,2007-11-12,1996-06-01,,
2600030573,Monteiro,PB,Poço tubular,,-7.994444,-37.053888,29,1429,1.429,,True,2007-11-12,2003-11-01,,
2600030574,Monteiro,PB,Poço tubular,,-7.981111,-37.068333,50,3900,3.9,,True,2007-11-12,1986-06-01,,
2600030575,Monteiro,PB,Poço tubular,,-7.98,-37.066666,42,3340,3.34,,True,2007-11-12,2002-06-01,,
2600030576,Monteiro,PB,Poço tubular,,-8.004166,-37.073888,50,1203,1.203,,True,2007-11-12,1998-06-01,,
2600030577,Monteiro,PB,Poço tubular,,-8.005277,-37.079444,60,1756,1.756,,True,2007-11-12,1983-06-01,,
2600030578,Monteiro,PB,Poço tubular,,-8.004444,-37.081944,38,3810,3.81,,True,2007-11-12,2001-06-01,,
2600030579,Monteiro,PB,Poço tubular,,-8.005833,-37.089722,45,2200,2.2,,True,2007-11-12,1986-06-01,,
2600030580,Monteiro,PB,Poço tubular,,-8.036944,-37.106944,50,2580,2.58,,True,2007-11-12,1999-06-01,,
2600030581,Monteiro,PB,Poço tubular,,-7.770277,-37.05,50,3040,3.04,,True,2007-11-13,2000-01-12,,
2600030582,Monteiro,PB,Poço tubular,,-7.861111,-37.074722,36.6,3540,3.54,,True,2007-11-13,2003-06-01,,
2600030583,Monteiro,PB,Poço tubular,,-7.878333,-37.057777,33,1860,1.86,,True,2007-11-13,2003-10-25,,
2600030584,Monteiro,PB,Poço tubular,,-7.883611,-37.145277,40,6610,6.61,,True,2008-03-13,2003-11-21,,
2600030585,Monteiro,PB,Poço tubular,,-7.895,-37.119722,50,2200,2.2,,True,2008-03-13,2003-11-30,,
2600030586,Monteiro,PB,Poço tubular,,-7.846111,-37.189444,50,4840,4.84,,True,2007-11-13,2003-11-25,,
2600030587,Monteiro,PB,Poço tubular,,-7.846111,-37.190555,50,2510,2.51,,True,2007-11-13,2003-11-25,,
2600030589,Monteiro,PB,Poço tubular,,-7.989722,-37.124166,50,1645,1.645,,True,2007-11-13,2003-11-26,,
2600030590,Monteiro,PB,Poço tubular,,-7.827777,-36.990277,65,1984,1.984,,True,2007-11-13,2003-12-02,,
2600030591,Monteiro,PB,Poço tubular,,-7.892777,-37.131666,50,3200,3.2,,True,2007-11-14,2003-12-03,,
2600030592,Monteiro,PB,Poço tubular,,-7.891944,-37.128055,45,2150,2.15,,True,2007-11-14,2003-12-03,,
2600030593,Monteiro,PB,Poço tubular,,-7.883888,-36.969444,50,7480,7.48,,True,2007-11-14,1998-06-01,,
2600030598,Cuité,PB,Poço tubular,,-6.445277,-36.146944,50,5280,5.28,,True,2007-11-19,2002-12-18,,
2600030601,Cuité,PB,Poço tubular,,-6.435555,-36.172222,50,2730,2.73,,True,2007-11-19,2002-12-19,,
2600030603,Cuité,PB,Poço tubular,,-6.638055,-36.16,46,8870,8.87,,True,2007-11-19,2002-12-18,,
2600030604,Cuité,PB,Poço tubular,,-6.638888,-36.1675,52,5010,5.01,,True,2007-11-19,2002-12-18,,
2600030605,Cuité,PB,Poço tubular,,-6.646666,-36.175555,46,18200,18.2,,True,2007-11-19,2002-12-18,,
2600030606,Cuité,PB,Poço tubular,,-6.653055,-36.168888,50.1,19200,19.2,,True,2007-11-19,2002-12-18,,
2600030607,Cuité,PB,Poço tubular,,-6.665277,-36.155833,60,2530,2.53,,True,2007-11-19,2002-12-18,,
2600030608,Cuité,PB,Poço tubular,,-6.669444,-36.171944,55,5190,5.19,,True,2007-11-20,2002-12-18,,
2600030609,Cuité,PB,Poço tubular,,-6.653333,-36.136944,28,4200,4.2,,True,2007-11-20,2002-12-19,,
2600030611,Cuité,PB,Poço tubular,,-6.596111,-35.9925,4.6,7650,7.65,,True,2007-11-20,2002-12-19,,
2600030613,Cuité,PB,Poço tubular,,-6.638055,-36.053611,34,8650,8.65,,True,2007-11-20,2002-12-19,,
2600030615,Cuité,PB,Poço tubular,,-6.619722,-36.093333,36,11720,11.72,,True,2007-11-26,2002-12-19,,
2600030616,Cuité,PB,Poço tubular,,-6.495555,-36.042222,50,2330,2.33,,True,2007-11-26,1988-06-01,,
2600030617,Cuité,PB,Poço tubular,,-6.495555,-36.160555,50,2720,2.72,,True,2007-11-26,1995-06-01,,
2600030621,Cuité,PB,Poço tubular,,-6.554722,-35.912777,48,4530,4.53,,True,2007-11-26,1982-06-01,,
2600030623,Cuité,PB,Poço tubular,,-6.573333,-35.976111,40,5050,5.05,,True,2007-11-26,1993-06-01,,
2600030625,Cuité,PB,Poço tubular,,-6.532222,-35.985,50,7370,7.37,,True,2007-11-26,2002-10-01,,
2600030626,Cuité,PB,Poço tubular,,-6.521111,-35.995277,42,3560,3.56,,True,2007-11-26,1986-06-01,,
2600030630,Cuité,PB,Poço tubular,,-6.542222,-36.016388,50,4430,4.43,,True,2007-11-26,2002-12-19,,
2600030631,Damião,PB,Poço tubular,,-6.591944,-35.955277,40,7730,7.73,,True,2007-11-26,2002-12-20,,
2600030633,Cuité,PB,Poço tubular,,-6.522777,-36.054722,47,6780,6.78,,True,2007-11-27,1998-06-01,,
2600030634,Cuité,PB,Poço tubular,,-6.527777,-36.055,30,2700,2.7,,True,2007-11-27,1990-06-01,,
2600030635,Cuité,PB,Poço tubular,,-6.528333,-36.053888,30,2540,2.54,,True,2007-11-27,1995-06-01,,
2600030636,Cuité,PB,Poço tubular,,-6.554444,-36.067222,20,12850,12.85,,True,2007-11-27,1986-06-01,,
2600030637,Cuité,PB,Poço tubular,,-6.555277,-36.068888,30,6060,6.06,,True,2007-11-27,2000-06-01,,
2600030639,Cuité,PB,Poço tubular,,-6.576666,-36.065555,60,5140,5.14,,True,2007-11-27,1990-09-15,,
2600030640,Cuité,PB,Poço tubular,,-6.567777,-36.061944,32,7450,7.45,,True,2007-11-27,1997-06-01,,
2600030641,Cuité,PB,Poço tubular,,-6.525555,-36.098055,50,12060,12.06,,True,2007-11-27,2001-06-01,,
2600030642,Cuité,PB,Poço tubular,,-6.516944,-36.141388,48,5820,5.82,,True,2007-11-28,2002-12-20,,
2600030643,Cuité,PB,Poço tubular,,-6.576388,-36.035,36,9250,9.25,,True,2007-11-28,1998-06-01,,
2600030644,Cuité,PB,Poço tubular,,-6.561111,-36.046388,35,12840,12.84,,True,2007-11-28,1995-06-01,,
2600030645,Cuité,PB,Poço tubular,,-6.585,-36.110555,36,10780,10.78,,True,2007-11-28,1999-06-01,,
2600030647,Cuité,PB,Poço tubular,,-6.621666,-36.105,22,2270,2.27,,True,2007-11-28,2001-06-01,,
2600030648,Cuité,PB,Poço tubular,,-6.5925,-36.083611,50,3920,3.92,,True,2007-11-28,2002-06-01,,
2600030652,Cuité,PB,Poço tubular,,-6.488888,-36.146111,50,2430,2.43,,True,2007-11-28,1976-06-01,,
2600030654,Cuité,PB,Poço tubular,,-6.480277,-36.140833,58,3700,3.7,,True,2007-11-28,2002-12-18,,
2600030655,Cuité,PB,Poço tubular,,-6.581944,-36.211111,40,5200,5.2,,True,2007-11-28,2002-12-19,,
2600030656,Cuité,PB,Poço tubular,,-6.595555,-36.199166,37,6180,6.18,,True,2007-11-28,2002-12-19,,
2600030657,Cuité,PB,Poço tubular,,-6.573888,-36.196388,47,7260,7.26,,True,2007-11-28,2002-12-19,,
2600030658,Cuité,PB,Poço tubular,,-6.551666,-36.2025,50,10480,10.48,,True,2007-11-28,2002-12-19,,
2600030659,Cuité,PB,Poço tubular,,-6.573333,-36.160555,50,1827,1.827,,True,2007-11-29,2002-12-19,,
2600030660,Cuité,PB,Poço tubular,,-6.555555,-36.14,50,14300,14.3,,True,2007-11-29,2002-12-19,,
2600030661,Cuité,PB,Poço tubular,,-6.545,-36.13,50,5170,5.17,,True,2007-11-29,2002-12-19,,
2600030662,Cuité,PB,Poço tubular,,-6.543888,-36.152777,48,3930,3.93,,True,2007-11-29,2002-12-19,,
2600030663,Cuité,PB,Poço tubular,,-6.676944,-36.126666,60,9680,9.68,,True,2007-11-29,2002-12-20,,
2600030664,Cuité,PB,Poço tubular,,-6.636666,-36.205,60,3670,3.67,,True,2007-11-29,2002-12-20,,
2600030665,Cuité,PB,Poço tubular,,-6.624166,-36.0875,31,17860,17.86,,True,2007-11-29,2002-12-20,,
2600030666,Cuité,PB,Poço tubular,,-6.611111,-36.097777,46,11730,11.73,,True,2007-11-29,2002-12-20,,
2600030667,Cuité,PB,Poço tubular,,-6.663888,-36.098333,44,2740,2.74,,True,2007-11-29,2002-12-21,,
2600030668,Cuité,PB,Poço tubular,,-6.584722,-36.121111,40,2370,2.37,,True,2007-11-29,2002-12-21,,
2600030669,Cuité,PB,Poço tubular,,-6.574444,-36.113611,32,823,0.823,,True,2007-11-29,2002-12-21,,
2600030671,Cuité,PB,Poço tubular,,-6.539166,-36.186388,53,2090,2.09,,True,2007-11-29,2002-12-21,,
2600030674,Cuité,PB,Poço tubular,,-6.476111,-36.168055,45,3750,3.75,,True,2007-12-05,2002-12-21,,
2600030675,Cuité,PB,Poço tubular,,-6.4725,-36.171944,51,4560,4.56,,True,2007-12-05,2002-12-21,,
2600030677,Cuité,PB,Poço tubular,,-6.469444,-36.155,15,2130,2.13,,True,2007-12-05,2002-12-21,,
2600030678,Cuité,PB,Poço tubular,,-6.470555,-36.155,16,2060,2.06,,True,2007-12-05,2002-12-21,,
2600030679,Cuité,PB,Poço tubular,,-6.471388,-36.155,17,2230,2.23,,True,2007-12-05,2002-12-21,,
2600030680,Cuité,PB,Poço tubular,,-6.507777,-36.089722,50,1034,1.034,,True,2007-12-05,1999-06-01,,
2600030683,Malta,PB,Poço tubular,,-6.907222,-37.552222,35,1005,1.005,,True,2007-11-08,2002-11-28,,
2600030684,Malta,PB,Poço tubular,,-6.906388,-37.537222,50,1689,1.689,,True,2007-11-08,1976-06-01,,
2600030685,Malta,PB,Poço tubular,,-6.849444,-37.550277,60,3440,3.44,,True,2007-11-08,2002-07-01,,
2600030686,Condado,PB,Poço tubular,,-6.823888,-37.576111,45,818,0.818,,True,2007-11-08,2002-10-01,,
2600030687,Malta,PB,Poço tubular,,-6.801388,-37.537222,35,1069,1.069,,True,2007-11-08,2002-10-20,,
2600030688,Malta,PB,Poço tubular,,-6.786944,-37.527777,50,1200,1.2,,True,2007-11-08,2002-03-01,,
2600030689,Malta,PB,Poço tubular,,-6.794444,-37.536666,40,1591,1.591,,True,2007-11-08,1987-06-01,,
2600030690,Malta,PB,Poço tubular,,-6.803888,-37.541111,40,1346,1.346,,True,2007-11-08,1987-06-01,,
2600030691,Malta,PB,Poço tubular,,-6.860833,-37.538611,35,858,0.858,,True,2007-11-08,2002-10-01,,
2600030695,Malta,PB,Poço tubular,,-6.918055,-37.481944,17,537,0.537,,True,2007-11-08,1982-06-01,,
2600030696,Malta,PB,Poço tubular,,-6.939166,-37.475,35,894,0.894,,True,2007-11-08,2002-09-01,,
2600030697,Malta,PB,Poço tubular,,-6.963055,-37.480555,36,422,0.422,,True,2007-11-08,2002-06-01,,
2600030701,Patos,PB,Poço tubular,,-6.983055,-37.511111,35,1811,1.811,,True,2007-11-08,2002-07-01,,
2600030702,Malta,PB,Poço tubular,,-6.935277,-37.5,42,862,0.862,,True,2007-11-08,1998-06-01,,
2600030704,Malta,PB,Poço tubular,,-6.953333,-37.5175,50,1340,1.34,,True,2007-11-09,2002-10-01,,
2600030705,Malta,PB,Poço tubular,,-6.947777,-37.515555,42,603,0.603,,True,2007-11-09,1982-06-01,,
2600030707,Malta,PB,Poço tubular,,-6.935,-37.504722,35,585,0.585,,True,2007-11-09,2002-06-01,,
2600030713,Mato Grosso,PB,Poço tubular,,-6.535277,-37.726944,51,589,0.589,,True,2007-11-09,1985-06-01,,
2600030714,Mato Grosso,PB,Poço tubular,,-6.544444,-37.736388,51,353,0.353,,True,2007-11-09,1998-06-01,,
2600030715,Mato Grosso,PB,Poço tubular,,-6.55,-37.738888,51,1450,1.45,,True,2007-11-09,2002-11-18,,
2600030718,Mato Grosso,PB,Poço tubular,,-6.572777,-37.774722,50,753,0.753,,True,2007-11-09,2002-10-01,,
2600030725,Mato Grosso,PB,Poço tubular,,-6.551111,-37.763333,50,1000,1.0,,True,2007-11-12,2002-11-19,,
2600030729,Manaíra,PB,Poço tubular,,-7.731388,-38.193888,48,354,0.354,,True,2007-11-12,1982-06-01,,
2600030732,Manaíra,PB,Poço tubular,,-7.793888,-38.207222,51,299,0.299,,True,2007-11-13,2001-05-01,,
2600030733,Manaíra,PB,Poço tubular,,-7.807222,-38.205,45,924,0.924,,True,2007-11-13,1991-06-01,,
2600030735,Manaíra,PB,Poço tubular,,-7.761944,-38.127777,55,420,0.42,,True,2007-11-13,1985-06-01,,
2600030738,Manaíra,PB,Poço tubular,,-7.671388,-38.161944,50,1819,1.819,,True,2007-11-13,2001-06-01,,
2600030742,São José de Princesa,PB,Poço tubular,,-7.636111,-38.105,50,301,0.301,,True,2007-11-13,2002-12-06,,
2600030743,Mato Grosso,PB,Poço tubular,,-6.539444,-37.684166,51,1930,1.93,,True,2007-11-13,1985-06-01,,
2600030757,Riacho dos Cavalos,PB,Poço tubular,,-6.443888,-37.700833,52,1289,1.289,,True,2007-11-19,1983-06-01,,
2600030760,Riacho dos Cavalos,PB,Poço tubular,,-6.426388,-37.697222,30,1588,1.588,,True,2007-11-19,2002-11-22,,
2600030764,Cacimba de Areia,PB,Poço tubular,,-7.111944,-37.236666,48,3290,3.29,,True,2007-11-19,1999-06-01,,
2600030765,Cacimba de Areia,PB,Poço tubular,,-7.1425,-37.223888,36,1940,1.94,,True,2007-11-19,2001-11-01,,
2600030768,Cacimba de Areia,PB,Poço tubular,,-7.142777,-37.192777,38,1248,1.248,,True,2007-11-20,2001-06-01,,
2600030769,Cacimba de Areia,PB,Poço tubular,,-7.086111,-37.175833,46,13330,13.33,,True,2007-11-20,2002-05-01,,
2600030771,Cacimba de Areia,PB,Poço tubular,,-7.085277,-37.1725,50,5590,5.59,,True,2007-11-20,1981-06-01,,
2600030772,Cacimba de Areia,PB,Poço tubular,,-7.079444,-37.176388,50,872,0.872,,True,2007-11-20,1998-06-01,,
2600030774,Cacimba de Areia,PB,Poço tubular,,-7.067222,-37.168333,30,3110,3.11,,True,2007-11-20,2000-06-01,,
2600030775,Cacimba de Areia,PB,Poço tubular,,-7.083888,-37.149722,54,4530,4.53,,True,2007-11-20,1985-06-01,,
2600030776,Cacimba de Areia,PB,Poço tubular,,-7.1525,-37.155833,28,2850,2.85,,True,2007-11-20,1985-10-01,,
2600030777,Cacimba de Areia,PB,Poço tubular,,-7.085277,-37.159166,58,3270,3.27,,True,2007-11-20,1985-06-01,,
2600030778,Cacimba de Areia,PB,Poço tubular,,-7.076666,-37.160833,48,3580,3.58,,True,2007-11-20,1998-06-01,,
2600030781,Cacimba de Areia,PB,Poço tubular,,-7.085555,-37.158333,28,3480,3.48,,True,2007-11-20,1998-06-01,,
2600030795,Cacimba de Areia,PB,Poço tubular,,-7.11,-37.102777,45,4200,4.2,,True,2007-11-22,1976-06-01,,
2600030804,Imaculada,PB,Poço tubular,,-7.347222,-37.468055,49,2660,2.66,,True,2007-11-22,2000-06-01,,
2600030805,Imaculada,PB,Poço tubular,,-7.342777,-37.446666,42,2540,2.54,,True,2007-11-22,2000-06-01,,
2600030806,Imaculada,PB,Poço tubular,,-7.320555,-37.457777,44,4670,4.67,,True,2007-11-22,1999-06-01,,
2600030807,Imaculada,PB,Poço tubular,,-7.319444,-37.457777,46,1099,1.099,,True,2007-11-22,2001-06-01,,
2600030809,Imaculada,PB,Poço tubular,,-7.348888,-37.423888,50,22500,22.5,,True,2007-11-22,1998-06-01,,
2600030817,Imaculada,PB,Poço tubular,,-7.353055,-37.484444,50,5860,5.86,,True,2007-11-23,1999-06-01,,
2600030818,Imaculada,PB,Poço tubular,,-7.345833,-37.4775,40,2700,2.7,,True,2007-11-23,2002-12-01,,
2600030819,Imaculada,PB,Poço tubular,,-7.403611,-37.517222,38,3740,3.74,,True,2007-11-23,2002-08-01,,
2600030821,Imaculada,PB,Poço tubular,,-7.389166,-37.511944,50,4640,4.64,,True,2007-11-23,1982-06-01,,
2600030822,Imaculada,PB,Poço tubular,,-7.451111,-37.550833,50,4050,4.05,,True,2007-11-23,1986-06-01,,
2600030824,Imaculada,PB,Poço tubular,,-7.443888,-37.541944,50,1825,1.825,,True,2007-11-23,1984-06-01,,
2600030828,Areia de Baraúnas,PB,Poço tubular,,-7.115,-36.980277,48,2430,2.43,,True,2007-11-23,2000-06-01,,
2600030829,Areia de Baraúnas,PB,Poço tubular,,-7.116111,-36.99,35,1764,1.764,,True,2007-11-23,2000-06-01,,
2600030830,Areia de Baraúnas,PB,Poço tubular,,-7.144166,-36.973333,50,656,0.656,,True,2007-11-23,2002-12-08,,
2600030840,Juazeirinho,PB,Poço tubular,,-7.0725,-36.578333,40,10600,10.6,,True,2007-11-26,2002-12-05,,
2600030841,Juazeirinho,PB,Poço tubular,,-7.031944,-36.569166,50,3020,3.02,,True,2007-11-26,2002-06-01,,
2600030842,Juazeirinho,PB,Poço tubular,,-7.063055,-36.648333,56,9650,9.65,,True,2007-11-26,1996-06-01,,
2600030843,Juazeirinho,PB,Poço tubular,,-7.065,-36.651111,46,4480,4.48,,True,2007-11-26,1998-06-01,,
2600030844,Juazeirinho,PB,Poço tubular,,-7.059722,-36.620555,60,4220,4.22,,True,2007-11-26,1973-06-01,,
2600030845,Juazeirinho,PB,Poço tubular,,-7.039166,-36.605,27,16040,16.04,,True,2007-11-26,2002-06-01,,
2600030847,Juazeirinho,PB,Poço tubular,,-7.055,-36.551666,38,10480,10.48,,True,2007-11-26,2000-06-01,,
2600030849,Juazeirinho,PB,Poço tubular,,-7.040833,-36.5475,40,15800,15.8,,True,2007-11-26,2002-12-10,,
2600030850,Juazeirinho,PB,Poço tubular,,-7.027222,-36.557222,45,8510,8.51,,True,2007-11-26,1999-06-01,,
2600030851,Juazeirinho,PB,Poço tubular,,-7.008611,-36.538333,40,7900,7.9,,True,2007-11-26,2002-06-01,,
2600030852,Juazeirinho,PB,Poço tubular,,-7.000555,-36.529722,45,11800,11.8,,True,2007-11-26,2002-12-10,,
2600030853,Juazeirinho,PB,Poço tubular,,-6.985833,-36.521111,50,11540,11.54,,True,2007-11-27,2002-12-10,,
2600030854,Juazeirinho,PB,Poço tubular,,-7.005277,-36.524444,40,12820,12.82,,True,2007-11-27,1998-11-15,,
2600030855,Juazeirinho,PB,Poço tubular,,-6.9425,-36.573611,50,2660,2.66,,True,2007-11-27,2002-12-10,,
2600030856,Tenório,PB,Poço tubular,,-6.942777,-36.574722,50,1680,1.68,,True,2007-11-27,2002-12-10,,
2600030857,Tenório,PB,Poço tubular,,-6.958333,-36.571111,60,2800,2.8,,True,2007-11-27,2002-12-10,,
2600030859,Juazeirinho,PB,Poço tubular,,-7.030555,-36.501111,50,14870,14.87,,True,2007-11-27,2002-12-10,,
2600030860,Juazeirinho,PB,Poço tubular,,-6.975555,-36.494444,28,6690,6.69,,True,2007-11-27,2002-12-10,,
2600030861,Juazeirinho,PB,Poço tubular,,-6.983055,-36.489444,45,10870,10.87,,True,2007-11-27,2002-12-10,,
2600030864,Juazeirinho,PB,Poço tubular,,-7.0225,-36.634722,40,2410,2.41,,True,2007-11-27,2002-12-11,,
2600030865,Juazeirinho,PB,Poço tubular,,-7.021944,-36.635,40,3350,3.35,,True,2007-11-27,2002-12-11,,
2600030866,Tenório,PB,Poço tubular,,-7.011111,-36.634444,50,1485,1.485,,True,2007-11-27,2002-12-11,,
2600030868,Juazeirinho,PB,Poço tubular,,-7.064444,-36.594444,30,2530,2.53,,True,2007-11-27,2002-12-11,,
2600030874,Juazeirinho,PB,Poço tubular,,-7.0425,-36.531666,30,10810,10.81,,True,2007-11-27,2002-12-12,,
2600030879,Juazeirinho,PB,Poço tubular,,-7.126111,-36.539722,50,18350,18.35,,True,2007-11-27,1972-06-01,,
2600030881,Juazeirinho,PB,Poço tubular,,-7.127777,-36.5175,50,26200,26.2,,True,2007-11-28,2000-06-01,,
2600030882,Juazeirinho,PB,Poço tubular,,-7.131944,-36.512777,60,5750,5.75,,True,2007-11-28,1972-06-01,,
2600030884,Juazeirinho,PB,Poço tubular,,-7.126944,-36.478611,50,17400,17.4,,True,2007-11-28,1982-06-01,,
2600030885,Juazeirinho,PB,Poço tubular,,-7.145,-36.495277,50,3370,3.37,,True,2007-11-28,1991-06-01,,
2600030886,Juazeirinho,PB,Poço tubular,,-7.1575,-36.496944,50,11700,11.7,,True,2007-11-28,1998-06-01,,
2600030892,Juazeirinho,PB,Poço tubular,,-7.158055,-36.531666,50,16330,16.33,,True,2007-11-28,2000-06-01,,
2600030896,Juazeirinho,PB,Poço tubular,,-7.171111,-36.543333,50,8790,8.79,,True,2007-11-28,2000-06-01,,
2600030898,Juazeirinho,PB,Poço tubular,,-7.149722,-36.579444,50,2540,2.54,,True,2007-11-28,1991-06-01,,
2600030908,Juazeirinho,PB,Poço tubular,,-7.097777,-36.614166,60,8800,8.8,,True,2007-11-29,1992-06-01,,
2600030911,Juazeirinho,PB,Poço tubular,,-7.096388,-36.532222,33,2210,2.21,,True,2007-11-29,1982-06-01,,
2600030912,Juazeirinho,PB,Poço tubular,,-7.083055,-36.525555,50,10920,10.92,,True,2007-11-29,2000-06-01,,
2600030914,Juazeirinho,PB,Poço tubular,,-7.078888,-36.516111,50,9080,9.08,,True,2007-11-29,1998-06-01,,
2600030915,Juazeirinho,PB,Poço tubular,,-7.083611,-36.515555,50,7880,7.88,,True,2007-11-29,2002-06-01,,
2600030917,Juazeirinho,PB,Poço tubular,,-7.101388,-36.536666,50,4270,4.27,,True,2007-11-29,2000-09-12,,
2600030919,Olho d'Água,PB,Poço tubular,,-7.238055,-37.665277,50,1126,1.126,,True,2007-12-04,2002-03-01,,
2600030924,Olho d'Água,PB,Poço tubular,,-7.202777,-37.759444,50,765,0.765,,True,2007-12-04,2002-07-01,,
2600030928,Olho d'Água,PB,Poço tubular,,-7.271666,-37.737777,30,1063,1.063,,True,2007-12-06,1996-06-01,,
2600030929,Olho d'Água,PB,Poço tubular,,-7.341944,-37.800833,45,810,0.81,,True,2007-12-06,1989-06-01,,
2600030930,Olho d'Água,PB,Poço tubular,,-7.346388,-37.818333,35,1308,1.308,,True,2007-12-06,1993-06-01,,
2600030931,Olho d'Água,PB,Poço tubular,,-7.323611,-37.819444,30,1405,1.405,,True,2007-12-06,1996-06-01,,
2600030932,Olho d'Água,PB,Poço tubular,,-7.306666,-37.843055,35,992,0.992,,True,2007-12-06,1997-06-01,,
2600030934,Olho d'Água,PB,Poço tubular,,-7.365277,-37.834722,50,510,0.51,,True,2007-12-06,2002-08-01,,
2600030935,Olho d'Água,PB,Poço tubular,,-7.363055,-37.827777,30,735,0.735,,True,2007-12-06,1997-06-01,,
2600030936,Olho d'Água,PB,Poço tubular,,-7.351111,-37.807222,36,814,0.814,,True,2007-12-06,2002-06-01,,
2600030938,São Vicente do Seridó,PB,Poço tubular,,-6.907777,-36.514444,48,2150,2.15,,True,2007-12-18,1981-06-01,,
2600030939,São Vicente do Seridó,PB,Poço tubular,,-6.906388,-36.517777,28,2480,2.48,,True,2007-12-18,2002-10-04,,
2600030946,Brejo dos Santos,PB,Poço tubular,,-6.361111,-37.798611,7.4,900,0.9,,True,2007-12-26,1980-06-15,,
2600030948,Catolé do Rocha,PB,Poço tubular,,-6.365277,-37.795555,50,1550,1.55,,True,2007-12-26,2000-08-19,,
2600030949,Brejo dos Santos,PB,Poço tubular,,-6.383611,-37.8,3.4,831,0.831,,True,2007-12-26,1990-04-15,,
2600030951,Brejo dos Santos,PB,Poço tubular,,-6.379722,-37.803333,4.2,421,0.421,,True,2007-12-26,1998-06-01,,
2600030957,Catolé do Rocha,PB,Poço tubular,,-6.358611,-37.785555,35,690,0.69,,True,2007-12-26,2001-06-01,,
2600030971,Catolé do Rocha,PB,Poço tubular,,-6.308055,-37.640277,46,1452,1.452,,True,2007-12-26,2001-01-15,,
2600030972,Catolé do Rocha,PB,Poço tubular,,-6.422777,-37.751666,50,969,0.969,,True,2007-12-26,2001-11-19,,
2600030974,Catolé do Rocha,PB,Poço tubular,,-6.418055,-37.788055,50,1180,1.18,,True,2007-12-26,2002-11-28,,
2600030978,Catolé do Rocha,PB,Poço tubular,,-6.261944,-37.683888,25,900,0.9,,True,2007-12-26,2001-06-01,,
2600030982,Catolé do Rocha,PB,Poço tubular,,-6.236111,-37.687777,25,980,0.98,,True,2007-12-27,2002-07-04,,
2600030986,Catolé do Rocha,PB,Poço tubular,,-6.285555,-37.677777,50,1045,1.045,,True,2007-12-27,1999-06-01,,
2600030988,Catolé do Rocha,PB,Poço tubular,,-6.311111,-37.659166,31,1910,1.91,,True,2007-12-27,2002-11-16,,
2600030992,Catolé do Rocha,PB,Poço tubular,,-6.245833,-37.73,30,6211,6.211,,True,2007-12-27,2001-06-01,,
2600030994,Catolé do Rocha,PB,Poço tubular,,-6.208333,-37.698333,40,5160,5.16,,True,2007-12-27,1993-04-20,,
2600030998,Catolé do Rocha,PB,Poço tubular,,-6.230277,-37.734166,50,470,0.47,,True,2007-12-27,2002-10-01,,
2600031001,Catolé do Rocha,PB,Poço tubular,,-6.240277,-37.73,7,273,0.273,,True,2007-12-27,1980-06-01,,
2600031002,Catolé do Rocha,PB,Poço tubular,,-6.273888,-37.683333,50,628,0.628,,True,2007-12-27,2002-10-01,,
2600031004,Catolé do Rocha,PB,Poço tubular,,-6.257777,-37.683611,50,852,0.852,,True,2007-12-27,1993-06-01,,
2600031005,Catolé do Rocha,PB,Poço tubular,,-6.258333,-37.681666,50,703,0.703,,True,2007-12-27,1993-06-01,,
2600031008,Catolé do Rocha,PB,Poço tubular,,-6.224722,-37.655555,50,2300,2.3,,True,2007-12-27,1970-06-01,,
2600031021,Catolé do Rocha,PB,Poço tubular,,-6.454722,-37.768055,37,340,0.34,,True,2007-12-28,2002-10-01,,
2600031022,Catolé do Rocha,PB,Poço tubular,,-6.341388,-37.750277,30,1719,1.719,,True,2007-12-28,2002-06-01,,
2600031026,Catolé do Rocha,PB,Poço tubular,,-6.375833,-37.6975,80,609,0.609,,True,2007-12-28,1965-06-01,,
2600031027,Catolé do Rocha,PB,Poço tubular,,-6.3425,-37.741111,50,682,0.682,,True,2007-12-28,1999-06-01,,
2600031029,Catolé do Rocha,PB,Poço tubular,,-6.338333,-37.745,35,3540,3.54,,True,2007-12-28,2001-06-01,,
2600031030,Coremas,PB,Poço tubular,,-7.0575,-37.824166,48,1423,1.423,,True,2007-12-28,1999-06-01,,
2600031031,Coremas,PB,Poço tubular,,-7.057777,-37.823333,50,1142,1.142,,True,2007-12-28,1999-06-01,,
2600031032,Coremas,PB,Poço tubular,,-7.023333,-37.91,51,557,0.557,,True,2007-12-28,1987-06-01,,
2600031034,Coremas,PB,Poço tubular,,-7.030277,-37.874722,42,929,0.929,,True,2007-12-28,2000-05-01,,
2600031036,Coremas,PB,Poço tubular,,-7.05,-37.879444,50,1237,1.237,,True,2007-12-28,2001-06-01,,
2600031038,Coremas,PB,Poço tubular,,-7.022222,-37.903333,30,616,0.616,,True,2007-12-28,2000-09-01,,
2600031039,Coremas,PB,Poço tubular,,-7.029444,-37.8525,30,369,0.369,,True,2007-12-28,1999-06-01,,
2600031040,Coremas,PB,Poço tubular,,-6.989166,-38.052222,15,637,0.637,,True,2007-12-28,2002-05-01,,
2600031041,Coremas,PB,Poço tubular,,-6.990277,-38.057777,38,688,0.688,,True,2007-12-28,2000-06-01,,
2600031042,Coremas,PB,Poço tubular,,-6.991388,-38.065,36,475,0.475,,True,2007-12-28,1985-06-01,,
2600031043,Coremas,PB,Poço tubular,,-6.990833,-38.042222,50,571,0.571,,True,2007-12-28,1988-06-01,,
2600031044,Coremas,PB,Poço tubular,,-6.986666,-38.048055,40,870,0.87,,True,2007-12-28,1985-06-01,,
2600031045,São José da Lagoa Tapada,PB,Poço tubular,,-6.969166,-38.054166,50,923,0.923,,True,2007-12-28,1999-06-01,,
2600031046,São José da Lagoa Tapada,PB,Poço tubular,,-6.965555,-38.048055,45,651,0.651,,True,2007-12-28,1986-06-01,,
2600031047,São José da Lagoa Tapada,PB,Poço tubular,,-6.968611,-38.05,45,645,0.645,,True,2007-12-28,1986-06-01,,
2600031050,Coremas,PB,Poço tubular,,-6.980555,-37.971111,36,799,0.799,,True,2007-12-28,2000-06-01,,
2600031055,Itaporanga,PB,Poço tubular,,-7.272777,-38.093888,63,1009,1.009,,True,2007-12-07,1984-06-01,,
2600031059,Itaporanga,PB,Poço tubular,,-7.304166,-38.091388,38,1193,1.193,,True,2007-12-07,2002-12-02,,
2600031060,Itaporanga,PB,Poço tubular,,-7.310833,-38.199722,30,555,0.555,,True,2007-12-07,1999-06-01,,
2600031061,Itaporanga,PB,Poço tubular,,-7.315,-38.211388,48,710,0.71,,True,2007-12-07,1976-06-01,,
2600031062,Itaporanga,PB,Poço tubular,,-7.316388,-38.213611,50,519,0.519,,True,2007-12-07,1998-06-01,,
2600031063,Itaporanga,PB,Poço tubular,,-7.324444,-38.255,46,461,0.461,,True,2007-12-07,1981-06-01,,
2600031064,Itaporanga,PB,Poço tubular,,-7.305,-38.1875,42,428,0.428,,True,2007-12-07,1986-06-01,,
2600031065,Itaporanga,PB,Poço tubular,,-7.3425,-38.248888,50,589,0.589,,True,2007-12-07,1981-11-25,,
2600031066,Itaporanga,PB,Poço tubular,,-7.304722,-38.156111,45,717,0.717,,True,2007-12-07,1999-06-01,,
2600031069,Itaporanga,PB,Poço tubular,,-7.303333,-38.169166,45,811,0.811,,True,2007-12-07,1981-06-01,,
2600031070,Itaporanga,PB,Poço tubular,,-7.316666,-38.278055,50,662,0.662,,True,2007-12-07,1982-06-01,,
2600031071,Itaporanga,PB,Poço tubular,,-7.327222,-38.141666,50,880,0.88,,True,2007-12-07,1981-06-01,,
2600031072,Piancó,PB,Poço tubular,,-7.265555,-38.083888,44,434,0.434,,True,2007-12-10,2002-05-01,,
2600031073,Piancó,PB,Poço tubular,,-7.279444,-38.085277,35,752,0.752,,True,2007-12-10,2001-06-01,,
2600031074,Piancó,PB,Poço tubular,,-7.285277,-38.0725,38,1534,1.534,,True,2007-12-10,2001-05-01,,
2600031075,Itaporanga,PB,Poço tubular,,-7.288333,-38.092222,50,564,0.564,,True,2007-12-10,2001-06-01,,
2600031076,Itaporanga,PB,Poço tubular,,-7.290833,-38.099444,60,777,0.777,,True,2007-12-10,1984-06-01,,
2600031077,Itaporanga,PB,Poço tubular,,-7.294722,-38.103611,20,1208,1.208,,True,2007-12-10,2001-06-01,,
2600031078,Itaporanga,PB,Poço tubular,,-7.3075,-38.106388,32,917,0.917,,True,2007-12-10,2002-12-02,,
2600031079,Itaporanga,PB,Poço tubular,,-7.306111,-38.109166,56,441,0.441,,True,2007-12-10,2002-12-02,,
2600031081,Itaporanga,PB,Poço tubular,,-7.295555,-38.114722,27,726,0.726,,True,2007-12-10,2002-12-02,,
2600031083,Piancó,PB,Poço tubular,,-7.308611,-38.082777,34,1056,1.056,,True,2007-12-10,2002-12-02,,
2600031084,Piancó,PB,Poço tubular,,-7.308888,-38.086111,50,532,0.532,,True,2007-12-10,2002-12-02,,
2600031086,Itaporanga,PB,Poço tubular,,-7.321111,-38.118055,45,864,0.864,,True,2007-12-10,1982-06-01,,
2600031087,Itaporanga,PB,Poço tubular,,-7.333611,-38.120833,42,738,0.738,,True,2007-12-10,2002-07-01,,
2600031088,Itaporanga,PB,Poço tubular,,-7.333888,-38.124444,45,535,0.535,,True,2007-12-10,1982-06-01,,
2600031089,Itaporanga,PB,Poço tubular,,-7.3325,-38.120555,46,839,0.839,,True,2007-12-10,1988-12-06,,
2600031090,Itaporanga,PB,Poço tubular,,-7.32,-38.133333,40,534,0.534,,True,2007-12-10,1988-06-01,,
2600031091,Itaporanga,PB,Poço tubular,,-7.314444,-38.126944,45,1061,1.061,,True,2007-12-10,1984-06-01,,
2600031092,Itaporanga,PB,Poço tubular,,-7.31,-38.119166,46,686,0.686,,True,2007-12-10,2002-01-01,,
2600031095,Itaporanga,PB,Poço tubular,,-7.326111,-38.143055,33,668,0.668,,True,2007-12-10,2000-06-01,,
2600031096,Itaporanga,PB,Poço tubular,,-7.310555,-38.141111,60,1072,1.072,,True,2007-12-10,1983-06-01,,
2600031100,Itaporanga,PB,Poço tubular,,-7.363333,-38.263055,30,713,0.713,,True,2007-12-10,2002-11-01,,
2600031101,Itaporanga,PB,Poço tubular,,-7.314722,-38.1575,60,2510,2.51,,True,2007-12-10,1989-06-01,,
2600031103,Itaporanga,PB,Poço tubular,,-7.33,-38.138611,50,577,0.577,,True,2007-12-10,2002-11-01,,
2600031107,Itaporanga,PB,Poço tubular,,-7.301944,-38.135,40,676,0.676,,True,2007-12-11,2001-05-01,,
2600031108,Itaporanga,PB,Poço tubular,,-7.313888,-38.167222,40,1552,1.552,,True,2007-12-11,1982-06-01,,
2600031109,Itaporanga,PB,Poço tubular,,-7.3525,-38.119166,30,674,0.674,,True,2007-12-11,2001-11-01,,
2600031112,Itaporanga,PB,Poço tubular,,-7.364166,-38.199444,32,732,0.732,,True,2007-12-11,2001-06-01,,
2600031113,Itaporanga,PB,Poço tubular,,-7.326388,-38.15,19,860,0.86,,True,2007-12-11,2002-06-01,,
2600031114,Itaporanga,PB,Poço tubular,,-7.357777,-38.1725,43,549,0.549,,True,2007-12-11,2000-06-01,,
2600031118,Itaporanga,PB,Poço tubular,,-7.343055,-38.2025,30,744,0.744,,True,2007-12-11,2002-06-01,,
2600031119,Itaporanga,PB,Poço tubular,,-7.341944,-38.192777,30,1373,1.373,,True,2007-12-11,2002-06-01,,
2600031120,Itaporanga,PB,Poço tubular,,-7.343611,-38.19,30,803,0.803,,True,2007-12-11,1986-06-01,,
2600031121,Itaporanga,PB,Poço tubular,,-7.346111,-38.188055,30,649,0.649,,True,2007-12-11,2000-06-01,,
2600031122,Itaporanga,PB,Poço tubular,,-7.342777,-38.188333,30,984,0.984,,True,2007-12-11,1999-06-01,,
2600031123,Itaporanga,PB,Poço tubular,,-7.325555,-38.189166,15,1340,1.34,,True,2007-12-11,2001-06-01,,
2600031124,Itaporanga,PB,Poço tubular,,-7.3325,-38.196388,34,577,0.577,,True,2007-12-11,1999-06-01,,
2600031125,Itaporanga,PB,Poço tubular,,-7.338333,-38.216111,40,680,0.68,,True,2007-12-11,1981-06-01,,
2600031127,Itaporanga,PB,Poço tubular,,-7.320277,-38.179444,19,790,0.79,,True,2007-12-11,1999-06-01,,
2600031128,Itaporanga,PB,Poço tubular,,-7.253888,-38.213611,46,829,0.829,,True,2007-12-12,2002-06-01,,
2600031129,Itaporanga,PB,Poço tubular,,-7.315,-38.171111,24,380,0.38,,True,2007-12-12,1982-06-01,,
2600031130,Itaporanga,PB,Poço tubular,,-7.315,-38.172222,24,471,0.471,,True,2007-12-12,2002-06-01,,
2600031133,Itaporanga,PB,Poço tubular,,-7.279722,-38.147777,44,698,0.698,,True,2007-12-12,2002-06-01,,
2600031135,Itaporanga,PB,Poço tubular,,-7.365555,-38.238333,45,723,0.723,,True,2007-12-12,2002-11-25,,
2600031139,Boa Ventura,PB,Poço tubular,,-7.384444,-38.230555,50,924,0.924,,True,2007-12-13,1980-06-01,,
2600031140,Boa Ventura,PB,Poço tubular,,-7.387777,-38.231944,36,449,0.449,,True,2007-12-13,2002-04-01,,
2600031142,Boa Ventura,PB,Poço tubular,,-7.480833,-38.238055,50,1130,1.13,,True,2007-12-13,1997-06-01,,
2600031145,Curral Velho,PB,Poço tubular,,-7.499444,-38.242222,38,783,0.783,,True,2007-12-13,1992-06-01,,
2600031146,Boa Ventura,PB,Poço tubular,,-7.418611,-38.211944,50,438,0.438,,True,2007-12-13,2001-06-01,,
2600031147,Boa Ventura,PB,Poço tubular,,-7.388611,-38.186388,50,722,0.722,,True,2007-12-13,2002-04-01,,
2600031149,Curral Velho,PB,Poço tubular,,-7.534444,-38.109444,45,1058,1.058,,True,2007-12-13,2002-10-01,,
2600031150,Curral Velho,PB,Poço tubular,,-7.534444,-38.108611,37,1224,1.224,,True,2007-12-13,1980-06-01,,
2600031151,Curral Velho,PB,Poço tubular,,-7.5175,-38.111666,46,655,0.655,,True,2007-12-13,1980-06-01,,
2600031152,Boa Ventura,PB,Poço tubular,,-7.475,-38.107222,49,1085,1.085,,True,2007-12-14,2002-10-01,,
2600031153,Boa Ventura,PB,Poço tubular,,-7.476944,-38.109444,48,1154,1.154,,True,2007-12-14,2002-10-01,,
2600031154,Boa Ventura,PB,Poço tubular,,-7.474722,-38.108611,41,1165,1.165,,True,2007-12-14,1994-06-01,,
2600031155,Boa Ventura,PB,Poço tubular,,-7.455555,-38.217222,45,586,0.586,,True,2007-12-17,2002-11-27,,
2600031158,Boa Ventura,PB,Poço tubular,,-7.448611,-38.186944,53,1510,1.51,,True,2007-12-17,2002-09-01,,
2600031160,Boa Ventura,PB,Poço tubular,,-7.397777,-38.165,42,437,0.437,,True,2007-12-17,1999-06-01,,
2600031161,Boa Ventura,PB,Poço tubular,,-7.378888,-38.210555,50,2680,2.68,,True,2007-12-17,2002-06-01,,
2600031165,Joca Claudino,PB,Poço tubular,,-6.5,-38.453611,47.85,1236,1.236,,True,2007-12-17,2002-06-01,,
2600031166,Poço Dantas,PB,Poço tubular,,-6.409166,-38.504166,22,977,0.977,,True,2007-12-17,1994-06-01,,
2600031167,Poço Dantas,PB,Poço tubular,,-6.392777,-38.517222,40,910,0.91,,True,2007-12-17,2001-06-01,,
2600031168,Poço Dantas,PB,Poço tubular,,-6.394444,-38.518888,40,667,0.667,,True,2007-12-17,1999-06-01,,
2600031169,Poço Dantas,PB,Poço tubular,,-6.390833,-38.589444,50,572,0.572,,True,2007-12-17,1999-06-01,,
2600031172,Poço Dantas,PB,Poço tubular,,-6.389444,-38.550833,40,331,0.331,,True,2007-12-17,2000-06-01,,
2600031173,Poço Dantas,PB,Poço tubular,,-6.390277,-38.525,39,1865,1.865,,True,2007-12-17,1989-06-01,,
2600031176,Poço Dantas,PB,Poço tubular,,-6.361944,-38.516111,35,2480,2.48,,True,2007-12-18,2000-06-01,,
2600031179,Poço Dantas,PB,Poço tubular,,-6.373888,-38.505833,36,664,0.664,,True,2007-12-18,1999-06-01,,
2600031181,Poço Dantas,PB,Poço tubular,,-6.404166,-38.498055,50,1493,1.493,,True,2007-12-18,2001-06-01,,
2600031183,Junco do Seridó,PB,Poço tubular,,-6.971944,-36.689444,50,294,0.294,,True,2007-12-18,1998-07-01,,
2600031184,Tenório,PB,Poço tubular,,-6.972777,-36.684722,50,448,0.448,,True,2007-12-18,2001-06-01,,
2600031185,Junco do Seridó,PB,Poço tubular,,-6.959166,-36.67,40,423,0.423,,True,2007-12-18,1995-06-01,,
2600031186,Junco do Seridó,PB,Poço tubular,,-6.9575,-36.681666,50,2920,2.92,,True,2007-12-19,2001-06-01,,
2600031188,Junco do Seridó,PB,Poço tubular,,-6.949166,-36.668333,50,873,0.873,,True,2007-12-19,1998-06-01,,
2600031189,Junco do Seridó,PB,Poço tubular,,-6.939166,-36.689722,50,4390,4.39,,True,2007-12-19,2002-06-01,,
2600031190,Junco do Seridó,PB,Poço tubular,,-6.981944,-36.729166,50,2290,2.29,,True,2007-12-19,1997-06-01,,
2600031191,Junco do Seridó,PB,Poço tubular,,-6.991944,-36.712777,50,10320,10.32,,True,2007-12-19,2001-06-01,,
2600031192,Junco do Seridó,PB,Poço tubular,,-6.996388,-36.713888,72,1770,1.77,,True,2007-12-20,1983-09-24,,
2600031209,São José do Bonfim,PB,Poço tubular,,-7.159722,-37.308611,45,2030,2.03,,True,2007-12-20,2002-06-01,,
2600031210,São José do Bonfim,PB,Poço tubular,,-7.162777,-37.310277,30,3140,3.14,,True,2007-12-21,1999-06-01,,
2600031211,São José do Bonfim,PB,Poço tubular,,-7.159166,-37.306388,48,977,0.977,,True,2007-12-21,2002-11-24,,
2600031215,São José do Bonfim,PB,Poço tubular,,-7.179166,-37.275833,50,675,0.675,,True,2007-12-21,1985-06-01,,
2600031217,São José do Bonfim,PB,Poço tubular,,-7.16,-37.303888,45,541,0.541,,True,2007-12-21,2002-11-25,,
2600031220,São José do Bonfim,PB,Poço tubular,,-7.184444,-37.291666,40,1218,1.218,,True,2007-12-21,2002-11-26,,
2600031222,São José do Bonfim,PB,Poço tubular,,-7.181388,-37.284444,40,636,0.636,,True,2007-12-21,1998-05-28,,
2600031223,São José do Bonfim,PB,Poço tubular,,-7.179444,-37.290833,47,827,0.827,,True,2008-01-02,2002-11-26,,
2600031224,São José do Bonfim,PB,Poço tubular,,-7.177777,-37.296666,40,1233,1.233,,True,2008-01-02,2002-09-01,,
2600031225,São José do Bonfim,PB,Poço tubular,,-7.176666,-37.295,40,1481,1.481,,True,2008-01-02,1982-06-01,,
2600031230,São José do Bonfim,PB,Poço tubular,,-7.159722,-37.321944,50,1591,1.591,,True,2008-01-02,2002-11-27,,
2600031231,Santa Teresinha,PB,Poço tubular,,-7.16,-37.489722,50,2390,2.39,,True,2008-01-02,2000-06-01,,
2600031234,São José do Bonfim,PB,Poço tubular,,-7.163888,-37.323055,50,772,0.772,,True,2008-01-02,1998-06-01,,
2600031235,São José do Bonfim,PB,Poço tubular,,-7.166111,-37.338611,54,261,0.261,,True,2008-01-02,1981-06-01,,
2600031240,São José do Bonfim,PB,Poço tubular,,-7.175555,-37.336388,50,645,0.645,,True,2008-01-03,1999-06-01,,
2600031241,São José do Bonfim,PB,Poço tubular,,-7.181388,-37.345277,40,7110,7.11,,True,2008-01-03,2001-06-01,,
2600031244,São José do Bonfim,PB,Poço tubular,,-7.1625,-37.326111,40,2700,2.7,,True,2008-01-03,1987-06-01,,
2600031246,São José do Bonfim,PB,Poço tubular,,-7.155277,-37.343611,30,857,0.857,,True,2008-01-03,2000-06-01,,
2600031247,São José do Bonfim,PB,Poço tubular,,-7.149166,-37.34,36,1097,1.097,,True,2008-01-03,1999-06-01,,
2600031248,São José do Bonfim,PB,Poço tubular,,-7.148333,-37.339722,38,1700,1.7,,True,2008-01-03,1999-06-01,,
2600031250,São José do Bonfim,PB,Poço tubular,,-7.156111,-37.347777,50,1880,1.88,,True,2008-01-03,1980-06-01,,
2600031252,São José do Bonfim,PB,Poço tubular,,-7.159722,-37.3,30,2980,2.98,,True,2008-01-03,2001-06-01,,
2600031254,São José do Bonfim,PB,Poço tubular,,-7.140833,-37.298055,42,578,0.578,,True,2008-01-03,2002-09-01,,
2600031255,São José do Bonfim,PB,Poço tubular,,-7.133611,-37.298333,50,1234,1.234,,True,2008-01-03,2001-06-01,,
2600031256,São José do Bonfim,PB,Poço tubular,,-7.132777,-37.296666,50,1170,1.17,,True,2008-01-03,1999-06-01,,
2600031257,Santa Teresinha,PB,Poço tubular,,-7.131944,-37.461388,50,1038,1.038,,True,2008-01-03,1985-06-01,,
2600031260,São José do Bonfim,PB,Poço tubular,,-7.1675,-37.251666,40,1108,1.108,,True,2008-01-03,2000-06-01,,
2600031262,São José do Bonfim,PB,Poço tubular,,-7.145277,-37.254444,30,1210,1.21,,True,2008-01-07,2000-06-01,,
2600031263,São José do Bonfim,PB,Poço tubular,,-7.133333,-37.252222,40,551,0.551,,True,2008-01-07,1985-06-01,,
2600031264,São José do Bonfim,PB,Poço tubular,,-7.131111,-37.258055,40,1145,1.145,,True,2008-01-07,1993-06-01,,
2600031265,São José do Bonfim,PB,Poço tubular,,-7.159722,-37.261388,40,1608,1.608,,True,2008-01-07,2002-11-29,,
2600031266,São José do Bonfim,PB,Poço tubular,,-7.168611,-37.268888,50,1442,1.442,,True,2008-01-07,2002-11-29,,
2600031267,São José do Bonfim,PB,Poço tubular,,-7.171111,-37.272222,30,943,0.943,,True,2008-01-07,1998-06-01,,
2600031269,São José do Bonfim,PB,Poço tubular,,-7.158055,-37.275,37,628,0.628,,True,2008-01-07,2002-11-30,,
2600031270,São José do Bonfim,PB,Poço tubular,,-7.157777,-37.274444,45,789,0.789,,True,2008-01-07,1992-06-01,,
2600031271,São José do Bonfim,PB,Poço tubular,,-7.158055,-37.269166,36,2010,2.01,,True,2008-01-07,2002-11-30,,
2600031274,São José do Bonfim,PB,Poço tubular,,-7.147777,-37.279166,40,814,0.814,,True,2008-01-07,2000-06-01,,
2600031275,São José do Bonfim,PB,Poço tubular,,-7.148333,-37.278611,40,974,0.974,,True,2008-01-07,1990-06-01,,
2600031276,São José do Bonfim,PB,Poço tubular,,-7.1475,-37.278055,50,1017,1.017,,True,2008-01-07,2000-11-01,,
2600031277,São José do Bonfim,PB,Poço tubular,,-7.143333,-37.280555,50,2370,2.37,,True,2008-01-07,1990-06-01,,
2600031297,Nova Palmeira,PB,Poço tubular,,-6.630277,-36.481111,52,6020,6.02,,True,2007-12-10,2000-06-01,,
2600031298,Picuí,PB,Poço tubular,,-6.648055,-36.406666,48,1796,1.796,,True,2007-12-10,1990-06-01,,
2600031299,Picuí,PB,Poço tubular,,-6.647222,-36.404722,48,11150,11.15,,True,2007-12-10,1990-06-01,,
2600031301,Nova Palmeira,PB,Poço tubular,,-6.665,-36.515555,51,724,0.724,,True,2007-12-10,2000-06-01,,
2600031302,Nova Palmeira,PB,Poço tubular,,-6.67,-36.516666,42,2860,2.86,,True,2007-12-10,2002-06-01,,
2600031303,Maturéia,PB,Poço tubular,,-7.286944,-37.328055,50,1032,1.032,,True,2007-12-10,2002-11-24,,
2600031304,Maturéia,PB,Poço tubular,,-7.287777,-37.328055,50,2620,2.62,,True,2007-12-10,2002-11-24,,
2600031305,Maturéia,PB,Poço tubular,,-7.33,-37.3575,50,8050,8.05,,True,2007-12-10,1985-06-01,,
2600031306,Maturéia,PB,Poço tubular,,-7.346944,-37.3825,50,1637,1.637,,True,2007-12-10,2002-11-24,,
2600031307,Maturéia,PB,Poço tubular,,-7.261111,-37.359722,50,1637,1.637,,True,2007-12-10,2002-06-01,,
2600031308,Maturéia,PB,Poço tubular,,-7.266388,-37.349722,50,5520,5.52,,True,2007-12-10,2002-11-24,,
2600031309,Maturéia,PB,Poço tubular,,-7.265,-37.3475,23,3420,3.42,,True,2007-12-10,1985-06-01,,
2600031310,Maturéia,PB,Poço tubular,,-7.264722,-37.347777,23,3000,3.0,,True,2007-12-10,2002-11-24,,
2600031316,Lastro,PB,Poço tubular,,-6.587222,-38.174166,50,1005,1.005,,True,2007-12-11,2001-07-05,,
2600031319,Vieirópolis,PB,Poço tubular,,-6.520277,-38.225277,28,2270,2.27,,True,2007-12-11,2002-12-11,,
2600031324,Lastro,PB,Poço tubular,,-6.497222,-38.210833,40,1866,1.866,,True,2007-12-11,1993-04-01,,
2600031326,São José da Lagoa Tapada,PB,Poço tubular,,-6.962777,-38.18,45,278,0.278,,True,2007-12-13,2001-06-01,,
2600031327,São José da Lagoa Tapada,PB,Poço tubular,,-6.976388,-38.163055,50,711,0.711,,True,2007-12-13,1988-06-01,,
2600031328,São José da Lagoa Tapada,PB,Poço tubular,,-6.976944,-38.163611,35,830,0.83,,True,2007-12-13,1984-06-01,,
2600031329,São José da Lagoa Tapada,PB,Poço tubular,,-6.940277,-38.179722,36,723,0.723,,True,2007-12-13,2002-06-01,,
2600031330,São José da Lagoa Tapada,PB,Poço tubular,,-6.941111,-38.193055,50,907,0.907,,True,2007-12-13,1982-06-01,,
2600031331,São José da Lagoa Tapada,PB,Poço tubular,,-6.939166,-38.198888,26,2780,2.78,,True,2007-12-13,2002-10-01,,
2600031333,São José da Lagoa Tapada,PB,Poço tubular,,-6.934166,-38.224166,50,478,0.478,,True,2007-12-13,1990-06-01,,
2600031334,São José da Lagoa Tapada,PB,Poço tubular,,-6.935555,-38.23,21,2009,2.009,,True,2007-12-13,2001-06-01,,
2600031336,São José da Lagoa Tapada,PB,Poço tubular,,-6.942222,-38.199166,54,380,0.38,,True,2007-12-13,1982-06-01,,
2600031337,São José da Lagoa Tapada,PB,Poço tubular,,-6.940277,-38.163611,36,2260,2.26,,True,2007-12-13,2002-09-01,,
2600031338,São José da Lagoa Tapada,PB,Poço tubular,,-6.940277,-38.163055,40,282,0.282,,True,2007-12-13,2002-06-01,,
2600031339,São José da Lagoa Tapada,PB,Poço tubular,,-6.887222,-38.166111,50,963,0.963,,True,2007-12-13,2002-12-11,,
2600031340,São José da Lagoa Tapada,PB,Poço tubular,,-6.946111,-38.141388,30,911,0.911,,True,2007-12-13,2000-06-01,,
2600031341,São José da Lagoa Tapada,PB,Poço tubular,,-6.96,-38.135555,25,767,0.767,,True,2007-12-13,1993-06-01,,
2600031342,São José da Lagoa Tapada,PB,Poço tubular,,-6.970555,-38.134166,28,753,0.753,,True,2007-12-13,1999-06-01,,
2600031344,São José da Lagoa Tapada,PB,Poço tubular,,-6.993055,-38.148888,28,337,0.337,,True,2007-12-14,2002-10-01,,
2600031345,São José da Lagoa Tapada,PB,Poço tubular,,-6.991666,-38.073611,48,559,0.559,,True,2007-12-14,1987-06-01,,
2600031346,São José da Lagoa Tapada,PB,Poço tubular,,-6.986111,-38.0775,37,404,0.404,,True,2007-12-14,2001-06-01,,
2600031347,São José da Lagoa Tapada,PB,Poço tubular,,-7,-38.0775,33,660,0.66,,True,2007-12-14,2001-06-01,,
2600031348,São José da Lagoa Tapada,PB,Poço tubular,,-6.975555,-38.108333,23.5,950,0.95,,True,2007-12-14,2002-12-11,,
2600031349,São José da Lagoa Tapada,PB,Poço tubular,,-6.975277,-38.111388,55,1019,1.019,,True,2007-12-14,1976-06-01,,
2600031350,São José da Lagoa Tapada,PB,Poço tubular,,-6.978888,-38.118888,50,756,0.756,,True,2007-12-14,1983-06-01,,
2600031352,São José da Lagoa Tapada,PB,Poço tubular,,-6.9625,-38.118611,28,594,0.594,,True,2007-12-14,2001-06-01,,
2600031353,São José da Lagoa Tapada,PB,Poço tubular,,-6.938611,-38.149722,30,746,0.746,,True,2007-12-14,2000-06-01,,
2600031354,São José da Lagoa Tapada,PB,Poço tubular,,-6.934444,-38.146111,50,1195,1.195,,True,2007-12-14,2001-06-01,,
2600031356,São José da Lagoa Tapada,PB,Poço tubular,,-6.953333,-38.110555,38,1047,1.047,,True,2007-12-14,2002-06-01,,
2600031357,São José da Lagoa Tapada,PB,Poço tubular,,-6.955277,-38.105833,48,1171,1.171,,True,2007-12-14,2002-06-01,,
2600031358,São José da Lagoa Tapada,PB,Poço tubular,,-6.944166,-38.112222,37,921,0.921,,True,2007-12-14,2000-06-01,,
2600031359,São José da Lagoa Tapada,PB,Poço tubular,,-6.931666,-38.111944,40,2950,2.95,,True,2007-12-14,2002-12-12,,
2600031361,São José da Lagoa Tapada,PB,Poço tubular,,-6.920833,-38.094722,25,701,0.701,,True,2007-12-14,1999-06-01,,
2600031362,São José da Lagoa Tapada,PB,Poço tubular,,-6.912777,-38.081666,25,723,0.723,,True,2007-12-14,2000-06-01,,
2600031363,São José da Lagoa Tapada,PB,Poço tubular,,-6.911944,-38.077222,50,857,0.857,,True,2007-12-14,1988-06-01,,
2600031364,Condado,PB,Poço tubular,,-6.884722,-37.594722,44,1254,1.254,,True,2007-12-17,2001-06-01,,
2600031366,Condado,PB,Poço tubular,,-6.840555,-37.608888,30,797,0.797,,True,2007-12-17,2001-06-01,,
2600031367,Condado,PB,Poço tubular,,-6.840833,-37.6275,36,930,0.93,,True,2007-12-17,2001-06-01,,
2600031371,Condado,PB,Poço tubular,,-6.854444,-37.632777,32,675,0.675,,True,2007-12-17,1988-06-01,,
2600031372,São Bentinho,PB,Poço tubular,,-6.860555,-37.670833,30,1244,1.244,,True,2007-12-17,2001-11-01,,
2600031373,Condado,PB,Poço tubular,,-6.879166,-37.655,45,933,0.933,,True,2007-12-17,2001-06-01,,
2600031377,Condado,PB,Poço tubular,,-6.910833,-37.628055,54,1484,1.484,,True,2007-12-17,2001-06-01,,
2600031381,Cajazeirinhas,PB,Poço tubular,,-6.993611,-37.679166,35,959,0.959,,True,2007-12-17,1998-12-03,,
2600031382,Cajazeirinhas,PB,Poço tubular,,-6.993888,-37.685833,32,2040,2.04,,True,2007-12-17,2002-06-01,,
2600031383,São Bentinho,PB,Poço tubular,,-6.890833,-37.675833,43,2130,2.13,,True,2007-12-17,1998-06-01,,
2600031384,São Bentinho,PB,Poço tubular,,-6.901111,-37.681388,25,802,0.802,,True,2007-12-17,2001-06-01,,
2600031385,Condado,PB,Poço tubular,,-6.909722,-37.638611,60,851,0.851,,True,2007-12-17,2002-06-01,,
2600031386,Condado,PB,Poço tubular,,-6.942222,-37.641666,26,1053,1.053,,True,2007-12-17,2001-06-01,,
2600031387,Condado,PB,Poço tubular,,-6.939444,-37.650555,35,2240,2.24,,True,2007-12-17,2002-06-01,,
2600031388,Juazeirinho,PB,Poço tubular,,-7.026388,-36.544722,48,7670,7.67,,True,2007-12-19,2002-12-09,,
2600031390,Juazeirinho,PB,Poço tubular,,-7.106944,-36.564166,60,6110,6.11,,True,2007-12-19,1970-06-01,,
2600031391,Juazeirinho,PB,Poço tubular,,-7.113055,-36.562222,50,11810,11.81,,True,2007-12-19,2000-06-01,,
2600031392,Juazeirinho,PB,Poço tubular,,-7.125277,-36.541944,50,6980,6.98,,True,2007-12-19,1981-06-01,,
2600031396,Olho d'Água,PB,Poço tubular,,-7.233055,-37.790833,33,514,0.514,,True,2007-12-19,2002-06-01,,
2600031399,Olho d'Água,PB,Poço tubular,,-7.293888,-37.790555,40,746,0.746,,True,2007-12-19,2002-06-01,,
2600031404,Pedra Branca,PB,Poço tubular,,-7.4225,-38.0675,51,2000,2.0,,True,2007-12-19,2000-06-01,,
2600031405,Nova Olinda,PB,Poço tubular,,-7.408888,-38.067777,40,1114,1.114,,True,2007-12-19,2000-06-01,,
2600031407,Pedra Branca,PB,Poço tubular,,-7.408888,-38.0775,50,592,0.592,,True,2007-12-19,2002-11-25,,
2600031408,Pedra Branca,PB,Poço tubular,,-7.415277,-38.080277,50,915,0.915,,True,2007-12-20,1998-06-01,,
2600031409,Pedra Branca,PB,Poço tubular,,-7.424444,-38.100555,50,712,0.712,,True,2007-12-20,2001-06-01,,
2600031410,Boa Ventura,PB,Poço tubular,,-7.433055,-38.118611,45,1037,1.037,,True,2007-12-20,2001-06-01,,
2600031411,Pedra Branca,PB,Poço tubular,,-7.41,-38.101666,40,960,0.96,,True,2007-12-20,1984-06-01,,
2600031412,Pedra Branca,PB,Poço tubular,,-7.4025,-38.104166,40,594,0.594,,True,2007-12-20,1982-06-01,,
2600031413,Pedra Branca,PB,Poço tubular,,-7.393055,-38.101944,48,750,0.75,,True,2007-12-20,2001-06-01,,
2600031414,Pedra Branca,PB,Poço tubular,,-7.391111,-38.091388,27,526,0.526,,True,2007-12-20,2001-06-01,,
2600031415,Pedra Branca,PB,Poço tubular,,-7.388055,-38.089444,45,586,0.586,,True,2007-12-20,2001-06-01,,
2600031416,Pedra Branca,PB,Poço tubular,,-7.3825,-38.083888,9,1051,1.051,,True,2007-12-20,1982-06-01,,
2600031417,Pedra Branca,PB,Poço tubular,,-7.381388,-38.089166,52,1306,1.306,,True,2007-12-20,2002-06-01,,
2600031420,Itaporanga,PB,Poço tubular,,-7.365833,-38.095277,33.05,871,0.871,,True,2007-12-20,2002-11-25,,
2600031421,Pedra Branca,PB,Poço tubular,,-7.366388,-38.074166,16,822,0.822,,True,2007-12-20,1984-06-01,,
2600031422,Pedra Branca,PB,Poço tubular,,-7.466944,-38.093888,50,1459,1.459,,True,2007-12-20,1984-06-01,,
2600031424,Pedra Branca,PB,Poço tubular,,-7.448055,-38.101388,56,743,0.743,,True,2007-12-20,1982-06-01,,
2600031425,Pedra Branca,PB,Poço tubular,,-7.451944,-38.103888,24,993,0.993,,True,2007-12-20,1982-06-01,,
2600031426,Pedra Branca,PB,Poço tubular,,-7.428333,-38.090833,54,904,0.904,,True,2007-12-20,1982-06-01,,
2600031428,Água Branca,PB,Poço tubular,,-7.488888,-37.591944,30,3690,3.69,,True,2007-12-26,2002-10-01,,
2600031431,Nova Floresta,PB,Poço tubular,,-6.464166,-36.183888,40,3230,3.23,,True,2007-12-26,2001-06-01,,
2600031432,Nova Floresta,PB,Poço tubular,,-6.459166,-36.180277,47,3710,3.71,,True,2007-12-26,2001-06-01,,
2600031433,Nova Floresta,PB,Poço tubular,,-6.455555,-36.214166,50,6650,6.65,,True,2007-12-26,2000-06-01,,
2600031434,Nova Floresta,PB,Poço tubular,,-6.450833,-36.225555,40,2760,2.76,,True,2007-12-26,2000-06-01,,
2600031438,Nova Floresta,PB,Poço tubular,,-6.453611,-36.204444,50,3790,3.79,,True,2007-12-26,1993-06-01,,
2600031440,Nova Floresta,PB,Poço tubular,,-6.468888,-36.209722,50,1249,1.249,,True,2007-12-26,1980-06-01,,
2600031441,Nova Floresta,PB,Poço tubular,,-6.535555,-36.223888,50,17200,17.2,,True,2007-12-26,1995-06-01,,
2600031442,Nova Floresta,PB,Poço tubular,,-6.521666,-36.220555,50,4350,4.35,,True,2007-12-26,1997-06-01,,
2600031443,Nova Floresta,PB,Poço tubular,,-6.521944,-36.220833,45,5040,5.04,,True,2007-12-26,2002-06-01,,
2600031444,Nova Floresta,PB,Poço tubular,,-6.512777,-36.224722,54,15140,15.14,,True,2007-12-26,2000-06-01,,
2600031446,Cuité,PB,Poço tubular,,-6.552777,-36.221111,42,8430,8.43,,True,2007-12-26,1997-11-17,,
2600031447,Paulista,PB,Poço tubular,,-6.625833,-37.513888,45,5300,5.3,,True,2007-12-26,1997-06-01,,
2600031451,Paulista,PB,Poço tubular,,-6.663888,-37.559166,48,2720,2.72,,True,2007-12-26,1978-06-01,,
2600031457,Paulista,PB,Poço tubular,,-6.563888,-37.641666,50,1026,1.026,,True,2007-12-27,1994-06-01,,
2600031459,Paulista,PB,Poço tubular,,-6.547777,-37.614166,36,1041,1.041,,True,2007-12-27,2002-11-21,,
2600031462,Riacho dos Cavalos,PB,Poço tubular,,-6.538611,-37.592222,40,2630,2.63,,True,2007-12-27,2000-04-01,,
2600031463,Pedra Lavrada,PB,Poço tubular,,-6.790555,-36.474444,52,2680,2.68,,True,2007-12-27,2002-12-17,,
2600031464,Pedra Lavrada,PB,Poço tubular,,-6.791111,-36.474722,50,5440,5.44,,True,2007-12-27,2002-06-01,,
2600031465,Pedra Lavrada,PB,Poço tubular,,-6.742222,-36.491111,50,2740,2.74,,True,2007-12-27,2002-08-03,,
2600031466,Pedra Lavrada,PB,Poço tubular,,-6.749444,-36.489444,50,3000,3.0,,True,2007-12-27,1998-04-01,,
2600031467,Nova Palmeira,PB,Poço tubular,,-6.711944,-36.469722,51,6160,6.16,,True,2007-12-27,1999-06-01,,
2600031468,Nova Palmeira,PB,Poço tubular,,-6.715555,-36.4425,40,6760,6.76,,True,2007-12-28,1986-06-01,,
2600031469,Pedra Lavrada,PB,Poço tubular,,-6.776388,-36.450555,50,3580,3.58,,True,2007-12-28,1998-06-01,,
2600031470,Pedra Lavrada,PB,Poço tubular,,-6.811388,-36.462222,50,2430,2.43,,True,2007-12-28,2002-12-01,,
2600031471,Pedra Lavrada,PB,Poço tubular,,-6.814166,-36.428333,50,5490,5.49,,True,2007-12-28,2001-12-01,,
2600031472,Pedra Lavrada,PB,Poço tubular,,-6.824722,-36.452222,50,1924,1.924,,True,2007-12-28,2002-06-01,,
2600031474,Pedra Lavrada,PB,Poço tubular,,-6.752777,-36.455277,50,8140,8.14,,True,2007-12-28,1985-06-01,,
2600031475,Nova Palmeira,PB,Poço tubular,,-6.744166,-36.39,60,1323,1.323,,True,2007-12-28,1982-06-01,,
2600031476,Pedra Lavrada,PB,Poço tubular,,-6.7875,-36.317777,50,47300,47.3,,True,2007-12-28,2002-06-01,,
2600031478,Pedra Lavrada,PB,Poço tubular,,-6.780277,-36.273611,35,21300,21.3,,True,2007-12-28,1996-06-01,,
2600031479,Pedra Lavrada,PB,Poço tubular,,-6.780833,-36.263055,50,14300,14.3,,True,2007-12-28,2000-06-01,,
2600031481,Pedra Lavrada,PB,Poço tubular,,-6.761666,-36.31,50,10370,10.37,,True,2007-12-28,1999-06-01,,
2600031482,Pedra Lavrada,PB,Poço tubular,,-6.718333,-36.3275,50,27500,27.5,,True,2007-12-28,2002-06-01,,
2600031483,Pedra Lavrada,PB,Poço tubular,,-6.701388,-36.278333,50,8190,8.19,,True,2007-12-28,2002-06-01,,
2600031485,Sossêgo,PB,Poço tubular,,-6.706944,-36.247222,50,22800,22.8,,True,2007-12-28,2002-06-01,,
2600031487,Pedra Lavrada,PB,Poço tubular,,-6.741666,-36.288611,50,14020,14.02,,True,2007-12-28,1998-06-01,,
2600031489,Pedra Lavrada,PB,Poço tubular,,-6.756111,-36.469722,70,6020,6.02,,True,2007-12-28,1999-06-01,,
2600031490,Pedra Lavrada,PB,Poço tubular,,-6.731111,-36.445833,34,1106,1.106,,True,2007-12-28,2002-06-01,,
2600031491,Pedra Lavrada,PB,Poço tubular,,-6.743055,-36.464444,50,22800,22.8,,True,2007-12-28,2002-10-01,,
2600031492,Pedra Lavrada,PB,Poço tubular,,-6.757222,-36.473055,70,36600,36.6,,True,2007-12-28,1965-06-01,,
2600031493,Santa Cruz,PB,Poço tubular,,-6.471944,-38.049722,28,1544,1.544,,True,2008-01-02,2002-10-08,,
2600031494,Santa Cruz,PB,Poço tubular,,-6.475555,-38.050277,28,1643,1.643,,True,2008-01-02,2001-10-12,,
2600031495,Santa Cruz,PB,Poço tubular,,-6.5,-38.071111,38,1080,1.08,,True,2008-01-02,2001-04-21,,
2600031496,Santa Cruz,PB,Poço tubular,,-6.526944,-38.102777,28,999,0.999,,True,2008-01-02,2002-06-15,,
2600031500,Santa Cruz,PB,Poço tubular,,-6.568888,-38.104166,35,1105,1.105,,True,2008-01-02,2000-06-10,,
2600031501,Santa Cruz,PB,Poço tubular,,-6.544722,-38.088611,50,1053,1.053,,True,2008-01-02,1992-03-10,,
2600031502,Santa Cruz,PB,Poço tubular,,-6.551388,-38.068888,42,984,0.984,,True,2008-01-02,1976-06-12,,
2600031508,Santa Cruz,PB,Poço tubular,,-6.526111,-38.054444,33,2250,2.25,,True,2008-01-03,2000-08-10,,
2600031509,Santa Cruz,PB,Poço tubular,,-6.531388,-38.059166,50,2800,2.8,,True,2008-01-03,2001-10-12,,
2600031510,Santa Cruz,PB,Poço tubular,,-6.55,-38.063055,40,1480,1.48,,True,2008-01-03,2002-09-10,,
2600031512,Carrapateira,PB,Poço tubular,,-7.036111,-38.34,40,940,0.94,,True,2008-01-03,1990-06-01,,
2600031515,Carrapateira,PB,Poço tubular,,-7.039722,-38.343611,36,1501,1.501,,True,2008-01-03,1976-06-01,,
2600031518,Serra Grande,PB,Poço tubular,,-7.241111,-38.394722,45,895,0.895,,True,2008-01-04,1986-06-01,,
2600031519,Serra Grande,PB,Poço tubular,,-7.229722,-38.376111,39,1344,1.344,,True,2008-01-04,2001-06-01,,
2600031520,Serra Grande,PB,Poço tubular,,-7.195555,-38.362777,50,974,0.974,,True,2008-01-04,1986-06-01,,
2600031521,Conceição,PB,Poço tubular,,-7.343333,-38.549444,44,1006,1.006,,True,2008-01-08,1983-06-01,,
2600031524,Conceição,PB,Poço tubular,,-7.545833,-38.446666,50,768,0.768,,True,2008-01-08,1988-06-01,,
2600031526,Conceição,PB,Poço tubular,,-7.551666,-38.45,50,1915,1.915,,True,2008-01-08,1990-06-01,,
2600031527,Conceição,PB,Poço tubular,,-7.552777,-38.455277,36,697,0.697,,True,2008-01-08,2001-06-01,,
2600031528,Conceição,PB,Poço tubular,,-7.546388,-38.455555,34,598,0.598,,True,2008-01-08,1982-06-01,,
2600031532,Conceição,PB,Poço tubular,,-7.549444,-38.485277,36,1527,1.527,,True,2008-01-09,1980-06-01,,
2600031533,Conceição,PB,Poço tubular,,-7.549722,-38.485277,50,1551,1.551,,True,2008-01-09,1980-06-01,,
2600031534,Conceição,PB,Poço tubular,,-7.5525,-38.499166,45,1098,1.098,,True,2008-01-09,1998-06-01,,
2600031535,Conceição,PB,Poço tubular,,-7.548055,-38.481944,50,588,0.588,,True,2008-01-09,2002-12-02,,
2600031536,Conceição,PB,Poço tubular,,-7.540277,-38.501388,26,707,0.707,,True,2008-01-09,1985-06-01,,
2600031539,Conceição,PB,Poço tubular,,-7.518055,-38.493888,41,945,0.945,,True,2008-01-09,2002-03-15,,
2600031540,Conceição,PB,Poço tubular,,-7.548611,-38.481111,50,636,0.636,,True,2008-01-09,2002-12-03,,
2600031542,Conceição,PB,Poço tubular,,-7.563611,-38.491111,35,1397,1.397,,True,2008-01-09,1982-06-01,,
2600031543,Conceição,PB,Poço tubular,,-7.566111,-38.464444,50,2000,2.0,,True,2008-01-09,1982-06-01,,
2600031544,Conceição,PB,Poço tubular,,-7.564722,-38.484722,36,912,0.912,,True,2008-01-09,2002-09-01,,
2600031545,Conceição,PB,Poço tubular,,-7.579166,-38.559722,13,1029,1.029,,True,2008-01-09,2002-11-01,,
2600031548,Conceição,PB,Poço tubular,,-7.585833,-38.508055,18,1029,1.029,,True,2008-01-10,1984-06-01,,
2600031549,Conceição,PB,Poço tubular,,-7.570833,-38.511388,30,956,0.956,,True,2008-01-10,1984-10-02,,
2600031550,Conceição,PB,Poço tubular,,-7.581111,-38.5,30,881,0.881,,True,2008-01-10,1986-06-01,,
2600031551,Conceição,PB,Poço tubular,,-7.591388,-38.451666,28.7,2560,2.56,,True,2008-01-10,2002-02-01,,
2600031552,Conceição,PB,Poço tubular,,-7.591111,-38.451666,5.34,5200,5.2,,True,2008-01-10,2002-03-01,,
2600031553,Conceição,PB,Poço tubular,,-7.578888,-38.451388,34.77,1180,1.18,,True,2008-01-10,2002-03-01,,
2600031554,Conceição,PB,Poço tubular,,-7.3975,-38.440833,52,1709,1.709,,True,2008-01-10,1999-06-01,,
2600031555,Conceição,PB,Poço tubular,,-7.403055,-38.478333,50,1189,1.189,,True,2008-01-11,1990-06-01,,
2600031556,Conceição,PB,Poço tubular,,-7.401388,-38.479722,97,1418,1.418,,True,2008-01-11,1990-06-01,,
2600031558,Conceição,PB,Poço tubular,,-7.396666,-38.480277,50,1707,1.707,,True,2008-01-11,1993-06-01,,
2600031559,Conceição,PB,Poço tubular,,-7.399722,-38.481666,42,1389,1.389,,True,2008-01-11,1993-06-01,,
2600031560,Conceição,PB,Poço tubular,,-7.403055,-38.462222,50,1424,1.424,,True,2008-01-11,1998-06-01,,
2600031561,Conceição,PB,Poço tubular,,-7.402777,-38.462222,59,783,0.783,,True,2008-01-11,1998-06-01,,
2600031565,Conceição,PB,Poço tubular,,-7.441111,-38.505,50,1355,1.355,,True,2008-01-11,1998-06-01,,
2600031566,Conceição,PB,Poço tubular,,-7.443333,-38.503333,30,782,0.782,,True,2008-01-11,2000-06-01,,
2600031568,Ibiara,PB,Poço tubular,,-7.4425,-38.481111,48,987,0.987,,True,2008-01-11,2000-06-01,,
2600031573,Conceição,PB,Poço tubular,,-7.560833,-38.510277,9,1105,1.105,,True,2008-01-11,2002-12-04,,
2600031574,Conceição,PB,Poço tubular,,-7.563333,-38.513055,10,705,0.705,,True,2008-01-11,1997-06-01,,
2600031579,Conceição,PB,Poço tubular,,-7.435,-38.548055,50,533,0.533,,True,2008-01-14,1981-06-01,,
2600031581,Conceição,PB,Poço tubular,,-7.5075,-38.5125,24.5,676,0.676,,True,2008-01-14,1985-06-01,,
2600031582,Conceição,PB,Poço tubular,,-7.551388,-38.502222,48,1264,1.264,,True,2008-01-14,1999-06-01,,
2600031584,Conceição,PB,Poço tubular,,-7.550833,-38.563055,10.4,1224,1.224,,True,2008-01-14,1994-06-01,,
2600031586,Conceição,PB,Poço tubular,,-7.516944,-38.564722,50,671,0.671,,True,2008-01-14,2001-06-01,,
2600031587,Conceição,PB,Poço tubular,,-7.523611,-38.501111,12,1299,1.299,,True,2008-01-14,1994-06-01,,
2600031589,Conceição,PB,Poço tubular,,-7.553611,-38.639166,38,1506,1.506,,True,2008-01-14,1999-06-01,,
2600031590,Conceição,PB,Poço tubular,,-7.550833,-38.625,30,872,0.872,,True,2008-01-14,1984-06-01,,
2600031591,Conceição,PB,Poço tubular,,-7.575,-38.617222,37,1055,1.055,,True,2008-01-14,1999-06-01,,
2600031592,Conceição,PB,Poço tubular,,-7.556666,-38.597222,24,1624,1.624,,True,2008-01-14,1998-06-01,,
2600031593,Conceição,PB,Poço tubular,,-7.554722,-38.598333,52,1551,1.551,,True,2008-01-14,1998-04-01,,
2600031594,Conceição,PB,Poço tubular,,-7.546111,-38.459166,30,614,0.614,,True,2008-01-14,2002-11-15,,
2600031595,Conceição,PB,Poço tubular,,-7.549166,-38.482777,34,620,0.62,,True,2008-01-14,2002-11-01,,
2600031596,Conceição,PB,Poço tubular,,-7.548888,-38.485277,42,693,0.693,,True,2008-01-14,2002-06-01,,
2600031597,Conceição,PB,Poço tubular,,-7.504444,-38.494722,50,645,0.645,,True,2008-01-14,2002-10-25,,
2600031598,Conceição,PB,Poço tubular,,-7.488611,-38.488055,30,654,0.654,,True,2008-01-14,2002-10-01,,
2600031599,Conceição,PB,Poço tubular,,-7.563611,-38.486111,40,867,0.867,,True,2008-01-14,2002-10-01,,
2600031600,Conceição,PB,Poço tubular,,-7.583611,-38.556666,20,808,0.808,,True,2008-01-14,2002-11-01,,
2600031602,Santa Helena,PB,Poço tubular,,-6.649444,-38.641944,52,1514,1.514,,True,2008-01-15,1980-06-01,,
2600031603,Santa Helena,PB,Poço tubular,,-6.649166,-38.628333,50,862,0.862,,True,2008-01-15,1986-06-01,,
2600031604,Santa Helena,PB,Poço tubular,,-6.649444,-38.626944,50,615,0.615,,True,2008-01-15,1991-06-01,,
2600031605,Triunfo,PB,Poço tubular,,-6.658055,-38.611666,50,3320,3.32,,True,2008-01-15,1972-06-01,,
2600031606,Triunfo,PB,Poço tubular,,-6.669444,-38.602777,60,1317,1.317,,True,2008-01-15,1981-06-01,,
2600031607,Santa Helena,PB,Poço tubular,,-6.674166,-38.611388,50,524,0.524,,True,2008-01-15,2002-11-14,,
2600031608,Santa Helena,PB,Poço tubular,,-6.687777,-38.615277,55,1327,1.327,,True,2008-01-15,1981-06-01,,
2600031610,Santa Helena,PB,Poço tubular,,-6.689166,-38.621944,50,665,0.665,,True,2008-01-15,2000-06-01,,
2600031611,Santa Helena,PB,Poço tubular,,-6.724444,-38.643055,42,964,0.964,,True,2008-01-15,2000-02-10,,
2600031613,Santa Helena,PB,Poço tubular,,-6.719444,-38.630833,70,1625,1.625,,True,2008-01-15,1982-06-01,,
2600031615,Santa Helena,PB,Poço tubular,,-6.715555,-38.614444,74,1263,1.263,,True,2008-01-15,1982-01-08,,
2600031616,Santa Helena,PB,Poço tubular,,-6.720555,-38.641944,55,1153,1.153,,True,2008-01-15,1979-06-01,,
2600031617,Santa Helena,PB,Poço tubular,,-6.697777,-38.626944,50,1086,1.086,,True,2008-01-15,2002-11-15,,
2600031619,Santa Helena,PB,Poço tubular,,-6.699722,-38.636111,50,1445,1.445,,True,2008-01-15,2000-06-01,,
2600031620,Santa Helena,PB,Poço tubular,,-6.702777,-38.636388,56,1567,1.567,,True,2008-01-15,1981-06-01,,
2600031621,Santa Helena,PB,Poço tubular,,-6.701666,-38.636111,50,2240,2.24,,True,2008-01-15,1981-06-01,,
2600031622,Santa Helena,PB,Poço tubular,,-6.690833,-38.653888,50,814,0.814,,True,2008-01-15,2000-06-01,,
2600031623,Santa Helena,PB,Poço tubular,,-6.691111,-38.654722,49,732,0.732,,True,2008-01-15,2000-06-01,,
2600031624,Santa Helena,PB,Poço tubular,,-6.691388,-38.655277,50,753,0.753,,True,2008-01-15,1998-06-01,,
2600031625,Santa Helena,PB,Poço tubular,,-6.690277,-38.656666,42,731,0.731,,True,2008-01-15,1998-06-01,,
2600031626,Santa Helena,PB,Poço tubular,,-6.685555,-38.660277,58,1760,1.76,,True,2008-01-15,1998-06-01,,
2600031627,Santa Helena,PB,Poço tubular,,-6.688055,-38.661111,50,2200,2.2,,True,2008-01-15,1980-06-01,,
2600031628,Santa Helena,PB,Poço tubular,,-6.696388,-38.648333,40,1257,1.257,,True,2008-01-15,1999-06-01,,
2600031629,Santa Helena,PB,Poço tubular,,-6.699166,-38.6675,45,1837,1.837,,True,2008-01-15,1997-06-01,,
2600031630,Santa Helena,PB,Poço tubular,,-6.699444,-38.666111,25,707,0.707,,True,2008-01-15,1977-06-01,,
2600031631,Santa Helena,PB,Poço tubular,,-6.698611,-38.664166,40,762,0.762,,True,2008-01-15,1998-06-01,,
2600031632,Santa Helena,PB,Poço tubular,,-6.699722,-38.665,50,565,0.565,,True,2008-01-15,1986-06-01,,
2600031633,Santa Helena,PB,Poço tubular,,-6.7175,-38.639444,50,1438,1.438,,True,2008-01-16,2000-06-01,,
2600031634,Santa Helena,PB,Poço tubular,,-6.716111,-38.638888,48,1122,1.122,,True,2008-01-16,2002-06-01,,
2600031635,Santa Helena,PB,Poço tubular,,-6.725833,-38.641111,20,1530,1.53,,True,2008-01-16,1987-06-01,,
2600031638,Santa Helena,PB,Poço tubular,,-6.718611,-38.640277,37,1553,1.553,,True,2008-01-16,1998-06-01,,
2600031639,Santa Helena,PB,Poço tubular,,-6.716666,-38.641388,43,753,0.753,,True,2008-01-16,1999-06-01,,
2600031640,Santa Helena,PB,Poço tubular,,-6.715555,-38.641666,42,1136,1.136,,True,2008-01-16,1999-06-01,,
2600031643,Santa Helena,PB,Poço tubular,,-6.706944,-38.563888,65,237,0.237,,True,2008-01-17,1986-06-01,,
2600031644,Santa Helena,PB,Poço tubular,,-6.709444,-38.556944,100,494,0.494,,True,2008-01-17,2000-06-01,,
2600031647,Santa Helena,PB,Poço tubular,,-6.714722,-38.562777,51,522,0.522,,True,2008-01-17,1986-06-01,,
2600031648,Santa Helena,PB,Poço tubular,,-6.714444,-38.563611,50,391,0.391,,True,2008-01-17,1970-06-01,,
2600031649,Santa Helena,PB,Poço tubular,,-6.715555,-38.561666,50,431,0.431,,True,2008-01-17,1986-06-01,,
2600031650,Santa Helena,PB,Poço tubular,,-6.715555,-38.560277,50,354,0.354,,True,2008-01-17,1999-06-01,,
2600031651,Santa Helena,PB,Poço tubular,,-6.7125,-38.565,52,451,0.451,,True,2008-01-17,1976-06-01,,
2600031652,Santa Helena,PB,Poço tubular,,-6.711944,-38.565277,50,487,0.487,,True,2008-01-17,1976-06-01,,
2600031653,Santa Helena,PB,Poço tubular,,-6.708611,-38.564722,55,296,0.296,,True,2008-01-17,1975-06-01,,
2600031654,Triunfo,PB,Poço tubular,,-6.703611,-38.571111,45,588,0.588,,True,2008-01-17,1989-03-05,,
2600031655,Triunfo,PB,Poço tubular,,-6.701944,-38.572222,51,910,0.91,,True,2008-01-17,2000-06-01,,
2600031656,Triunfo,PB,Poço tubular,,-6.702777,-38.574444,50,836,0.836,,True,2008-01-17,1989-06-01,,
2600031657,Triunfo,PB,Poço tubular,,-6.701944,-38.574444,48,1748,1.748,,True,2008-01-17,1989-06-01,,
2600031658,Santa Helena,PB,Poço tubular,,-6.718611,-38.64,47,1710,1.71,,True,2008-01-17,2000-06-01,,
2600031659,Santa Helena,PB,Poço tubular,,-6.72,-38.586666,55,439,0.439,,True,2008-01-17,1992-06-01,,
2600031660,Santa Helena,PB,Poço tubular,,-6.716944,-38.588055,60,434,0.434,,True,2008-01-17,1986-06-01,,
2600031661,Santa Helena,PB,Poço tubular,,-6.711666,-38.585,61,540,0.54,,True,2008-01-17,1982-06-01,,
2600031662,Santa Helena,PB,Poço tubular,,-6.710833,-38.586666,50,612,0.612,,True,2008-01-17,2000-01-05,,
2600031663,Santa Helena,PB,Poço tubular,,-6.708888,-38.579722,51,458,0.458,,True,2008-01-17,1999-06-01,,
2600031664,Santa Helena,PB,Poço tubular,,-6.705555,-38.581944,50,835,0.835,,True,2008-01-17,1986-06-01,,
2600031665,Santa Helena,PB,Poço tubular,,-6.714166,-38.573888,55,217,0.217,,True,2008-01-17,1985-06-01,,
2600031666,Santa Helena,PB,Poço tubular,,-6.714166,-38.575277,60,467,0.467,,True,2008-01-17,2002-11-17,,
2600031667,Santa Helena,PB,Poço tubular,,-6.711111,-38.574166,60,396,0.396,,True,2008-01-17,1979-11-01,,
2600031668,Santa Helena,PB,Poço tubular,,-6.705277,-38.5725,47,347,0.347,,True,2008-01-17,2001-06-01,,
2600031670,Santa Helena,PB,Poço tubular,,-6.706388,-38.5925,65,1572,1.572,,True,2008-01-17,1999-06-01,,
2600031671,Santa Helena,PB,Poço tubular,,-6.704166,-38.6,54,1084,1.084,,True,2008-01-17,1980-03-24,,
2600031672,Santa Helena,PB,Poço tubular,,-6.704722,-38.598611,52,1033,1.033,,True,2008-01-17,1993-06-01,,
2600031673,Santa Helena,PB,Poço tubular,,-6.703611,-38.5975,41,969,0.969,,True,2008-01-17,2002-06-01,,
2600031674,Santa Helena,PB,Poço tubular,,-6.704444,-38.595555,50,813,0.813,,True,2008-01-17,1997-06-01,,
2600031675,Santa Helena,PB,Poço tubular,,-6.705833,-38.595,51,904,0.904,,True,2008-01-17,1980-02-01,,
2600031676,Santa Helena,PB,Poço tubular,,-6.71,-38.601666,52,1095,1.095,,True,2008-01-17,1986-06-01,,
2600031677,Santa Helena,PB,Poço tubular,,-6.710833,-38.605,50,1203,1.203,,True,2008-01-17,2002-08-18,,
2600031679,Triunfo,PB,Poço tubular,,-6.698888,-38.54,50,249,0.249,,True,2008-01-17,1980-06-01,,
2600031680,Triunfo,PB,Poço tubular,,-6.7,-38.540277,50,225,0.225,,True,2008-01-17,1998-06-01,,
2600031681,Santa Helena,PB,Poço tubular,,-6.720833,-38.601388,62,636,0.636,,True,2008-01-17,1978-06-01,,
2600031682,Santa Helena,PB,Poço tubular,,-6.719166,-38.605277,50,585,0.585,,True,2008-01-17,1997-06-01,,
2600031683,Santa Helena,PB,Poço tubular,,-6.723333,-38.603611,50,397,0.397,,True,2008-01-17,1992-06-01,,
2600031684,Santa Helena,PB,Poço tubular,,-6.725277,-38.601944,50,586,0.586,,True,2008-01-17,1999-06-01,,
2600031687,Santa Helena,PB,Poço tubular,,-6.728055,-38.594166,50,586,0.586,,True,2008-01-17,2000-01-25,,
2600031690,Santa Helena,PB,Poço tubular,,-6.709444,-38.611111,55,1977,1.977,,True,2008-01-18,1980-06-01,,
2600031692,Santa Helena,PB,Poço tubular,,-6.701111,-38.609166,37,820,0.82,,True,2008-01-18,1999-06-01,,
2600031693,Santa Helena,PB,Poço tubular,,-6.701944,-38.613055,104,1288,1.288,,True,2008-01-18,1978-06-01,,
2600031694,Santa Helena,PB,Poço tubular,,-6.703888,-38.627222,48,1242,1.242,,True,2008-01-18,1997-06-01,,
2600031695,Santa Helena,PB,Poço tubular,,-6.711944,-38.627777,50,854,0.854,,True,2008-01-18,1990-06-01,,
2600031696,Santa Helena,PB,Poço tubular,,-6.718611,-38.655,19,879,0.879,,True,2008-01-18,1999-06-01,,
2600031697,Santa Helena,PB,Poço tubular,,-6.708611,-38.661111,18,704,0.704,,True,2008-01-18,1999-06-01,,
2600031698,Santa Helena,PB,Poço tubular,,-6.661111,-38.633055,33,184,0.184,,True,2008-01-18,1980-06-01,,
2600031700,Santa Helena,PB,Poço tubular,,-6.664166,-38.630833,51,343,0.343,,True,2008-01-18,1997-06-01,,
2600031701,Santa Helena,PB,Poço tubular,,-6.671666,-38.646388,50,1003,1.003,,True,2008-01-18,1997-06-01,,
2600031703,Santa Helena,PB,Poço tubular,,-6.684722,-38.641388,58,811,0.811,,True,2008-01-18,2001-06-01,,
2600031704,Santa Helena,PB,Poço tubular,,-6.689444,-38.640555,51,706,0.706,,True,2008-01-18,1997-06-01,,
2600031705,Santa Helena,PB,Poço tubular,,-6.698888,-38.643888,40,1052,1.052,,True,2008-01-18,1980-06-01,,
2600031706,Santa Helena,PB,Poço tubular,,-6.702222,-38.641388,50,1488,1.488,,True,2008-01-18,1999-06-01,,
2600031707,Santa Helena,PB,Poço tubular,,-6.701666,-38.6425,45,2330,2.33,,True,2008-01-18,2002-09-01,,
2600031709,Santa Helena,PB,Poço tubular,,-6.754166,-38.635277,50,732,0.732,,True,2008-01-18,1999-06-01,,
2600031710,Santa Helena,PB,Poço tubular,,-6.755555,-38.64,60,909,0.909,,True,2008-01-18,1980-06-01,,
2600031712,Santa Helena,PB,Poço tubular,,-6.726944,-38.6275,51,1447,1.447,,True,2008-01-18,1975-06-01,,
2600031713,Santa Helena,PB,Poço tubular,,-6.742777,-38.601666,50,631,0.631,,True,2008-01-18,1986-06-01,,
2600031714,Santa Helena,PB,Poço tubular,,-6.744444,-38.608333,45,991,0.991,,True,2008-01-18,2001-06-01,,
2600031715,Santa Helena,PB,Poço tubular,,-6.744166,-38.607777,50,983,0.983,,True,2008-01-18,1980-06-01,,
2600031717,Santa Helena,PB,Poço tubular,,-6.745277,-38.6025,50,854,0.854,,True,2008-01-18,2000-09-01,,
2600031718,Santa Helena,PB,Poço tubular,,-6.741111,-38.596111,40,805,0.805,,True,2008-01-18,2001-06-01,,
2600031719,Santa Helena,PB,Poço tubular,,-6.739444,-38.596111,40,802,0.802,,True,2008-01-21,2002-06-01,,
2600031721,Santa Helena,PB,Poço tubular,,-6.785833,-38.537222,36,4020,4.02,,True,2008-01-21,1992-06-01,,
2600031722,Santa Helena,PB,Poço tubular,,-6.793055,-38.543333,52,2810,2.81,,True,2008-01-21,2002-08-01,,
2600031724,Santa Helena,PB,Poço tubular,,-6.791666,-38.541944,50,588,0.588,,True,2008-01-21,2002-06-01,,
2600031726,Santa Helena,PB,Poço tubular,,-6.784444,-38.538888,50,1517,1.517,,True,2008-01-21,1999-06-01,,
2600031727,Santa Helena,PB,Poço tubular,,-6.774722,-38.54,50,722,0.722,,True,2008-01-21,1999-04-28,,
2600031728,Santa Helena,PB,Poço tubular,,-6.7725,-38.540833,50,545,0.545,,True,2008-01-21,1994-06-01,,
2600031729,Santa Helena,PB,Poço tubular,,-6.778611,-38.544166,65,661,0.661,,True,2008-01-21,1986-06-01,,
2600031730,Santa Helena,PB,Poço tubular,,-6.768611,-38.549166,50,717,0.717,,True,2008-01-21,2000-06-01,,
2600031731,Santa Helena,PB,Poço tubular,,-6.7675,-38.549444,50,649,0.649,,True,2008-01-21,2000-06-01,,
2600031732,Santa Helena,PB,Poço tubular,,-6.764722,-38.548611,54,338,0.338,,True,2008-01-21,1983-06-24,,
2600031734,Santa Helena,PB,Poço tubular,,-6.773888,-38.555833,45,675,0.675,,True,2008-01-21,2002-06-01,,
2600031735,Santa Helena,PB,Poço tubular,,-6.776111,-38.556666,59,691,0.691,,True,2008-01-21,1999-06-01,,
2600031736,Santa Helena,PB,Poço tubular,,-6.7625,-38.561944,43,585,0.585,,True,2008-01-21,2002-11-28,,
2600031737,Santa Helena,PB,Poço tubular,,-6.760555,-38.562222,49,499,0.499,,True,2008-01-21,2002-11-20,,
2600031738,Santa Helena,PB,Poço tubular,,-6.7575,-38.5625,50,596,0.596,,True,2008-01-21,1999-06-01,,
2600031739,Santa Helena,PB,Poço tubular,,-6.753333,-38.556666,150,917,0.917,,True,2008-01-21,1985-06-01,,
2600031740,Santa Helena,PB,Poço tubular,,-6.778333,-38.513055,42,731,0.731,,True,2008-01-21,2002-10-01,,
2600031741,Santa Helena,PB,Poço tubular,,-6.772222,-38.513611,51,697,0.697,,True,2008-01-21,1999-06-01,,
2600031743,Santa Helena,PB,Poço tubular,,-6.7675,-38.514444,42,679,0.679,,True,2008-01-21,2002-06-01,,
2600031744,Santa Helena,PB,Poço tubular,,-6.766666,-38.516111,52,780,0.78,,True,2008-01-21,1980-06-01,,
2600031745,Santa Helena,PB,Poço tubular,,-6.766388,-38.5125,50,778,0.778,,True,2008-01-21,1986-06-01,,
2600031747,Santa Helena,PB,Poço tubular,,-6.777777,-38.5325,50,609,0.609,,True,2008-01-21,1986-06-01,,
2600031748,Santa Helena,PB,Poço tubular,,-6.774722,-38.524722,72,694,0.694,,True,2008-01-21,1985-06-01,,
2600031749,Santa Helena,PB,Poço tubular,,-6.773055,-38.521111,51,818,0.818,,True,2008-01-21,1997-06-01,,
2600031750,Santa Helena,PB,Poço tubular,,-6.770277,-38.5225,40,770,0.77,,True,2008-01-21,2000-06-01,,
2600031751,Santa Helena,PB,Poço tubular,,-6.768333,-38.521111,50,888,0.888,,True,2008-01-21,2000-06-01,,
2600031752,Santa Helena,PB,Poço tubular,,-6.758611,-38.507222,50,977,0.977,,True,2008-01-21,1986-06-01,,
2600031753,Santa Helena,PB,Poço tubular,,-6.754444,-38.504444,40,769,0.769,,True,2008-01-21,2000-06-01,,
2600031754,Santa Helena,PB,Poço tubular,,-6.753888,-38.496388,55,721,0.721,,True,2008-01-21,1985-06-01,,
2600031755,Santa Helena,PB,Poço tubular,,-6.748611,-38.505,70,425,0.425,,True,2008-01-21,1980-06-01,,
2600031756,Santa Helena,PB,Poço tubular,,-6.755555,-38.515277,50,913,0.913,,True,2008-01-21,1980-06-01,,
2600031757,Santa Helena,PB,Poço tubular,,-6.759166,-38.517777,50,669,0.669,,True,2008-01-21,2000-06-01,,
2600031758,Santa Helena,PB,Poço tubular,,-6.758611,-38.520277,34,573,0.573,,True,2008-01-22,2000-11-27,,
2600031760,Santa Helena,PB,Poço tubular,,-6.748055,-38.521388,50,716,0.716,,True,2008-01-22,1975-06-01,,
2600031763,Santa Helena,PB,Poço tubular,,-6.757222,-38.524166,39,724,0.724,,True,2008-01-22,2002-10-01,,
2600031764,Santa Helena,PB,Poço tubular,,-6.760833,-38.527777,40,936,0.936,,True,2008-01-22,1999-06-01,,
2600031765,Santa Helena,PB,Poço tubular,,-6.763055,-38.53,42,1163,1.163,,True,2008-01-22,1986-06-01,,
2600031766,Santa Helena,PB,Poço tubular,,-6.765,-38.529166,52,488,0.488,,True,2008-01-22,2001-11-28,,
2600031767,Santa Helena,PB,Poço tubular,,-6.774166,-38.530277,50,470,0.47,,True,2008-01-22,1999-06-01,,
2600031768,Santa Helena,PB,Poço tubular,,-6.778055,-38.533888,43,659,0.659,,True,2008-01-22,2002-06-01,,
2600031769,Santa Helena,PB,Poço tubular,,-6.774444,-38.535277,42,413,0.413,,True,2008-01-22,2000-06-01,,
2600031770,Santa Helena,PB,Poço tubular,,-6.754166,-38.538333,51,723,0.723,,True,2008-01-22,1999-09-01,,
2600031771,Santa Helena,PB,Poço tubular,,-6.766666,-38.535833,42,1432,1.432,,True,2008-01-22,1986-06-01,,
2600031773,Santa Helena,PB,Poço tubular,,-6.756388,-38.531111,45,1040,1.04,,True,2008-01-22,2000-06-01,,
2600031774,Santa Helena,PB,Poço tubular,,-6.753888,-38.533055,50,770,0.77,,True,2008-01-22,1982-06-01,,
2600031775,Santa Helena,PB,Poço tubular,,-6.741111,-38.531666,36,966,0.966,,True,2008-01-22,2002-06-01,,
2600031776,Santa Helena,PB,Poço tubular,,-6.739722,-38.531111,50,825,0.825,,True,2008-01-22,1978-06-01,,
2600031777,Santa Helena,PB,Poço tubular,,-6.755277,-38.551944,50,738,0.738,,True,2008-01-22,2002-11-21,,
2600031778,Santa Helena,PB,Poço tubular,,-6.749166,-38.546666,40,730,0.73,,True,2008-01-22,2002-06-01,,
2600031779,Santa Helena,PB,Poço tubular,,-6.768055,-38.543888,50,676,0.676,,True,2008-01-22,1998-06-01,,
2600031780,Santa Helena,PB,Poço tubular,,-6.789444,-38.521666,38,1185,1.185,,True,2008-01-22,2002-06-01,,
2600031781,São José de Piranhas,PB,Poço tubular,,-7.169166,-38.603333,49.43,1397,1.397,,True,2008-01-22,2002-10-03,,
2600031782,São José de Piranhas,PB,Poço tubular,,-7.178611,-38.611388,46,802,0.802,,True,2008-01-22,2000-06-01,,
2600031783,São José de Piranhas,PB,Poço tubular,,-7.178888,-38.6125,45.15,531,0.531,,True,2008-01-22,2000-06-01,,
2600031784,São José de Piranhas,PB,Poço tubular,,-7.176666,-38.602777,24,683,0.683,,True,2008-01-22,1993-11-23,,
2600031787,Cajazeiras,PB,Poço tubular,,-7.047777,-38.583611,18.5,235,0.235,,True,2008-01-23,1975-06-01,,
2600031788,Cajazeiras,PB,Poço tubular,,-7.043333,-38.585,48,314,0.314,,True,2008-01-23,1970-06-01,,
2600031789,São José de Piranhas,PB,Poço tubular,,-7.06,-38.594722,52,1371,1.371,,True,2008-01-23,2001-12-01,,
2600031791,São José de Piranhas,PB,Poço tubular,,-7.078333,-38.566388,7,813,0.813,,True,2008-01-23,2002-11-23,,
2600031792,São José de Piranhas,PB,Poço tubular,,-7.083055,-38.549166,30,1034,1.034,,True,2008-01-23,2002-08-01,,
2600031793,São José de Piranhas,PB,Poço tubular,,-7.114166,-38.525555,58,687,0.687,,True,2008-01-23,1998-06-01,,
2600031795,São José de Piranhas,PB,Poço tubular,,-7.097777,-38.54,42,721,0.721,,True,2008-01-23,2001-07-01,,
2600031796,São José de Piranhas,PB,Poço tubular,,-7.0825,-38.546944,33,294,0.294,,True,2008-01-23,2002-10-01,,
2600031797,São José de Piranhas,PB,Poço tubular,,-7.13,-38.473611,50,743,0.743,,True,2008-01-23,2002-11-18,,
2600031798,São José de Piranhas,PB,Poço tubular,,-7.121666,-38.48,50,708,0.708,,True,2008-01-23,1998-06-01,,
2600031801,São José de Piranhas,PB,Poço tubular,,-7.123333,-38.4775,50,679,0.679,,True,2008-01-23,1999-06-01,,
2600031804,São José de Piranhas,PB,Poço tubular,,-7.13,-38.466944,38,564,0.564,,True,2008-01-23,1986-06-01,,
2600031805,São José de Piranhas,PB,Poço tubular,,-7.125277,-38.484722,35,577,0.577,,True,2008-01-23,2002-09-01,,
2600031806,São José de Piranhas,PB,Poço tubular,,-7.136111,-38.469722,52,1085,1.085,,True,2008-01-23,2002-09-01,,
2600031807,São José de Piranhas,PB,Poço tubular,,-7.118333,-38.474722,37.5,797,0.797,,True,2008-01-23,2002-09-01,,
2600031808,São José de Piranhas,PB,Poço tubular,,-7.118055,-38.4725,48,2590,2.59,,True,2008-01-23,2001-12-01,,
2600031809,São José de Piranhas,PB,Poço tubular,,-7.086666,-38.488888,52,881,0.881,,True,2008-01-23,2002-11-18,,
2600031811,São José de Piranhas,PB,Poço tubular,,-7.055833,-38.474166,56,951,0.951,,True,2008-01-23,2001-10-01,,
2600031814,São José de Piranhas,PB,Poço tubular,,-7.09,-38.451388,30,1180,1.18,,True,2008-01-23,1997-06-01,,
2600031818,São José de Piranhas,PB,Poço tubular,,-7.120833,-38.464444,45,936,0.936,,True,2008-01-23,1983-06-01,,
2600031819,São José de Piranhas,PB,Poço tubular,,-7.1125,-38.49,37,1279,1.279,,True,2008-01-23,2002-09-01,,
2600031820,São José de Piranhas,PB,Poço tubular,,-7.120555,-38.483611,50,762,0.762,,True,2008-01-23,1972-06-01,,
2600031821,São José de Piranhas,PB,Poço tubular,,-7.105833,-38.496944,37,706,0.706,,True,2008-01-23,2002-10-01,,
2600031824,São José de Piranhas,PB,Poço tubular,,-7.073333,-38.487777,21,674,0.674,,True,2008-01-23,2002-08-01,,
2600031825,São José de Piranhas,PB,Poço tubular,,-7.061388,-38.491666,54,998,0.998,,True,2008-01-23,2002-03-01,,
2600031826,São José de Piranhas,PB,Poço tubular,,-7.061388,-38.492222,52,1369,1.369,,True,2008-01-23,2001-11-01,,
2600031827,São José de Piranhas,PB,Poço tubular,,-7.078055,-38.488055,31,664,0.664,,True,2008-01-23,2002-07-01,,
2600031828,São José de Piranhas,PB,Poço tubular,,-7.071944,-38.483333,34,34,0.034,,True,2008-01-23,2002-07-01,,
2600031830,São José de Piranhas,PB,Poço tubular,,-7.074444,-38.451111,8,1091,1.091,,True,2008-01-23,1985-06-01,,
2600031831,São José de Piranhas,PB,Poço tubular,,-7.065555,-38.441944,52,1011,1.011,,True,2008-01-23,1999-10-23,,
2600031832,São José de Piranhas,PB,Poço tubular,,-7.098888,-38.441944,35,1305,1.305,,True,2008-01-23,1999-08-01,,
2600031833,São José de Piranhas,PB,Poço tubular,,-7.065555,-38.430277,90,1152,1.152,,True,2008-01-23,2002-03-01,,
2600031835,São José de Piranhas,PB,Poço tubular,,-7.123333,-38.388611,53,1114,1.114,,True,2008-01-24,1991-06-01,,
2600031838,São José de Piranhas,PB,Poço tubular,,-7.096944,-38.428611,50,1045,1.045,,True,2008-01-24,1999-06-01,,
2600031841,São José de Piranhas,PB,Poço tubular,,-7.046944,-38.403333,50,1230,1.23,,True,2008-01-24,1985-10-13,,
2600031844,São José de Piranhas,PB,Poço tubular,,-7.034166,-38.516666,30,779,0.779,,True,2008-01-24,2002-11-22,,
2600031846,São José de Piranhas,PB,Poço tubular,,-7.023611,-38.531666,28,794,0.794,,True,2008-01-24,2001-10-01,,
2600031847,São José de Piranhas,PB,Poço tubular,,-7.024166,-38.524166,35,1348,1.348,,True,2008-01-24,1990-06-01,,
2600031848,São José de Piranhas,PB,Poço tubular,,-7.015277,-38.5275,23.4,483,0.483,,True,2008-01-24,2002-06-14,,
2600031849,São José de Piranhas,PB,Poço tubular,,-7.019444,-38.505,38,574,0.574,,True,2008-01-24,1993-06-01,,
2600031850,São José de Piranhas,PB,Poço tubular,,-7.065277,-38.532222,76,604,0.604,,True,2008-01-24,1990-06-01,,
2600031851,São José de Piranhas,PB,Poço tubular,,-7.061388,-38.623333,50,1092,1.092,,True,2008-01-24,2001-06-01,,
2600031852,São José de Piranhas,PB,Poço tubular,,-7.061388,-38.636944,46,1300,1.3,,True,2008-01-24,2002-05-01,,
2600031854,São José de Piranhas,PB,Poço tubular,,-7.071111,-38.641388,51,1838,1.838,,True,2008-01-24,1994-06-01,,
2600031855,São José de Piranhas,PB,Poço tubular,,-7.11,-38.648055,48,692,0.692,,True,2008-01-24,1990-06-01,,
2600031856,São José de Piranhas,PB,Poço tubular,,-7.1175,-38.656388,35,925,0.925,,True,2008-01-24,1992-06-01,,
2600031859,São José de Piranhas,PB,Poço tubular,,-7.115555,-38.5975,45,626,0.626,,True,2008-01-24,1970-06-01,,
2600031861,São José de Piranhas,PB,Poço tubular,,-7.118333,-38.595,45,768,0.768,,True,2008-01-25,1998-06-01,,
2600031862,São José de Piranhas,PB,Poço tubular,,-7.114444,-38.584166,30,651,0.651,,True,2008-01-25,2002-10-01,,
2600031864,São José de Piranhas,PB,Poço tubular,,-7.13,-38.5375,42,959,0.959,,True,2008-01-25,1987-06-01,,
2600031865,São José de Piranhas,PB,Poço tubular,,-7.128611,-38.540833,24,533,0.533,,True,2008-01-25,1987-06-01,,
2600031868,São José de Piranhas,PB,Poço tubular,,-7.130277,-38.544722,32,840,0.84,,True,2008-01-25,2001-12-01,,
2600031869,São José de Piranhas,PB,Poço tubular,,-7.13,-38.542777,33,561,0.561,,True,2008-01-25,2002-05-01,,
2600031870,São José de Piranhas,PB,Poço tubular,,-7.113055,-38.573055,36,633,0.633,,True,2008-01-25,2002-06-01,,
2600031871,São José de Piranhas,PB,Poço tubular,,-7.124166,-38.585,33,550,0.55,,True,2008-01-25,2002-09-01,,
2600031872,São José de Piranhas,PB,Poço tubular,,-7.139444,-38.581388,45,1360,1.36,,True,2008-01-25,2002-05-01,,
2600031873,São José de Piranhas,PB,Poço tubular,,-7.128611,-38.596666,50,779,0.779,,True,2008-01-25,1999-06-01,,
2600031874,São José de Piranhas,PB,Poço tubular,,-7.138611,-38.642222,42,686,0.686,,True,2008-01-25,1983-06-01,,
2600031875,São José de Piranhas,PB,Poço tubular,,-7.165833,-38.642222,23.5,522,0.522,,True,2008-01-25,2002-07-01,,
2600031876,São José de Piranhas,PB,Poço tubular,,-7.155555,-38.616388,30,432,0.432,,True,2008-01-25,2002-05-01,,
2600031877,São José de Piranhas,PB,Poço tubular,,-7.107222,-38.558333,36,701,0.701,,True,2008-01-25,2002-04-01,,
2600031878,São José de Piranhas,PB,Poço tubular,,-7.105,-38.559166,18,1030,1.03,,True,2008-01-25,1989-06-01,,
2600031881,São José de Piranhas,PB,Poço tubular,,-7.018888,-38.411111,60,905,0.905,,True,2008-01-25,1987-06-01,,
2600031884,São José de Piranhas,PB,Poço tubular,,-7.181111,-38.618055,35.51,833,0.833,,True,2008-01-25,2002-06-01,,
2600031885,São José de Piranhas,PB,Poço tubular,,-7.088333,-38.402222,26,614,0.614,,True,2008-01-25,2001-06-01,,
2600031886,São José de Piranhas,PB,Poço tubular,,-7.0575,-38.507222,49,1229,1.229,,True,2008-01-25,2002-11-22,,
2600031887,São José de Piranhas,PB,Poço tubular,,-7.048611,-38.5275,50,1296,1.296,,True,2008-01-25,1998-06-01,,
2600031889,São José de Piranhas,PB,Poço tubular,,-7.053055,-38.546388,42,1002,1.002,,True,2008-01-25,2001-06-01,,
2600031890,São José de Piranhas,PB,Poço tubular,,-7.058611,-38.545277,30,727,0.727,,True,2008-01-25,1999-06-01,,
2600031891,Juru,PB,Poço tubular,,-7.491111,-37.88,48,900,0.9,,True,2008-01-10,1999-06-01,,
2600031892,Juru,PB,Poço tubular,,-7.458055,-37.847222,45,1207,1.207,,True,2008-01-10,2001-06-01,,
2600031893,Juru,PB,Poço tubular,,-7.478888,-37.809722,45,853,0.853,,True,2008-01-10,2002-12-09,,
2600031894,Juru,PB,Poço tubular,,-7.473888,-37.798333,31,1127,1.127,,True,2008-01-10,1999-06-01,,
2600031895,Juru,PB,Poço tubular,,-7.474166,-37.780277,30,1062,1.062,,True,2008-01-10,1999-06-01,,
2600031896,Juru,PB,Poço tubular,,-7.448888,-37.757777,40,948,0.948,,True,2008-01-10,1998-06-01,,
2600031897,Juru,PB,Poço tubular,,-7.490277,-37.804722,47,1083,1.083,,True,2008-01-10,1999-06-01,,
2600031898,Juru,PB,Poço tubular,,-7.495,-37.807222,45,940,0.94,,True,2008-01-10,2002-12-09,,
2600031899,Juru,PB,Poço tubular,,-7.504722,-37.798611,50,1787,1.787,,True,2008-01-10,1999-06-01,,
2600031900,Juru,PB,Poço tubular,,-7.514166,-37.808888,50,1805,1.805,,True,2008-01-10,1999-06-01,,
2600031901,Juru,PB,Poço tubular,,-7.521111,-37.805833,36,1471,1.471,,True,2008-01-10,1999-06-01,,
2600031902,Juru,PB,Poço tubular,,-7.522222,-37.814166,36,2240,2.24,,True,2008-01-10,2002-06-01,,
2600031903,Juru,PB,Poço tubular,,-7.533333,-37.735555,40,1124,1.124,,True,2008-01-10,1982-06-01,,
2600031904,Juru,PB,Poço tubular,,-7.5375,-37.739722,50,859,0.859,,True,2008-01-10,1999-09-01,,
2600031905,Juru,PB,Poço tubular,,-7.515277,-37.7225,43,993,0.993,,True,2008-01-10,2000-06-01,,
2600031906,Juru,PB,Poço tubular,,-7.549166,-37.767777,47,2280,2.28,,True,2008-01-11,2000-06-01,,
2600031907,Juru,PB,Poço tubular,,-7.572777,-37.755833,45,6420,6.42,,True,2008-01-11,2000-06-01,,
2600031908,Juru,PB,Poço tubular,,-7.6175,-37.761666,47,2710,2.71,,True,2008-01-11,1999-06-01,,
2600031909,Juru,PB,Poço tubular,,-7.611944,-37.749444,34,4490,4.49,,True,2008-01-11,1977-06-01,,
2600031910,Juru,PB,Poço tubular,,-7.603888,-37.761111,50,4400,4.4,,True,2008-01-11,1999-06-01,,
2600031911,Juru,PB,Poço tubular,,-7.567777,-37.803333,50,2330,2.33,,True,2008-01-11,1999-06-01,,
2600031912,Juru,PB,Poço tubular,,-7.529722,-37.896944,48,990,0.99,,True,2008-01-11,2002-12-10,,
2600031913,Juru,PB,Poço tubular,,-7.549722,-37.887222,40,1134,1.134,,True,2008-01-11,2002-12-10,,
2600031914,Juru,PB,Poço tubular,,-7.547222,-37.880833,45,1161,1.161,,True,2008-01-11,1978-06-01,,
2600031915,Juru,PB,Poço tubular,,-7.548333,-37.863888,45,1394,1.394,,True,2008-01-11,2000-06-01,,
2600031916,Juru,PB,Poço tubular,,-7.540833,-37.8275,45,1427,1.427,,True,2008-01-11,1999-06-01,,
2600031917,Picuí,PB,Poço tubular,,-6.6025,-36.2775,60,9380,9.38,,True,2008-01-15,2002-12-17,,
2600031918,Picuí,PB,Poço tubular,,-6.596388,-36.286944,50,8200,8.2,,True,2008-01-15,2001-06-01,,
2600031920,Picuí,PB,Poço tubular,,-6.595833,-36.344166,40,5050,5.05,,True,2008-01-15,2002-12-16,,
2600031924,Nova Palmeira,PB,Poço tubular,,-6.651666,-36.310277,50,6790,6.79,,True,2008-01-15,2002-06-01,,
2600031925,Nova Palmeira,PB,Poço tubular,,-6.657777,-36.318611,50,3640,3.64,,True,2008-01-15,1998-07-01,,
2600031926,Baraúna,PB,Poço tubular,,-6.545555,-36.299722,50,8680,8.68,,True,2008-01-15,2002-12-17,,
2600031927,Picuí,PB,Poço tubular,,-6.444444,-36.267777,36,6020,6.02,,True,2008-01-15,1999-06-01,,
2600031929,Picuí,PB,Poço tubular,,-6.454722,-36.256388,32,2750,2.75,,True,2008-01-15,1998-06-01,,
2600031930,Picuí,PB,Poço tubular,,-6.454722,-36.255555,30,1602,1.602,,True,2008-01-15,2000-06-01,,
2600031933,Picuí,PB,Poço tubular,,-6.4375,-36.264722,35,9380,9.38,,True,2008-01-15,1998-06-01,,
2600031935,Picuí,PB,Poço tubular,,-6.434166,-36.271666,30,2370,2.37,,True,2008-01-15,1998-06-01,,
2600031937,Picuí,PB,Poço tubular,,-6.444166,-36.274444,30,6280,6.28,,True,2008-01-15,1973-06-01,,
2600031938,Picuí,PB,Poço tubular,,-6.453055,-36.265277,28,3700,3.7,,True,2008-01-15,2000-06-01,,
2600031939,Picuí,PB,Poço tubular,,-6.448055,-36.276944,35,2020,2.02,,True,2008-01-15,1999-06-01,,
2600031940,Picuí,PB,Poço tubular,,-6.445555,-36.284444,34,2300,2.3,,True,2008-01-15,1999-06-01,,
2600031941,Picuí,PB,Poço tubular,,-6.440833,-36.280833,35,1309,1.309,,True,2008-01-17,1999-06-01,,
2600031942,Picuí,PB,Poço tubular,,-6.438611,-36.281388,30,1934,1.934,,True,2008-01-17,2001-06-01,,
2600031944,Picuí,PB,Poço tubular,,-6.430277,-36.286944,30,4810,4.81,,True,2008-01-17,1962-06-01,,
2600031945,Picuí,PB,Poço tubular,,-6.523333,-36.298888,36,5910,5.91,,True,2008-01-17,1999-06-01,,
2600031946,Picuí,PB,Poço tubular,,-6.524444,-36.295277,30,6440,6.44,,True,2008-01-17,1999-06-01,,
2600031949,Picuí,PB,Poço tubular,,-6.536111,-36.248611,40,4360,4.36,,True,2008-01-17,1993-06-01,,
2600031951,Picuí,PB,Poço tubular,,-6.548333,-36.250277,54,4940,4.94,,True,2008-01-17,1992-06-01,,
2600031952,Picuí,PB,Poço tubular,,-6.552222,-36.233611,50,2630,2.63,,True,2008-01-17,1998-06-01,,
2600031954,Picuí,PB,Poço tubular,,-6.53,-36.2325,39,7950,7.95,,True,2008-01-17,1998-06-01,,
2600031955,Picuí,PB,Poço tubular,,-6.451388,-36.300555,30,1057,1.057,,True,2008-01-17,1998-06-01,,
2600031956,Picuí,PB,Poço tubular,,-6.4475,-36.302222,50,1060,1.06,,True,2008-01-17,1999-06-01,,
2600031957,Picuí,PB,Poço tubular,,-6.446388,-36.299444,35,1122,1.122,,True,2008-01-17,1996-08-30,,
2600031960,Picuí,PB,Poço tubular,,-6.404722,-36.266388,30,1385,1.385,,True,2008-01-17,1997-06-01,,
2600031961,Picuí,PB,Poço tubular,,-6.397777,-36.285555,42,1368,1.368,,True,2008-01-17,1994-06-01,,
2600031963,Picuí,PB,Poço tubular,,-6.378055,-36.326944,50,3200,3.2,,True,2008-01-17,2000-06-01,,
2600031964,Picuí,PB,Poço tubular,,-6.323611,-36.320555,30,1913,1.913,,True,2008-01-17,1998-06-01,,
2600031965,Picuí,PB,Poço tubular,,-6.371388,-36.348055,50,1405,1.405,,True,2008-01-17,1998-06-01,,
2600031967,Picuí,PB,Poço tubular,,-6.5325,-36.438611,47,4520,4.52,,True,2008-01-17,2001-11-24,,
2600031968,Picuí,PB,Poço tubular,,-6.491666,-36.376666,38,10070,10.07,,True,2008-01-17,2001-06-01,,
2600031969,Picuí,PB,Poço tubular,,-6.481388,-36.394166,40,1872,1.872,,True,2008-01-18,2001-11-17,,
2600031970,Picuí,PB,Poço tubular,,-6.474444,-36.404166,40,1405,1.405,,True,2008-01-18,1999-06-01,,
2600031971,Picuí,PB,Poço tubular,,-6.5625,-36.307777,60,5820,5.82,,True,2008-01-18,1960-06-01,,
2600031973,Picuí,PB,Poço tubular,,-6.5775,-36.314166,50,9870,9.87,,True,2008-01-18,1998-06-01,,
2600031974,Picuí,PB,Poço tubular,,-6.613333,-36.289722,50,13900,13.9,,True,2008-01-18,2002-12-17,,
2600031975,Picuí,PB,Poço tubular,,-6.613611,-36.274722,50,6650,6.65,,True,2008-01-18,2000-06-01,,
2600031976,Picuí,PB,Poço tubular,,-6.613888,-36.313333,50,4600,4.6,,True,2008-01-18,1982-06-01,,
2600031977,Nova Palmeira,PB,Poço tubular,,-6.678611,-36.285555,50,17410,17.41,,True,2008-01-18,1998-06-01,,
2600031978,Pedra Lavrada,PB,Poço tubular,,-6.690833,-36.304722,50,5560,5.56,,True,2008-01-18,2000-06-01,,
2600031979,Pedra Lavrada,PB,Poço tubular,,-6.691111,-36.304722,57,4890,4.89,,True,2008-01-18,2002-12-17,,
2600031980,Nova Palmeira,PB,Poço tubular,,-6.675,-36.298611,50,8160,8.16,,True,2008-01-18,2002-12-17,,
2600031982,Nova Palmeira,PB,Poço tubular,,-6.641666,-36.337777,50,5150,5.15,,True,2008-01-18,1998-06-01,,
2600031983,Picuí,PB,Poço tubular,,-6.560277,-36.421666,38,7320,7.32,,True,2008-01-18,2001-06-01,,
2600031984,Picuí,PB,Poço tubular,,-6.587777,-36.427777,50,5000,5.0,,True,2008-01-18,1999-06-01,,
2600031985,Nova Palmeira,PB,Poço tubular,,-6.633333,-36.388888,50,4980,4.98,,True,2008-01-18,2002-12-17,,
2600031986,Picuí,PB,Poço tubular,,-6.526388,-36.3725,50,4060,4.06,,True,2008-01-18,2002-06-01,,
2600031987,Nova Palmeira,PB,Poço tubular,,-6.626388,-36.357222,50,1590,1.59,,True,2008-01-18,1999-06-01,,
2600031988,Nova Palmeira,PB,Poço tubular,,-6.641944,-36.328611,25,2240,2.24,,True,2008-01-18,1998-06-01,,
2600031989,Picuí,PB,Poço tubular,,-6.608055,-36.348611,50,6390,6.39,,True,2008-01-18,1982-06-17,,
2600031990,Picuí,PB,Poço tubular,,-6.590555,-36.405833,36,1902,1.902,,True,2008-01-18,2000-07-01,,
2600031991,Cubati,PB,Poço tubular,,-6.894444,-36.348333,50,1993,1.993,,True,2008-01-21,2000-06-01,,
2600031992,Cubati,PB,Poço tubular,,-6.889722,-36.334444,50,7950,7.95,,True,2008-01-21,2000-06-01,,
2600031993,Cubati,PB,Poço tubular,,-6.876111,-36.326944,60,3180,3.18,,True,2008-01-21,2001-02-01,,
2600031997,Cubati,PB,Poço tubular,,-6.885833,-36.307777,53,17920,17.92,,True,2008-01-21,2002-11-19,,
2600031998,Olivedos,PB,Poço tubular,,-6.901111,-36.285833,50,2760,2.76,,True,2008-01-21,1999-06-01,,
2600031999,Olivedos,PB,Poço tubular,,-6.885277,-36.272777,50,2720,2.72,,True,2008-01-21,1999-06-01,,
2600032000,Cubati,PB,Poço tubular,,-6.881111,-36.290277,53,5500,5.5,,True,2008-01-21,2001-06-01,,
2600032001,Cubati,PB,Poço tubular,,-6.8925,-36.295,53,15190,15.19,,True,2008-01-21,2002-05-01,,
2600032002,Cubati,PB,Poço tubular,,-6.877222,-36.338611,50,7370,7.37,,True,2008-01-21,2002-04-05,,
2600032006,Cubati,PB,Poço tubular,,-6.826388,-36.289166,53,5340,5.34,,True,2008-01-21,1993-06-01,,
2600032009,Pedra Lavrada,PB,Poço tubular,,-6.767777,-36.311111,53,9280,9.28,,True,2008-01-23,1983-06-01,,
2600032010,Pedra Lavrada,PB,Poço tubular,,-6.770833,-36.314722,32,4210,4.21,,True,2008-01-23,2002-12-01,,
2600032011,Cubati,PB,Poço tubular,,-6.831111,-36.325555,50,3920,3.92,,True,2008-01-23,1970-06-01,,
2600032012,Cubati,PB,Poço tubular,,-6.808611,-36.3425,45,4470,4.47,,True,2008-01-23,1999-06-01,,
2600032014,Cubati,PB,Poço tubular,,-6.824722,-36.355833,50,6490,6.49,,True,2008-01-23,1995-06-01,,
2600032015,Cubati,PB,Poço tubular,,-6.831388,-36.349444,36,3070,3.07,,True,2008-01-23,1999-06-01,,
2600032017,Cubati,PB,Poço tubular,,-6.867222,-36.335,50,4300,4.3,,True,2008-01-23,1993-06-01,,
2600032018,Cubati,PB,Poço tubular,,-6.856666,-36.331666,50,4340,4.34,,True,2008-01-23,1999-06-01,,
2600032019,Cubati,PB,Poço tubular,,-6.852777,-36.326666,50,19290,19.29,,True,2008-01-23,2000-06-01,,
2600032020,Cubati,PB,Poço tubular,,-6.848333,-36.324722,30,17030,17.03,,True,2008-01-23,2001-06-01,,
2600032024,Cubati,PB,Poço tubular,,-6.893888,-36.373888,37,6020,6.02,,True,2008-01-23,1999-06-01,,
2600032026,Nazarezinho,PB,Poço tubular,,-6.906111,-38.321111,30,776,0.776,,True,2008-01-23,2000-05-01,,
2600032027,Nazarezinho,PB,Poço tubular,,-6.93,-38.315277,41,629,0.629,,True,2008-01-23,2002-11-01,,
2600032028,Nazarezinho,PB,Poço tubular,,-6.929722,-38.31,32,507,0.507,,True,2008-01-23,2002-09-01,,
2600032029,Nazarezinho,PB,Poço tubular,,-6.932222,-38.308055,39,1198,1.198,,True,2008-01-23,2000-06-01,,
2600032030,Nazarezinho,PB,Poço tubular,,-6.933055,-38.308055,50,654,0.654,,True,2008-01-23,1997-06-01,,
2600032031,Nazarezinho,PB,Poço tubular,,-6.934444,-38.307777,50,565,0.565,,True,2008-01-23,1997-06-01,,
2600032032,Nazarezinho,PB,Poço tubular,,-6.936944,-38.306111,33,562,0.562,,True,2008-01-23,2001-09-01,,
2600032033,Nazarezinho,PB,Poço tubular,,-6.934722,-38.303888,45,614,0.614,,True,2008-01-23,2002-10-01,,
2600032034,Nazarezinho,PB,Poço tubular,,-6.936944,-38.3025,35,708,0.708,,True,2008-01-23,2002-09-01,,
2600032035,Nazarezinho,PB,Poço tubular,,-6.937777,-38.302222,60,942,0.942,,True,2008-01-23,1998-06-01,,
2600032036,Nazarezinho,PB,Poço tubular,,-6.946944,-38.286111,36,464,0.464,,True,2008-01-23,2000-11-01,,
2600032037,Nazarezinho,PB,Poço tubular,,-6.947777,-38.283611,50,2190,2.19,,True,2008-01-23,2000-06-01,,
2600032038,Nazarezinho,PB,Poço tubular,,-6.953333,-38.295,38,872,0.872,,True,2008-01-23,2001-06-01,,
2600032039,Nazarezinho,PB,Poço tubular,,-6.953611,-38.286944,46,551,0.551,,True,2008-01-23,2002-06-01,,
2600032040,Nazarezinho,PB,Poço tubular,,-6.953888,-38.286388,48,823,0.823,,True,2008-01-23,1998-06-01,,
2600032041,Nazarezinho,PB,Poço tubular,,-6.956944,-38.281944,25,1530,1.53,,True,2008-01-23,2001-06-01,,
2600032042,Nazarezinho,PB,Poço tubular,,-6.965555,-38.298888,38,777,0.777,,True,2008-01-23,2002-09-01,,
2600032043,Nazarezinho,PB,Poço tubular,,-6.969166,-38.283333,47,525,0.525,,True,2008-01-23,2001-11-01,,
2600032044,Nazarezinho,PB,Poço tubular,,-6.967777,-38.283055,43,673,0.673,,True,2008-01-23,1980-06-01,,
2600032045,Nazarezinho,PB,Poço tubular,,-6.996388,-38.311388,36,1790,1.79,,True,2008-01-24,1984-06-01,,
2600032046,Nazarezinho,PB,Poço tubular,,-7.010277,-38.309444,26,1684,1.684,,True,2008-01-24,2002-09-01,,
2600032047,Nazarezinho,PB,Poço tubular,,-6.998611,-38.301666,36,1098,1.098,,True,2008-01-24,1980-06-01,,
2600032048,Nazarezinho,PB,Poço tubular,,-6.973611,-38.310277,45,696,0.696,,True,2008-01-24,1998-06-01,,
2600032049,Nazarezinho,PB,Poço tubular,,-6.935277,-38.322222,29,643,0.643,,True,2008-01-24,2002-10-01,,
2600032050,Nazarezinho,PB,Poço tubular,,-6.930555,-38.319444,47,872,0.872,,True,2008-01-24,1997-06-01,,
2600032051,Nazarezinho,PB,Poço tubular,,-6.925,-38.321666,42,464,0.464,,True,2008-01-24,2002-10-01,,
2600032052,Nazarezinho,PB,Poço tubular,,-6.941111,-38.273055,53,764,0.764,,True,2008-01-24,1998-06-01,,
2600032053,Nazarezinho,PB,Poço tubular,,-6.941111,-38.263611,36,1444,1.444,,True,2008-01-24,1980-06-01,,
2600032054,Nazarezinho,PB,Poço tubular,,-6.944166,-38.268055,48,509,0.509,,True,2008-01-24,2001-09-01,,
2600032055,Nazarezinho,PB,Poço tubular,,-6.939444,-38.251944,36,727,0.727,,True,2008-01-24,2002-09-01,,
2600032056,Nazarezinho,PB,Poço tubular,,-6.943055,-38.2525,45,863,0.863,,True,2008-01-24,1980-06-01,,
2600032057,Nazarezinho,PB,Poço tubular,,-6.942222,-38.254166,50,741,0.741,,True,2008-01-24,1999-09-01,,
2600032058,Nazarezinho,PB,Poço tubular,,-6.941666,-38.251111,30,510,0.51,,True,2008-01-25,2001-10-01,,
2600032059,Nazarezinho,PB,Poço tubular,,-6.933888,-38.258888,26,631,0.631,,True,2008-01-25,2002-08-01,,
2600032060,Nazarezinho,PB,Poço tubular,,-6.930833,-38.2525,32,919,0.919,,True,2008-01-25,2000-10-01,,
2600032062,Nazarezinho,PB,Poço tubular,,-6.942222,-38.414166,36,1001,1.001,,True,2008-01-25,1999-06-01,,
2600032063,Nazarezinho,PB,Poço tubular,,-6.949444,-38.389166,36,608,0.608,,True,2008-01-25,2002-10-01,,
2600032064,Nazarezinho,PB,Poço tubular,,-6.946666,-38.396111,49,731,0.731,,True,2008-01-25,1999-06-01,,
2600032065,Nazarezinho,PB,Poço tubular,,-6.944722,-38.395,38,660,0.66,,True,2008-01-25,1999-01-01,,
2600032066,Nazarezinho,PB,Poço tubular,,-6.943888,-38.396388,30,721,0.721,,True,2008-01-25,2002-01-01,,
2600032067,Nazarezinho,PB,Poço tubular,,-6.943888,-38.391666,30,621,0.621,,True,2008-01-25,2000-06-01,,
2600032068,Nazarezinho,PB,Poço tubular,,-6.946666,-38.369166,32,782,0.782,,True,2008-01-25,1999-10-01,,
2600032069,Nazarezinho,PB,Poço tubular,,-6.939722,-38.371944,50,925,0.925,,True,2008-01-25,1982-06-01,,
2600032070,Nazarezinho,PB,Poço tubular,,-6.926666,-38.364444,50,501,0.501,,True,2008-01-25,1970-06-01,,
2600032071,Nazarezinho,PB,Poço tubular,,-6.912222,-38.348888,20,709,0.709,,True,2008-01-25,2001-05-01,,
2600032072,Nazarezinho,PB,Poço tubular,,-6.910833,-38.341388,32,712,0.712,,True,2008-01-25,2002-09-01,,
2600032073,Nazarezinho,PB,Poço tubular,,-6.962222,-38.366388,36,7200,7.2,,True,2008-01-25,2000-06-01,,
2600032074,Nazarezinho,PB,Poço tubular,,-6.930277,-38.329166,50,895,0.895,,True,2008-01-25,2002-12-14,,
2600032075,Nazarezinho,PB,Poço tubular,,-6.925833,-38.3425,35,652,0.652,,True,2008-01-25,1980-06-01,,
2600032076,Nazarezinho,PB,Poço tubular,,-6.93,-38.339444,19.5,1162,1.162,,True,2008-01-25,1998-12-01,,
2600032077,Nazarezinho,PB,Poço tubular,,-6.972777,-38.269722,35,887,0.887,,True,2008-01-25,1999-06-01,,
2600032078,Nazarezinho,PB,Poço tubular,,-6.953611,-38.259444,45,613,0.613,,True,2008-01-25,2002-09-01,,
2600032080,Nazarezinho,PB,Poço tubular,,-6.949722,-38.271388,28,680,0.68,,True,2008-01-25,2001-07-01,,
2600032081,Nazarezinho,PB,Poço tubular,,-6.8825,-38.333611,40,761,0.761,,True,2008-01-25,2002-11-01,,
2600032082,Nazarezinho,PB,Poço tubular,,-6.901111,-38.340833,25,1350,1.35,,True,2008-01-25,2001-10-01,,
2600032083,Ibiara,PB,Poço tubular,,-7.499166,-38.402777,13.36,925,0.925,,True,2008-01-29,2002-11-28,,
2600032084,Ibiara,PB,Poço tubular,,-7.5075,-38.404166,50,950,0.95,,True,2008-01-29,2002-06-01,,
2600032087,Ibiara,PB,Poço tubular,,-7.453333,-38.383611,49.35,1146,1.146,,True,2008-01-29,2002-11-28,,
2600032088,Ibiara,PB,Poço tubular,,-7.48,-38.413611,40,627,0.627,,True,2008-01-29,2002-11-28,,
2600032089,Ibiara,PB,Poço tubular,,-7.454166,-38.4575,14.01,721,0.721,,True,2008-01-29,2002-11-28,,
2600032092,Ibiara,PB,Poço tubular,,-7.535277,-38.392777,50,942,0.942,,True,2008-01-29,2002-07-01,,
2600032093,Ibiara,PB,Poço tubular,,-7.564166,-38.401111,50,2110,2.11,,True,2008-01-29,1999-06-01,,
2600032098,Ibiara,PB,Poço tubular,,-7.457222,-38.324444,50,876,0.876,,True,2008-01-29,2002-11-30,,
2600032099,Ibiara,PB,Poço tubular,,-7.471388,-38.331944,48,617,0.617,,True,2008-01-29,2002-11-30,,
2600032106,Jericó,PB,Poço tubular,,-6.466111,-37.836944,62.3,1680,1.68,,True,2008-01-29,2002-11-20,,
2600032107,Jericó,PB,Poço tubular,,-6.455833,-37.840555,22,1173,1.173,,True,2008-01-29,2002-10-16,,
2600032108,Jericó,PB,Poço tubular,,-6.485555,-37.843333,47.5,572,0.572,,True,2008-01-29,2002-11-20,,
2600032110,Jericó,PB,Poço tubular,,-6.495277,-37.759166,47,1329,1.329,,True,2008-01-29,1999-12-07,,
2600032116,Jericó,PB,Poço tubular,,-6.564166,-37.798611,42,1840,1.84,,True,2008-01-29,1999-09-17,,
2600032124,Catolé do Rocha,PB,Poço tubular,,-6.44,-37.810555,28,1910,1.91,,True,2008-01-29,1999-12-18,,
2600032125,Brejo dos Santos,PB,Poço tubular,,-6.441666,-37.827777,37,1190,1.19,,True,2008-01-29,1999-11-07,,
2600032126,Jericó,PB,Poço tubular,,-6.486111,-37.797222,48,72,0.072,,True,2008-01-29,2002-11-28,,
2600032127,Jericó,PB,Poço tubular,,-6.487222,-37.782777,43,2200,2.2,,True,2008-01-29,2002-11-27,,
2600032128,Jericó,PB,Poço tubular,,-6.500555,-37.817777,35,62,0.062,,True,2008-01-29,2002-11-27,,
2600032129,Jericó,PB,Poço tubular,,-6.526944,-37.786944,43,1759,1.759,,True,2008-01-29,2002-11-27,,
2600032138,Bonito de Santa Fé,PB,Poço tubular,,-7.362222,-38.489444,55,468,0.468,,True,2008-01-31,1990-06-01,,
2600032139,Bonito de Santa Fé,PB,Poço tubular,,-7.321111,-38.527222,50,1351,1.351,,True,2008-01-31,1990-06-01,,
2600032140,Bonito de Santa Fé,PB,Poço tubular,,-7.321111,-38.529167,69,582,0.582,,True,2008-01-31,1983-06-01,,
2600032144,Bonito de Santa Fé,PB,Poço tubular,,-7.310555,-38.512222,35,1435,1.435,,True,2008-01-31,1983-06-01,,
2600032146,Bonito de Santa Fé,PB,Poço tubular,,-7.250277,-38.522777,50,819,0.819,,True,2008-01-31,1984-06-01,,
2600032147,Bonito de Santa Fé,PB,Poço tubular,,-7.273611,-38.534166,50,2430,2.43,,True,2008-01-31,1985-06-01,,
2600032148,Bonito de Santa Fé,PB,Poço tubular,,-7.281111,-38.507222,50,1663,1.663,,True,2008-01-31,1972-06-01,,
2600032149,Bonito de Santa Fé,PB,Poço tubular,,-7.248333,-38.494166,50,748,0.748,,True,2008-01-31,2001-04-01,,
2600032150,Bonito de Santa Fé,PB,Poço tubular,,-7.256111,-38.473888,50,885,0.885,,True,2008-01-31,1999-05-12,,
2600032151,Bonito de Santa Fé,PB,Poço tubular,,-7.296944,-38.432777,50,1767,1.767,,True,2008-01-31,1998-06-01,,
2600032152,Bonito de Santa Fé,PB,Poço tubular,,-7.2675,-38.488888,66,1025,1.025,,True,2008-01-31,1999-06-01,,
2600032153,Bonito de Santa Fé,PB,Poço tubular,,-7.297222,-38.501666,47,1.5,0.0015,,True,2008-01-31,1987-06-01,,
2600032154,São Bento,PB,Poço tubular,,-6.426944,-37.405833,40,412,0.412,,True,2008-01-31,2002-11-15,,
2600032155,São Bento,PB,Poço tubular,,-6.416388,-37.413333,60,754,0.754,,True,2008-01-31,2000-06-01,,
2600032156,São Bento,PB,Poço tubular,,-6.425277,-37.439444,30,882,0.882,,True,2008-01-31,2002-11-19,,
2600032159,Riacho dos Cavalos,PB,Poço tubular,,-6.444444,-37.585833,50,1526,1.526,,True,2008-01-31,2001-06-01,,
2600032160,São Bento,PB,Poço tubular,,-6.47,-37.4875,50,1024,1.024,,True,2008-01-31,1991-06-01,,
2600032163,São Bento,PB,Poço tubular,,-6.488333,-37.4475,40,1111,1.111,,True,2008-01-31,2000-08-01,,
2600032164,São Bento,PB,Poço tubular,,-6.455555,-37.516111,30,1330,1.33,,True,2008-01-31,2002-03-01,,
2600032165,São Bento,PB,Poço tubular,,-6.467222,-37.486944,40,2550,2.55,,True,2008-01-31,1994-06-01,,
2600032170,Cachoeira dos Índios,PB,Poço tubular,,-6.896944,-38.6975,24,568,0.568,,True,2008-02-07,2000-06-01,,
2600032171,Cachoeira dos Índios,PB,Poço tubular,,-6.892777,-38.694444,31,513,0.513,,True,2008-02-07,1998-08-28,,
2600032172,Cachoeira dos Índios,PB,Poço tubular,,-6.921388,-38.678055,35,768,0.768,,True,2008-02-07,2001-12-01,,
2600032173,Cachoeira dos Índios,PB,Poço tubular,,-6.941666,-38.649722,30,1005,1.005,,True,2008-02-07,1985-06-01,,
2600032176,Cachoeira dos Índios,PB,Poço tubular,,-6.951666,-38.654166,38,842,0.842,,True,2008-02-07,1998-06-01,,
2600032181,Cachoeira dos Índios,PB,Poço tubular,,-6.985555,-38.659722,48,3.6,0.0036,,True,2008-02-07,2002-11-16,,
2600032182,Cachoeira dos Índios,PB,Poço tubular,,-6.985555,-38.659166,12.3,1052,1.052,,True,2008-02-07,2002-11-16,,
2600032187,Cachoeira dos Índios,PB,Poço tubular,,-6.9275,-38.674166,36,1818,1.818,,True,2008-02-08,1972-06-01,,
2600032188,Cachoeira dos Índios,PB,Poço tubular,,-6.925277,-38.671388,47.3,1031,1.031,,True,2008-02-08,2002-11-16,,
2600032189,Cachoeira dos Índios,PB,Poço tubular,,-6.923888,-38.673611,50,1585,1.585,,True,2008-02-08,1986-06-01,,
2600032190,Cachoeira dos Índios,PB,Poço tubular,,-6.908888,-38.666666,38,697,0.697,,True,2008-02-08,2000-06-01,,
2600032191,Cachoeira dos Índios,PB,Poço tubular,,-6.909722,-38.660555,38,1707,1.707,,True,2008-02-08,2000-06-01,,
2600032192,Cachoeira dos Índios,PB,Poço tubular,,-6.909722,-38.660277,16.35,1822,1.822,,True,2008-02-08,2002-11-17,,
2600032193,Cachoeira dos Índios,PB,Poço tubular,,-6.896944,-38.650555,18,867,0.867,,True,2008-02-08,1982-10-17,,
2600032194,Cachoeira dos Índios,PB,Poço tubular,,-6.895833,-38.653055,25,792,0.792,,True,2008-02-08,2001-08-01,,
2600032195,Cachoeira dos Índios,PB,Poço tubular,,-6.895,-38.650555,30,1622,1.622,,True,2008-02-08,2000-05-01,,
2600032196,Cachoeira dos Índios,PB,Poço tubular,,-7.005555,-38.708888,50,808,0.808,,True,2008-02-08,1990-06-01,,
2600032197,Cachoeira dos Índios,PB,Poço tubular,,-7.006388,-38.720833,43,1152,1.152,,True,2008-02-08,2000-06-01,,
2600032198,Cachoeira dos Índios,PB,Poço tubular,,-7.031666,-38.671944,46,778,0.778,,True,2008-02-08,1984-01-15,,
2600032200,Cachoeira dos Índios,PB,Poço tubular,,-7.026944,-38.669722,33,1142,1.142,,True,2008-02-08,2000-06-01,,
2600032201,Cachoeira dos Índios,PB,Poço tubular,,-6.993888,-38.749166,38,598,0.598,,True,2008-02-08,1983-06-01,,
2600032202,Cachoeira dos Índios,PB,Poço tubular,,-6.993888,-38.747777,18.94,1743,1.743,,True,2008-02-08,2002-11-18,,
2600032203,Cachoeira dos Índios,PB,Poço tubular,,-6.991388,-38.745555,37,835,0.835,,True,2008-02-08,1999-06-01,,
2600032204,Cachoeira dos Índios,PB,Poço tubular,,-6.970833,-38.735,43,962,0.962,,True,2008-02-08,1998-06-01,,
2600032206,Cachoeira dos Índios,PB,Poço tubular,,-6.931666,-38.691388,33.7,986,0.986,,True,2008-02-08,2002-11-19,,
2600032208,Cachoeira dos Índios,PB,Poço tubular,,-6.938333,-38.719444,45,1123,1.123,,True,2008-02-08,1999-03-01,,
2600032212,Cachoeira dos Índios,PB,Poço tubular,,-6.975,-38.738055,23,968,0.968,,True,2008-02-11,2001-06-01,,
2600032213,Cachoeira dos Índios,PB,Poço tubular,,-6.978055,-38.723333,30,310,0.31,,True,2008-02-11,1998-06-01,,
2600032214,Cachoeira dos Índios,PB,Poço tubular,,-6.978333,-38.723333,37,1105,1.105,,True,2008-02-11,1999-06-01,,
2600032219,Cachoeira dos Índios,PB,Poço tubular,,-6.934166,-38.753333,39,689,0.689,,True,2008-02-13,2001-06-01,,
2600032220,Cachoeira dos Índios,PB,Poço tubular,,-6.942222,-38.755833,48,617,0.617,,True,2008-02-13,1983-06-01,,
2600032221,Cachoeira dos Índios,PB,Poço tubular,,-6.943055,-38.747222,30,303,0.303,,True,2008-02-13,2002-01-01,,
2600032222,Cachoeira dos Índios,PB,Poço tubular,,-6.937222,-38.738888,50,1162,1.162,,True,2008-02-13,1979-06-01,,
2600032223,Cachoeira dos Índios,PB,Poço tubular,,-6.939166,-38.739166,12,2260,2.26,,True,2008-02-13,2002-11-20,,
2600032224,Cachoeira dos Índios,PB,Poço tubular,,-6.924166,-38.723333,36,532,0.532,,True,2008-02-13,2001-10-01,,
2600032225,Cachoeira dos Índios,PB,Poço tubular,,-6.886666,-38.652777,47,981,0.981,,True,2008-02-13,1999-06-01,,
2600032226,Cachoeira dos Índios,PB,Poço tubular,,-6.889722,-38.652777,19,829,0.829,,True,2008-02-13,1993-06-01,,
2600032227,Cachoeira dos Índios,PB,Poço tubular,,-6.883888,-38.653888,42,788,0.788,,True,2008-02-13,1987-06-01,,
2600032228,Cachoeira dos Índios,PB,Poço tubular,,-6.880833,-38.665,38,609,0.609,,True,2008-02-13,1998-12-01,,
2600032229,Cachoeira dos Índios,PB,Poço tubular,,-6.881111,-38.664722,38,473,0.473,,True,2008-02-13,1986-06-01,,
2600032230,Cachoeira dos Índios,PB,Poço tubular,,-6.881944,-38.674444,45,1495,1.495,,True,2008-02-13,1999-06-01,,
2600032231,Cachoeira dos Índios,PB,Poço tubular,,-6.876111,-38.680555,38,1097,1.097,,True,2008-02-13,1998-06-01,,
2600032232,Cachoeira dos Índios,PB,Poço tubular,,-6.879166,-38.674444,34.58,2610,2.61,,True,2008-02-13,2002-11-21,,
2600032233,Cachoeira dos Índios,PB,Poço tubular,,-6.87,-38.666111,51,938,0.938,,True,2008-02-14,1991-06-01,,
2600032235,Cachoeira dos Índios,PB,Poço tubular,,-6.881666,-38.671111,28,943,0.943,,True,2008-02-14,2002-10-01,,
2600032236,Cachoeira dos Índios,PB,Poço tubular,,-6.885,-38.676666,50,716,0.716,,True,2008-02-14,1980-06-01,,
2600032237,Cachoeira dos Índios,PB,Poço tubular,,-6.886388,-38.677777,46,693,0.693,,True,2008-02-14,2000-06-01,,
2600032238,Cachoeira dos Índios,PB,Poço tubular,,-6.885555,-38.674166,36,960,0.96,,True,2008-02-14,2000-06-01,,
2600032239,Cachoeira dos Índios,PB,Poço tubular,,-6.893055,-38.675,47,843,0.843,,True,2008-02-14,2001-06-01,,
2600032240,Cachoeira dos Índios,PB,Poço tubular,,-6.915833,-38.671388,48,2170,2.17,,True,2008-02-14,1998-06-01,,
2600032241,Cachoeira dos Índios,PB,Poço tubular,,-6.916388,-38.645555,30,774,0.774,,True,2008-02-14,1999-06-01,,
2600032242,Cachoeira dos Índios,PB,Poço tubular,,-6.915,-38.645555,9.6,864,0.864,,True,2008-02-14,2002-11-14,,
2600032243,Cachoeira dos Índios,PB,Poço tubular,,-6.931666,-38.640555,7,1093,1.093,,True,2008-02-14,2002-11-14,,
2600032244,Cachoeira dos Índios,PB,Poço tubular,,-6.909722,-38.681111,34,1061,1.061,,True,2008-02-14,2000-04-01,,
2600032246,Cachoeira dos Índios,PB,Poço tubular,,-6.925555,-38.675555,35,614,0.614,,True,2008-02-14,2002-01-01,,
2600032247,Salgadinho,PB,Poço tubular,,-7.061388,-36.775277,35,648,0.648,,True,2008-02-18,1997-06-01,,
2600032248,Salgadinho,PB,Poço tubular,,-7.061111,-36.776111,35,458,0.458,,True,2008-02-18,1997-06-01,,
2600032251,Salgadinho,PB,Poço tubular,,-7.054166,-36.759166,17,3160,3.16,,True,2008-02-18,2001-06-01,,
2600032252,Salgadinho,PB,Poço tubular,,-7.054166,-36.758888,43,2960,2.96,,True,2008-02-18,2001-06-01,,
2600032253,Salgadinho,PB,Poço tubular,,-7.055833,-36.760277,20,5050,5.05,,True,2008-02-18,1998-06-01,,
2600032254,Salgadinho,PB,Poço tubular,,-7.054444,-36.7575,42,4850,4.85,,True,2008-02-18,2002-09-01,,
2600032255,Salgadinho,PB,Poço tubular,,-7.053333,-36.753611,47,4850,4.85,,True,2008-02-18,2001-11-01,,
2600032256,Salgadinho,PB,Poço tubular,,-7.050833,-36.753611,35,1750,1.75,,True,2008-02-18,1997-06-01,,
2600032257,Assunção,PB,Poço tubular,,-7.055277,-36.74,47,16700,16.7,,True,2008-02-18,2001-06-01,,
2600032258,Assunção,PB,Poço tubular,,-7.056666,-36.738611,46,18040,18.04,,True,2008-02-18,2001-06-01,,
2600032259,Assunção,PB,Poço tubular,,-7.052222,-36.745555,43,4600,4.6,,True,2008-02-18,2001-06-01,,
2600032260,Assunção,PB,Poço tubular,,-7.049166,-36.740833,62,3210,3.21,,True,2008-02-18,2000-06-01,,
2600032261,Assunção,PB,Poço tubular,,-7.050277,-36.742222,37,1928,1.928,,True,2008-02-18,2001-06-01,,
2600032262,Assunção,PB,Poço tubular,,-7.045555,-36.731111,30,436,0.436,,True,2008-02-18,1975-06-01,,
2600032263,Assunção,PB,Poço tubular,,-7.045277,-36.730833,30,673,0.673,,True,2008-02-18,1998-06-01,,
2600032265,Assunção,PB,Poço tubular,,-7.045833,-36.731111,30,534,0.534,,True,2008-02-19,1991-06-01,,
2600032267,Assunção,PB,Poço tubular,,-7.025,-36.715277,50,266,0.266,,True,2008-02-19,2001-06-01,,
2600032268,Assunção,PB,Poço tubular,,-7.024444,-36.711388,50,1193,1.193,,True,2008-02-19,2002-06-01,,
2600032269,Assunção,PB,Poço tubular,,-7.025,-36.709722,50,6020,6.02,,True,2008-02-19,2001-06-01,,
2600032272,Joca Claudino,PB,Poço tubular,,-6.496944,-38.483611,5.56,1262,1.262,,True,2008-02-19,1999-06-01,,
2600032273,Joca Claudino,PB,Poço tubular,,-6.458333,-38.458055,46.7,3520,3.52,,True,2008-02-19,2002-11-22,,
2600032276,Joca Claudino,PB,Poço tubular,,-6.456944,-38.462222,31.5,1295,1.295,,True,2008-02-19,1998-06-01,,
2600032277,Joca Claudino,PB,Poço tubular,,-6.431388,-38.470833,3.23,910,0.91,,True,2008-02-19,1982-06-01,,
2600032280,Joca Claudino,PB,Poço tubular,,-6.4475,-38.479444,1,1624,1.624,,True,2008-02-19,1999-06-01,,
2600032281,Joca Claudino,PB,Poço tubular,,-6.448888,-38.48,51.86,1660,1.66,,True,2008-02-19,2002-11-22,,
2600032283,Joca Claudino,PB,Poço tubular,,-6.451944,-38.486388,48,1696,1.696,,True,2008-02-19,1983-06-01,,
2600032286,Joca Claudino,PB,Poço tubular,,-6.461111,-38.481666,34,607,0.607,,True,2008-02-19,2000-06-01,,
2600032329,Pombal,PB,Poço tubular,,-6.6775,-37.866944,50,815,0.815,,True,2008-02-21,1984-02-01,,
2600032330,Pombal,PB,Poço tubular,,-6.680833,-37.874166,50,1067,1.067,,True,2008-02-21,2001-06-01,,
2600032331,Pombal,PB,Poço tubular,,-6.648611,-37.838611,45,807,0.807,,True,2008-02-21,2002-11-22,,
2600032335,Pombal,PB,Poço tubular,,-6.666388,-37.778611,50,150,0.15,,True,2008-02-21,2000-06-01,,
2600032346,Pombal,PB,Poço tubular,,-6.738611,-37.818611,50,1450,1.45,,True,2008-02-22,2001-06-01,,
2600032350,Pombal,PB,Poço tubular,,-6.739722,-37.834166,50,518,0.518,,True,2008-02-22,2001-09-01,,
2600032378,Pombal,PB,Poço tubular,,-6.811666,-37.866111,50,828,0.828,,True,2008-02-26,2001-10-01,,
2600032379,Pombal,PB,Poço tubular,,-6.836666,-37.861388,36,1395,1.395,,True,2008-02-26,2000-02-01,,
2600032380,Pombal,PB,Poço tubular,,-6.834166,-37.873611,36,1612,1.612,,True,2008-02-26,2001-10-01,,
2600032381,Pombal,PB,Poço tubular,,-6.835833,-37.874166,50,2270,2.27,,True,2008-02-26,2001-10-01,,
2600032382,Pombal,PB,Poço tubular,,-6.838611,-37.882222,50,1224,1.224,,True,2008-02-26,2001-02-01,,
2600032383,Pombal,PB,Poço tubular,,-6.838888,-37.885555,36,1334,1.334,,True,2008-02-26,2001-06-01,,
2600032387,Pombal,PB,Poço tubular,,-6.918888,-37.975,56,760,0.76,,True,2008-02-26,1984-06-01,,
2600032389,Pombal,PB,Poço tubular,,-6.92,-37.915833,34,1163,1.163,,True,2008-02-26,2000-06-01,,
2600032392,Diamante,PB,Poço tubular,,-7.331111,-38.376944,50,1850,1.85,,True,2008-02-27,2002-06-01,,
2600032396,São José de Caiana,PB,Poço tubular,,-7.250277,-38.306944,35,1293,1.293,,True,2008-02-27,2001-06-01,,
2600032397,São José de Caiana,PB,Poço tubular,,-7.203888,-38.316666,55,923,0.923,,True,2008-02-27,1981-06-01,,
2600032400,Santana de Mangueira,PB,Poço tubular,,-7.601666,-38.355833,54,1134,1.134,,True,2008-02-28,1999-06-01,,
2600032401,Santana de Mangueira,PB,Poço tubular,,-7.616944,-38.201944,50,871,0.871,,True,2008-02-28,1999-06-01,,
2600032402,Santana de Mangueira,PB,Poço tubular,,-7.611944,-38.188611,37,1798,1.798,,True,2008-02-28,1997-06-01,,
2600032403,Curral Velho,PB,Poço tubular,,-7.611944,-38.185833,45,1439,1.439,,True,2008-02-28,1980-06-01,,
2600032404,Santana de Mangueira,PB,Poço tubular,,-7.612777,-38.192777,40,1101,1.101,,True,2008-02-28,1999-06-01,,
2600032407,Santana de Mangueira,PB,Poço tubular,,-7.681388,-38.280555,50,1220,1.22,,True,2008-02-28,2000-06-01,,
2600032422,Lagoa,PB,Poço tubular,,-6.6225,-37.832222,50,2150,2.15,,True,2008-03-04,2000-12-15,,
2600032427,Barra de Santa Rosa,PB,Poço tubular,,-6.841666,-36.21,30,10210,10.21,,True,2008-02-07,2002-12-21,,
2600032428,Barra de Santa Rosa,PB,Poço tubular,,-6.850555,-36.216944,50,4050,4.05,,True,2008-02-07,1962-06-01,,
2600032430,Barra de Santa Rosa,PB,Poço tubular,,-6.788888,-36.14,30,8580,8.58,,True,2008-02-08,2002-12-21,,
2600032431,Barra de Santa Rosa,PB,Poço tubular,,-6.676666,-36.087777,38,7050,7.05,,True,2008-02-08,2002-12-19,,
2600032433,Barra de Santa Rosa,PB,Poço tubular,,-6.663055,-36.090833,24,10890,10.89,,True,2008-02-11,1998-08-03,,
2600032434,Barra de Santa Rosa,PB,Poço tubular,,-6.646944,-36.039166,50,8880,8.88,,True,2008-02-11,2002-12-19,,
2600032435,Barra de Santa Rosa,PB,Poço tubular,,-6.650555,-36.052222,50,6530,6.53,,True,2008-02-11,2002-12-12,,
2600032436,Barra de Santa Rosa,PB,Poço tubular,,-6.658888,-36.045277,50,3640,3.64,,True,2008-02-11,2002-12-19,,
2600032437,Barra de Santa Rosa,PB,Poço tubular,,-6.668888,-36.061944,46,4820,4.82,,True,2008-02-11,2002-12-19,,
2600032443,Damião,PB,Poço tubular,,-6.670833,-36.005555,50,29100,29.1,,True,2008-02-12,2002-12-20,,
2600032444,Barra de Santa Rosa,PB,Poço tubular,,-6.6825,-36.001666,50,34700,34.7,,True,2008-02-12,2002-12-20,,
2600032448,Barra de Santa Rosa,PB,Poço tubular,,-6.731666,-36.086944,41.67,6670,6.67,,True,2008-02-13,2002-12-20,,
2600032449,Barra de Santa Rosa,PB,Poço tubular,,-6.725277,-36.083055,8.5,10680,10.68,,True,2008-02-13,2002-12-21,,
2600032452,Barra de Santa Rosa,PB,Poço tubular,,-6.719722,-36.119444,30,6560,6.56,,True,2008-02-13,2002-12-21,,
2600032453,Barra de Santa Rosa,PB,Poço tubular,,-6.717222,-36.124444,30,4010,4.01,,True,2008-02-13,2002-12-21,,
2600032454,Barra de Santa Rosa,PB,Poço tubular,,-6.72,-36.139444,25,6150,6.15,,True,2008-02-13,2002-12-21,,
2600032455,Barra de Santa Rosa,PB,Poço tubular,,-6.761111,-36.132777,30,3940,3.94,,True,2008-02-13,2002-12-21,,
2600032456,Barra de Santa Rosa,PB,Poço tubular,,-6.780833,-36.152777,40,9380,9.38,,True,2008-02-13,2002-12-21,,
2600032457,Barra de Santa Rosa,PB,Poço tubular,,-6.78,-36.162222,46,8610,8.61,,True,2008-02-13,2002-12-21,,
2600032458,Barra de Santa Rosa,PB,Poço tubular,,-6.758333,-36.1475,47,8450,8.45,,True,2008-02-13,2002-12-21,,
2600032459,Barra de Santa Rosa,PB,Poço tubular,,-6.753888,-36.146666,36,9670,9.67,,True,2008-02-13,2002-12-21,,
2600032460,Barra de Santa Rosa,PB,Poço tubular,,-6.750833,-36.145555,36,7700,7.7,,True,2008-02-13,2002-12-21,,
2600032461,Barra de Santa Rosa,PB,Poço tubular,,-6.731388,-36.135555,45,9280,9.28,,True,2008-02-13,2002-12-21,,
2600032462,Barra de Santa Rosa,PB,Poço tubular,,-6.817222,-36.125555,50,11940,11.94,,True,2008-02-13,2001-06-01,,
2600032463,Barra de Santa Rosa,PB,Poço tubular,,-6.824166,-36.135277,50,11840,11.84,,True,2008-02-13,2002-12-21,,
2600032464,Barra de Santa Rosa,PB,Poço tubular,,-6.809166,-36.143333,50,8150,8.15,,True,2008-02-13,2002-12-21,,
2600032465,Barra de Santa Rosa,PB,Poço tubular,,-6.831111,-36.1475,50,7150,7.15,,True,2008-02-13,2002-12-21,,
2600032467,Barra de Santa Rosa,PB,Poço tubular,,-6.872777,-36.169444,47,3280,3.28,,True,2008-02-13,2002-12-21,,
2600032468,Barra de Santa Rosa,PB,Poço tubular,,-6.8525,-36.172222,50,4020,4.02,,True,2008-02-13,2002-12-21,,
2600032469,Barra de Santa Rosa,PB,Poço tubular,,-6.806944,-36.1125,50,14720,14.72,,True,2008-02-13,2002-12-21,,
2600032470,Barra de Santa Rosa,PB,Poço tubular,,-6.819166,-36.113055,50,13310,13.31,,True,2008-02-13,2002-12-21,,
2600032471,Barra de Santa Rosa,PB,Poço tubular,,-6.876666,-36.12,50,17220,17.22,,True,2008-02-13,2002-12-21,,
2600032473,Barra de Santa Rosa,PB,Poço tubular,,-6.91,-36.136388,50,6400,6.4,,True,2008-02-13,2002-12-21,,
2600032476,Barra de Santa Rosa,PB,Poço tubular,,-6.795833,-36.043333,50,12250,12.25,,True,2008-02-14,2002-12-07,,
2600032481,Barra de Santa Rosa,PB,Poço tubular,,-6.850555,-36.043333,48,7360,7.36,,True,2008-02-14,1998-06-01,,
2600032482,Barra de Santa Rosa,PB,Poço tubular,,-6.793611,-36.0175,28,13270,13.27,,True,2008-02-14,1968-06-01,,
2600032484,Barra de Santa Rosa,PB,Poço tubular,,-6.691388,-35.999166,50,18040,18.04,,True,2008-02-15,2000-06-01,,
2600032485,Damião,PB,Poço tubular,,-6.700277,-35.946388,50,13490,13.49,,True,2008-02-15,1975-06-01,,
2600032492,Barra de Santa Rosa,PB,Poço tubular,,-6.718888,-36.058888,50,10380,10.38,,True,2008-02-15,2000-06-01,,
2600032494,Barra de Santa Rosa,PB,Poço tubular,,-6.711388,-36.076666,50,12520,12.52,,True,2008-02-15,2002-06-01,,
2600032500,Barra de Santa Rosa,PB,Poço tubular,,-6.685277,-36.029166,54,23800,23.8,,True,2008-02-18,2000-06-01,,
2600032502,Barra de Santa Rosa,PB,Poço tubular,,-6.713611,-36.027222,55,14630,14.63,,True,2008-02-18,2000-06-01,,
2600032503,Barra de Santa Rosa,PB,Poço tubular,,-6.725555,-36.04,50,40600,40.6,,True,2008-02-18,2000-06-01,,
2600032505,Damião,PB,Poço tubular,,-6.681388,-35.967222,50,9900,9.9,,True,2008-02-18,2002-06-01,,
2600032506,Damião,PB,Poço tubular,,-6.7,-35.9825,50,7500,7.5,,True,2008-02-18,2002-06-01,,
2600032507,Barra de Santa Rosa,PB,Poço tubular,,-6.8425,-36.202222,38,1436,1.436,,True,2008-02-18,2002-12-21,,
2600032508,Barra de Santa Rosa,PB,Poço tubular,,-6.692777,-36.114166,34,4520,4.52,,True,2008-02-18,2002-12-21,,
2600032509,Barra de Santa Rosa,PB,Poço tubular,,-6.704722,-36.026666,50,11500,11.5,,True,2008-02-18,1998-06-01,,
2600032511,Aparecida,PB,Poço tubular,,-6.765555,-38.081944,43,620,0.62,,True,2008-02-18,2001-10-04,,
2600032512,Aparecida,PB,Poço tubular,,-6.766111,-38.082222,41,1650,1.65,,True,2008-02-18,1998-01-12,,
2600032513,Aparecida,PB,Poço tubular,,-6.766944,-38.083611,50,1380,1.38,,True,2008-02-18,1987-10-10,,
2600032514,Aparecida,PB,Poço tubular,,-6.767777,-38.08,50,417,0.417,,True,2008-02-18,2002-02-01,,
2600032515,Aparecida,PB,Poço tubular,,-6.768333,-38.079722,50,405,0.405,,True,2008-02-18,2002-03-20,,
2600032516,Aparecida,PB,Poço tubular,,-6.765277,-38.083888,37,825,0.825,,True,2008-02-18,2001-03-17,,
2600032517,Aparecida,PB,Poço tubular,,-6.764444,-38.083611,39,4030,4.03,,True,2008-02-18,2001-05-01,,
2600032518,Aparecida,PB,Poço tubular,,-6.763888,-38.083611,32,890,0.89,,True,2008-02-18,1999-02-12,,
2600032519,Aparecida,PB,Poço tubular,,-6.763055,-38.086388,50,900,0.9,,True,2008-02-18,1999-10-28,,
2600032520,Aparecida,PB,Poço tubular,,-6.759722,-38.085833,38,910,0.91,,True,2008-02-18,2001-06-01,,
2600032522,Aparecida,PB,Poço tubular,,-6.773888,-38.034444,36,1107,1.107,,True,2008-02-19,2001-02-10,,
2600032523,Aparecida,PB,Poço tubular,,-6.778888,-38.025555,47,766,0.766,,True,2008-02-19,2002-12-12,,
2600032525,Aparecida,PB,Poço tubular,,-6.821944,-38.013333,50,433,0.433,,True,2008-02-19,1999-10-11,,
2600032527,Aparecida,PB,Poço tubular,,-6.823888,-38.007222,42,635,0.635,,True,2008-02-19,2001-02-10,,
2600032528,Aparecida,PB,Poço tubular,,-6.825277,-38.011111,41,642,0.642,,True,2008-02-19,2000-03-22,,
2600032530,Aparecida,PB,Poço tubular,,-6.808333,-38.026111,50,616,0.616,,True,2008-02-19,2002-12-12,,
2600032531,Aparecida,PB,Poço tubular,,-6.807777,-38.045555,50,612,0.612,,True,2008-02-19,2000-10-10,,
2600032532,Aparecida,PB,Poço tubular,,-6.82,-38.044166,45,675,0.675,,True,2008-02-19,2002-08-10,,
2600032534,Aparecida,PB,Poço tubular,,-6.794444,-38.071666,50,669,0.669,,True,2008-02-19,2002-12-13,,
2600032535,São Domingos,PB,Poço tubular,,-6.842777,-38.011666,50,775,0.775,,True,2008-02-19,2001-07-10,,
2600032537,Aparecida,PB,Poço tubular,,-6.824166,-38.046944,30,826,0.826,,True,2008-02-19,1995-10-19,,
2600032538,Aparecida,PB,Poço tubular,,-6.87,-38.098888,31,934,0.934,,True,2008-02-19,2001-11-01,,
2600032539,Aparecida,PB,Poço tubular,,-6.853333,-38.108888,36,595,0.595,,True,2008-02-19,2001-02-10,,
2600032541,Aparecida,PB,Poço tubular,,-6.850555,-38.111666,40,848,0.848,,True,2008-02-19,2002-12-13,,
2600032542,Sousa,PB,Poço tubular,,-6.845555,-38.123333,60,755,0.755,,True,2008-02-20,2002-12-13,,
2600032543,Aparecida,PB,Poço tubular,,-6.8125,-38.093055,18,1974,1.974,,True,2008-02-20,2000-09-28,,
2600032544,Aparecida,PB,Poço tubular,,-6.810833,-38.093611,30,1174,1.174,,True,2008-02-20,2002-12-13,,
2600032546,Aparecida,PB,Poço tubular,,-6.815277,-38.119722,45,1583,1.583,,True,2008-02-20,1986-11-22,,
2600032547,Aparecida,PB,Poço tubular,,-6.815833,-38.118888,35,1750,1.75,,True,2008-02-20,1994-08-10,,
2600032548,Aparecida,PB,Poço tubular,,-6.817777,-38.124444,22,5840,5.84,,True,2008-02-20,1999-10-11,,
2600032549,Sousa,PB,Poço tubular,,-6.828333,-38.13,40,1127,1.127,,True,2008-02-20,2001-03-10,,
2600032550,Aparecida,PB,Poço tubular,,-6.798611,-38.119444,50,1814,1.814,,True,2008-02-20,2000-10-26,,
2600032551,Aparecida,PB,Poço tubular,,-6.781111,-38.088611,25,633,0.633,,True,2008-02-20,1982-10-20,,
2600032552,Aparecida,PB,Poço tubular,,-6.781944,-38.087222,12.5,902,0.902,,True,2008-02-20,2002-12-14,,
2600032553,Aparecida,PB,Poço tubular,,-6.781666,-38.087777,70,653,0.653,,True,2008-02-20,2002-12-14,,
2600032554,Aparecida,PB,Poço tubular,,-6.775555,-38.087777,45,615,0.615,,True,2008-02-20,2002-12-14,,
2600032555,Aparecida,PB,Poço tubular,,-6.774722,-38.088333,47,812,0.812,,True,2008-02-20,2002-12-14,,
2600032556,Aparecida,PB,Poço tubular,,-6.774444,-38.09,32,1578,1.578,,True,2008-02-20,2002-12-14,,
2600032557,Aparecida,PB,Poço tubular,,-6.772777,-38.088611,28,1371,1.371,,True,2008-02-20,2002-12-14,,
2600032558,Aparecida,PB,Poço tubular,,-6.788611,-38.083333,29,5580,5.58,,True,2008-02-20,2001-11-12,,
2600032559,Aparecida,PB,Poço tubular,,-6.785,-38.124166,55,2060,2.06,,True,2008-02-20,2002-12-15,,
2600032560,Aparecida,PB,Poço tubular,,-6.783611,-38.123611,50,1409,1.409,,True,2008-02-20,2002-12-15,,
2600032561,Aparecida,PB,Poço tubular,,-6.783055,-38.122222,50,2030,2.03,,True,2008-02-21,2002-12-15,,
2600032562,Aparecida,PB,Poço tubular,,-6.780833,-38.1225,50,4080,4.08,,True,2008-02-21,2002-11-12,,
2600032563,Aparecida,PB,Poço tubular,,-6.78,-38.124722,50,1597,1.597,,True,2008-02-21,2002-07-10,,
2600032564,Aparecida,PB,Poço tubular,,-6.785,-38.120833,60,5270,5.27,,True,2008-02-21,2002-12-15,,
2600032565,Aparecida,PB,Poço tubular,,-6.755,-38.083888,27,963,0.963,,True,2008-02-21,1999-09-01,,
2600032568,Aparecida,PB,Poço tubular,,-6.759722,-38.094722,48,1035,1.035,,True,2008-02-21,1983-06-01,,
2600032569,Aparecida,PB,Poço tubular,,-6.762222,-38.093611,50,890,0.89,,True,2008-02-21,1998-02-14,,
2600032571,Aparecida,PB,Poço tubular,,-6.746111,-38.089444,26,494,0.494,,True,2008-02-21,1999-04-27,,
2600032572,Aparecida,PB,Poço tubular,,-6.726666,-38.100833,40,1054,1.054,,True,2008-02-21,2001-04-23,,
2600032573,Aparecida,PB,Poço tubular,,-6.716666,-38.086111,50,599,0.599,,True,2008-02-21,1998-03-20,,
2600032575,Aparecida,PB,Poço tubular,,-6.708888,-38.077222,25,617,0.617,,True,2008-02-21,1998-04-13,,
2600032576,Aparecida,PB,Poço tubular,,-6.703611,-38.051944,36,794,0.794,,True,2008-02-21,1999-03-07,,
2600032577,Aparecida,PB,Poço tubular,,-6.705833,-38.051111,45,574,0.574,,True,2008-02-21,1999-02-18,,
2600032578,Aparecida,PB,Poço tubular,,-6.709444,-38.052222,52,519,0.519,,True,2008-02-21,2001-10-25,,
2600032581,Aparecida,PB,Poço tubular,,-6.763888,-38.052777,38,493,0.493,,True,2008-02-21,2001-04-28,,
2600032582,Aparecida,PB,Poço tubular,,-6.770277,-38.041944,36,743,0.743,,True,2008-02-22,1992-07-21,,
2600032583,Aparecida,PB,Poço tubular,,-6.751666,-38.036111,28,755,0.755,,True,2008-02-22,1998-06-17,,
2600032588,Aparecida,PB,Poço tubular,,-6.744166,-38.0275,42,1424,1.424,,True,2008-02-22,1997-02-14,,
2600032589,Aparecida,PB,Poço tubular,,-6.743611,-38.027222,50,1245,1.245,,True,2008-02-22,1989-07-12,,
2600032590,Pombal,PB,Poço tubular,,-6.751388,-38.024722,33,1441,1.441,,True,2008-02-22,1998-06-01,,
2600032592,Aparecida,PB,Poço tubular,,-6.742222,-38.028055,32,1246,1.246,,True,2008-02-22,2001-06-23,,
2600032593,Aparecida,PB,Poço tubular,,-6.725833,-38.035277,40,1149,1.149,,True,2008-02-22,2001-04-23,,
2600032594,Aparecida,PB,Poço tubular,,-6.723333,-38.036111,50,2470,2.47,,True,2008-02-22,1994-04-23,,
2600032595,Aparecida,PB,Poço tubular,,-6.675,-38.022222,46,790,0.79,,True,2008-02-22,2000-03-10,,
2600032596,Aparecida,PB,Poço tubular,,-6.690555,-38.006388,20,821,0.821,,True,2008-02-22,1998-03-10,,
2600032609,Pombal,PB,Poço tubular,,-6.737222,-38.017777,50,631,0.631,,True,2008-02-25,2002-12-16,,
2600032610,Livramento,PB,Poço tubular,,-7.321944,-36.976111,52,12400,12.4,,True,2008-02-26,2002-02-01,,
2600032612,Livramento,PB,Poço tubular,,-7.299166,-36.970277,51,4530,4.53,,True,2008-02-26,1982-01-21,,
2600032613,Livramento,PB,Poço tubular,,-7.286666,-36.991111,50,2880,2.88,,True,2008-02-26,1993-06-01,,
2600032614,Livramento,PB,Poço tubular,,-7.291666,-37.0025,85,1507,1.507,,True,2008-02-26,2002-12-04,,
2600032616,Livramento,PB,Poço tubular,,-7.3725,-36.947777,50,5730,5.73,,True,2008-02-26,2002-12-04,,
2600032619,Livramento,PB,Poço tubular,,-7.296666,-36.970277,41,1959,1.959,,True,2008-02-26,1999-06-01,,
2600032620,Livramento,PB,Poço tubular,,-7.3625,-36.876388,50,1992,1.992,,True,2008-02-26,1999-06-01,,
2600032622,Livramento,PB,Poço tubular,,-7.335277,-36.858888,43,3540,3.54,,True,2008-02-27,2002-01-01,,
2600032623,Livramento,PB,Poço tubular,,-7.352777,-36.859166,46,11650,11.65,,True,2008-02-27,2001-07-01,,
2600032625,Livramento,PB,Poço tubular,,-7.346666,-36.866111,40,7970,7.97,,True,2008-02-27,2000-06-01,,
2600032627,Livramento,PB,Poço tubular,,-7.340555,-36.951111,51,2020,2.02,,True,2008-02-27,2002-08-01,,
2600032628,Livramento,PB,Poço tubular,,-7.340277,-36.949444,34,1302,1.302,,True,2008-02-27,2002-02-01,,
2600032629,Livramento,PB,Poço tubular,,-7.339166,-36.945555,37,1610,1.61,,True,2008-02-27,2001-06-01,,
2600032631,Livramento,PB,Poço tubular,,-7.346388,-36.941111,47,1160,1.16,,True,2008-02-27,2001-06-01,,
2600032632,Livramento,PB,Poço tubular,,-7.374444,-36.933055,42,2200,2.2,,True,2008-02-27,2002-08-01,,
2600032633,Livramento,PB,Poço tubular,,-7.344722,-36.908055,60,7390,7.39,,True,2008-02-27,1982-06-01,,
2600032634,Livramento,PB,Poço tubular,,-7.347222,-36.943055,50,2350,2.35,,True,2008-02-27,2001-06-01,,
2600032636,Livramento,PB,Poço tubular,,-7.346944,-36.943888,50,778,0.778,,True,2008-02-27,2002-12-07,,
2600032637,Livramento,PB,Poço tubular,,-7.343888,-36.961666,40,2780,2.78,,True,2008-02-27,2002-02-13,,
2600032638,Livramento,PB,Poço tubular,,-7.345277,-36.967777,27.5,2590,2.59,,True,2008-02-27,1997-06-01,,
2600032640,Livramento,PB,Poço tubular,,-7.361388,-37.025,39,2070,2.07,,True,2008-02-28,1999-06-01,,
2600032641,Livramento,PB,Poço tubular,,-7.374722,-36.946666,40,3590,3.59,,True,2008-02-29,2002-12-07,,
2600032643,Livramento,PB,Poço tubular,,-7.380555,-36.986666,45,4610,4.61,,True,2008-02-29,1992-06-01,,
2600032644,Livramento,PB,Poço tubular,,-7.375277,-36.943611,50,3050,3.05,,True,2008-02-29,2002-11-05,,
2600032646,Livramento,PB,Poço tubular,,-7.313333,-36.992777,34,8580,8.58,,True,2008-02-29,1967-06-01,,
2600032647,Livramento,PB,Poço tubular,,-7.376944,-37.0225,52,979,0.979,,True,2008-02-29,2002-02-01,,
2600032649,Livramento,PB,Poço tubular,,-7.376388,-36.954444,50,1335,1.335,,True,2008-02-29,2002-06-01,,
2600032650,Frei Martinho,PB,Poço tubular,,-6.446388,-36.4975,50,3400,3.4,,True,2008-02-29,2002-09-18,,
2600032653,Frei Martinho,PB,Poço tubular,,-6.414722,-36.478055,50,1221,1.221,,True,2008-02-29,2002-06-01,,
2600032655,Frei Martinho,PB,Poço tubular,,-6.396666,-36.463055,50,1252,1.252,,True,2008-02-29,2002-06-01,,
2600032656,Frei Martinho,PB,Poço tubular,,-6.398333,-36.469166,50,13130,13.13,,True,2008-02-29,2002-06-01,,
2600032657,Frei Martinho,PB,Poço tubular,,-6.370555,-36.457222,50,3610,3.61,,True,2008-02-29,2002-09-01,,
2600032662,Frei Martinho,PB,Poço tubular,,-6.342222,-36.3775,50,830,0.83,,True,2008-02-29,1972-06-01,,
2600032663,Frei Martinho,PB,Poço tubular,,-6.385,-36.376666,50,5150,5.15,,True,2008-02-29,2002-11-03,,
2600032664,Picuí,PB,Poço tubular,,-6.41,-36.392777,50,9370,9.37,,True,2008-03-03,2002-09-01,,
2600032665,Picuí,PB,Poço tubular,,-6.444722,-36.430277,45,2280,2.28,,True,2008-03-03,2002-08-01,,
2600032666,Frei Martinho,PB,Poço tubular,,-6.482777,-36.481666,36,2700,2.7,,True,2008-03-03,2002-06-01,,
2600032667,Picuí,PB,Poço tubular,,-6.445,-36.410277,45,1795,1.795,,True,2008-03-03,2002-06-01,,
2600032668,Frei Martinho,PB,Poço tubular,,-6.470277,-36.448888,62,4950,4.95,,True,2008-03-03,1988-06-01,,
2600032669,Frei Martinho,PB,Poço tubular,,-6.493888,-36.453888,30,1015,1.015,,True,2008-03-03,1983-06-01,,
2600032670,Frei Martinho,PB,Poço tubular,,-6.415,-36.468888,45,1061,1.061,,True,2008-03-03,2002-09-01,,
2600032675,Monteiro,PB,Poço tubular,,-7.981944,-37.094722,22,4560,4.56,,True,2008-03-18,2003-12-04,,
2600032677,Monteiro,PB,Poço tubular,,-8.015555,-36.951666,50,835,0.835,,True,2008-03-18,2003-11-25,,
2600032678,Monteiro,PB,Poço tubular,,-8.0075,-36.934166,48,1573,1.573,,True,2008-03-19,2003-11-24,,
2600032679,Monteiro,PB,Poço tubular,,-8.012222,-36.967222,45,5920,5.92,,True,2008-03-19,2001-06-01,,
2600032680,Monteiro,PB,Poço tubular,,-7.873055,-37.091944,49,4050,4.05,,True,2008-03-19,2003-12-06,,
2600032681,Monteiro,PB,Poço tubular,,-7.930277,-37.010833,40,3960,3.96,,True,2008-03-19,1989-08-17,,
2600032683,Monteiro,PB,Poço tubular,,-7.870555,-36.942222,4.5,1405,1.405,,True,2008-03-19,2003-12-02,,
2600032684,Monteiro,PB,Poço tubular,,-7.978333,-36.952777,45,1620,1.62,,True,2008-03-19,2003-06-01,,
2600032685,Monteiro,PB,Poço tubular,,-7.974166,-36.955555,32,1118,1.118,,True,2008-03-19,1976-06-01,,
2600032686,Monteiro,PB,Poço tubular,,-7.978888,-36.976388,37,1954,1.954,,True,2008-03-19,2002-06-01,,
2600032687,Monteiro,PB,Poço tubular,,-7.967777,-36.972777,35,1799,1.799,,True,2008-03-19,2001-06-01,,
2600032688,Monteiro,PB,Poço tubular,,-7.903888,-37.094166,55,7780,7.78,,True,2008-03-19,2003-06-01,,
2600032689,Monteiro,PB,Poço tubular,,-7.903055,-37.151388,32,3720,3.72,,True,2008-03-19,2002-06-01,,
2600032690,Monteiro,PB,Poço tubular,,-7.898333,-37.156666,39,5630,5.63,,True,2008-03-19,2003-11-26,,
2600032691,Monteiro,PB,Poço tubular,,-7.906111,-37.083888,42,1219,1.219,,True,2008-03-19,2002-06-01,,
2600032692,Monteiro,PB,Poço tubular,,-7.924722,-37.025555,50,7190,7.19,,True,2008-03-19,2000-06-01,,
2600032693,Monteiro,PB,Poço tubular,,-8.010555,-37.098333,36,5300,5.3,,True,2008-03-19,2003-12-04,,
2600032694,Monteiro,PB,Poço tubular,,-8.036944,-37.056111,20,4710,4.71,,True,2008-03-19,2003-12-05,,
2600032695,Monteiro,PB,Poço tubular,,-8.029722,-37.081944,51,3430,3.43,,True,2008-03-19,2003-12-05,,
2600032696,Monteiro,PB,Poço tubular,,-8.0125,-37.113611,24,2350,2.35,,True,2008-03-19,1996-06-01,,
2600032697,Monteiro,PB,Poço tubular,,-8.010277,-37.103888,28,1700,1.7,,True,2008-03-19,2003-12-05,,
2600032698,Monteiro,PB,Poço tubular,,-7.868888,-37.169444,50,1368,1.368,,True,2008-03-19,2003-11-21,,
2600032699,Monteiro,PB,Poço tubular,,-7.954166,-37.179166,24,947,0.947,,True,2008-03-19,2003-11-26,,
2600032700,Monteiro,PB,Poço tubular,,-7.954166,-37.1775,49,3060,3.06,,True,2008-03-19,2003-11-26,,
2600032701,Monteiro,PB,Poço tubular,,-7.983888,-37.157222,27,1150,1.15,,True,2008-03-19,2003-11-28,,
2600032703,Monteiro,PB,Poço tubular,,-7.867777,-37.174444,50,1243,1.243,,True,2008-03-19,2003-11-21,,
2600032704,Monteiro,PB,Poço tubular,,-7.945,-37.141944,45,1329,1.329,,True,2008-03-19,2003-11-27,,
2600032705,Monteiro,PB,Poço tubular,,-7.931111,-37.190833,48,10200,10.2,,True,2008-03-19,2003-11-24,,
2600032706,Monteiro,PB,Poço tubular,,-7.958611,-37.153055,48,1665,1.665,,True,2008-03-19,2003-11-27,,
2600032707,Monteiro,PB,Poço tubular,,-7.946666,-37.152777,48,2590,2.59,,True,2008-03-19,2003-11-27,,
2600032708,Monteiro,PB,Poço tubular,,-7.989722,-37.085277,31,1208,1.208,,True,2008-03-19,2003-12-04,,
2600032709,Monteiro,PB,Poço tubular,,-7.948333,-37.070833,42,3270,3.27,,True,2008-03-20,2003-12-04,,
2600032710,Monteiro,PB,Poço tubular,,-7.963611,-37.017777,48,1538,1.538,,True,2008-03-20,2003-06-01,,
2600032711,Monteiro,PB,Poço tubular,,-7.995277,-37.023333,43,2540,2.54,,True,2008-03-20,2003-11-30,,
2600032716,Emas,PB,Poço tubular,,-7.1125,-37.765,35.97,1249,1.249,,True,2008-03-06,2002-12-06,,
2600032718,Emas,PB,Poço tubular,,-7.120277,-37.759444,36,459,0.459,,True,2008-03-07,2001-06-01,,
2600032721,Emas,PB,Poço tubular,,-7.106944,-37.723611,8.47,611,0.611,,True,2008-03-07,2002-12-06,,
2600032724,Emas,PB,Poço tubular,,-7.125,-37.695277,50,622,0.622,,True,2008-03-07,2002-06-01,,
2600032728,Emas,PB,Poço tubular,,-7.126388,-37.698611,52,807,0.807,,True,2008-03-07,1999-06-01,,
2600032731,Emas,PB,Poço tubular,,-7.108611,-37.710833,17.93,2010,2.01,,True,2008-03-07,2001-06-01,,
2600032732,Emas,PB,Poço tubular,,-7.138055,-37.718888,22.35,2030,2.03,,True,2008-03-07,2001-06-01,,
2600032733,Emas,PB,Poço tubular,,-7.1075,-37.714722,5.6,1493,1.493,,True,2008-03-07,2001-06-01,,
2600032734,Emas,PB,Poço tubular,,-7.068888,-37.793055,20.11,1152,1.152,,True,2008-03-11,2001-06-01,,
2600032735,Emas,PB,Poço tubular,,-7.071111,-37.795833,23.1,1293,1.293,,True,2008-03-11,2002-12-08,,
2600032737,Emas,PB,Poço tubular,,-7.071388,-37.797777,48,788,0.788,,True,2008-03-11,2002-12-08,,
2600032738,Emas,PB,Poço tubular,,-7.071666,-37.797777,35,1308,1.308,,True,2008-03-11,1985-06-01,,
2600032739,Emas,PB,Poço tubular,,-7.0575,-37.803611,28.42,916,0.916,,True,2008-03-11,2002-12-08,,
2600032740,Emas,PB,Poço tubular,,-7.066111,-37.819444,59,1535,1.535,,True,2008-03-11,1998-06-01,,
2600032741,Coremas,PB,Poço tubular,,-7.067777,-37.823888,46,848,0.848,,True,2008-03-11,1999-06-01,,
2600032742,Emas,PB,Poço tubular,,-7.063055,-37.820277,45,1338,1.338,,True,2008-03-11,1986-06-01,,
2600032743,Emas,PB,Poço tubular,,-7.061666,-37.815,50,394,0.394,,True,2008-03-11,1983-06-01,,
2600032746,Emas,PB,Poço tubular,,-7.088333,-37.692777,45,788,0.788,,True,2008-03-11,1998-06-01,,
2600032747,Emas,PB,Poço tubular,,-7.092222,-37.693611,50,800,0.8,,True,2008-03-11,2000-06-01,,
2600032748,Emas,PB,Poço tubular,,-7.094166,-37.691944,51,4420,4.42,,True,2008-03-11,2002-12-09,,
2600032749,Emas,PB,Poço tubular,,-7.101111,-37.682222,6,1410,1.41,,True,2008-03-11,2002-12-09,,
2600032751,Emas,PB,Poço tubular,,-7.083333,-37.69,49.01,1037,1.037,,True,2008-03-11,2002-12-09,,
2600032752,Emas,PB,Poço tubular,,-7.044444,-37.684166,36,1533,1.533,,True,2008-03-11,2001-06-01,,
2600032753,Emas,PB,Poço tubular,,-7.040555,-37.726388,45.78,1097,1.097,,True,2008-03-11,1986-06-01,,
2600032754,Emas,PB,Poço tubular,,-7.037222,-37.738055,40,1215,1.215,,True,2008-03-11,1983-06-01,,
2600032755,Emas,PB,Poço tubular,,-7.128333,-37.749166,52,538,0.538,,True,2008-03-11,1979-06-01,,
2600032757,Emas,PB,Poço tubular,,-7.110277,-37.731388,6.23,796,0.796,,True,2008-03-11,2002-12-09,,
2600032759,São Domingos,PB,Poço tubular,,-6.826388,-37.979166,45,2440,2.44,,True,2008-03-12,2002-12-13,,
2600032762,São Domingos,PB,Poço tubular,,-6.815,-37.941388,50,977,0.977,,True,2008-03-12,2001-09-13,,
2600032763,São Domingos,PB,Poço tubular,,-6.826944,-37.925555,50,2080,2.08,,True,2008-03-12,2000-06-13,,
2600032765,São Domingos,PB,Poço tubular,,-6.840555,-37.9325,40,1148,1.148,,True,2008-03-12,2001-06-03,,
2600032766,Pombal,PB,Poço tubular,,-6.8825,-37.951388,40,1905,1.905,,True,2008-03-12,2001-12-06,,
2600032767,São Domingos,PB,Poço tubular,,-6.802777,-37.917222,45,436,0.436,,True,2008-03-12,2001-12-12,,
2600032768,São Domingos,PB,Poço tubular,,-6.800555,-37.912222,25,1346,1.346,,True,2008-03-12,2001-09-02,,
2600032770,São Domingos,PB,Poço tubular,,-6.847777,-37.956944,40,503,0.503,,True,2008-03-12,1999-01-14,,
2600032772,Pombal,PB,Poço tubular,,-6.8575,-37.909722,50,964,0.964,,True,2008-03-12,1970-06-13,,
2600032774,São Domingos,PB,Poço tubular,,-6.795,-37.935,46,1016,1.016,,True,2008-03-12,2002-12-15,,
2600032775,São Domingos,PB,Poço tubular,,-6.792222,-37.938333,50,1009,1.009,,True,2008-03-12,1998-07-13,,
2600032776,São Domingos,PB,Poço tubular,,-6.790277,-37.941666,50,838,0.838,,True,2008-03-12,2002-12-15,,
2600032777,São Domingos,PB,Poço tubular,,-6.793611,-37.959722,36,912,0.912,,True,2008-03-12,1996-12-14,,
2600032778,São Domingos,PB,Poço tubular,,-6.792222,-38.000277,37,1109,1.109,,True,2008-03-12,1999-01-14,,
2600032779,São Domingos,PB,Poço tubular,,-6.790555,-38.0025,30,1232,1.232,,True,2008-03-12,2002-12-15,,
2600032780,São Domingos,PB,Poço tubular,,-6.784722,-38.009166,48,812,0.812,,True,2008-03-12,1999-12-13,,
2600032781,São Domingos,PB,Poço tubular,,-6.788611,-38.014722,9,920,0.92,,True,2008-03-12,2001-04-13,,
2600032782,São Domingos,PB,Poço tubular,,-6.783888,-38.0125,35,847,0.847,,True,2008-03-12,2001-01-13,,
2600032783,Aparecida,PB,Poço tubular,,-6.777777,-38.015555,45,363,0.363,,True,2008-03-12,2001-04-13,,
2600032784,São Domingos,PB,Poço tubular,,-6.769722,-38.018333,40,373,0.373,,True,2008-03-12,2001-09-13,,
2600032785,Aparecida,PB,Poço tubular,,-6.769166,-38.021111,40,484,0.484,,True,2008-03-12,2002-12-15,,
2600032786,São Domingos,PB,Poço tubular,,-6.761388,-38.006111,46,672,0.672,,True,2008-03-12,2001-08-13,,
2600032787,São Domingos,PB,Poço tubular,,-6.753611,-37.938611,47,1718,1.718,,True,2008-03-12,2002-12-15,,
2600032789,São Domingos,PB,Poço tubular,,-6.782777,-37.932777,38,1040,1.04,,True,2008-03-13,2002-12-15,,
2600032790,São Domingos,PB,Poço tubular,,-6.787777,-37.929722,45,965,0.965,,True,2008-03-13,2001-12-13,,
2600032792,São Domingos,PB,Poço tubular,,-6.761944,-37.925833,50,1610,1.61,,True,2008-03-13,2001-06-13,,
2600032793,São Domingos,PB,Poço tubular,,-6.7625,-37.923611,50,936,0.936,,True,2008-03-13,2001-08-13,,
2600032794,Pombal,PB,Poço tubular,,-6.761111,-37.890277,37,658,0.658,,True,2008-03-13,1999-02-13,,
2600032795,Pombal,PB,Poço tubular,,-6.765,-37.896944,34,1110,1.11,,True,2008-03-13,2002-05-05,,
2600032796,Pombal,PB,Poço tubular,,-6.78,-37.893611,40,618,0.618,,True,2008-03-13,1988-02-13,,
2600032797,Pombal,PB,Poço tubular,,-6.7775,-37.895277,25,701,0.701,,True,2008-03-13,2001-05-12,,
2600032798,São Domingos,PB,Poço tubular,,-6.781944,-37.908055,50,699,0.699,,True,2008-03-13,2001-12-13,,
2600032799,São Domingos,PB,Poço tubular,,-6.7625,-37.909722,30,1224,1.224,,True,2008-03-13,2001-05-13,,
2600032800,São Domingos,PB,Poço tubular,,-6.746944,-37.921944,21,380,0.38,,True,2008-03-13,1993-08-07,,
2600032804,Santa Teresinha,PB,Poço tubular,,-7.083888,-37.441111,40,1528,1.528,,True,2008-03-13,2002-06-01,,
2600032805,Santa Teresinha,PB,Poço tubular,,-7.0825,-37.441666,120,1149,1.149,,True,2008-03-13,1986-06-01,,
2600032807,Santa Teresinha,PB,Poço tubular,,-7.083611,-37.439444,50,1200,1.2,,True,2008-03-13,2002-06-01,,
2600032808,Santa Teresinha,PB,Poço tubular,,-7.04,-37.388611,50,1247,1.247,,True,2008-03-13,1997-06-01,,
2600032809,Santa Teresinha,PB,Poço tubular,,-7.021666,-37.421388,40,1094,1.094,,True,2008-03-13,1993-06-01,,
2600032810,Santa Teresinha,PB,Poço tubular,,-7.020277,-37.425833,50,1247,1.247,,True,2008-03-13,2002-06-01,,
2600032811,Santa Teresinha,PB,Poço tubular,,-7.018611,-37.428333,40,1262,1.262,,True,2008-03-13,1986-06-01,,
2600032812,Santa Teresinha,PB,Poço tubular,,-7.0025,-37.473333,45,1602,1.602,,True,2008-03-13,1998-06-01,,
2600032813,Santa Teresinha,PB,Poço tubular,,-7,-37.475833,40,907,0.907,,True,2008-03-13,1986-06-01,,
2600032814,Santa Teresinha,PB,Poço tubular,,-7,-37.478888,30,674,0.674,,True,2008-03-14,2000-06-01,,
2600032815,Santa Teresinha,PB,Poço tubular,,-7.062777,-37.429444,40,958,0.958,,True,2008-03-14,1996-06-01,,
2600032816,Santa Teresinha,PB,Poço tubular,,-7.0625,-37.430277,35,897,0.897,,True,2008-03-14,2002-06-01,,
2600032817,Santa Teresinha,PB,Poço tubular,,-7.059444,-37.4225,60,1103,1.103,,True,2008-03-14,1986-06-01,,
2600032818,Santa Teresinha,PB,Poço tubular,,-7.058611,-37.4225,40,1758,1.758,,True,2008-03-14,1998-06-01,,
2600032820,Santa Teresinha,PB,Poço tubular,,-7.065833,-37.422222,35,1040,1.04,,True,2008-03-14,1998-06-01,,
2600032821,Santa Teresinha,PB,Poço tubular,,-7.068055,-37.424166,40,1181,1.181,,True,2008-03-14,1996-06-01,,
2600032822,Santa Teresinha,PB,Poço tubular,,-7.063611,-37.431666,30,1022,1.022,,True,2008-03-14,2001-06-01,,
2600032823,Santa Teresinha,PB,Poço tubular,,-7.028611,-37.405277,50,988,0.988,,True,2008-03-14,1998-06-01,,
2600032828,Santa Teresinha,PB,Poço tubular,,-7.027222,-37.410833,50,719,0.719,,True,2008-03-14,1999-06-01,,
2600032829,Santa Teresinha,PB,Poço tubular,,-7.023611,-37.399166,50,1251,1.251,,True,2008-03-14,1996-06-01,,
2600032830,Santa Teresinha,PB,Poço tubular,,-7.024722,-37.393888,50,1241,1.241,,True,2008-03-14,1999-06-01,,
2600032831,Santa Teresinha,PB,Poço tubular,,-7.023055,-37.393055,60,3250,3.25,,True,2008-03-14,2002-12-14,,
2600032832,Santa Teresinha,PB,Poço tubular,,-7.013333,-37.388611,50,1869,1.869,,True,2008-03-18,1999-06-01,,
2600032833,Santa Teresinha,PB,Poço tubular,,-7.006944,-37.373611,50,1761,1.761,,True,2008-03-18,1998-06-01,,
2600032836,Santa Teresinha,PB,Poço tubular,,-7.010555,-37.402777,50,2820,2.82,,True,2008-03-18,2002-06-01,,
2600032837,Santa Teresinha,PB,Poço tubular,,-7.016111,-37.403611,60,1974,1.974,,True,2008-03-18,1999-06-01,,
2600032840,Santa Teresinha,PB,Poço tubular,,-7.022777,-37.373888,52,1727,1.727,,True,2008-03-18,2002-12-14,,
2600032842,Santa Teresinha,PB,Poço tubular,,-7.070555,-37.505833,32,694,0.694,,True,2008-03-18,1999-06-01,,
2600032844,Santa Teresinha,PB,Poço tubular,,-7.079166,-37.410277,45,1011,1.011,,True,2008-03-18,1993-06-01,,
2600032845,Santa Teresinha,PB,Poço tubular,,-7.075833,-37.423055,45,953,0.953,,True,2008-03-18,1999-06-01,,
2600032848,Santa Teresinha,PB,Poço tubular,,-7.07,-37.416111,30,1330,1.33,,True,2008-03-18,1998-06-01,,
2600032850,Santa Teresinha,PB,Poço tubular,,-7.026111,-37.389722,54,1495,1.495,,True,2008-03-18,2002-12-14,,
2600032854,Santa Teresinha,PB,Poço tubular,,-7.069722,-37.431944,50,1184,1.184,,True,2008-03-18,2001-06-01,,
2600032855,Santa Teresinha,PB,Poço tubular,,-7.075555,-37.446111,60,806,0.806,,True,2008-03-18,1977-06-01,,
2600032856,Santa Teresinha,PB,Poço tubular,,-7.070277,-37.445555,106,789,0.789,,True,2008-03-18,1993-06-01,,
2600032859,Santa Teresinha,PB,Poço tubular,,-7.079444,-37.429722,51,1003,1.003,,True,2008-03-19,1997-06-01,,
2600032860,Santa Teresinha,PB,Poço tubular,,-7.084166,-37.426944,42,700,0.7,,True,2008-03-19,1997-06-01,,
2600032862,Santa Teresinha,PB,Poço tubular,,-7.085,-37.425277,50,733,0.733,,True,2008-03-19,1998-06-01,,
2600032865,Santa Teresinha,PB,Poço tubular,,-7.084166,-37.511666,31,798,0.798,,True,2008-03-19,2000-06-01,,
2600032866,Santa Teresinha,PB,Poço tubular,,-7.083055,-37.511944,36,745,0.745,,True,2008-03-19,2002-12-15,,
2600032867,Catingueira,PB,Poço tubular,,-7.0775,-37.520833,35,1220,1.22,,True,2008-03-19,2002-12-15,,
2600032868,Santa Teresinha,PB,Poço tubular,,-7.071388,-37.496666,35,1034,1.034,,True,2008-03-19,2002-12-15,,
2600032870,Santa Teresinha,PB,Poço tubular,,-7.052222,-37.486388,36,1549,1.549,,True,2008-03-19,2001-06-01,,
2600032873,Santa Teresinha,PB,Poço tubular,,-7.059166,-37.5025,48,1188,1.188,,True,2008-03-19,1980-06-01,,
2600032874,Santa Teresinha,PB,Poço tubular,,-7.056944,-37.498333,48,1634,1.634,,True,2008-03-19,1998-06-01,,
2600032876,Santa Teresinha,PB,Poço tubular,,-7.031111,-37.489722,39,1878,1.878,,True,2008-03-19,2000-06-01,,
2600032877,Santa Teresinha,PB,Poço tubular,,-7.031388,-37.392222,42,1997,1.997,,True,2008-03-19,2002-12-16,,
2600032878,Santa Teresinha,PB,Poço tubular,,-7.048888,-37.471666,50,1337,1.337,,True,2008-03-19,1997-06-01,,
2600032879,Santa Teresinha,PB,Poço tubular,,-7.053333,-37.478333,36,1771,1.771,,True,2008-03-19,1996-06-01,,
2600032880,Santa Teresinha,PB,Poço tubular,,-7.093055,-37.364722,50,597,0.597,,True,2008-03-19,1958-06-01,,
2600032883,Santa Teresinha,PB,Poço tubular,,-7.090555,-37.356111,50,763,0.763,,True,2008-03-19,1987-06-01,,
2600032885,Santa Teresinha,PB,Poço tubular,,-7.063055,-37.400833,24,723,0.723,,True,2008-03-19,2002-12-12,,
2600032886,Santa Teresinha,PB,Poço tubular,,-7.138055,-37.436944,36,1540,1.54,,True,2008-03-19,1993-06-01,,
2600032888,Santa Teresinha,PB,Poço tubular,,-7.15,-37.419166,45,427,0.427,,True,2008-03-19,2002-12-13,,
2600032889,Santa Teresinha,PB,Poço tubular,,-7.14,-37.4275,27,1064,1.064,,True,2008-03-19,1996-06-01,,
2600032890,Santa Teresinha,PB,Poço tubular,,-7.151111,-37.391111,28,2860,2.86,,True,2008-03-19,2001-06-01,,
2600032891,Santa Teresinha,PB,Poço tubular,,-7.071666,-37.407777,48,2230,2.23,,True,2008-03-19,2000-06-01,,
2600032892,Santa Teresinha,PB,Poço tubular,,-7.071111,-37.408055,42,1795,1.795,,True,2008-03-19,1999-06-01,,
2600032893,Santa Teresinha,PB,Poço tubular,,-7.046666,-37.355277,46,1093,1.093,,True,2008-03-19,1998-06-01,,
2600032894,Santa Teresinha,PB,Poço tubular,,-7.044166,-37.359166,48,1293,1.293,,True,2008-03-19,2002-12-13,,
2600032895,Santa Teresinha,PB,Poço tubular,,-7.051666,-37.394444,52,1089,1.089,,True,2008-03-20,1998-06-01,,
2600032896,Santa Teresinha,PB,Poço tubular,,-7.086666,-37.451111,42,1120,1.12,,True,2008-03-20,2002-12-14,,
2600032897,Catingueira,PB,Poço tubular,,-7.128333,-37.543611,42,974,0.974,,True,2008-03-20,1985-06-01,,
2600032899,Santa Teresinha,PB,Poço tubular,,-7.100277,-37.496944,44,762,0.762,,True,2008-03-20,1998-06-01,,
2600032901,Santa Teresinha,PB,Poço tubular,,-7.1075,-37.497222,48,634,0.634,,True,2008-03-20,1982-06-01,,
2600032903,Santa Teresinha,PB,Poço tubular,,-7.09,-37.489444,40,853,0.853,,True,2008-03-20,1993-06-01,,
2600032906,Santa Teresinha,PB,Poço tubular,,-7.094444,-37.482222,36,800,0.8,,True,2008-03-20,1996-06-01,,
2600032910,Santa Teresinha,PB,Poço tubular,,-7.084444,-37.438611,36,1229,1.229,,True,2008-03-20,2001-09-01,,
2600032911,Santa Teresinha,PB,Poço tubular,,-7.086388,-37.436111,46,1430,1.43,,True,2008-03-20,2002-12-14,,
2600032913,Vieirópolis,PB,Poço tubular,,-6.583333,-38.274166,45,446,0.446,,True,2008-03-25,1998-09-15,,
2600032914,Vieirópolis,PB,Poço tubular,,-6.546111,-38.275555,50,1749,1.749,,True,2008-03-25,1991-08-13,,
2600032915,Vieirópolis,PB,Poço tubular,,-6.544166,-38.274444,50,7980,7.98,,True,2008-03-25,1999-02-07,,
2600032919,Vieirópolis,PB,Poço tubular,,-6.598611,-38.258611,50,1998,1.998,,True,2008-03-25,1999-11-27,,
2600032921,Vieirópolis,PB,Poço tubular,,-6.566388,-38.268333,50,697,0.697,,True,2008-03-25,1999-08-12,,
2600032922,Vieirópolis,PB,Poço tubular,,-6.528888,-38.241666,50,1640,1.64,,True,2008-03-25,1997-12-08,,
2600032923,Vieirópolis,PB,Poço tubular,,-6.538333,-38.244722,50,1079,1.079,,True,2008-03-25,2000-08-06,,
2600032924,Vieirópolis,PB,Poço tubular,,-6.539722,-38.243333,50,1358,1.358,,True,2008-03-25,1999-12-10,,
2600032926,Vieirópolis,PB,Poço tubular,,-6.508055,-38.255,50,1515,1.515,,True,2008-03-25,1997-12-12,,
2600032927,Vieirópolis,PB,Poço tubular,,-6.494166,-38.265555,50,790,0.79,,True,2008-03-25,1990-07-13,,
2600032928,Vieirópolis,PB,Poço tubular,,-6.493333,-38.2525,50,1180,1.18,,True,2008-03-25,1998-06-15,,
2600032933,Vieirópolis,PB,Poço tubular,,-6.590833,-38.306944,50,1085,1.085,,True,2008-03-25,1998-12-18,,
2600032934,Vieirópolis,PB,Poço tubular,,-6.6,-38.294444,40,493,0.493,,True,2008-03-25,2000-07-13,,
2600032935,Vieirópolis,PB,Poço tubular,,-6.601388,-38.296111,50,977,0.977,,True,2008-03-25,2001-03-13,,
2600032937,Vieirópolis,PB,Poço tubular,,-6.601666,-38.283611,50,3720,3.72,,True,2008-03-25,1991-05-13,,
2600032938,Vieirópolis,PB,Poço tubular,,-6.578333,-38.278333,28,1200,1.2,,True,2008-03-25,1998-08-17,,
2600032940,Curral Velho,PB,Poço tubular,,-7.491944,-38.195,42,835,0.835,,True,2008-03-25,2002-10-28,,
2600032941,Curral Velho,PB,Poço tubular,,-7.505555,-38.203888,53,1066,1.066,,True,2008-03-25,1993-06-01,,
2600032942,Curral Velho,PB,Poço tubular,,-7.522777,-38.193055,50,888,0.888,,True,2008-03-25,1985-06-01,,
2600032944,Curral Velho,PB,Poço tubular,,-7.532777,-38.194444,7.2,2120,2.12,,True,2008-03-25,2002-12-03,,
2600032946,Baraúna,PB,Poço tubular,,-6.642222,-36.257777,50,9740,9.74,,True,2008-03-26,2002-06-01,,
2600032948,Baraúna,PB,Poço tubular,,-6.647777,-36.255,50,7770,7.77,,True,2008-03-26,2002-12-17,,
2600032950,Sossêgo,PB,Poço tubular,,-6.679166,-36.249722,50,8560,8.56,,True,2008-03-26,2002-12-17,,
2600032951,Sossêgo,PB,Poço tubular,,-6.661388,-36.246388,50,9290,9.29,,True,2008-03-26,1982-06-01,,
2600032956,Picuí,PB,Poço tubular,,-6.591388,-36.239722,50,10630,10.63,,True,2008-03-26,1999-06-01,,
2600032958,Baraúna,PB,Poço tubular,,-6.589722,-36.261111,50,17300,17.3,,True,2008-03-26,1998-06-01,,
2600032961,Sousa,PB,Poço tubular,,-6.698611,-38.251666,50,976,0.976,,True,2008-03-06,1978-06-01,,
2600032963,Sousa,PB,Poço tubular,,-6.698055,-38.251111,50,1270,1.27,,True,2008-03-06,1978-06-01,,
2600032964,Sousa,PB,Poço tubular,,-6.689444,-38.323333,50,790,0.79,,True,2008-03-06,2002-08-01,,
2600032965,Sousa,PB,Poço tubular,,-6.692222,-38.3225,50,1634,1.634,,True,2008-03-06,2001-06-01,,
2600032966,Sousa,PB,Poço tubular,,-6.693055,-38.321388,50,2110,2.11,,True,2008-03-06,1994-06-01,,
2600032967,Sousa,PB,Poço tubular,,-6.691388,-38.322777,50,1143,1.143,,True,2008-03-06,1998-06-01,,
2600032968,Sousa,PB,Poço tubular,,-6.695,-38.325277,50,837,0.837,,True,2008-03-06,1999-06-01,,
2600032969,Sousa,PB,Poço tubular,,-6.693333,-38.325833,50,1344,1.344,,True,2008-03-06,1998-06-01,,
2600032970,Sousa,PB,Poço tubular,,-6.689166,-38.335833,47,664,0.664,,True,2008-03-06,1998-06-01,,
2600032971,Sousa,PB,Poço tubular,,-6.689444,-38.337222,50,1010,1.01,,True,2008-03-06,1998-06-01,,
2600032972,Sousa,PB,Poço tubular,,-6.687777,-38.338333,47,644,0.644,,True,2008-03-06,1998-06-01,,
2600032973,Sousa,PB,Poço tubular,,-6.686944,-38.337777,50,684,0.684,,True,2008-03-06,2000-06-01,,
2600032974,Sousa,PB,Poço tubular,,-6.704722,-38.318333,50,1188,1.188,,True,2008-03-06,1999-06-01,,
2600032975,Sousa,PB,Poço tubular,,-6.7125,-38.353333,70,952,0.952,,True,2008-03-06,2001-01-01,,
2600032976,Sousa,PB,Poço tubular,,-6.714166,-38.353333,70,1147,1.147,,True,2008-03-06,1999-06-01,,
2600032977,Sousa,PB,Poço tubular,,-6.722777,-38.338055,53,1249,1.249,,True,2008-03-06,2001-09-01,,
2600032978,Sousa,PB,Poço tubular,,-6.723333,-38.337777,47,1365,1.365,,True,2008-03-06,1981-06-01,,
2600032979,Sousa,PB,Poço tubular,,-6.710833,-38.331388,64,991,0.991,,True,2008-03-06,2000-06-01,,
2600032980,Sousa,PB,Poço tubular,,-6.710277,-38.332222,50,1280,1.28,,True,2008-03-06,1998-06-01,,
2600032981,Sousa,PB,Poço tubular,,-6.700833,-38.344444,50,999,0.999,,True,2008-03-07,1999-06-01,,
2600032982,Sousa,PB,Poço tubular,,-6.700833,-38.341666,37,1036,1.036,,True,2008-03-07,1998-06-01,,
2600032983,Sousa,PB,Poço tubular,,-6.701111,-38.340555,45,1026,1.026,,True,2008-03-07,1998-06-01,,
2600032984,Sousa,PB,Poço tubular,,-6.703888,-38.318888,50,900,0.9,,True,2008-03-07,1999-06-01,,
2600032985,Vieirópolis,PB,Poço tubular,,-6.615555,-38.332222,47,1273,1.273,,True,2008-03-07,2000-07-01,,
2600032986,Sousa,PB,Poço tubular,,-6.602222,-38.186944,50,989,0.989,,True,2008-03-07,2001-07-05,,
2600032989,Sousa,PB,Poço tubular,,-6.630277,-38.162777,24,1954,1.954,,True,2008-03-07,2002-08-10,,
2600032991,Sousa,PB,Poço tubular,,-6.661388,-38.189166,42,1220,1.22,,True,2008-03-10,2002-10-12,,
2600032992,Sousa,PB,Poço tubular,,-6.637777,-38.232777,35,982,0.982,,True,2008-03-10,2002-12-20,,
2600032994,Sousa,PB,Poço tubular,,-6.624722,-38.203055,39,1340,1.34,,True,2008-03-10,1998-06-10,,
2600032995,Sousa,PB,Poço tubular,,-6.624722,-38.204722,18,950,0.95,,True,2008-03-10,2002-12-20,,
2600032999,Sousa,PB,Poço tubular,,-6.696388,-38.235277,52,955,0.955,,True,2008-03-10,2002-12-20,,
2600033000,Sousa,PB,Poço tubular,,-6.697222,-38.236666,52,1082,1.082,,True,2008-03-10,2002-12-16,,
2600033001,Sousa,PB,Poço tubular,,-6.715833,-38.143611,49,1546,1.546,,True,2008-03-10,1984-01-10,,
2600033003,Sousa,PB,Poço tubular,,-6.696944,-38.137222,50,1078,1.078,,True,2008-03-10,2002-12-20,,
2600033005,Sousa,PB,Poço tubular,,-6.714444,-38.147777,50,2770,2.77,,True,2008-03-10,2002-12-20,,
2600033006,Sousa,PB,Poço tubular,,-6.717777,-38.148055,43,973,0.973,,True,2008-03-10,2002-10-10,,
2600033007,Sousa,PB,Poço tubular,,-6.717222,-38.1475,47,1314,1.314,,True,2008-03-10,2002-10-04,,
2600033008,Sousa,PB,Poço tubular,,-6.715833,-38.147222,47,447,0.447,,True,2008-03-10,2002-12-20,,
2600033009,Sousa,PB,Poço tubular,,-6.715277,-38.148611,27,1038,1.038,,True,2008-03-10,2002-10-01,,
2600033010,Sousa,PB,Poço tubular,,-6.714444,-38.151666,51,924,0.924,,True,2008-03-10,2002-12-20,,
2600033011,Sousa,PB,Poço tubular,,-6.72,-38.158055,50,630,0.63,,True,2008-03-10,2000-10-12,,
2600033012,Sousa,PB,Poço tubular,,-6.719166,-38.158055,50,1147,1.147,,True,2008-03-10,2002-12-20,,
2600033014,Sousa,PB,Poço tubular,,-6.721666,-38.158888,50,408,0.408,,True,2008-03-11,2002-12-20,,
2600033015,Sousa,PB,Poço tubular,,-6.725555,-38.159722,52,2390,2.39,,True,2008-03-11,2002-12-20,,
2600033016,Sousa,PB,Poço tubular,,-6.724722,-38.158888,48,1596,1.596,,True,2008-03-11,2002-12-20,,
2600033017,Sousa,PB,Poço tubular,,-6.729722,-38.154722,45,4190,4.19,,True,2008-03-11,2001-10-27,,
2600033018,Sousa,PB,Poço tubular,,-6.720277,-38.16,45,953,0.953,,True,2008-03-11,2001-03-10,,
2600033019,Sousa,PB,Poço tubular,,-6.721944,-38.1625,50,1292,1.292,,True,2008-03-11,2002-12-20,,
2600033020,Sousa,PB,Poço tubular,,-6.72,-38.164444,50,1773,1.773,,True,2008-03-11,2002-06-01,,
2600033021,Sousa,PB,Poço tubular,,-6.716388,-38.1625,48,1364,1.364,,True,2008-03-11,2002-12-20,,
2600033022,Sousa,PB,Poço tubular,,-6.717222,-38.163888,45,1042,1.042,,True,2008-03-11,2002-12-09,,
2600033023,Sousa,PB,Poço tubular,,-6.711666,-38.252777,50,729,0.729,,True,2008-03-11,2002-06-12,,
2600033024,Aparecida,PB,Poço tubular,,-6.746111,-38.123888,50,2400,2.4,,True,2008-03-11,2001-08-21,,
2600033025,Sousa,PB,Poço tubular,,-6.727777,-38.130277,48,1703,1.703,,True,2008-03-11,2002-06-07,,
2600033026,Aparecida,PB,Poço tubular,,-6.750555,-38.130277,40,2180,2.18,,True,2008-03-12,2002-03-18,,
2600033027,Aparecida,PB,Poço tubular,,-6.750277,-38.128888,31,1519,1.519,,True,2008-03-12,2002-03-09,,
2600033028,Sousa,PB,Poço tubular,,-6.741111,-38.146111,50,2660,2.66,,True,2008-03-12,2002-08-21,,
2600033029,Sousa,PB,Poço tubular,,-6.750277,-38.157222,50,3420,3.42,,True,2008-03-12,1999-05-26,,
2600033030,Sousa,PB,Poço tubular,,-6.750833,-38.159722,50,3720,3.72,,True,2008-03-12,1988-09-28,,
2600033031,Sousa,PB,Poço tubular,,-6.734166,-38.322222,50,1043,1.043,,True,2008-03-12,1998-08-10,,
2600033032,Sousa,PB,Poço tubular,,-6.726666,-38.294722,47,2940,2.94,,True,2008-03-12,2000-09-27,,
2600033034,Sousa,PB,Poço tubular,,-6.728333,-38.293611,42,6850,6.85,,True,2008-03-12,2000-07-23,,
2600033035,Sousa,PB,Poço tubular,,-6.734166,-38.289722,50,1260,1.26,,True,2008-03-12,2002-12-21,,
2600033036,Sousa,PB,Poço tubular,,-6.735,-38.289444,50,1553,1.553,,True,2008-03-12,2002-12-21,,
2600033037,Sousa,PB,Poço tubular,,-6.733888,-38.287777,50,675,0.675,,True,2008-03-12,2002-12-21,,
2600033038,Sousa,PB,Poço tubular,,-6.7125,-38.35,80,968,0.968,,True,2008-03-12,2002-12-17,,
2600033039,Sousa,PB,Poço tubular,,-6.72,-38.340833,53,1170,1.17,,True,2008-03-12,1998-12-13,,
2600033040,Sousa,PB,Poço tubular,,-6.712222,-38.331111,50,832,0.832,,True,2008-03-12,1998-12-12,,
2600033041,Sousa,PB,Poço tubular,,-6.713055,-38.330277,50,783,0.783,,True,2008-03-12,1996-10-13,,
2600033043,Sousa,PB,Poço tubular,,-6.705833,-38.339444,50,1136,1.136,,True,2008-03-12,1998-07-12,,
2600033044,Sousa,PB,Poço tubular,,-6.723333,-38.332777,46,866,0.866,,True,2008-03-13,1998-10-13,,
2600033045,Sousa,PB,Poço tubular,,-6.724444,-38.332222,46,885,0.885,,True,2008-03-13,1998-12-13,,
2600033046,Sousa,PB,Poço tubular,,-6.724444,-38.328055,50,1079,1.079,,True,2008-03-13,1983-07-12,,
2600033047,Sousa,PB,Poço tubular,,-6.723888,-38.329722,50,958,0.958,,True,2008-03-13,1998-04-06,,
2600033048,Sousa,PB,Poço tubular,,-6.723333,-38.326944,38,1047,1.047,,True,2008-03-13,2002-12-18,,
2600033049,Sousa,PB,Poço tubular,,-6.727777,-38.329722,50,1246,1.246,,True,2008-03-13,1998-12-11,,
2600033050,Sousa,PB,Poço tubular,,-6.721388,-38.327222,47,987,0.987,,True,2008-03-13,1998-10-12,,
2600033051,Sousa,PB,Poço tubular,,-6.7175,-38.328333,50,859,0.859,,True,2008-03-13,1998-03-12,,
2600033052,Sousa,PB,Poço tubular,,-6.704444,-38.335555,67,2000,2.0,,True,2008-03-13,2002-10-12,,
2600033053,Sousa,PB,Poço tubular,,-6.701388,-38.3225,40,905,0.905,,True,2008-03-13,2001-02-12,,
2600033054,Sousa,PB,Poço tubular,,-6.658611,-38.2925,40,997,0.997,,True,2008-03-13,1998-12-12,,
2600033055,Sousa,PB,Poço tubular,,-6.647222,-38.285555,50,1498,1.498,,True,2008-03-13,2001-09-09,,
2600033058,Sousa,PB,Poço tubular,,-6.689722,-38.293333,32,1301,1.301,,True,2008-03-13,1997-04-13,,
2600033059,Sousa,PB,Poço tubular,,-6.69,-38.291944,50,413,0.413,,True,2008-03-13,2001-08-06,,
2600033060,Sousa,PB,Poço tubular,,-6.690277,-38.293888,53,797,0.797,,True,2008-03-13,2001-08-07,,
2600033061,Sousa,PB,Poço tubular,,-6.692222,-38.293333,10,631,0.631,,True,2008-03-13,1998-11-13,,
2600033062,Sousa,PB,Poço tubular,,-6.691111,-38.295,22,4060,4.06,,True,2008-03-13,2002-12-20,,
2600033063,Sousa,PB,Poço tubular,,-6.726111,-38.278888,50,1307,1.307,,True,2008-03-13,2001-06-13,,
2600033064,Sousa,PB,Poço tubular,,-6.726388,-38.281666,50,3140,3.14,,True,2008-03-14,2000-10-12,,
2600033065,Sousa,PB,Poço tubular,,-6.726111,-38.281666,40,1544,1.544,,True,2008-03-14,1998-03-02,,
2600033067,Sousa,PB,Poço tubular,,-6.804166,-38.21,52,1200,1.2,,True,2008-03-14,2002-12-20,,
2600033068,Sousa,PB,Poço tubular,,-6.804166,-38.208333,42,947,0.947,,True,2008-03-14,2001-06-01,,
2600033069,Sousa,PB,Poço tubular,,-6.802222,-38.209444,47,1228,1.228,,True,2008-03-14,2002-12-20,,
2600033070,Sousa,PB,Poço tubular,,-6.803611,-38.211388,50,918,0.918,,True,2008-03-14,2002-12-20,,
2600033071,Sousa,PB,Poço tubular,,-6.808333,-38.203333,47,874,0.874,,True,2008-03-14,2001-06-01,,
2600033072,Sousa,PB,Poço tubular,,-6.8125,-38.201666,45,864,0.864,,True,2008-03-14,2002-12-20,,
2600033073,Sousa,PB,Poço tubular,,-6.818611,-38.205555,60,553,0.553,,True,2008-03-14,2002-12-20,,
2600033075,Sousa,PB,Poço tubular,,-6.826666,-38.195,50,700,0.7,,True,2008-03-14,2002-12-20,,
2600033076,Sousa,PB,Poço tubular,,-6.823888,-38.195555,50,777,0.777,,True,2008-03-14,1998-08-28,,
2600033077,Sousa,PB,Poço tubular,,-6.824166,-38.193888,32,607,0.607,,True,2008-03-14,2002-06-01,,
2600033078,Sousa,PB,Poço tubular,,-6.824166,-38.194166,33,442,0.442,,True,2008-03-17,2002-06-01,,
2600033081,Sousa,PB,Poço tubular,,-6.821111,-38.193611,53,547,0.547,,True,2008-03-17,2002-12-20,,
2600033082,Sousa,PB,Poço tubular,,-6.823333,-38.193333,50,562,0.562,,True,2008-03-17,2002-12-20,,
2600033083,Sousa,PB,Poço tubular,,-6.800833,-38.198333,50,2650,2.65,,True,2008-03-17,2002-06-01,,
2600033084,Sousa,PB,Poço tubular,,-6.765555,-38.220833,28,2110,2.11,,True,2008-03-17,2001-06-01,,
2600033086,São José da Lagoa Tapada,PB,Poço tubular,,-6.879444,-38.187222,32,848,0.848,,True,2008-03-17,2002-12-20,,
2600033087,Sousa,PB,Poço tubular,,-6.857777,-38.19,24,661,0.661,,True,2008-03-17,2002-12-20,,
2600033088,Sousa,PB,Poço tubular,,-6.773611,-38.228333,60,2490,2.49,,True,2008-03-17,2002-12-20,,
2600033089,Sousa,PB,Poço tubular,,-6.772222,-38.23,60,2930,2.93,,True,2008-03-17,2002-12-20,,
2600033091,Sousa,PB,Poço tubular,,-6.775555,-38.229722,40,2850,2.85,,True,2008-03-17,2002-04-01,,
2600033092,Sousa,PB,Poço tubular,,-6.776666,-38.230555,50,1430,1.43,,True,2008-03-17,2002-08-01,,
2600033093,Sousa,PB,Poço tubular,,-6.7775,-38.240277,50,2420,2.42,,True,2008-03-17,1997-06-01,,
2600033094,Sousa,PB,Poço tubular,,-6.777777,-38.239722,40,1490,1.49,,True,2008-03-17,2002-06-01,,
2600033096,Sousa,PB,Poço tubular,,-6.779166,-38.2375,50,1496,1.496,,True,2008-03-17,2001-06-01,,
2600033098,Sousa,PB,Poço tubular,,-6.778611,-38.228611,50,1822,1.822,,True,2008-03-17,2002-12-20,,
2600033101,Sousa,PB,Poço tubular,,-6.786666,-38.226944,50,1937,1.937,,True,2008-03-17,2002-12-20,,
2600033102,Sousa,PB,Poço tubular,,-6.808611,-38.219444,50,2270,2.27,,True,2008-03-17,2001-06-01,,
2600033103,Sousa,PB,Poço tubular,,-6.809166,-38.218888,50,3310,3.31,,True,2008-03-17,2001-06-01,,
2600033104,Sousa,PB,Poço tubular,,-6.811388,-38.216388,50,769,0.769,,True,2008-03-18,2002-12-20,,
2600033105,Sousa,PB,Poço tubular,,-6.806944,-38.215,50,956,0.956,,True,2008-03-18,2002-12-20,,
2600033106,Sousa,PB,Poço tubular,,-6.807222,-38.214444,50,1703,1.703,,True,2008-03-18,2002-10-01,,
2600033107,Sousa,PB,Poço tubular,,-6.812777,-38.215,50,1012,1.012,,True,2008-03-18,2002-12-21,,
2600033108,Sousa,PB,Poço tubular,,-6.778888,-38.24,35,1355,1.355,,True,2008-03-18,2002-12-21,,
2600033110,Sousa,PB,Poço tubular,,-6.791666,-38.255277,53,1733,1.733,,True,2008-03-18,2002-12-21,,
2600033111,Sousa,PB,Poço tubular,,-6.779166,-38.166944,50,1483,1.483,,True,2008-03-18,1999-06-01,,
2600033113,Sousa,PB,Poço tubular,,-6.813333,-38.163333,50,840,0.84,,True,2008-03-18,2002-12-20,,
2600033114,Sousa,PB,Poço tubular,,-6.795555,-38.180833,7.9,560,0.56,,True,2008-03-19,2002-12-20,,
2600033116,Sousa,PB,Poço tubular,,-6.806666,-38.246944,41,1902,1.902,,True,2008-03-19,2002-10-01,,
2600033119,Sousa,PB,Poço tubular,,-6.792777,-38.255277,46.5,2400,2.4,,True,2008-03-19,2002-07-01,,
2600033121,Sousa,PB,Poço tubular,,-6.791944,-38.256388,50,1622,1.622,,True,2008-03-19,1995-06-01,,
2600033122,Sousa,PB,Poço tubular,,-6.7375,-38.305833,50,1232,1.232,,True,2008-03-19,1999-06-01,,
2600033123,Sousa,PB,Poço tubular,,-6.723888,-38.287222,50,1250,1.25,,True,2008-03-19,1979-09-01,,
2600033125,Sousa,PB,Poço tubular,,-6.721111,-38.278611,56.5,2790,2.79,,True,2008-03-19,2000-10-01,,
2600033126,Sousa,PB,Poço tubular,,-6.690555,-38.342222,43,726,0.726,,True,2008-03-19,1997-06-01,,
2600033127,Sousa,PB,Poço tubular,,-6.791666,-38.256111,50,1249,1.249,,True,2008-03-19,2001-12-04,,
2600033128,Sousa,PB,Poço tubular,,-6.788333,-38.25,50,1753,1.753,,True,2008-03-20,1998-06-01,,
2600033129,Sousa,PB,Poço tubular,,-6.824444,-38.265277,50,1232,1.232,,True,2008-03-20,2001-07-01,,
2600033130,Sousa,PB,Poço tubular,,-6.813055,-38.249444,51,3920,3.92,,True,2008-03-20,2002-10-01,,
2600033131,Sousa,PB,Poço tubular,,-6.829444,-38.163333,40,1005,1.005,,True,2008-04-01,2002-12-20,,
2600033132,Sousa,PB,Poço tubular,,-6.841666,-38.17,50,488,0.488,,True,2008-04-01,2002-12-20,,
2600033136,Sousa,PB,Poço tubular,,-6.8275,-38.157777,50,945,0.945,,True,2008-04-01,2002-12-20,,
2600033140,Sousa,PB,Poço tubular,,-6.723333,-38.309166,32,2160,2.16,,True,2008-04-01,2002-12-21,,
2600033141,Sousa,PB,Poço tubular,,-6.733055,-38.303611,50,1256,1.256,,True,2008-04-01,2002-12-21,,
2600033142,Sousa,PB,Poço tubular,,-6.721388,-38.3075,50,1828,1.828,,True,2008-04-02,1999-06-01,,
2600033143,Sousa,PB,Poço tubular,,-6.736388,-38.302777,50,619,0.619,,True,2008-04-02,2002-11-01,,
2600033144,Sousa,PB,Poço tubular,,-6.828888,-38.167777,50,1072,1.072,,True,2008-04-03,1998-06-01,,
2600033145,Sousa,PB,Poço tubular,,-6.733888,-38.3075,50,1265,1.265,,True,2008-04-03,2001-06-01,,
2600033149,Sousa,PB,Poço tubular,,-6.827777,-38.176666,50,995,0.995,,True,2008-04-03,1996-06-01,,
2600033150,Sousa,PB,Poço tubular,,-6.8275,-38.176944,50,1528,1.528,,True,2008-04-03,1998-06-01,,
2600033152,Sousa,PB,Poço tubular,,-6.828888,-38.177777,50,1200,1.2,,True,2008-04-03,1998-06-01,,
2600033153,Sousa,PB,Poço tubular,,-6.826666,-38.179444,50,1136,1.136,,True,2008-04-03,1999-06-01,,
2600033154,Sousa,PB,Poço tubular,,-6.826388,-38.178333,50,1311,1.311,,True,2008-04-03,2002-12-20,,
2600033155,Sousa,PB,Poço tubular,,-6.826388,-38.180277,50,1087,1.087,,True,2008-04-03,2002-12-21,,
2600033157,Sousa,PB,Poço tubular,,-6.673611,-38.34,44,4930,4.93,,True,2008-04-03,1995-06-01,,
2600033158,Sousa,PB,Poço tubular,,-6.687777,-38.346388,41,1283,1.283,,True,2008-04-04,2000-06-30,,
2600033159,Sousa,PB,Poço tubular,,-6.688888,-38.339722,43,917,0.917,,True,2008-04-04,2002-09-01,,
2600033160,Sousa,PB,Poço tubular,,-6.69,-38.339722,50,899,0.899,,True,2008-04-04,2000-08-01,,
2600033161,Sousa,PB,Poço tubular,,-6.691111,-38.348055,50,655,0.655,,True,2008-04-04,1998-08-06,,
2600033162,Sousa,PB,Poço tubular,,-6.691111,-38.349722,50,663,0.663,,True,2008-04-04,1999-10-01,,
2600033163,Sousa,PB,Poço tubular,,-6.693333,-38.35,52,633,0.633,,True,2008-04-04,2000-10-01,,
2600033164,Sousa,PB,Poço tubular,,-6.693333,-38.351666,35,695,0.695,,True,2008-04-04,1983-06-01,,
2600033165,Sousa,PB,Poço tubular,,-6.6925,-38.352222,50,588,0.588,,True,2008-04-04,2000-06-01,,
2600033166,Sousa,PB,Poço tubular,,-6.693611,-38.348611,70,709,0.709,,True,2008-04-04,1980-12-01,,
2600033167,Sousa,PB,Poço tubular,,-6.694722,-38.348055,50,928,0.928,,True,2008-04-04,1999-10-01,,
2600033168,São João do Rio do Peixe,PB,Poço tubular,,-6.699722,-38.355555,55,662,0.662,,True,2008-04-04,1980-12-01,,
2600033169,Sousa,PB,Poço tubular,,-6.701111,-38.354722,50,763,0.763,,True,2008-04-04,1998-09-01,,
2600033170,Sousa,PB,Poço tubular,,-6.700555,-38.353333,40,751,0.751,,True,2008-04-04,2001-08-01,,
2600033171,São João do Rio do Peixe,PB,Poço tubular,,-6.694722,-38.358888,50,848,0.848,,True,2008-04-04,2000-07-20,,
2600033172,São João do Rio do Peixe,PB,Poço tubular,,-6.693055,-38.356388,50,745,0.745,,True,2008-04-04,1998-10-01,,
2600033173,Sousa,PB,Poço tubular,,-6.691944,-38.353888,50,822,0.822,,True,2008-04-04,1998-10-01,,
2600033174,Sousa,PB,Poço tubular,,-6.695,-38.354166,50,872,0.872,,True,2008-04-04,1999-05-01,,
2600033175,Sousa,PB,Poço tubular,,-6.702222,-38.350277,50,970,0.97,,True,2008-04-04,1999-09-01,,
2600033176,Sousa,PB,Poço tubular,,-6.701666,-38.346388,50,1077,1.077,,True,2008-04-04,2000-10-01,,
2600033177,Sousa,PB,Poço tubular,,-6.691944,-38.342777,50,607,0.607,,True,2008-04-04,1998-11-01,,
2600033178,Sousa,PB,Poço tubular,,-6.709722,-38.326111,50,930,0.93,,True,2008-04-07,1996-06-01,,
2600033179,Sousa,PB,Poço tubular,,-6.712222,-38.324722,38,892,0.892,,True,2008-04-07,1997-10-01,,
2600033180,Sousa,PB,Poço tubular,,-6.709444,-38.324444,50,963,0.963,,True,2008-04-07,2000-10-01,,
2600033181,Sousa,PB,Poço tubular,,-6.709166,-38.324166,45,1098,1.098,,True,2008-04-07,2000-12-01,,
2600033182,Sousa,PB,Poço tubular,,-6.708888,-38.323611,40,816,0.816,,True,2008-04-07,1997-08-01,,
2600033183,Sousa,PB,Poço tubular,,-6.709722,-38.323055,50,1102,1.102,,True,2008-04-07,1997-11-01,,
2600033184,Sousa,PB,Poço tubular,,-6.710277,-38.322777,50,1201,1.201,,True,2008-04-07,1998-11-01,,
2600033185,Sousa,PB,Poço tubular,,-6.710555,-38.322222,50,1070,1.07,,True,2008-04-07,2000-07-01,,
2600033186,Sousa,PB,Poço tubular,,-6.711111,-38.321388,50,1007,1.007,,True,2008-04-07,2002-05-01,,
2600033187,Sousa,PB,Poço tubular,,-6.710277,-38.320555,50,1081,1.081,,True,2008-04-07,1997-06-01,,
2600033188,Sousa,PB,Poço tubular,,-6.709722,-38.321666,100,1073,1.073,,True,2008-04-07,1999-06-01,,
2600033189,Sousa,PB,Poço tubular,,-6.708055,-38.320555,70,981,0.981,,True,2008-04-07,1998-02-01,,
2600033190,Sousa,PB,Poço tubular,,-6.706666,-38.321111,50,1050,1.05,,True,2008-04-07,2002-02-01,,
2600033191,Sousa,PB,Poço tubular,,-6.650833,-38.194444,50,1120,1.12,,True,2008-04-07,2002-10-12,,
2600033192,Sousa,PB,Poço tubular,,-6.664166,-38.195277,50,953,0.953,,True,2008-04-07,1982-10-10,,
2600033193,Sousa,PB,Poço tubular,,-6.685833,-38.233333,30,1329,1.329,,True,2008-04-07,1999-10-12,,
2600033194,Sousa,PB,Poço tubular,,-6.686388,-38.2325,45,4460,4.46,,True,2008-04-07,2000-11-12,,
2600033195,Sousa,PB,Poço tubular,,-6.687777,-38.228611,51,1745,1.745,,True,2008-04-07,2002-12-01,,
2600033196,Sousa,PB,Poço tubular,,-6.688611,-38.235833,50,1521,1.521,,True,2008-04-07,1998-08-10,,
2600033197,Sousa,PB,Poço tubular,,-6.7575,-38.143888,60,1265,1.265,,True,2008-04-07,1981-10-12,,
2600033198,Sousa,PB,Poço tubular,,-6.752777,-38.143888,50,6520,6.52,,True,2008-04-07,2001-08-10,,
2600033199,Aparecida,PB,Poço tubular,,-6.755277,-38.139166,50,1006,1.006,,True,2008-04-07,1997-10-12,,
2600033200,Sousa,PB,Poço tubular,,-6.748888,-38.135555,50,4670,4.67,,True,2008-04-07,2001-02-10,,
2600033204,Sousa,PB,Poço tubular,,-6.698055,-38.272777,50,1201,1.201,,True,2008-04-08,2000-10-12,,
2600033205,Sousa,PB,Poço tubular,,-6.702222,-38.274444,50,1379,1.379,,True,2008-04-08,1998-10-10,,
2600033206,Sousa,PB,Poço tubular,,-6.703611,-38.275,50,1625,1.625,,True,2008-04-08,2000-10-10,,
2600033207,Sousa,PB,Poço tubular,,-6.703333,-38.275,50,1513,1.513,,True,2008-04-08,2002-06-10,,
2600033208,Sousa,PB,Poço tubular,,-6.701944,-38.271111,50,715,0.715,,True,2008-04-08,2001-10-12,,
2600033209,Sousa,PB,Poço tubular,,-6.701944,-38.269722,50,1104,1.104,,True,2008-04-08,1999-10-12,,
2600033210,Sousa,PB,Poço tubular,,-6.705277,-38.32,50,903,0.903,,True,2008-04-08,1998-09-01,,
2600033211,Sousa,PB,Poço tubular,,-6.703611,-38.322777,50,1412,1.412,,True,2008-04-08,1998-06-01,,
2600033212,Sousa,PB,Poço tubular,,-6.716666,-38.321111,50,937,0.937,,True,2008-04-08,1985-06-01,,
2600033213,Sousa,PB,Poço tubular,,-6.715833,-38.320833,47,753,0.753,,True,2008-04-08,1998-11-01,,
2600033215,Sousa,PB,Poço tubular,,-6.714722,-38.3175,50,912,0.912,,True,2008-04-08,2002-12-18,,
2600033216,Sousa,PB,Poço tubular,,-6.713888,-38.321388,50,1355,1.355,,True,2008-04-08,1997-06-01,,
2600033217,Sousa,PB,Poço tubular,,-6.7125,-38.321388,50,975,0.975,,True,2008-04-08,2000-10-01,,
2600033218,Sousa,PB,Poço tubular,,-6.7075,-38.325,50,975,0.975,,True,2008-04-08,1998-05-01,,
2600033219,Sousa,PB,Poço tubular,,-6.7,-38.321944,42,1163,1.163,,True,2008-04-08,1998-08-01,,
2600033220,Sousa,PB,Poço tubular,,-6.7025,-38.320833,50,885,0.885,,True,2008-04-08,1996-07-01,,
2600033221,Sousa,PB,Poço tubular,,-6.699722,-38.311111,50,1858,1.858,,True,2008-04-09,1986-06-01,,
2600033222,Sousa,PB,Poço tubular,,-6.698888,-38.311111,50,1866,1.866,,True,2008-04-09,2001-10-01,,
2600033223,Sousa,PB,Poço tubular,,-6.696111,-38.322777,50,1020,1.02,,True,2008-04-09,2001-11-01,,
2600033224,Sousa,PB,Poço tubular,,-6.696388,-38.321944,47,940,0.94,,True,2008-04-09,1999-07-01,,
2600033225,Sousa,PB,Poço tubular,,-6.698333,-38.321111,47,900,0.9,,True,2008-04-09,2001-01-01,,
2600033226,Sousa,PB,Poço tubular,,-6.698888,-38.320555,50,959,0.959,,True,2008-04-09,1992-06-01,,
2600033227,Sousa,PB,Poço tubular,,-6.699444,-38.321666,50,897,0.897,,True,2008-04-09,1998-07-01,,
2600033228,Sousa,PB,Poço tubular,,-6.700833,-38.321944,45,894,0.894,,True,2008-04-09,2002-05-01,,
2600033229,Sousa,PB,Poço tubular,,-6.696666,-38.320833,40,1019,1.019,,True,2008-04-09,1997-06-01,,
2600033230,Sousa,PB,Poço tubular,,-6.700555,-38.32,37,945,0.945,,True,2008-04-09,1998-08-01,,
2600033231,Sousa,PB,Poço tubular,,-6.700833,-38.319444,40,833,0.833,,True,2008-04-10,2002-08-26,,
2600033232,Sousa,PB,Poço tubular,,-6.699722,-38.32,50,911,0.911,,True,2008-04-10,1998-10-01,,
2600033233,Sousa,PB,Poço tubular,,-6.7,-38.319722,40,919,0.919,,True,2008-04-10,2002-08-01,,
2600033234,Sousa,PB,Poço tubular,,-6.701388,-38.321388,51,4110,4.11,,True,2008-04-10,1999-08-01,,
2600033235,Sousa,PB,Poço tubular,,-6.711388,-38.328333,50,1129,1.129,,True,2008-04-10,1998-07-01,,
2600033236,Sousa,PB,Poço tubular,,-6.703888,-38.32,40,926,0.926,,True,2008-04-10,2002-08-01,,
2600033237,Sousa,PB,Poço tubular,,-6.704722,-38.321111,47,886,0.886,,True,2008-04-10,1999-07-01,,
2600033238,Sousa,PB,Poço tubular,,-6.7025,-38.325,50,870,0.87,,True,2008-04-10,1997-10-01,,
2600033239,Sousa,PB,Poço tubular,,-6.709444,-38.313888,50,1493,1.493,,True,2008-04-10,1995-06-01,,
2600033240,Sousa,PB,Poço tubular,,-6.71,-38.313055,38,1671,1.671,,True,2008-04-10,2002-12-20,,
2600033241,Sousa,PB,Poço tubular,,-6.709166,-38.311944,50,1144,1.144,,True,2008-04-10,1999-06-01,,
2600033242,Sousa,PB,Poço tubular,,-6.710833,-38.315,50,2590,2.59,,True,2008-04-10,2000-10-01,,
2600033243,Sousa,PB,Poço tubular,,-6.711666,-38.315555,50,2210,2.21,,True,2008-04-10,1999-06-01,,
2600033244,Sousa,PB,Poço tubular,,-6.710555,-38.317777,50,1515,1.515,,True,2008-04-10,1998-09-01,,
2600033245,Sousa,PB,Poço tubular,,-6.713055,-38.311111,36,1863,1.863,,True,2008-04-10,1980-12-01,,
2600033246,Sousa,PB,Poço tubular,,-6.711666,-38.311944,50,1140,1.14,,True,2008-04-10,1994-06-01,,
2600033247,Sousa,PB,Poço tubular,,-6.715,-38.310555,50,1331,1.331,,True,2008-04-10,1996-06-01,,
2600033248,Sousa,PB,Poço tubular,,-6.715,-38.3125,50,2160,2.16,,True,2008-04-10,1998-10-01,,
2600033249,Sousa,PB,Poço tubular,,-6.717777,-38.313888,50,1512,1.512,,True,2008-04-10,1998-06-01,,
2600033250,Sousa,PB,Poço tubular,,-6.714444,-38.308055,50,1171,1.171,,True,2008-04-10,1990-06-01,,
2600033251,Sousa,PB,Poço tubular,,-6.714444,-38.307777,50,1136,1.136,,True,2008-04-11,1998-06-01,,
2600033252,Sousa,PB,Poço tubular,,-6.715277,-38.307222,32,1316,1.316,,True,2008-04-11,2002-12-20,,
2600033253,Sousa,PB,Poço tubular,,-6.714444,-38.298333,32,1886,1.886,,True,2008-04-11,1976-10-01,,
2600033254,Sousa,PB,Poço tubular,,-6.716666,-38.303611,50,1061,1.061,,True,2008-04-11,1999-06-01,,
2600033255,Sousa,PB,Poço tubular,,-6.725,-38.282777,37,1354,1.354,,True,2008-04-11,2002-05-03,,
2600033256,Sousa,PB,Poço tubular,,-6.699444,-38.29,50,1117,1.117,,True,2008-04-14,1997-06-01,,
2600033257,Sousa,PB,Poço tubular,,-6.7,-38.293611,50,766,0.766,,True,2008-04-14,1997-06-01,,
2600033258,Sousa,PB,Poço tubular,,-6.698888,-38.293055,50,662,0.662,,True,2008-04-14,1997-06-01,,
2600033260,Sousa,PB,Poço tubular,,-6.7,-38.29,50,618,0.618,,True,2008-04-14,1997-06-01,,
2600033261,Sousa,PB,Poço tubular,,-6.699722,-38.288333,50,1301,1.301,,True,2008-04-14,1997-06-01,,
2600033263,Sousa,PB,Poço tubular,,-6.697222,-38.286666,50,1221,1.221,,True,2008-04-14,1997-06-01,,
2600033264,Sousa,PB,Poço tubular,,-6.6975,-38.288333,100,960,0.96,,True,2008-04-14,1997-06-01,,
2600033265,Sousa,PB,Poço tubular,,-6.698888,-38.2875,50,1713,1.713,,True,2008-04-14,1997-06-01,,
2600033266,Sousa,PB,Poço tubular,,-6.704722,-38.319444,40,913,0.913,,True,2008-04-14,2002-11-20,,
2600033267,Sousa,PB,Poço tubular,,-6.705833,-38.319444,47,927,0.927,,True,2008-04-14,2000-06-01,,
2600033268,Sousa,PB,Poço tubular,,-6.705833,-38.317777,50,1172,1.172,,True,2008-04-14,1999-06-01,,
2600033269,Sousa,PB,Poço tubular,,-6.616388,-38.331111,45,997,0.997,,True,2008-04-14,2002-08-01,,
2600033270,Sousa,PB,Poço tubular,,-6.64,-38.308611,50,697,0.697,,True,2008-04-14,2002-12-19,,
2600033271,Sousa,PB,Poço tubular,,-6.638055,-38.304166,50,588,0.588,,True,2008-04-14,2002-12-19,,
2600033272,Sousa,PB,Poço tubular,,-6.651388,-38.318888,50,569,0.569,,True,2008-04-14,1987-06-01,,
2600033273,Sousa,PB,Poço tubular,,-6.663888,-38.322777,26,830,0.83,,True,2008-04-14,1992-06-01,,
2600033274,Sousa,PB,Poço tubular,,-6.665,-38.322777,32,957,0.957,,True,2008-04-14,1998-06-01,,
2600033275,Sousa,PB,Poço tubular,,-6.665,-38.321944,46,1081,1.081,,True,2008-04-14,2000-06-01,,
2600033276,Sousa,PB,Poço tubular,,-6.67,-38.328888,19,1435,1.435,,True,2008-04-14,1997-06-01,,
2600033277,Sousa,PB,Poço tubular,,-6.666666,-38.329722,35,4830,4.83,,True,2008-04-14,1996-06-01,,
2600033278,Sousa,PB,Poço tubular,,-6.654444,-38.321944,50,1320,1.32,,True,2008-04-14,1986-06-01,,
2600033280,Sousa,PB,Poço tubular,,-6.719166,-38.31,40,2950,2.95,,True,2008-04-14,1990-06-01,,
2600033281,Sousa,PB,Poço tubular,,-6.720555,-38.313055,41,1467,1.467,,True,2008-04-15,2002-12-20,,
2600033282,Sousa,PB,Poço tubular,,-6.718888,-38.313333,50,1368,1.368,,True,2008-04-15,2002-12-20,,
2600033283,Sousa,PB,Poço tubular,,-6.721111,-38.314166,32,1229,1.229,,True,2008-04-15,1977-06-01,,
2600033284,Sousa,PB,Poço tubular,,-6.722777,-38.315277,45,1163,1.163,,True,2008-04-15,1997-06-01,,
2600033285,Sousa,PB,Poço tubular,,-6.724444,-38.317222,50,1126,1.126,,True,2008-04-15,1999-06-01,,
2600033286,Sousa,PB,Poço tubular,,-6.7225,-38.316666,50,1081,1.081,,True,2008-04-15,1998-06-01,,
2600033287,Sousa,PB,Poço tubular,,-6.721666,-38.316944,50,1055,1.055,,True,2008-04-15,2001-06-01,,
2600033288,Sousa,PB,Poço tubular,,-6.723055,-38.314722,50,1077,1.077,,True,2008-04-15,1998-06-01,,
2600033289,Sousa,PB,Poço tubular,,-6.721944,-38.310555,50,1216,1.216,,True,2008-04-16,1997-06-01,,
2600033290,Sousa,PB,Poço tubular,,-6.720833,-38.31,47,1350,1.35,,True,2008-04-16,1998-06-01,,
2600033291,Sousa,PB,Poço tubular,,-6.720833,-38.309444,50,3160,3.16,,True,2008-04-16,2000-06-01,,
2600033293,Sousa,PB,Poço tubular,,-6.725,-38.207777,46,3130,3.13,,True,2008-04-17,2002-10-30,,
2600033294,Sousa,PB,Poço tubular,,-6.724444,-38.204444,46,2870,2.87,,True,2008-04-17,2001-06-01,,
2600033295,Sousa,PB,Poço tubular,,-6.714722,-38.290555,60,1380,1.38,,True,2008-04-17,2002-12-21,,
2600033296,Sousa,PB,Poço tubular,,-6.735277,-38.3025,50,1159,1.159,,True,2008-04-17,2002-08-01,,
2600033297,Livramento,PB,Poço tubular,,-7.343055,-36.957222,36,1341,1.341,,True,2008-04-22,2007-06-01,,
2600033298,Livramento,PB,Poço tubular,,-7.344166,-36.994444,40,1706,1.706,,True,2008-04-22,2007-03-01,,
2600033300,Livramento,PB,Poço tubular,,-7.323333,-37.001944,44,1920,1.92,,True,2008-04-22,2007-06-01,,
2600033302,Livramento,PB,Poço tubular,,-7.346944,-37.015277,38,3530,3.53,,True,2008-04-22,2007-06-01,,
2600033303,Livramento,PB,Poço tubular,,-7.333055,-37.032222,36,6430,6.43,,True,2008-04-22,2007-06-01,,
2600033304,Desterro,PB,Poço tubular,,-7.335,-37.042222,30,1887,1.887,,True,2008-04-22,2007-06-01,,
2600033305,Desterro,PB,Poço tubular,,-7.333055,-37.048611,41,3640,3.64,,True,2008-04-22,2006-04-30,,
2600033307,Livramento,PB,Poço tubular,,-7.334166,-36.957777,36,8720,8.72,,True,2008-04-22,2007-06-01,,
2600033308,Livramento,PB,Poço tubular,,-7.347222,-36.92,40,5610,5.61,,True,2008-04-23,2006-04-26,,
2600033309,Livramento,PB,Poço tubular,,-7.339722,-36.9375,46,2490,2.49,,True,2008-04-23,2007-06-01,,
2600033312,Livramento,PB,Poço tubular,,-7.356111,-36.9575,37,4230,4.23,,True,2008-04-24,2006-04-25,,
2600033313,Livramento,PB,Poço tubular,,-7.329444,-36.9075,51,3070,3.07,,True,2008-04-24,2006-04-27,,
2600033314,Livramento,PB,Poço tubular,,-7.335555,-36.878888,44,3200,3.2,,True,2008-04-24,2006-06-01,,
2600033316,Livramento,PB,Poço tubular,,-7.334722,-36.854444,45,1301,1.301,,True,2008-04-24,2006-05-20,,
2600033319,Livramento,PB,Poço tubular,,-7.372777,-36.920555,45,3240,3.24,,True,2008-04-25,2006-04-28,,
2600033323,Monteiro,PB,Poço tubular,,-7.9675,-37.043055,46,12830,12.83,,True,2008-04-28,2006-07-21,,
2600033324,Monteiro,PB,Poço tubular,,-7.972777,-37.016111,51,7000,7.0,,True,2008-04-28,2006-08-11,,
2600033325,Monteiro,PB,Poço tubular,,-7.909166,-37.009166,42,787,0.787,,True,2008-04-28,2006-07-29,,
2600033326,Monteiro,PB,Poço tubular,,-7.978333,-37.060555,49,2080,2.08,,True,2008-04-28,2006-07-18,,
2600033327,Monteiro,PB,Poço tubular,,-7.996111,-37.049444,40,1560,1.56,,True,2008-04-28,2006-06-01,,
2600033328,Monteiro,PB,Poço tubular,,-7.849166,-37.241111,49,2010,2.01,,True,2008-04-28,2006-07-20,,
2600033329,Monteiro,PB,Poço tubular,,-7.977777,-37.076111,51,7000,7.0,,True,2008-04-28,2006-08-11,,
2600033330,Monteiro,PB,Poço tubular,,-7.913333,-37.160833,45,6680,6.68,,True,2008-04-28,2006-08-04,,
2600033332,Monteiro,PB,Poço tubular,,-7.943333,-37.153333,41,1000,1.0,,True,2008-04-28,2006-08-05,,
2600033333,Monteiro,PB,Poço tubular,,-7.905555,-37.192777,43,638,0.638,,True,2008-04-28,2006-06-01,,
2600033334,Monteiro,PB,Poço tubular,,-7.965555,-37.320555,52,1549,1.549,,True,2008-04-28,2006-07-19,,
2600033335,Monteiro,PB,Poço tubular,,-7.9525,-37.255277,49,2890,2.89,,True,2008-04-29,2006-07-19,,
2600033336,Monteiro,PB,Poço tubular,,-7.825555,-37.182777,48,1703,1.703,,True,2008-04-29,2006-07-28,,
2600033337,Monteiro,PB,Poço tubular,,-7.823611,-37.203888,51,2510,2.51,,True,2008-04-29,2006-07-28,,
2600033339,Sumé,PB,Poço tubular,,-7.824166,-36.945555,45,7850,7.85,,True,2008-04-29,2006-07-31,,
2600033340,Monteiro,PB,Poço tubular,,-7.897777,-37.089444,30,2940,2.94,,True,2008-04-29,2006-07-01,,
2600033341,Monteiro,PB,Poço tubular,,-7.903888,-37.060277,40,2360,2.36,,True,2008-04-29,2006-06-01,,
2600033352,Sumé,PB,Poço tubular,,-7.653888,-36.8975,33,57.3,0.0573,,True,2008-05-05,2007-06-01,,
2600033353,Sumé,PB,Poço tubular,,-7.681388,-36.864166,25,1171,1.171,,True,2008-05-05,2006-12-11,,
2600033356,Sumé,PB,Poço tubular,,-7.671944,-36.8275,24,691,0.691,,True,2008-05-05,2006-06-01,,
2600033364,Poço de José de Moura,PB,Poço tubular,,-6.546944,-38.518611,47,1592,1.592,,True,2008-04-01,2002-12-09,,
2600033365,Poço de José de Moura,PB,Poço tubular,,-6.527222,-38.500833,23,2920,2.92,,True,2008-04-01,2002-12-09,,
2600033366,Poço de José de Moura,PB,Poço tubular,,-6.564166,-38.506388,46,988,0.988,,True,2008-04-01,2002-12-09,,
2600033367,Poço de José de Moura,PB,Poço tubular,,-6.566111,-38.517222,40,3000,3.0,,True,2008-04-01,2002-12-09,,
2600033368,Poço de José de Moura,PB,Poço tubular,,-6.566666,-38.517777,50,6470,6.47,,True,2008-04-01,2002-12-09,,
2600033369,Poço de José de Moura,PB,Poço tubular,,-6.564722,-38.528611,75,944,0.944,,True,2008-04-01,2002-12-09,,
2600033370,Poço de José de Moura,PB,Poço tubular,,-6.563055,-38.532222,40,1781,1.781,,True,2008-04-01,2002-12-09,,
2600033371,Poço de José de Moura,PB,Poço tubular,,-6.562222,-38.529444,50,949,0.949,,True,2008-04-01,2002-12-09,,
2600033372,Poço de José de Moura,PB,Poço tubular,,-6.560277,-38.528888,46,1126,1.126,,True,2008-04-02,2002-12-09,,
2600033373,Poço de José de Moura,PB,Poço tubular,,-6.559166,-38.530833,17,1236,1.236,,True,2008-04-02,2002-12-09,,
2600033374,Poço de José de Moura,PB,Poço tubular,,-6.572222,-38.519722,50,1840,1.84,,True,2008-04-02,2002-12-10,,
2600033375,Poço de José de Moura,PB,Poço tubular,,-6.570555,-38.52,49,2580,2.58,,True,2008-04-02,2002-12-10,,
2600033376,Poço de José de Moura,PB,Poço tubular,,-6.573055,-38.51,47,1284,1.284,,True,2008-04-02,2002-12-10,,
2600033377,Poço de José de Moura,PB,Poço tubular,,-6.573611,-38.506388,46,969,0.969,,True,2008-04-02,2002-12-10,,
2600033378,Poço de José de Moura,PB,Poço tubular,,-6.575277,-38.511111,45,2880,2.88,,True,2008-04-02,2002-12-10,,
2600033379,Poço de José de Moura,PB,Poço tubular,,-6.574722,-38.512777,46,1789,1.789,,True,2008-04-02,2002-12-10,,
2600033380,Poço de José de Moura,PB,Poço tubular,,-6.59,-38.510833,50,631,0.631,,True,2008-04-02,2002-12-10,,
2600033381,Poço de José de Moura,PB,Poço tubular,,-6.591666,-38.510833,50,674,0.674,,True,2008-04-02,2002-12-10,,
2600033382,Poço de José de Moura,PB,Poço tubular,,-6.580833,-38.510555,45,816,0.816,,True,2008-04-04,2002-12-10,,
2600033383,Poço de José de Moura,PB,Poço tubular,,-6.580277,-38.510555,45,1394,1.394,,True,2008-04-04,2002-12-10,,
2600033384,Poço de José de Moura,PB,Poço tubular,,-6.579722,-38.510555,45,1367,1.367,,True,2008-04-04,2002-12-10,,
2600033385,Poço de José de Moura,PB,Poço tubular,,-6.579166,-38.511388,45,1314,1.314,,True,2008-04-04,2002-12-10,,
2600033386,Poço de José de Moura,PB,Poço tubular,,-6.571388,-38.511666,50,932,0.932,,True,2008-04-04,2002-12-10,,
2600033387,Poço de José de Moura,PB,Poço tubular,,-6.580277,-38.510277,52,972,0.972,,True,2008-04-04,2002-12-11,,
2600033388,Poço de José de Moura,PB,Poço tubular,,-6.598055,-38.511944,46,675,0.675,,True,2008-04-04,2002-12-11,,
2600033389,Poço de José de Moura,PB,Poço tubular,,-6.593888,-38.508611,50,385,0.385,,True,2008-04-04,2002-12-11,,
2600033390,Poço de José de Moura,PB,Poço tubular,,-6.603055,-38.506666,48,652,0.652,,True,2008-04-04,2002-12-11,,
2600033391,Poço de José de Moura,PB,Poço tubular,,-6.606388,-38.508888,55,846,0.846,,True,2008-04-04,2002-12-11,,
2600033392,Poço de José de Moura,PB,Poço tubular,,-6.610277,-38.510277,43,814,0.814,,True,2008-04-04,2002-12-11,,
2600033393,Poço de José de Moura,PB,Poço tubular,,-6.6125,-38.508888,48,855,0.855,,True,2008-04-04,2002-10-11,,
2600033394,Poço de José de Moura,PB,Poço tubular,,-6.616111,-38.510277,48,839,0.839,,True,2008-04-04,2002-12-11,,
2600033395,Poço de José de Moura,PB,Poço tubular,,-6.6175,-38.51,52,821,0.821,,True,2008-04-04,2002-12-11,,
2600033396,Poço de José de Moura,PB,Poço tubular,,-6.618333,-38.51,50,785,0.785,,True,2008-04-04,2002-12-11,,
2600033397,Poço de José de Moura,PB,Poço tubular,,-6.621388,-38.512777,52,858,0.858,,True,2008-04-04,2002-12-11,,
2600033398,Poço de José de Moura,PB,Poço tubular,,-6.623333,-38.512222,40,1128,1.128,,True,2008-04-04,2002-12-11,,
2600033399,Poço de José de Moura,PB,Poço tubular,,-6.562777,-38.505833,30,837,0.837,,True,2008-04-04,2002-12-11,,
2600033400,Poço de José de Moura,PB,Poço tubular,,-6.581666,-38.509722,48,707,0.707,,True,2008-04-04,2002-12-11,,
2600033402,Poço de José de Moura,PB,Poço tubular,,-6.591111,-38.519166,46,1944,1.944,,True,2008-04-04,2002-12-12,,
2600033403,Poço de José de Moura,PB,Poço tubular,,-6.586944,-38.521388,45,1736,1.736,,True,2008-04-04,2002-12-12,,
2600033404,Poço de José de Moura,PB,Poço tubular,,-6.588888,-38.5225,47,502,0.502,,True,2008-04-04,2002-12-12,,
2600033405,Poço de José de Moura,PB,Poço tubular,,-6.595277,-38.528055,54,392,0.392,,True,2008-04-04,2002-12-04,,
2600033406,Poço de José de Moura,PB,Poço tubular,,-6.596944,-38.532222,48,1021,1.021,,True,2008-04-04,2002-12-12,,
2600033407,Poço de José de Moura,PB,Poço tubular,,-6.595555,-38.535,40,1077,1.077,,True,2008-04-08,2002-12-12,,
2600033408,Poço de José de Moura,PB,Poço tubular,,-6.592222,-38.535,50,734,0.734,,True,2008-04-08,2002-12-12,,
2600033409,Poço de José de Moura,PB,Poço tubular,,-6.591944,-38.536111,33,718,0.718,,True,2008-04-08,2002-12-12,,
2600033410,Poço de José de Moura,PB,Poço tubular,,-6.604444,-38.532222,64,700,0.7,,True,2008-04-08,2002-12-12,,
2600033411,Poço de José de Moura,PB,Poço tubular,,-6.6025,-38.525277,42,790,0.79,,True,2008-04-08,2002-10-01,,
2600033412,Poço de José de Moura,PB,Poço tubular,,-6.604166,-38.532777,51,1029,1.029,,True,2008-04-08,2002-12-13,,
2600033413,Poço de José de Moura,PB,Poço tubular,,-6.609166,-38.531666,46,603,0.603,,True,2008-04-08,2002-12-13,,
2600033414,Poço de José de Moura,PB,Poço tubular,,-6.607777,-38.526944,50,2120,2.12,,True,2008-04-08,2002-12-13,,
2600033415,Poço de José de Moura,PB,Poço tubular,,-6.607777,-38.520277,48,938,0.938,,True,2008-04-08,2002-12-13,,
2600033416,Poço de José de Moura,PB,Poço tubular,,-6.600833,-38.522222,47,893,0.893,,True,2008-04-08,2002-12-13,,
2600033417,Poço de José de Moura,PB,Poço tubular,,-6.611944,-38.521666,50,704,0.704,,True,2008-04-08,2002-12-13,,
2600033418,Poço de José de Moura,PB,Poço tubular,,-6.614722,-38.519166,50,837,0.837,,True,2008-04-08,2002-12-13,,
2600033420,Poço de José de Moura,PB,Poço tubular,,-6.613888,-38.522222,38,836,0.836,,True,2008-04-08,2002-12-13,,
2600033421,Poço de José de Moura,PB,Poço tubular,,-6.613888,-38.523055,45,1074,1.074,,True,2008-04-08,2002-12-13,,
2600033422,Poço de José de Moura,PB,Poço tubular,,-6.615555,-38.5275,70,420,0.42,,True,2008-04-08,2002-12-13,,
2600033423,Poço de José de Moura,PB,Poço tubular,,-6.608055,-38.527777,50,845,0.845,,True,2008-04-08,2002-12-14,,
2600033424,Poço de José de Moura,PB,Poço tubular,,-6.6175,-38.526666,50,773,0.773,,True,2008-04-08,2002-12-14,,
2600033425,Poço de José de Moura,PB,Poço tubular,,-6.619166,-38.526388,50,683,0.683,,True,2008-04-08,2002-12-14,,
2600033426,Poço de José de Moura,PB,Poço tubular,,-6.628611,-38.523888,50,1506,1.506,,True,2008-04-08,2002-12-14,,
2600033427,Poço de José de Moura,PB,Poço tubular,,-6.635,-38.517777,50,1640,1.64,,True,2008-04-08,2002-12-14,,
2600033428,Poço de José de Moura,PB,Poço tubular,,-6.634444,-38.515277,35,1867,1.867,,True,2008-04-08,2002-12-14,,
2600033429,Poço de José de Moura,PB,Poço tubular,,-6.64,-38.513611,45,736,0.736,,True,2008-04-08,2002-12-14,,
2600033430,Triunfo,PB,Poço tubular,,-6.645555,-38.516666,50,1083,1.083,,True,2008-04-08,2002-12-14,,
2600033431,Poço de José de Moura,PB,Poço tubular,,-6.648055,-38.514722,50,960,0.96,,True,2008-04-08,2002-12-14,,
2600033432,Triunfo,PB,Poço tubular,,-6.643888,-38.521388,50,937,0.937,,True,2008-04-08,2002-12-14,,
2600033433,Triunfo,PB,Poço tubular,,-6.649444,-38.518055,40,1024,1.024,,True,2008-04-09,2002-12-14,,
2600033434,Poço de José de Moura,PB,Poço tubular,,-6.644444,-38.508888,42,898,0.898,,True,2008-04-09,2002-12-14,,
2600033435,Poço de José de Moura,PB,Poço tubular,,-6.642777,-38.508333,53,870,0.87,,True,2008-04-09,2002-12-14,,
2600033436,Poço de José de Moura,PB,Poço tubular,,-6.64,-38.509166,35,672,0.672,,True,2008-04-09,2002-12-14,,
2600033437,Poço de José de Moura,PB,Poço tubular,,-6.636944,-38.508055,50,723,0.723,,True,2008-04-09,2002-12-14,,
2600033438,Poço de José de Moura,PB,Poço tubular,,-6.634444,-38.511111,50,1198,1.198,,True,2008-04-09,2002-12-14,,
2600033439,Poço de José de Moura,PB,Poço tubular,,-6.632777,-38.511666,52,1061,1.061,,True,2008-04-09,2002-12-14,,
2600033440,Poço de José de Moura,PB,Poço tubular,,-6.632777,-38.5125,42,1398,1.398,,True,2008-04-09,2002-12-14,,
2600033441,Poço de José de Moura,PB,Poço tubular,,-6.632777,-38.515833,50,1097,1.097,,True,2008-04-09,2002-12-14,,
2600033442,Poço de José de Moura,PB,Poço tubular,,-6.633888,-38.516111,30,2770,2.77,,True,2008-04-09,2002-12-14,,
2600033446,Poço de José de Moura,PB,Poço tubular,,-6.628055,-38.510833,48,1534,1.534,,True,2008-04-09,2002-12-15,,
2600033447,Poço de José de Moura,PB,Poço tubular,,-6.626111,-38.516666,50,784,0.784,,True,2008-04-09,2002-12-14,,
2600033448,Poço de José de Moura,PB,Poço tubular,,-6.625,-38.516944,33,762,0.762,,True,2008-04-09,2002-12-14,,
2600033449,Poço de José de Moura,PB,Poço tubular,,-6.631388,-38.497777,50,932,0.932,,True,2008-04-09,2002-12-15,,
2600033450,Poço de José de Moura,PB,Poço tubular,,-6.639166,-38.495833,39,1059,1.059,,True,2008-04-09,2002-12-15,,
2600033451,Poço de José de Moura,PB,Poço tubular,,-6.637777,-38.493888,39,1095,1.095,,True,2008-04-09,2002-12-15,,
2600033452,Poço de José de Moura,PB,Poço tubular,,-6.631111,-38.491666,55,1140,1.14,,True,2008-04-09,2002-12-15,,
2600033453,Poço de José de Moura,PB,Poço tubular,,-6.636666,-38.491944,50,1059,1.059,,True,2008-04-09,2002-12-15,,
2600033454,Poço de José de Moura,PB,Poço tubular,,-6.6375,-38.491666,50,1078,1.078,,True,2008-04-09,2002-12-15,,
2600033455,Poço de José de Moura,PB,Poço tubular,,-6.643333,-38.494444,50,1096,1.096,,True,2008-04-09,2002-12-15,,
2600033456,Poço de José de Moura,PB,Poço tubular,,-6.641944,-38.494444,45,732,0.732,,True,2008-04-09,2002-12-15,,
2600033457,Poço de José de Moura,PB,Poço tubular,,-6.6525,-38.5025,60,932,0.932,,True,2008-04-09,2002-12-15,,
2600033458,Poço de José de Moura,PB,Poço tubular,,-6.653611,-38.502777,47,1226,1.226,,True,2008-04-09,2002-12-15,,
2600033459,Poço de José de Moura,PB,Poço tubular,,-6.657777,-38.503888,60,1389,1.389,,True,2008-04-09,2002-12-15,,
2600033460,Poço de José de Moura,PB,Poço tubular,,-6.653888,-38.503611,55,1220,1.22,,True,2008-04-09,2002-12-15,,
2600033461,Poço de José de Moura,PB,Poço tubular,,-6.658333,-38.503055,50,1720,1.72,,True,2008-04-09,2002-12-15,,
2600033462,Poço de José de Moura,PB,Poço tubular,,-6.654722,-38.503611,50,1022,1.022,,True,2008-04-09,2002-12-15,,
2600033463,Poço de José de Moura,PB,Poço tubular,,-6.659166,-38.502222,50,1002,1.002,,True,2008-04-09,2002-12-15,,
2600033464,Poço de José de Moura,PB,Poço tubular,,-6.662222,-38.506111,50,1974,1.974,,True,2008-04-09,2002-12-16,,
2600033465,Poço de José de Moura,PB,Poço tubular,,-6.6225,-38.496111,46,1076,1.076,,True,2008-04-10,1996-08-10,,
2600033466,Poço de José de Moura,PB,Poço tubular,,-6.622777,-38.493888,45,824,0.824,,True,2008-04-10,1970-12-12,,
2600033468,Poço de José de Moura,PB,Poço tubular,,-6.620833,-38.493333,52,1186,1.186,,True,2008-04-10,2000-08-10,,
2600033469,Poço de José de Moura,PB,Poço tubular,,-6.619722,-38.493055,60,1036,1.036,,True,2008-04-10,2001-08-10,,
2600033470,Poço de José de Moura,PB,Poço tubular,,-6.613333,-38.486388,50,1732,1.732,,True,2008-04-10,2002-08-12,,
2600033471,Poço de José de Moura,PB,Poço tubular,,-6.6075,-38.475833,50,2850,2.85,,True,2008-04-10,2001-12-02,,
2600033472,Poço de José de Moura,PB,Poço tubular,,-6.605833,-38.48,50,1160,1.16,,True,2008-04-10,2000-08-10,,
2600033473,Poço de José de Moura,PB,Poço tubular,,-6.626666,-38.477222,50,1733,1.733,,True,2008-04-10,2001-10-10,,
2600033474,Poço de José de Moura,PB,Poço tubular,,-6.627777,-38.474444,50,1297,1.297,,True,2008-04-10,1981-08-10,,
2600033475,São João do Rio do Peixe,PB,Poço tubular,,-6.629166,-38.470555,50,1212,1.212,,True,2008-04-10,2001-08-10,,
2600033476,Poço de José de Moura,PB,Poço tubular,,-6.581111,-38.4975,50,1005,1.005,,True,2008-04-10,2002-12-17,,
2600033477,Poço de José de Moura,PB,Poço tubular,,-6.577777,-38.476944,50,866,0.866,,True,2008-04-10,1997-08-10,,
2600033478,Poço de José de Moura,PB,Poço tubular,,-6.578611,-38.474722,36,1091,1.091,,True,2008-04-10,2000-10-12,,
2600033479,Poço de José de Moura,PB,Poço tubular,,-6.580555,-38.474166,60,814,0.814,,True,2008-04-11,2002-08-10,,
2600033480,Poço de José de Moura,PB,Poço tubular,,-6.579444,-38.4725,50,740,0.74,,True,2008-04-11,2001-07-10,,
2600033481,Poço de José de Moura,PB,Poço tubular,,-6.576111,-38.471111,50,915,0.915,,True,2008-04-11,2002-06-10,,
2600033482,Poço de José de Moura,PB,Poço tubular,,-6.575277,-38.471111,50,831,0.831,,True,2008-04-11,1981-10-12,,
2600033483,Poço de José de Moura,PB,Poço tubular,,-6.570833,-38.470277,50,1650,1.65,,True,2008-04-11,1991-10-10,,
2600033484,Poço de José de Moura,PB,Poço tubular,,-6.570833,-38.470555,52,1059,1.059,,True,2008-04-11,2000-12-10,,
2600033485,Poço de José de Moura,PB,Poço tubular,,-6.5725,-38.454444,50,1865,1.865,,True,2008-04-11,2002-12-17,,
2600033486,Poço de José de Moura,PB,Poço tubular,,-6.573055,-38.455,50,1980,1.98,,True,2008-04-11,1974-10-12,,
2600033487,Poço de José de Moura,PB,Poço tubular,,-6.572777,-38.4525,51,1195,1.195,,True,2008-04-11,2001-08-10,,
2600033488,Poço de José de Moura,PB,Poço tubular,,-6.571111,-38.450555,50,1367,1.367,,True,2008-04-11,2001-12-10,,
2600033489,Uiraúna,PB,Poço tubular,,-6.57,-38.470277,50,834,0.834,,True,2008-04-11,1997-10-12,,
2600033490,Poço de José de Moura,PB,Poço tubular,,-6.586944,-38.4775,47,894,0.894,,True,2008-04-11,2001-10-12,,
2600033491,Poço de José de Moura,PB,Poço tubular,,-6.590277,-38.481666,50,731,0.731,,True,2008-04-11,2002-08-10,,
2600033492,Poço de José de Moura,PB,Poço tubular,,-6.5925,-38.476944,50,988,0.988,,True,2008-04-11,2002-12-01,,
2600033493,Poço de José de Moura,PB,Poço tubular,,-6.593333,-38.474722,60,1204,1.204,,True,2008-04-11,1982-08-10,,
2600033494,Poço de José de Moura,PB,Poço tubular,,-6.595,-38.473055,50,1023,1.023,,True,2008-04-11,2002-10-12,,
2600033495,Poço de José de Moura,PB,Poço tubular,,-6.597222,-38.471111,60,1290,1.29,,True,2008-04-11,1998-10-10,,
2600033496,Poço de José de Moura,PB,Poço tubular,,-6.5925,-38.472222,50,1115,1.115,,True,2008-04-11,1997-10-10,,
2600033497,Poço de José de Moura,PB,Poço tubular,,-6.589444,-38.470555,50,1179,1.179,,True,2008-04-11,2001-12-12,,
2600033498,Triunfo,PB,Poço tubular,,-6.663055,-38.507777,50,1990,1.99,,True,2008-04-11,2002-12-16,,
2600033500,Poço de José de Moura,PB,Poço tubular,,-6.659166,-38.49,55,970,0.97,,True,2008-04-11,2002-12-16,,
2600033501,Poço de José de Moura,PB,Poço tubular,,-6.660555,-38.489444,37,945,0.945,,True,2008-04-15,2002-12-16,,
2600033502,Poço de José de Moura,PB,Poço tubular,,-6.658888,-38.489166,43,955,0.955,,True,2008-04-15,2002-12-16,,
2600033503,Poço de José de Moura,PB,Poço tubular,,-6.659444,-38.484166,25,1434,1.434,,True,2008-04-15,2002-12-16,,
2600033504,Poço de José de Moura,PB,Poço tubular,,-6.659166,-38.484444,66,1791,1.791,,True,2008-04-15,2002-12-16,,
2600033505,São João do Rio do Peixe,PB,Poço tubular,,-6.6575,-38.480555,32,1822,1.822,,True,2008-04-15,2002-12-16,,
2600033506,São João do Rio do Peixe,PB,Poço tubular,,-6.655833,-38.479444,50,2040,2.04,,True,2008-04-15,2002-12-16,,
2600033507,São João do Rio do Peixe,PB,Poço tubular,,-6.648888,-38.469166,26,1483,1.483,,True,2008-04-15,2002-12-17,,
2600033508,São João do Rio do Peixe,PB,Poço tubular,,-6.649722,-38.469166,28,1038,1.038,,True,2008-04-15,2002-12-17,,
2600033509,São João do Rio do Peixe,PB,Poço tubular,,-6.648888,-38.468333,35,861,0.861,,True,2008-04-15,2002-12-17,,
2600033510,São João do Rio do Peixe,PB,Poço tubular,,-6.6475,-38.471944,36,1348,1.348,,True,2008-04-15,2002-12-17,,
2600033511,São João do Rio do Peixe,PB,Poço tubular,,-6.648888,-38.475,50,1610,1.61,,True,2008-04-15,2002-12-17,,
2600033512,São João do Rio do Peixe,PB,Poço tubular,,-6.638333,-38.476111,50,2620,2.62,,True,2008-04-15,2002-12-17,,
2600033513,Poço de José de Moura,PB,Poço tubular,,-6.637222,-38.4775,42,2480,2.48,,True,2008-04-15,2002-12-17,,
2600033514,Poço de José de Moura,PB,Poço tubular,,-6.638055,-38.479166,40,1955,1.955,,True,2008-04-15,2002-12-17,,
2600033515,Poço de José de Moura,PB,Poço tubular,,-6.635,-38.476944,50,820,0.82,,True,2008-04-15,2002-12-17,,
2600033516,São João do Rio do Peixe,PB,Poço tubular,,-6.627222,-38.469166,50,1324,1.324,,True,2008-04-16,2002-12-17,,
2600033517,Poço de José de Moura,PB,Poço tubular,,-6.612777,-38.458333,50,1129,1.129,,True,2008-04-16,2002-12-17,,
2600033518,Poço de José de Moura,PB,Poço tubular,,-6.613055,-38.458333,40,920,0.92,,True,2008-04-16,2002-12-17,,
2600033519,Poço de José de Moura,PB,Poço tubular,,-6.611666,-38.461111,29,1045,1.045,,True,2008-04-16,2002-12-18,,
2600033520,São João do Rio do Peixe,PB,Poço tubular,,-6.611944,-38.455833,50,883,0.883,,True,2008-04-16,2002-12-18,,
2600033521,São João do Rio do Peixe,PB,Poço tubular,,-6.603333,-38.450555,48,1060,1.06,,True,2008-04-16,2002-12-18,,
2600033522,Poço de José de Moura,PB,Poço tubular,,-6.606944,-38.459444,50,1360,1.36,,True,2008-04-16,2002-12-18,,
2600033523,São João do Rio do Peixe,PB,Poço tubular,,-6.595833,-38.451388,50,892,0.892,,True,2008-04-16,2002-12-18,,
2600033524,São João do Rio do Peixe,PB,Poço tubular,,-6.584166,-38.442777,50,1238,1.238,,True,2008-04-16,2002-12-18,,
2600033525,São João do Rio do Peixe,PB,Poço tubular,,-6.583888,-38.443055,50,1203,1.203,,True,2008-04-16,2002-12-18,,
2600033527,Igaracy,PB,Poço tubular,,-7.151944,-38.198055,25,1032,1.032,,True,2008-04-16,2002-11-21,,
2600033528,Aguiar,PB,Poço tubular,,-7.157777,-38.200555,40,1239,1.239,,True,2008-04-16,1999-06-01,,
2600033530,Itaporanga,PB,Poço tubular,,-7.163333,-38.1875,19,1221,1.221,,True,2008-04-17,1980-06-01,,
2600033531,Igaracy,PB,Poço tubular,,-7.133611,-38.1725,45,1121,1.121,,True,2008-04-17,2002-06-01,,
2600033534,Igaracy,PB,Poço tubular,,-7.115833,-38.144166,50,1158,1.158,,True,2008-04-17,2000-06-01,,
2600033536,Igaracy,PB,Poço tubular,,-7.114722,-38.111388,50,566,0.566,,True,2008-04-17,1986-10-01,,
2600033538,Piancó,PB,Poço tubular,,-7.125277,-38.071111,50,1077,1.077,,True,2008-04-18,1981-06-01,,
2600033540,Igaracy,PB,Poço tubular,,-7.126111,-38.086944,50,1306,1.306,,True,2008-04-18,1985-06-01,,
2600033541,Igaracy,PB,Poço tubular,,-7.135833,-38.0825,50,703,0.703,,True,2008-04-18,1984-06-01,,
2600033542,Igaracy,PB,Poço tubular,,-7.143888,-38.080833,50,852,0.852,,True,2008-04-23,2002-11-29,,
2600033543,Igaracy,PB,Poço tubular,,-7.126111,-38.098333,33,990,0.99,,True,2008-04-23,2000-07-01,,
2600033544,Igaracy,PB,Poço tubular,,-7.115833,-38.096666,50,1242,1.242,,True,2008-04-23,1992-06-01,,
2600033545,Igaracy,PB,Poço tubular,,-7.145555,-38.110833,47,1708,1.708,,True,2008-04-23,2002-11-29,,
2600033546,Igaracy,PB,Poço tubular,,-7.139722,-38.112222,18,695,0.695,,True,2008-04-23,2002-11-01,,
2600033547,Igaracy,PB,Poço tubular,,-7.144166,-38.116944,35,900,0.9,,True,2008-04-23,2002-10-01,,
2600033548,Igaracy,PB,Poço tubular,,-7.159722,-38.121666,35,862,0.862,,True,2008-04-23,1982-06-01,,
2600033549,Igaracy,PB,Poço tubular,,-7.161111,-38.08,40,899,0.899,,True,2008-04-23,2002-10-01,,
2600033550,Piancó,PB,Poço tubular,,-7.159444,-38.056944,35,1273,1.273,,True,2008-04-23,2002-10-01,,
2600033551,Igaracy,PB,Poço tubular,,-7.169444,-38.070555,40,1014,1.014,,True,2008-04-23,2000-06-01,,
2600033552,Igaracy,PB,Poço tubular,,-7.171111,-38.0675,51,980,0.98,,True,2008-04-23,1985-06-01,,
2600033553,Piancó,PB,Poço tubular,,-7.169444,-38.061666,37.5,1342,1.342,,True,2008-04-23,2002-05-01,,
2600033554,Igaracy,PB,Poço tubular,,-7.181666,-38.0675,22,1115,1.115,,True,2008-04-23,1986-06-01,,
2600033555,Igaracy,PB,Poço tubular,,-7.193611,-38.145277,40,645,0.645,,True,2008-04-23,1982-06-01,,
2600033556,Igaracy,PB,Poço tubular,,-7.196111,-38.140277,15,1655,1.655,,True,2008-04-23,2002-10-01,,
2600033557,Igaracy,PB,Poço tubular,,-7.189722,-38.112222,49,1110,1.11,,True,2008-04-23,2000-02-01,,
2600033558,Igaracy,PB,Poço tubular,,-7.187777,-38.103611,19,963,0.963,,True,2008-04-23,2002-10-01,,
2600033559,Igaracy,PB,Poço tubular,,-7.169166,-38.095555,48,422,0.422,,True,2008-04-23,2002-11-30,,
2600033560,Igaracy,PB,Poço tubular,,-7.166666,-38.135555,21,784,0.784,,True,2008-04-23,2002-10-01,,
2600033561,Igaracy,PB,Poço tubular,,-7.173611,-38.138333,30,1005,1.005,,True,2008-04-23,2002-10-01,,
2600033563,Igaracy,PB,Poço tubular,,-7.173611,-38.143888,30,1168,1.168,,True,2008-04-23,2002-11-30,,
2600033564,Itaporanga,PB,Poço tubular,,-7.198611,-38.160833,32,853,0.853,,True,2008-04-23,2001-06-01,,
2600033565,Monte Horebe,PB,Poço tubular,,-7.198611,-38.565555,49.6,252,0.252,,True,2008-04-23,2002-11-16,,
2600033566,Monte Horebe,PB,Poço tubular,,-7.178888,-38.555,44,332,0.332,,True,2008-04-24,2002-10-01,,
2600033567,Monte Horebe,PB,Poço tubular,,-7.181111,-38.558055,35,181,0.181,,True,2008-04-24,1983-11-01,,
2600033568,Monte Horebe,PB,Poço tubular,,-7.182222,-38.558611,44,376,0.376,,True,2008-04-24,1999-12-01,,
2600033569,Monte Horebe,PB,Poço tubular,,-7.191666,-38.560833,50,312,0.312,,True,2008-04-24,2001-02-01,,
2600033570,Monte Horebe,PB,Poço tubular,,-7.191388,-38.560555,51,362,0.362,,True,2008-04-24,1999-11-20,,
2600033571,Monte Horebe,PB,Poço tubular,,-7.194722,-38.562777,49,297,0.297,,True,2008-04-24,2001-06-01,,
2600033572,Monte Horebe,PB,Poço tubular,,-7.193888,-38.562222,50,200,0.2,,True,2008-04-24,1999-01-01,,
2600033573,Monte Horebe,PB,Poço tubular,,-7.225277,-38.555833,41.8,2980,2.98,,True,2008-04-24,2002-11-15,,
2600033574,Monte Horebe,PB,Poço tubular,,-7.225,-38.555833,26,539,0.539,,True,2008-04-24,2002-11-15,,
2600033575,Monte Horebe,PB,Poço tubular,,-7.225833,-38.546388,44.46,622,0.622,,True,2008-04-24,2002-11-15,,
2600033576,Monte Horebe,PB,Poço tubular,,-7.220277,-38.573055,42.17,1473,1.473,,True,2008-04-24,2000-06-01,,
2600033577,Monte Horebe,PB,Poço tubular,,-7.190833,-38.578888,33,309,0.309,,True,2008-04-24,2000-06-01,,
2600033580,São José de Piranhas,PB,Poço tubular,,-7.169166,-38.520277,49.14,333,0.333,,True,2008-04-25,2002-11-16,,
2600033581,São José de Piranhas,PB,Poço tubular,,-7.181666,-38.509444,44.21,252,0.252,,True,2008-04-29,2002-11-16,,
2600033582,Monte Horebe,PB,Poço tubular,,-7.191111,-38.513333,24.7,418,0.418,,True,2008-04-29,2002-11-16,,
2600033583,Monte Horebe,PB,Poço tubular,,-7.202222,-38.548611,49,326,0.326,,True,2008-04-29,1993-06-01,,
2600033584,Monte Horebe,PB,Poço tubular,,-7.204444,-38.561111,43.6,407,0.407,,True,2008-04-29,2002-11-16,,
2600033585,Monte Horebe,PB,Poço tubular,,-7.202777,-38.561111,51,565,0.565,,True,2008-04-29,1993-06-01,,
2600033586,Monte Horebe,PB,Poço tubular,,-7.21,-38.516111,30,285,0.285,,True,2008-04-29,2000-06-18,,
2600033587,Monte Horebe,PB,Poço tubular,,-7.191666,-38.500833,50,438,0.438,,True,2008-04-29,1990-06-01,,
2600033590,Monte Horebe,PB,Poço tubular,,-7.193333,-38.507777,51.25,300,0.3,,True,2008-04-29,2002-11-17,,
2600033592,Monte Horebe,PB,Poço tubular,,-7.192222,-38.504722,45,446,0.446,,True,2008-04-29,1994-12-01,,
2600033594,Monte Horebe,PB,Poço tubular,,-7.198611,-38.508333,50,416,0.416,,True,2008-04-29,1997-06-01,,
2600033595,Monte Horebe,PB,Poço tubular,,-7.198888,-38.535277,43,535,0.535,,True,2008-04-29,1998-06-01,,
2600033596,Monte Horebe,PB,Poço tubular,,-7.205,-38.5375,45,1149,1.149,,True,2008-04-29,1999-06-01,,
2600033597,Monte Horebe,PB,Poço tubular,,-7.211388,-38.565555,58.55,1031,1.031,,True,2008-04-29,2002-08-01,,
2600033598,Monte Horebe,PB,Poço tubular,,-7.21,-38.568611,44.16,853,0.853,,True,2008-04-29,2002-11-18,,
2600033599,Monte Horebe,PB,Poço tubular,,-7.206944,-38.566666,49.33,337,0.337,,True,2008-04-30,2002-11-18,,
2600033600,Monte Horebe,PB,Poço tubular,,-7.191388,-38.535,50,430,0.43,,True,2008-04-30,1999-06-01,,
2600033602,Monte Horebe,PB,Poço tubular,,-7.194722,-38.614166,53.35,1479,1.479,,True,2008-04-30,2002-11-18,,
2600033604,Monte Horebe,PB,Poço tubular,,-7.215555,-38.4975,53,480,0.48,,True,2008-04-30,1999-06-01,,
2600033605,Monte Horebe,PB,Poço tubular,,-7.215277,-38.495,48,860,0.86,,True,2008-04-30,1999-06-01,,
2600033607,Monte Horebe,PB,Poço tubular,,-7.235,-38.545277,30.56,834,0.834,,True,2008-04-30,2002-11-18,,
2600033608,Monte Horebe,PB,Poço tubular,,-7.245,-38.549166,46.85,957,0.957,,True,2008-04-30,2002-11-19,,
2600033610,Monte Horebe,PB,Poço tubular,,-7.190555,-38.5625,44,317,0.317,,True,2008-04-30,1998-06-01,,
2600033611,Monte Horebe,PB,Poço tubular,,-7.174722,-38.5375,55,371,0.371,,True,2008-04-30,2001-10-01,,
2600033612,Monte Horebe,PB,Poço tubular,,-7.188888,-38.453888,31.69,1044,1.044,,True,2008-04-30,2002-11-19,,
2600033613,Salgadinho,PB,Poço tubular,,-7.101111,-36.854444,33,2600,2.6,,True,2008-05-05,2002-11-01,,
2600033615,Salgadinho,PB,Poço tubular,,-7.105,-36.855555,33,3010,3.01,,True,2008-05-05,2000-11-01,,
2600033616,Salgadinho,PB,Poço tubular,,-7.1,-36.868333,25,2520,2.52,,True,2008-05-05,2002-11-01,,
2600033620,Salgadinho,PB,Poço tubular,,-7.103055,-36.843611,45,4300,4.3,,True,2008-05-05,1997-06-01,,
2600033621,Salgadinho,PB,Poço tubular,,-7.061666,-36.775,70,682,0.682,,True,2008-05-05,1998-06-01,,
2600033622,Salgadinho,PB,Poço tubular,,-7.061666,-36.775555,50,372,0.372,,True,2008-05-05,1998-06-01,,
2600033623,Salgadinho,PB,Poço tubular,,-7.061944,-36.775555,35,458,0.458,,True,2008-05-05,1998-06-01,,
2600033626,Patos,PB,Poço tubular,,-7.050833,-37.283333,36,4650,4.65,,True,2008-05-09,2001-10-01,,
2600033627,Patos,PB,Poço tubular,,-7.050555,-37.284444,35,4120,4.12,,True,2008-05-09,2000-06-01,,
2600033628,Patos,PB,Poço tubular,,-7.048333,-37.284166,40,846,0.846,,True,2008-05-09,2002-12-01,,
2600033629,Patos,PB,Poço tubular,,-7.047777,-37.282222,40,8640,8.64,,True,2008-05-09,1997-06-01,,
2600033630,Patos,PB,Poço tubular,,-7.06,-37.291111,40,3320,3.32,,True,2008-05-09,1997-06-01,,
2600033632,Patos,PB,Poço tubular,,-7.059722,-37.2925,50,6060,6.06,,True,2008-05-09,2002-12-10,,
2600033633,Patos,PB,Poço tubular,,-7.0625,-37.292222,50,3820,3.82,,True,2008-05-09,1997-06-01,,
2600033634,Patos,PB,Poço tubular,,-7.062777,-37.292777,50,3090,3.09,,True,2008-05-12,2001-06-01,,
2600033635,Patos,PB,Poço tubular,,-7.039722,-37.2775,50,7940,7.94,,True,2008-05-12,2002-06-01,,
2600033637,Patos,PB,Poço tubular,,-7.064166,-37.269444,33,2170,2.17,,True,2008-05-12,2001-06-01,,
2600033640,Patos,PB,Poço tubular,,-7.058333,-37.274444,42,1714,1.714,,True,2008-05-12,2002-12-11,,
2600033642,Patos,PB,Poço tubular,,-7.058333,-37.273611,42,2750,2.75,,True,2008-05-13,2002-12-11,,
2600033643,Patos,PB,Poço tubular,,-7.048611,-37.275,40,3170,3.17,,True,2008-05-13,1999-06-01,,
2600033645,Patos,PB,Poço tubular,,-7.041388,-37.270277,50,11330,11.33,,True,2008-05-13,1997-06-01,,
2600033646,Patos,PB,Poço tubular,,-7.017222,-37.287222,36,2230,2.23,,True,2008-05-13,1999-06-01,,
2600033650,Patos,PB,Poço tubular,,-7.004166,-37.301944,70,4080,4.08,,True,2008-05-13,1998-11-13,,
2600033651,Patos,PB,Poço tubular,,-6.981666,-37.293611,28,563,0.563,,True,2008-05-13,1982-06-01,,
2600033652,Patos,PB,Poço tubular,,-6.977777,-37.286666,49,3640,3.64,,True,2008-05-13,1982-06-01,,
2600033655,Patos,PB,Poço tubular,,-6.953055,-37.255277,22,1619,1.619,,True,2008-05-13,2001-06-01,,
2600033657,Patos,PB,Poço tubular,,-6.978611,-37.211666,50,4820,4.82,,True,2008-05-13,2002-12-07,,
2600033658,Patos,PB,Poço tubular,,-6.983888,-37.208333,58,1905,1.905,,True,2008-05-14,1997-06-01,,
2600033660,Patos,PB,Poço tubular,,-6.986111,-37.198055,34,2430,2.43,,True,2008-05-14,2000-06-01,,
2600033664,Quixaba,PB,Poço tubular,,-7.059722,-37.230277,48,1765,1.765,,True,2008-05-14,1995-06-01,,
2600033666,Quixaba,PB,Poço tubular,,-7.067777,-37.215277,60,7110,7.11,,True,2008-05-15,2002-12-09,,
2600033667,Patos,PB,Poço tubular,,-7.0925,-37.252777,50,6740,6.74,,True,2008-05-15,1998-06-01,,
2600033668,Patos,PB,Poço tubular,,-7.091388,-37.252222,50,7330,7.33,,True,2008-05-15,1996-06-01,,
2600033673,Patos,PB,Poço tubular,,-7.088333,-37.250555,50,4020,4.02,,True,2008-05-15,2001-06-01,,
2600033674,Patos,PB,Poço tubular,,-7.084722,-37.251111,35,2880,2.88,,True,2008-05-15,1998-06-01,,
2600033675,Patos,PB,Poço tubular,,-7.084722,-37.251388,50,2670,2.67,,True,2008-05-15,1998-06-01,,
2600033676,Patos,PB,Poço tubular,,-7.083055,-37.251111,35,3600,3.6,,True,2008-05-15,1998-06-01,,
2600033677,Patos,PB,Poço tubular,,-7.086111,-37.251388,50,6930,6.93,,True,2008-05-15,1998-06-01,,
2600033678,Patos,PB,Poço tubular,,-7.07,-37.264722,50,5850,5.85,,True,2008-05-15,2001-06-01,,
2600033679,Patos,PB,Poço tubular,,-7.073888,-37.266666,46,2240,2.24,,True,2008-05-15,1998-06-01,,
2600033680,Patos,PB,Poço tubular,,-7.064722,-37.278611,35,7750,7.75,,True,2008-05-15,1999-06-01,,
2600033681,Patos,PB,Poço tubular,,-7.067777,-37.277222,45,5380,5.38,,True,2008-05-15,1993-06-01,,
2600033684,Patos,PB,Poço tubular,,-7.073611,-37.286666,40,5530,5.53,,True,2008-05-16,2001-06-01,,
2600033685,Patos,PB,Poço tubular,,-7.065,-37.277222,40,307,0.307,,True,2008-05-16,2001-06-01,,
2600033687,Santa Teresinha,PB,Poço tubular,,-7.046944,-37.355555,40,1186,1.186,,True,2008-05-16,2002-12-09,,
2600033689,Patos,PB,Poço tubular,,-7.038055,-37.325,30,635,0.635,,True,2008-05-19,2002-12-09,,
2600033690,Patos,PB,Poço tubular,,-7.039166,-37.326666,40,1428,1.428,,True,2008-05-19,2002-12-09,,
2600033691,Patos,PB,Poço tubular,,-7.0425,-37.326111,45,2220,2.22,,True,2008-05-19,2002-12-09,,
2600033693,Patos,PB,Poço tubular,,-7.038333,-37.324444,50,698,0.698,,True,2008-05-19,2002-12-01,,
2600033694,Patos,PB,Poço tubular,,-7.027222,-37.3575,56,695,0.695,,True,2008-05-19,1983-06-01,,
2600033695,Patos,PB,Poço tubular,,-7.046388,-37.311666,36,5740,5.74,,True,2008-05-19,1984-06-01,,
2600033697,Patos,PB,Poço tubular,,-6.950555,-37.389444,46,6080,6.08,,True,2008-05-19,2002-12-02,,
2600033699,Patos,PB,Poço tubular,,-6.947222,-37.413333,45,1017,1.017,,True,2008-05-19,1990-06-01,,
2600033701,Patos,PB,Poço tubular,,-6.945555,-37.428888,48,878,0.878,,True,2008-05-19,1985-06-01,,
2600033706,Patos,PB,Poço tubular,,-6.975,-37.449444,30,1554,1.554,,True,2008-05-20,1990-06-01,,
2600033710,Patos,PB,Poço tubular,,-6.978888,-37.411666,28,1212,1.212,,True,2008-05-20,1998-06-01,,
2600033712,Patos,PB,Poço tubular,,-6.980555,-37.424444,36,1170,1.17,,True,2008-05-20,1993-06-01,,
2600033713,Patos,PB,Poço tubular,,-6.988333,-37.433333,45,1633,1.633,,True,2008-05-20,2002-12-08,,
2600033714,Patos,PB,Poço tubular,,-6.989444,-37.433888,36,1255,1.255,,True,2008-05-20,2000-06-01,,
2600033715,Patos,PB,Poço tubular,,-6.966388,-37.389166,34,508,0.508,,True,2008-05-20,2001-06-01,,
2600033716,Patos,PB,Poço tubular,,-6.980833,-37.378888,32,3540,3.54,,True,2008-05-20,1995-03-23,,
2600033718,Patos,PB,Poço tubular,,-6.999166,-37.329444,48,731,0.731,,True,2008-05-20,2001-06-01,,
2600033720,Patos,PB,Poço tubular,,-6.996666,-37.324722,49,1353,1.353,,True,2008-05-20,1992-06-01,,
2600033721,Patos,PB,Poço tubular,,-6.952222,-37.371944,24,1436,1.436,,True,2008-05-20,1993-12-01,,
2600033722,Patos,PB,Poço tubular,,-6.95,-37.373888,45,1421,1.421,,True,2008-05-20,1993-01-01,,
2600033724,Patos,PB,Poço tubular,,-6.963611,-37.344166,24,958,0.958,,True,2008-05-26,1982-06-01,,
2600033726,Patos,PB,Poço tubular,,-6.996111,-37.305833,29,2470,2.47,,True,2008-05-26,1993-06-01,,
2600033728,Patos,PB,Poço tubular,,-6.962777,-37.276666,50,5570,5.57,,True,2008-05-26,1992-06-01,,
2600033730,Patos,PB,Poço tubular,,-6.95,-37.264444,46,5770,5.77,,True,2008-05-26,2002-12-05,,
2600033732,Patos,PB,Poço tubular,,-6.948888,-37.261666,50,4050,4.05,,True,2008-05-26,1993-12-01,,
2600033733,Patos,PB,Poço tubular,,-6.948333,-37.273888,36,1260,1.26,,True,2008-05-26,2001-10-01,,
2600033734,Patos,PB,Poço tubular,,-6.958055,-37.253333,26,746,0.746,,True,2008-05-26,2000-06-01,,
2600033735,Patos,PB,Poço tubular,,-6.957777,-37.252777,45,910,0.91,,True,2008-05-26,2002-11-01,,
2600033737,Patos,PB,Poço tubular,,-6.933333,-37.263333,40,2840,2.84,,True,2008-05-26,1986-06-01,,
2600033738,Patos,PB,Poço tubular,,-6.931666,-37.2625,40,2490,2.49,,True,2008-05-26,1986-06-01,,
2600033740,Patos,PB,Poço tubular,,-6.930555,-37.252222,40,618,0.618,,True,2008-05-27,1986-06-01,,
2600033741,Patos,PB,Poço tubular,,-6.932222,-37.239722,40,1399,1.399,,True,2008-05-27,1986-06-01,,
2600033742,Patos,PB,Poço tubular,,-6.918611,-37.207777,42,374,0.374,,True,2008-05-27,1997-06-01,,
2600033744,Patos,PB,Poço tubular,,-6.955277,-37.235833,60,943,0.943,,True,2008-05-27,1977-06-01,,
2600033745,Patos,PB,Poço tubular,,-6.961944,-37.228888,45,3750,3.75,,True,2008-05-27,1993-06-01,,
2600033747,Patos,PB,Poço tubular,,-6.965833,-37.226944,50,2440,2.44,,True,2008-05-27,2002-12-07,,
2600033748,Patos,PB,Poço tubular,,-6.962222,-37.230555,36,4030,4.03,,True,2008-05-27,2000-06-01,,
2600033750,Patos,PB,Poço tubular,,-6.954444,-37.220555,30,534,0.534,,True,2008-05-27,2001-06-01,,
2600033752,Patos,PB,Poço tubular,,-6.975277,-37.212777,51,4140,4.14,,True,2008-05-27,2002-06-01,,
2600033754,Patos,PB,Poço tubular,,-6.984444,-37.205833,34,3320,3.32,,True,2008-05-27,1999-06-01,,
2600033758,Patos,PB,Poço tubular,,-7.019722,-37.251666,34,2910,2.91,,True,2008-05-27,1999-06-01,,
2600033759,Quixaba,PB,Poço tubular,,-7.058888,-37.235,45,2730,2.73,,True,2008-05-27,1996-06-01,,
2600033760,Patos,PB,Poço tubular,,-7.058888,-37.239722,36,4120,4.12,,True,2008-05-27,2002-12-09,,
2600033763,Patos,PB,Poço tubular,,-7.096666,-37.250277,30,4450,4.45,,True,2008-05-28,2000-06-01,,
2600033764,Patos,PB,Poço tubular,,-7.096111,-37.316666,48,4440,4.44,,True,2008-05-28,2000-06-01,,
2600033765,Patos,PB,Poço tubular,,-6.963055,-37.365833,40,1157,1.157,,True,2008-05-28,1995-06-01,,
2600033768,Tavares,PB,Poço tubular,,-7.633333,-37.924722,35,324,0.324,,True,2008-05-28,1998-06-01,,
2600033770,Tavares,PB,Poço tubular,,-7.639166,-37.918888,38,288,0.288,,True,2008-05-28,1998-06-01,,
2600033780,Tavares,PB,Poço tubular,,-7.638888,-37.841944,36,1527,1.527,,True,2008-05-30,1998-06-01,,
2600033789,Tavares,PB,Poço tubular,,-7.656944,-37.759444,26,1756,1.756,,True,2008-05-30,2002-12-07,,
2600033791,Juru,PB,Poço tubular,,-7.625833,-37.773611,46,322,0.322,,True,2008-05-30,1999-06-01,,
2600033792,Tavares,PB,Poço tubular,,-7.624722,-37.806666,40,669,0.669,,True,2008-05-30,1999-06-01,,
2600033794,Tavares,PB,Poço tubular,,-7.636944,-37.876111,45,211,0.211,,True,2008-05-30,2000-06-01,,
2600033797,Santa Helena,PB,Poço tubular,,-6.693611,-38.623055,55,2060,2.06,,True,2008-06-02,1980-06-01,,
2600033798,Santa Luzia,PB,Poço tubular,,-6.868333,-36.940277,36,670,0.67,,True,2008-06-02,1994-09-20,,
2600033800,Santa Luzia,PB,Poço tubular,,-6.870277,-36.939722,50,674,0.674,,True,2008-06-02,2000-06-01,,
2600033803,Santa Luzia,PB,Poço tubular,,-6.875277,-36.969166,30,3325,3.325,,True,2008-06-02,1998-06-01,,
2600033804,Santa Luzia,PB,Poço tubular,,-6.918055,-36.837777,50,2270,2.27,,True,2008-06-02,2002-06-01,,
2600033805,Santa Luzia,PB,Poço tubular,,-6.916666,-36.828888,40,1250,1.25,,True,2008-06-02,1983-06-01,,
2600033806,Santa Luzia,PB,Poço tubular,,-6.918055,-36.819166,50,1036,1.036,,True,2008-06-02,2002-06-01,,
2600033807,Santa Luzia,PB,Poço tubular,,-6.908611,-36.875555,48,5660,5.66,,True,2008-06-02,1999-06-01,,
2600033808,Santa Luzia,PB,Poço tubular,,-6.889722,-36.868888,43,1850,1.85,,True,2008-06-02,1999-06-01,,
2600033810,Santa Luzia,PB,Poço tubular,,-6.901111,-36.887222,38,3010,3.01,,True,2008-06-02,1998-06-01,,
2600033813,Santa Luzia,PB,Poço tubular,,-6.91,-36.903333,25,5790,5.79,,True,2008-06-03,1997-06-01,,
2600033814,Santa Luzia,PB,Poço tubular,,-6.910833,-36.896944,50,4900,4.9,,True,2008-06-03,2002-12-17,,
2600033816,Santa Luzia,PB,Poço tubular,,-6.896666,-36.906388,40,6360,6.36,,True,2008-06-03,1999-06-01,,
2600033819,Santa Luzia,PB,Poço tubular,,-6.912222,-36.903611,34,3770,3.77,,True,2008-06-03,1999-06-01,,
2600033821,Santa Luzia,PB,Poço tubular,,-6.914166,-36.906666,18,3070,3.07,,True,2008-06-03,1999-06-01,,
2600033824,Santa Luzia,PB,Poço tubular,,-6.940277,-36.907222,27,1638,1.638,,True,2008-06-03,2002-06-01,,
2600033825,Santa Luzia,PB,Poço tubular,,-6.942222,-36.916666,55,1761,1.761,,True,2008-06-03,2000-06-01,,
2600033826,Santa Luzia,PB,Poço tubular,,-6.945,-36.918333,70,1876,1.876,,True,2008-06-03,2000-06-01,,
2600033828,Santa Luzia,PB,Poço tubular,,-6.941666,-36.906111,35,4410,4.41,,True,2008-06-03,2002-04-01,,
2600033829,Santa Luzia,PB,Poço tubular,,-6.883888,-36.908888,30,7210,7.21,,True,2008-06-03,2002-08-01,,
2600033830,Santa Luzia,PB,Poço tubular,,-6.888055,-36.902777,35,2500,2.5,,True,2008-06-03,2002-08-01,,
2600033832,Santa Luzia,PB,Poço tubular,,-6.889166,-36.910277,50,4370,4.37,,True,2008-06-03,2000-06-01,,
2600033834,São José de Princesa,PB,Poço tubular,,-7.788611,-38.105,22,281,0.281,,True,2008-05-09,2002-06-01,,
2600033835,São José de Princesa,PB,Poço tubular,,-7.789166,-38.095,40,1563,1.563,,True,2008-05-09,1996-06-01,,
2600033838,São José de Princesa,PB,Poço tubular,,-7.77,-38.103888,48,1291,1.291,,True,2008-05-09,1998-06-01,,
2600033844,São José de Princesa,PB,Poço tubular,,-7.739166,-38.094166,50,221,0.221,,True,2008-05-14,2000-12-01,,
2600033847,São José de Princesa,PB,Poço tubular,,-7.723055,-38.116944,47,253,0.253,,True,2008-05-14,2001-05-01,,
2600033852,São José de Princesa,PB,Poço tubular,,-7.77,-38.084166,50,727,0.727,,True,2008-05-14,2001-05-01,,
2600033855,São José de Princesa,PB,Poço tubular,,-7.659722,-38.078888,50,1712,1.712,,True,2008-05-14,1999-06-01,,
2600033858,São José de Princesa,PB,Poço tubular,,-7.709166,-38.087777,25,327,0.327,,True,2008-05-15,2001-06-01,,
2600033863,Princesa Isabel,PB,Poço tubular,,-7.735277,-38.078888,32,1464,1.464,,True,2008-05-15,2001-06-01,,
2600033864,São José de Princesa,PB,Poço tubular,,-7.724722,-38.0775,53,447,0.447,,True,2008-05-15,2002-06-01,,
2600033872,Diamante,PB,Poço tubular,,-7.3875,-38.305277,30,1184,1.184,,True,2008-05-20,2000-08-01,,
2600033873,Diamante,PB,Poço tubular,,-7.390555,-38.3575,26,1067,1.067,,True,2008-05-20,1999-06-01,,
2600033874,Diamante,PB,Poço tubular,,-7.373611,-38.341111,58,381,0.381,,True,2008-05-20,2002-11-26,,
2600033875,Diamante,PB,Poço tubular,,-7.366111,-38.320277,45,841,0.841,,True,2008-05-20,1984-06-01,,
2600033877,Diamante,PB,Poço tubular,,-7.406111,-38.256111,42,849,0.849,,True,2008-05-20,1987-06-01,,
2600033878,Ibiara,PB,Poço tubular,,-7.488611,-38.337222,51,1040,1.04,,True,2008-05-20,2002-06-01,,
2600033881,Boa Ventura,PB,Poço tubular,,-7.426944,-38.2425,50,2060,2.06,,True,2008-05-20,2002-11-27,,
2600033882,Santo André,PB,Poço tubular,,-7.195555,-36.620555,35,14750,14.75,,True,2008-05-20,1998-06-01,,
2600033884,Santo André,PB,Poço tubular,,-7.197222,-36.614444,50,2570,2.57,,True,2008-05-20,2002-06-01,,
2600033886,Santo André,PB,Poço tubular,,-7.169722,-36.606111,45,6750,6.75,,True,2008-05-20,2002-12-16,,
2600033887,Taperoá,PB,Poço tubular,,-7.213888,-36.687777,40,1205,1.205,,True,2008-05-20,1989-06-01,,
2600033888,Santo André,PB,Poço tubular,,-7.223333,-36.613333,50,1287,1.287,,True,2008-05-20,2000-06-01,,
2600033889,Santo André,PB,Poço tubular,,-7.22,-36.605,48,7460,7.46,,True,2008-05-21,2000-06-01,,
2600033890,Santo André,PB,Poço tubular,,-7.216111,-36.578333,40,2890,2.89,,True,2008-05-21,1998-03-23,,
2600033891,Santo André,PB,Poço tubular,,-7.224166,-36.57,36,1517,1.517,,True,2008-05-21,1998-06-01,,
2600033892,Santo André,PB,Poço tubular,,-7.204722,-36.573611,48,17640,17.64,,True,2008-05-21,1995-06-01,,
2600033893,Santo André,PB,Poço tubular,,-7.196111,-36.571111,40,12790,12.79,,True,2008-05-21,2000-06-01,,
2600033894,Santo André,PB,Poço tubular,,-7.183333,-36.578888,30,1776,1.776,,True,2008-05-21,1964-12-01,,
2600033895,Santo André,PB,Poço tubular,,-7.186388,-36.599722,36,2470,2.47,,True,2008-05-21,1962-06-01,,
2600033896,Santo André,PB,Poço tubular,,-7.186388,-36.603333,32,2870,2.87,,True,2008-05-21,1998-06-01,,
2600033897,Santo André,PB,Poço tubular,,-7.21,-36.632222,45,5380,5.38,,True,2008-05-21,1992-06-01,,
2600033898,Santo André,PB,Poço tubular,,-7.228611,-36.627222,45,35100,35.1,,True,2008-05-21,1987-06-01,,
2600033899,Santo André,PB,Poço tubular,,-7.243888,-36.616388,45,1281,1.281,,True,2008-05-27,1998-06-01,,
2600033900,Santo André,PB,Poço tubular,,-7.241666,-36.612777,40,2050,2.05,,True,2008-05-27,1999-06-01,,
2600033901,Santo André,PB,Poço tubular,,-7.24,-36.596666,50,1467,1.467,,True,2008-05-27,1970-06-01,,
2600033902,Santo André,PB,Poço tubular,,-7.235833,-36.594444,50,1598,1.598,,True,2008-05-27,1995-06-01,,
2600033903,Santo André,PB,Poço tubular,,-7.230555,-36.605277,50,1085,1.085,,True,2008-05-27,2002-06-01,,
2600033904,Santo André,PB,Poço tubular,,-7.236944,-36.633611,33,3290,3.29,,True,2008-05-27,1999-06-01,,
2600033906,Santo André,PB,Poço tubular,,-7.273055,-36.634444,30,13410,13.41,,True,2008-05-27,2002-06-01,,
2600033907,Santo André,PB,Poço tubular,,-7.279722,-36.645,32,1905,1.905,,True,2008-05-27,2001-06-01,,
2600033908,Santo André,PB,Poço tubular,,-7.268333,-36.640277,31,316,0.316,,True,2008-05-27,1998-06-01,,
2600033909,Santo André,PB,Poço tubular,,-7.268055,-36.656388,33,8220,8.22,,True,2008-05-27,1999-06-01,,
2600033910,Santo André,PB,Poço tubular,,-7.27,-36.650555,31,9220,9.22,,True,2008-05-27,1998-06-01,,
2600033911,Santo André,PB,Poço tubular,,-7.272777,-36.629166,50,9400,9.4,,True,2008-05-27,1998-06-01,,
2600033912,Santo André,PB,Poço tubular,,-7.258333,-36.616388,40,5570,5.57,,True,2008-05-27,1999-06-01,,
2600033914,Santo André,PB,Poço tubular,,-7.265555,-36.585555,45,3900,3.9,,True,2008-05-27,1996-06-01,,
2600033915,Santo André,PB,Poço tubular,,-7.262222,-36.592777,24,6650,6.65,,True,2008-05-27,1998-06-01,,
2600033918,Santo André,PB,Poço tubular,,-7.249722,-36.602222,38,940,0.94,,True,2008-05-27,2000-06-01,,
2600033919,Santo André,PB,Poço tubular,,-7.255833,-36.610833,35,3250,3.25,,True,2008-05-27,2002-06-01,,
2600033920,Santo André,PB,Poço tubular,,-7.261388,-36.635277,45,4070,4.07,,True,2008-05-27,2002-06-01,,
2600033921,Santo André,PB,Poço tubular,,-7.260555,-36.635277,37,9270,9.27,,True,2008-05-27,2002-06-01,,
2600033922,Santo André,PB,Poço tubular,,-7.260555,-36.641666,35,6910,6.91,,True,2008-05-27,2002-06-01,,
2600033923,Santo André,PB,Poço tubular,,-7.244444,-36.640833,50,952,0.952,,True,2008-05-27,2002-06-01,,
2600033924,Santo André,PB,Poço tubular,,-7.233611,-36.6425,37,960,0.96,,True,2008-05-27,1998-06-01,,
2600033927,Santo André,PB,Poço tubular,,-7.214444,-36.625555,45,4540,4.54,,True,2008-05-27,1970-06-01,,
2600033928,Santo André,PB,Poço tubular,,-7.224444,-36.631388,50,30500,30.5,,True,2008-05-27,2002-06-01,,
2600033931,Santa Inês,PB,Poço tubular,,-7.623333,-38.555833,38,2150,2.15,,True,2008-05-28,1977-06-01,,
2600033932,Santa Inês,PB,Poço tubular,,-7.630833,-38.568888,4.69,1466,1.466,,True,2008-05-28,2002-12-01,,
2600033933,Santa Inês,PB,Poço tubular,,-7.616666,-38.644166,45,878,0.878,,True,2008-05-28,1999-10-01,,
2600033934,Santa Inês,PB,Poço tubular,,-7.600555,-38.6275,50,918,0.918,,True,2008-05-28,1998-12-01,,
2600033935,Santa Inês,PB,Poço tubular,,-7.609444,-38.616944,50,961,0.961,,True,2008-05-28,1999-06-01,,
2600033936,Conceição,PB,Poço tubular,,-7.590277,-38.596944,70,706,0.706,,True,2008-05-28,1984-06-01,,
2600033937,Santa Inês,PB,Poço tubular,,-7.619722,-38.596944,50,2000,2.0,,True,2008-05-28,1998-06-01,,
2600033938,Santa Inês,PB,Poço tubular,,-7.626666,-38.557222,35,893,0.893,,True,2008-05-28,1986-06-01,,
2600033941,Santa Inês,PB,Poço tubular,,-7.6975,-38.51,55,1105,1.105,,True,2008-05-28,1970-06-01,,
2600033943,Santa Inês,PB,Poço tubular,,-7.694166,-38.506944,55,590,0.59,,True,2008-05-28,1982-06-01,,
2600033946,Santa Inês,PB,Poço tubular,,-7.695,-38.594166,45,10420,10.42,,True,2008-05-28,2002-12-03,,
2600033947,Santa Inês,PB,Poço tubular,,-7.669166,-38.628055,12,1071,1.071,,True,2008-05-28,1997-06-01,,
2600033950,Igaracy,PB,Poço tubular,,-7.099722,-38.127222,46,950,0.95,,True,2008-05-30,1999-06-01,,
2600033951,Igaracy,PB,Poço tubular,,-7.086944,-38.12,46,907,0.907,,True,2008-05-30,1997-08-15,,
2600033952,Igaracy,PB,Poço tubular,,-7.0975,-38.151388,46,1819,1.819,,True,2008-05-30,1999-06-01,,
2600033954,Aguiar,PB,Poço tubular,,-7.093333,-38.171111,24,1819,1.819,,True,2008-05-30,2002-12-10,,
2600033955,Aguiar,PB,Poço tubular,,-7.1375,-38.290555,34,1238,1.238,,True,2008-05-30,1996-06-01,,
2600033956,Aguiar,PB,Poço tubular,,-7.106111,-38.279166,57,1129,1.129,,True,2008-05-30,2002-12-11,,
2600033957,Aguiar,PB,Poço tubular,,-7.101388,-38.261666,27,664,0.664,,True,2008-05-30,2002-01-01,,
2600033959,Aguiar,PB,Poço tubular,,-7.030833,-38.156111,57,715,0.715,,True,2008-05-30,1982-06-01,,
2600033960,Aguiar,PB,Poço tubular,,-7.074722,-38.121944,50,859,0.859,,True,2008-05-30,1983-06-01,,
2600033961,Aguiar,PB,Poço tubular,,-7.087777,-38.170555,40,1642,1.642,,True,2008-05-30,2002-06-01,,
2600033962,Água Branca,PB,Poço tubular,,-7.526944,-37.679722,50,3070,3.07,,True,2008-05-30,2002-06-01,,
2600033964,Água Branca,PB,Poço tubular,,-7.521111,-37.671388,38,5010,5.01,,True,2008-05-30,2002-06-01,,
2600033966,Água Branca,PB,Poço tubular,,-7.513333,-37.684444,28,4370,4.37,,True,2008-05-30,2002-09-18,,
2600033967,Água Branca,PB,Poço tubular,,-7.508333,-37.676388,30,3770,3.77,,True,2008-05-30,2002-12-01,,
2600033968,Água Branca,PB,Poço tubular,,-7.501666,-37.6775,35,1132,1.132,,True,2008-05-30,2002-06-01,,
2600033969,Água Branca,PB,Poço tubular,,-7.4925,-37.690277,26,2300,2.3,,True,2008-05-30,2002-06-01,,
2600033970,Água Branca,PB,Poço tubular,,-7.495555,-37.701944,38,4100,4.1,,True,2008-05-30,2002-06-01,,
2600033971,Juru,PB,Poço tubular,,-7.494166,-37.722777,50,2300,2.3,,True,2008-05-30,1986-06-01,,
2600033972,Água Branca,PB,Poço tubular,,-7.504722,-37.698611,25,3510,3.51,,True,2008-05-30,2002-06-01,,
2600033976,Água Branca,PB,Poço tubular,,-7.524444,-37.631944,38,1101,1.101,,True,2008-05-30,2002-06-01,,
2600033981,Água Branca,PB,Poço tubular,,-7.428333,-37.700277,50,1560,1.56,,True,2008-06-03,1986-06-01,,
2600033983,Água Branca,PB,Poço tubular,,-7.504722,-37.626944,42,9500,9.5,,True,2008-06-03,2002-06-01,,
2600033989,Água Branca,PB,Poço tubular,,-7.4275,-37.628055,36,441,0.441,,True,2008-06-03,1992-06-01,,
2600033994,Água Branca,PB,Poço tubular,,-7.442222,-37.588888,32,6930,6.93,,True,2008-06-03,2002-09-15,,
2600033995,Água Branca,PB,Poço tubular,,-7.456111,-37.570277,38,5060,5.06,,True,2008-06-03,2002-12-01,,
2600033996,Água Branca,PB,Poço tubular,,-7.466111,-37.577222,26,1059,1.059,,True,2008-06-03,2002-12-01,,
2600033997,Água Branca,PB,Poço tubular,,-7.466388,-37.575833,40,650,0.65,,True,2008-06-03,2001-06-01,,
2600033999,Água Branca,PB,Poço tubular,,-7.503333,-37.625,32,3180,3.18,,True,2008-06-03,2002-11-01,,
2600034003,Água Branca,PB,Poço tubular,,-7.511111,-37.709166,42,1597,1.597,,True,2008-06-03,2002-06-01,,
2600034004,Água Branca,PB,Poço tubular,,-7.526944,-37.698888,27,2100,2.1,,True,2008-06-03,2002-06-01,,
2600034006,Água Branca,PB,Poço tubular,,-7.489722,-37.593611,30,4830,4.83,,True,2008-06-03,2000-06-01,,
2600034009,Água Branca,PB,Poço tubular,,-7.507777,-37.628611,50,3130,3.13,,True,2008-06-03,2002-12-09,,
2600034010,Santa Luzia,PB,Poço tubular,,-6.947777,-36.921388,27,2280,2.28,,True,2008-06-09,1999-06-01,,
2600034011,Santa Luzia,PB,Poço tubular,,-6.963055,-36.914444,50,3600,3.6,,True,2008-06-09,2002-04-01,,
2600034012,Santa Luzia,PB,Poço tubular,,-6.968611,-36.917222,42,2560,2.56,,True,2008-06-09,2002-11-01,,
2600034013,Santa Luzia,PB,Poço tubular,,-6.962777,-36.920555,50,2000,2.0,,True,2008-06-09,2002-04-01,,
2600034014,Santa Luzia,PB,Poço tubular,,-6.963333,-36.92,50,2630,2.63,,True,2008-06-09,1981-06-01,,
2600034015,Santa Luzia,PB,Poço tubular,,-6.967777,-36.936111,36,996,0.996,,True,2008-06-09,2002-12-18,,
2600034016,Santa Luzia,PB,Poço tubular,,-6.964722,-36.933611,42,1577,1.577,,True,2008-06-09,2002-03-01,,
2600034017,Santa Luzia,PB,Poço tubular,,-6.963611,-36.905833,54,1132,1.132,,True,2008-06-09,1996-06-01,,
2600034018,Santa Luzia,PB,Poço tubular,,-6.958333,-36.908055,36,942,0.942,,True,2008-06-09,2002-07-01,,
2600034019,Santa Luzia,PB,Poço tubular,,-6.926388,-36.888611,50,946,0.946,,True,2008-06-09,1984-04-13,,
2600034020,Santa Luzia,PB,Poço tubular,,-6.925555,-36.894444,36.2,1980,1.98,,True,2008-06-09,1985-11-21,,
2600034021,Santa Luzia,PB,Poço tubular,,-6.899444,-36.885833,46,1415,1.415,,True,2008-06-09,2002-06-01,,
2600034022,Santa Luzia,PB,Poço tubular,,-6.881666,-36.911666,50,3130,3.13,,True,2008-06-09,2000-06-01,,
2600034024,Santa Luzia,PB,Poço tubular,,-6.911388,-36.971388,40,2950,2.95,,True,2008-06-09,2002-06-01,,
2600034025,Santa Luzia,PB,Poço tubular,,-6.885555,-36.964166,50,6780,6.78,,True,2008-06-09,2000-06-01,,
2600034026,Santa Luzia,PB,Poço tubular,,-6.892777,-36.948333,46,1516,1.516,,True,2008-06-09,1997-06-01,,
2600034027,Santa Luzia,PB,Poço tubular,,-6.892777,-36.948888,50,3420,3.42,,True,2008-06-09,2001-06-01,,
2600034029,Santa Luzia,PB,Poço tubular,,-6.8675,-36.960277,50,5350,5.35,,True,2008-06-09,2002-12-12,,
2600034030,Santa Luzia,PB,Poço tubular,,-6.867222,-36.96,47,1020,1.02,,True,2008-06-09,2002-12-12,,
2600034031,Santa Luzia,PB,Poço tubular,,-6.868333,-36.963611,40,15600,15.6,,True,2008-06-09,2002-12-12,,
2600034033,Santa Luzia,PB,Poço tubular,,-6.879444,-36.975,50,1633,1.633,,True,2008-06-10,2002-06-01,,
2600034034,Santa Luzia,PB,Poço tubular,,-6.887222,-36.974166,45,875,0.875,,True,2008-06-10,1999-06-01,,
2600034035,São Mamede,PB,Poço tubular,,-6.9425,-36.975277,60,3180,3.18,,True,2008-06-10,2000-06-01,,
2600034036,Santa Luzia,PB,Poço tubular,,-6.871111,-36.916944,45,4430,4.43,,True,2008-06-10,2002-12-17,,
2600034037,Santa Luzia,PB,Poço tubular,,-6.853333,-36.991666,50,11160,11.16,,True,2008-06-10,2002-06-01,,
2600034038,Santa Luzia,PB,Poço tubular,,-6.803333,-36.921388,46,2540,2.54,,True,2008-06-10,2001-07-01,,
2600034039,Santa Luzia,PB,Poço tubular,,-6.782222,-36.922222,36,2270,2.27,,True,2008-06-10,2002-12-13,,
2600034040,Santa Luzia,PB,Poço tubular,,-6.782222,-36.914722,51,571,0.571,,True,2008-06-10,2001-06-01,,
2600034041,Santa Luzia,PB,Poço tubular,,-6.794444,-36.926388,35,1223,1.223,,True,2008-06-10,2001-06-01,,
2600034042,Santa Luzia,PB,Poço tubular,,-6.780555,-36.938055,35,1721,1.721,,True,2008-06-10,2000-06-01,,
2600034043,Santa Luzia,PB,Poço tubular,,-6.781111,-36.938333,35,2710,2.71,,True,2008-06-10,2001-06-01,,
2600034044,Santa Luzia,PB,Poço tubular,,-6.796944,-36.9475,36,2920,2.92,,True,2008-06-10,1999-06-01,,
2600034045,Santa Luzia,PB,Poço tubular,,-6.815,-36.954166,36,1084,1.084,,True,2008-06-10,2001-11-01,,
2600034046,Várzea,PB,Poço tubular,,-6.816666,-36.958888,36,2000,2.0,,True,2008-06-10,2002-12-13,,
2600034047,Santa Luzia,PB,Poço tubular,,-6.813333,-36.953333,36,1334,1.334,,True,2008-06-10,2001-06-01,,
2600034048,Santa Luzia,PB,Poço tubular,,-6.847777,-36.943055,50,4350,4.35,,True,2008-06-10,2002-06-01,,
2600034049,Santa Luzia,PB,Poço tubular,,-6.843611,-36.943888,50,5140,5.14,,True,2008-06-10,2002-06-01,,
2600034050,Santa Luzia,PB,Poço tubular,,-6.844444,-36.951388,50,3020,3.02,,True,2008-06-10,2002-03-01,,
2600034051,Santa Luzia,PB,Poço tubular,,-6.844722,-36.950833,35,2030,2.03,,True,2008-06-11,1982-06-01,,
2600034053,Santa Luzia,PB,Poço tubular,,-6.840277,-36.884444,22,3370,3.37,,True,2008-06-11,2002-09-01,,
2600034054,Santa Luzia,PB,Poço tubular,,-6.865,-36.879166,48,1401,1.401,,True,2008-06-11,2001-06-01,,
2600034055,Santa Luzia,PB,Poço tubular,,-6.849444,-36.881666,48,1375,1.375,,True,2008-06-11,2000-06-01,,
2600034056,Santa Luzia,PB,Poço tubular,,-6.845277,-36.883333,32,1502,1.502,,True,2008-06-11,1999-06-01,,
2600034057,São José do Sabugi,PB,Poço tubular,,-6.850555,-36.848611,44,687,0.687,,True,2008-06-11,2001-06-01,,
2600034058,Santa Luzia,PB,Poço tubular,,-6.870555,-36.855833,60,873,0.873,,True,2008-06-11,1984-06-01,,
2600034059,Santa Luzia,PB,Poço tubular,,-6.876666,-36.862777,36,754,0.754,,True,2008-06-11,1999-06-01,,
2600034060,Santa Luzia,PB,Poço tubular,,-6.876111,-36.86,48,1564,1.564,,True,2008-06-11,2000-06-01,,
2600034061,Santa Luzia,PB,Poço tubular,,-6.87,-36.8525,49,2000,2.0,,True,2008-06-11,2002-06-01,,
2600034062,Santa Luzia,PB,Poço tubular,,-6.872777,-36.908888,35,5720,5.72,,True,2008-06-11,2001-06-01,,
2600034063,Santa Luzia,PB,Poço tubular,,-6.8725,-36.905,40,1290,1.29,,True,2008-06-11,2002-12-15,,
2600034064,Santa Luzia,PB,Poço tubular,,-6.873611,-36.905555,42,10800,10.8,,True,2008-06-11,2002-06-01,,
2600034065,Santa Luzia,PB,Poço tubular,,-6.886388,-36.893333,25,1680,1.68,,True,2008-06-11,2001-06-01,,
2600034066,Santa Luzia,PB,Poço tubular,,-6.896666,-36.885833,30,1650,1.65,,True,2008-06-11,2001-01-01,,
2600034068,Santa Luzia,PB,Poço tubular,,-6.8975,-36.848888,48,1205,1.205,,True,2008-06-11,1998-06-01,,
2600034069,Santa Luzia,PB,Poço tubular,,-6.897222,-36.848055,48,1393,1.393,,True,2008-06-13,1998-06-01,,
2600034070,Santa Luzia,PB,Poço tubular,,-6.896388,-36.841388,39,1323,1.323,,True,2008-06-13,2000-06-01,,
2600034072,Santa Luzia,PB,Poço tubular,,-6.889722,-36.839722,24,1670,1.67,,True,2008-06-13,1999-06-01,,
2600034073,Santa Luzia,PB,Poço tubular,,-6.893611,-36.832222,50,1316,1.316,,True,2008-06-13,1997-06-01,,
2600034075,Santa Luzia,PB,Poço tubular,,-6.877222,-36.893888,40,498,0.498,,True,2008-06-13,1983-06-01,,
2600034077,Santa Luzia,PB,Poço tubular,,-6.880277,-36.890833,24,578,0.578,,True,2008-06-13,2002-12-16,,
2600034079,Santa Luzia,PB,Poço tubular,,-6.881944,-36.878333,45,2430,2.43,,True,2008-06-16,2001-06-01,,
2600034080,Santa Luzia,PB,Poço tubular,,-6.883611,-36.882777,30,1230,1.23,,True,2008-06-16,2001-06-01,,
2600034081,Santa Luzia,PB,Poço tubular,,-6.911666,-36.863333,32,1140,1.14,,True,2008-06-16,1994-06-01,,
2600034084,Santa Luzia,PB,Poço tubular,,-6.918888,-36.851944,50,1400,1.4,,True,2008-06-16,2002-12-16,,
2600034085,Santa Luzia,PB,Poço tubular,,-6.919166,-36.838333,36,2130,2.13,,True,2008-06-16,1996-06-01,,
2600034086,Santa Luzia,PB,Poço tubular,,-6.870833,-36.921944,38,4370,4.37,,True,2008-06-16,1999-06-13,,
2600034089,Santa Luzia,PB,Poço tubular,,-6.875833,-36.910555,50,8390,8.39,,True,2008-06-16,2002-06-01,,
2600034091,Santa Luzia,PB,Poço tubular,,-6.871666,-36.913055,50,2350,2.35,,True,2008-06-16,2001-06-01,,
2600034093,Santa Luzia,PB,Poço tubular,,-6.873888,-36.916111,50,2260,2.26,,True,2008-06-16,1996-06-01,,
2600034095,Santa Luzia,PB,Poço tubular,,-6.869444,-36.914722,45,705,0.705,,True,2008-06-16,1992-06-01,,
2600034097,Santa Luzia,PB,Poço tubular,,-6.870555,-36.925555,40,2180,2.18,,True,2008-06-16,2000-06-01,,
2600034098,Santa Luzia,PB,Poço tubular,,-6.870277,-36.9325,50,823,0.823,,True,2008-06-16,2002-12-17,,
2600034104,Santa Luzia,PB,Poço tubular,,-6.8725,-36.928888,50,1402,1.402,,True,2008-06-17,2001-06-01,,
2600034105,Santa Luzia,PB,Poço tubular,,-6.871111,-36.928611,32,1270,1.27,,True,2008-06-17,2002-12-17,,
2600034106,Santa Luzia,PB,Poço tubular,,-6.8675,-36.927777,40,5620,5.62,,True,2008-06-17,2002-12-17,,
2600034108,Santa Luzia,PB,Poço tubular,,-6.864444,-36.924722,45,7780,7.78,,True,2008-06-17,1978-06-01,,
2600034109,Santa Luzia,PB,Poço tubular,,-6.868888,-36.921388,40,6390,6.39,,True,2008-06-17,2002-12-17,,
2600034112,Cajazeiras,PB,Poço tubular,,-6.891388,-38.573333,30,283,0.283,,True,2008-06-18,1999-06-01,,
2600034113,Cajazeiras,PB,Poço tubular,,-6.892222,-38.603055,15,773,0.773,,True,2008-06-18,2002-11-16,,
2600034114,Cajazeiras,PB,Poço tubular,,-6.876666,-38.624722,31,729,0.729,,True,2008-06-18,1999-06-01,,
2600034115,Cajazeiras,PB,Poço tubular,,-6.868888,-38.641666,30,1131,1.131,,True,2008-06-18,1996-06-01,,
2600034116,Cajazeiras,PB,Poço tubular,,-6.870555,-38.642222,45,1461,1.461,,True,2008-06-18,2002-11-16,,
2600034118,Cajazeiras,PB,Poço tubular,,-6.872222,-38.643055,40,770,0.77,,True,2008-06-18,2002-11-16,,
2600034120,Cajazeiras,PB,Poço tubular,,-6.880555,-38.646388,50,865,0.865,,True,2008-06-18,1984-06-01,,
2600034121,Cajazeiras,PB,Poço tubular,,-6.880555,-38.645,48,798,0.798,,True,2008-06-18,1984-06-01,,
2600034122,Cajazeiras,PB,Poço tubular,,-6.876666,-38.644722,60,1262,1.262,,True,2008-06-18,1980-06-01,,
2600034127,Cajazeiras,PB,Poço tubular,,-7.033333,-38.593611,21,1067,1.067,,True,2008-06-19,1999-07-01,,
2600034129,Cajazeiras,PB,Poço tubular,,-7.019166,-38.591111,11,521,0.521,,True,2008-06-19,1998-06-01,,
2600034130,Cajazeiras,PB,Poço tubular,,-7.020555,-38.591944,19,1780,1.78,,True,2008-06-19,1990-06-01,,
2600034131,Cajazeiras,PB,Poço tubular,,-7.02,-38.595555,16,823,0.823,,True,2008-06-19,1999-06-01,,
2600034132,Cajazeiras,PB,Poço tubular,,-7.020555,-38.588888,35,895,0.895,,True,2008-06-19,2001-06-01,,
2600034133,Cajazeiras,PB,Poço tubular,,-7.015,-38.580277,39,1044,1.044,,True,2008-06-19,1990-06-01,,
2600034134,Cajazeiras,PB,Poço tubular,,-7.014722,-38.577222,40,748,0.748,,True,2008-06-19,1990-06-01,,
2600034135,Cajazeiras,PB,Poço tubular,,-7.002777,-38.647222,52,902,0.902,,True,2008-06-20,1982-06-01,,
2600034136,Cajazeiras,PB,Poço tubular,,-7.011666,-38.623888,36,632,0.632,,True,2008-06-20,2001-06-01,,
2600034137,Cajazeiras,PB,Poço tubular,,-7.013333,-38.620833,23,824,0.824,,True,2008-06-20,1999-06-01,,
2600034138,Cajazeiras,PB,Poço tubular,,-7.012777,-38.6225,29,663,0.663,,True,2008-06-20,2002-09-01,,
2600034139,Cajazeiras,PB,Poço tubular,,-7.011666,-38.618333,52,1015,1.015,,True,2008-06-20,1982-06-01,,
2600034140,Cajazeiras,PB,Poço tubular,,-7.003055,-38.607777,30,1270,1.27,,True,2008-06-20,1999-06-01,,
2600034141,Cajazeiras,PB,Poço tubular,,-7.005555,-38.606666,50,593,0.593,,True,2008-06-25,2001-06-01,,
2600034142,Cajazeiras,PB,Poço tubular,,-7.0075,-38.601666,31,685,0.685,,True,2008-06-25,2001-09-01,,
2600034143,Cajazeiras,PB,Poço tubular,,-7.0075,-38.596388,55,2180,2.18,,True,2008-06-25,2000-06-01,,
2600034144,Cajazeiras,PB,Poço tubular,,-7.005833,-38.5975,25,519,0.519,,True,2008-06-25,2002-01-01,,
2600034146,Cajazeiras,PB,Poço tubular,,-7.0075,-38.597222,50,909,0.909,,True,2008-06-25,2001-06-01,,
2600034147,Cajazeiras,PB,Poço tubular,,-7.006388,-38.596388,68,822,0.822,,True,2008-06-25,1982-06-01,,
2600034148,Cajazeiras,PB,Poço tubular,,-6.905277,-38.563888,48,1060,1.06,,True,2008-06-25,1988-06-01,,
2600034149,Cajazeiras,PB,Poço tubular,,-6.913611,-38.571111,26,1156,1.156,,True,2008-06-25,2000-01-01,,
2600034150,Cajazeiras,PB,Poço tubular,,-6.914722,-38.571388,36,846,0.846,,True,2008-06-25,1998-06-01,,
2600034151,Cajazeiras,PB,Poço tubular,,-6.915277,-38.571666,50,908,0.908,,True,2008-06-25,1982-06-01,,
2600034152,Cajazeiras,PB,Poço tubular,,-6.915,-38.572222,36,667,0.667,,True,2008-06-25,1999-06-01,,
2600034154,Cajazeiras,PB,Poço tubular,,-6.98,-38.625833,30,1075,1.075,,True,2008-06-25,1976-06-01,,
2600034155,Cajazeiras,PB,Poço tubular,,-6.975833,-38.64,12,3280,3.28,,True,2008-06-25,1990-06-01,,
2600034159,Cajazeiras,PB,Poço tubular,,-6.980833,-38.615833,45,519,0.519,,True,2008-06-26,1997-06-01,,
2600034160,Cajazeiras,PB,Poço tubular,,-6.976388,-38.621944,27,1086,1.086,,True,2008-06-26,1998-06-01,,
2600034161,Cajazeiras,PB,Poço tubular,,-6.980277,-38.605555,15,512,0.512,,True,2008-06-26,1999-06-01,,
2600034162,Cajazeiras,PB,Poço tubular,,-6.979722,-38.598333,19,796,0.796,,True,2008-06-26,1998-06-01,,
2600034163,Cajazeiras,PB,Poço tubular,,-6.979722,-38.599166,31,699,0.699,,True,2008-06-26,1990-06-01,,
2600034164,Cajazeiras,PB,Poço tubular,,-6.920833,-38.571944,30,1177,1.177,,True,2008-06-26,2001-12-01,,
2600034165,Cajazeiras,PB,Poço tubular,,-6.9175,-38.571666,50,950,0.95,,True,2008-06-26,2001-12-01,,
2600034166,Cajazeiras,PB,Poço tubular,,-6.917222,-38.570277,50,906,0.906,,True,2008-06-26,2002-11-19,,
2600034167,Cajazeiras,PB,Poço tubular,,-6.914722,-38.569444,50,628,0.628,,True,2008-06-26,1995-06-01,,
2600034169,Cajazeiras,PB,Poço tubular,,-6.929444,-38.570277,50,1510,1.51,,True,2008-06-27,1985-06-01,,
2600034170,Cajazeiras,PB,Poço tubular,,-6.926111,-38.570833,50,1368,1.368,,True,2008-06-27,1977-06-01,,
2600034171,Cajazeiras,PB,Poço tubular,,-6.925555,-38.572222,49,704,0.704,,True,2008-06-27,2002-06-01,,
2600034172,Cajazeiras,PB,Poço tubular,,-6.933333,-38.57,36,712,0.712,,True,2008-06-30,1993-06-01,,
2600034173,Cajazeiras,PB,Poço tubular,,-6.989166,-38.596666,52,403,0.403,,True,2008-06-30,1982-06-01,,
2600034174,Cajazeiras,PB,Poço tubular,,-6.989444,-38.6025,20,754,0.754,,True,2008-06-30,2000-06-01,,
2600034175,Cajazeiras,PB,Poço tubular,,-6.978888,-38.596111,30,2219,2.219,,True,2008-06-30,2002-07-01,,
2600034176,Cajazeiras,PB,Poço tubular,,-6.979444,-38.595,30,1061,1.061,,True,2008-06-30,2001-06-01,,
2600034177,Cajazeiras,PB,Poço tubular,,-6.979722,-38.5925,30,1107,1.107,,True,2008-06-30,1999-06-01,,
2600034178,Cajazeiras,PB,Poço tubular,,-6.989444,-38.587777,36,822,0.822,,True,2008-06-30,2002-06-01,,
2600034179,Cajazeiras,PB,Poço tubular,,-6.976944,-38.581111,47,516,0.516,,True,2008-06-30,2001-06-01,,
2600034180,Cajazeiras,PB,Poço tubular,,-6.929722,-38.571944,32,401,0.401,,True,2008-06-30,2002-11-20,,
2600034181,Cajazeiras,PB,Poço tubular,,-6.930555,-38.571111,38,442,0.442,,True,2008-06-30,2002-11-20,,
2600034182,Cajazeiras,PB,Poço tubular,,-6.924444,-38.574722,42,1556,1.556,,True,2008-06-30,1982-06-01,,
2600034183,Cajazeiras,PB,Poço tubular,,-6.926944,-38.578333,32,1050,1.05,,True,2008-06-30,2002-11-20,,
2600034184,Cajazeiras,PB,Poço tubular,,-6.925555,-38.578333,35,740,0.74,,True,2008-06-30,2002-11-20,,
2600034185,Cajazeiras,PB,Poço tubular,,-6.939166,-38.5775,39,1017,1.017,,True,2008-06-30,1988-06-01,,
2600034186,Cajazeiras,PB,Poço tubular,,-6.95,-38.579444,40,788,0.788,,True,2008-06-30,2002-11-20,,
2600034187,Cajazeiras,PB,Poço tubular,,-6.954166,-38.581111,30,1212,1.212,,True,2008-06-30,1987-06-01,,
2600034188,Cajazeiras,PB,Poço tubular,,-6.963888,-38.576666,27,915,0.915,,True,2008-06-30,2001-06-01,,
2600034189,Cajazeiras,PB,Poço tubular,,-6.963611,-38.578333,18,727,0.727,,True,2008-06-30,1970-06-01,,
2600034190,Cajazeiras,PB,Poço tubular,,-6.9275,-38.605833,28.5,641,0.641,,True,2008-06-30,1992-06-01,,
2600034192,Cajazeiras,PB,Poço tubular,,-6.911944,-38.615555,35,569,0.569,,True,2008-07-01,1999-06-01,,
2600034193,Cajazeiras,PB,Poço tubular,,-6.916944,-38.606944,50,709,0.709,,True,2008-07-01,1982-06-01,,
2600034194,Cajazeiras,PB,Poço tubular,,-6.901944,-38.602222,50,866,0.866,,True,2008-07-01,1987-06-01,,
2600034196,Cajazeiras,PB,Poço tubular,,-6.900555,-38.629444,42,1111,1.111,,True,2008-07-01,2002-11-21,,
2600034197,Cajazeiras,PB,Poço tubular,,-6.898611,-38.633055,50,955,0.955,,True,2008-07-01,1983-06-01,,
2600034200,Cajazeiras,PB,Poço tubular,,-6.893611,-38.595,40,943,0.943,,True,2008-07-01,2002-11-21,,
2600034201,Cajazeiras,PB,Poço tubular,,-6.885,-38.616666,40,568,0.568,,True,2008-07-02,1977-06-01,,
2600034204,Cajazeiras,PB,Poço tubular,,-6.854166,-38.616111,45,591,0.591,,True,2008-07-02,1995-06-01,,
2600034205,Cajazeiras,PB,Poço tubular,,-6.85,-38.592222,34,382,0.382,,True,2008-07-03,2001-07-01,,
2600034206,Cajazeiras,PB,Poço tubular,,-6.826111,-38.595833,18,491,0.491,,True,2008-07-03,1990-06-01,,
2600034207,Cajazeiras,PB,Poço tubular,,-6.846666,-38.610277,35,1047,1.047,,True,2008-07-03,2002-03-01,,
2600034208,Cajazeiras,PB,Poço tubular,,-6.858333,-38.605833,36,1135,1.135,,True,2008-07-03,2000-06-01,,
2600034209,Cajazeiras,PB,Poço tubular,,-6.879722,-38.601111,36,920,0.92,,True,2008-07-03,2002-11-22,,
2600034210,Cajazeiras,PB,Poço tubular,,-6.891111,-38.597777,26,865,0.865,,True,2008-07-03,2001-10-01,,
2600034211,Cajazeiras,PB,Poço tubular,,-6.888333,-38.594166,50,939,0.939,,True,2008-07-03,1990-06-01,,
2600034212,Cajazeiras,PB,Poço tubular,,-6.888333,-38.593333,40,864,0.864,,True,2008-07-03,1996-06-01,,
2600034213,Cajazeiras,PB,Poço tubular,,-6.889166,-38.586666,50,931,0.931,,True,2008-07-03,2002-11-22,,
2600034214,Cajazeiras,PB,Poço tubular,,-6.888611,-38.586944,42,978,0.978,,True,2008-07-03,2002-11-22,,
2600034215,Cajazeiras,PB,Poço tubular,,-6.890277,-38.585,45,2360,2.36,,True,2008-07-03,2002-11-22,,
2600034216,Cajazeiras,PB,Poço tubular,,-6.890555,-38.584444,21,2690,2.69,,True,2008-07-03,2001-06-01,,
2600034217,Catingueira,PB,Poço tubular,,-7.102222,-37.628611,30,801,0.801,,True,2008-06-12,2001-11-01,,
2600034220,Catingueira,PB,Poço tubular,,-7.085277,-37.672777,60,661,0.661,,True,2008-06-12,1978-06-01,,
2600034221,Catingueira,PB,Poço tubular,,-7.131944,-37.596944,40,1353,1.353,,True,2008-06-12,1981-06-01,,
2600034222,Catingueira,PB,Poço tubular,,-7.126666,-37.588055,45,522,0.522,,True,2008-06-12,1982-12-11,,
2600034225,Catingueira,PB,Poço tubular,,-7.128333,-37.581944,35,252,0.252,,True,2008-06-13,1999-06-01,,
2600034229,Catingueira,PB,Poço tubular,,-7.181111,-37.631944,46,675,0.675,,True,2008-06-13,1975-06-01,,
2600034230,Catingueira,PB,Poço tubular,,-7.190833,-37.638333,28,734,0.734,,True,2008-06-13,2001-06-01,,
2600034231,Catingueira,PB,Poço tubular,,-7.171944,-37.639166,50,710,0.71,,True,2008-06-17,2000-06-01,,
2600034232,Catingueira,PB,Poço tubular,,-7.194722,-37.621944,50,662,0.662,,True,2008-06-17,1981-06-01,,
2600034233,Catingueira,PB,Poço tubular,,-7.207777,-37.613888,60,864,0.864,,True,2008-06-17,1982-06-01,,
2600034234,Catingueira,PB,Poço tubular,,-7.215555,-37.626666,50,569,0.569,,True,2008-06-17,1982-06-01,,
2600034235,Catingueira,PB,Poço tubular,,-7.175,-37.561944,45,1110,1.11,,True,2008-06-17,2002-03-01,,
2600034236,Catingueira,PB,Poço tubular,,-7.172777,-37.565277,50,826,0.826,,True,2008-06-17,1992-06-01,,
2600034238,Catingueira,PB,Poço tubular,,-7.185,-37.548333,56,716,0.716,,True,2008-06-17,2002-12-06,,
2600034239,Catingueira,PB,Poço tubular,,-7.121388,-37.607777,50,1424,1.424,,True,2008-06-17,1973-06-01,,
2600034240,Catingueira,PB,Poço tubular,,-7.121666,-37.608611,35,830,0.83,,True,2008-06-17,2002-12-06,,
2600034246,Catingueira,PB,Poço tubular,,-7.098333,-37.594722,26,1473,1.473,,True,2008-06-17,2002-06-01,,
2600034247,Catingueira,PB,Poço tubular,,-7.071111,-37.548611,50,718,0.718,,True,2008-06-17,1988-09-23,,
2600034248,Catingueira,PB,Poço tubular,,-7.054166,-37.534166,53,1336,1.336,,True,2008-06-17,1984-06-01,,
2600034250,Catingueira,PB,Poço tubular,,-7.046944,-37.538888,31,584,0.584,,True,2008-06-17,1998-06-01,,
2600034252,Catingueira,PB,Poço tubular,,-7.024722,-37.548055,27,1232,1.232,,True,2008-06-17,2002-06-01,,
2600034253,Catingueira,PB,Poço tubular,,-7.000277,-37.544166,45,619,0.619,,True,2008-06-17,1984-06-01,,
2600034254,Condado,PB,Poço tubular,,-6.996666,-37.539444,56,1837,1.837,,True,2008-06-17,2002-12-07,,
2600034255,Catingueira,PB,Poço tubular,,-7.042777,-37.637222,46,882,0.882,,True,2008-06-19,1980-06-01,,
2600034259,Catingueira,PB,Poço tubular,,-7.022222,-37.652222,45,1150,1.15,,True,2008-06-19,1985-06-01,,
2600034260,Catingueira,PB,Poço tubular,,-7.020555,-37.649444,40,1536,1.536,,True,2008-06-19,2002-12-08,,
2600034261,Catingueira,PB,Poço tubular,,-7.007222,-37.621944,40,2420,2.42,,True,2008-06-19,1982-06-01,,
2600034266,Catingueira,PB,Poço tubular,,-7.041944,-37.583333,40,697,0.697,,True,2008-06-25,1982-06-01,,
2600034267,Catingueira,PB,Poço tubular,,-7.040555,-37.580277,42,1224,1.224,,True,2008-06-25,1982-06-01,,
2600034268,Catingueira,PB,Poço tubular,,-7.045555,-37.5975,50,890,0.89,,True,2008-06-25,1980-06-01,,
2600034270,Catingueira,PB,Poço tubular,,-7.041111,-37.606111,45,657,0.657,,True,2008-06-25,1984-06-01,,
2600034272,Catingueira,PB,Poço tubular,,-7.026111,-37.610555,45,1488,1.488,,True,2008-06-25,1997-06-01,,
2600034277,Uiraúna,PB,Poço tubular,,-6.548333,-38.395833,40,1284,1.284,,True,2008-06-25,2000-06-01,,
2600034278,Uiraúna,PB,Poço tubular,,-6.5625,-38.3925,50,1325,1.325,,True,2008-06-26,1982-06-01,,
2600034279,Uiraúna,PB,Poço tubular,,-6.576388,-38.388888,35,1348,1.348,,True,2008-06-26,2002-06-01,,
2600034280,Uiraúna,PB,Poço tubular,,-6.576666,-38.388055,46,874,0.874,,True,2008-06-26,2002-06-01,,
2600034281,Uiraúna,PB,Poço tubular,,-6.568055,-38.399166,57,2680,2.68,,True,2008-06-26,1997-06-01,,
2600034282,Uiraúna,PB,Poço tubular,,-6.571666,-38.401111,50,728,0.728,,True,2008-06-26,2001-12-01,,
2600034283,Uiraúna,PB,Poço tubular,,-6.559722,-38.393333,50,1639,1.639,,True,2008-06-26,2002-07-01,,
2600034284,Uiraúna,PB,Poço tubular,,-6.56,-38.391944,42,1139,1.139,,True,2008-06-26,2002-06-01,,
2600034285,Uiraúna,PB,Poço tubular,,-6.558333,-38.394444,45,1729,1.729,,True,2008-06-26,1999-06-01,,
2600034288,Uiraúna,PB,Poço tubular,,-6.537222,-38.398333,50,1074,1.074,,True,2008-06-26,1990-06-01,,
2600034289,Uiraúna,PB,Poço tubular,,-6.54,-38.396111,52,1346,1.346,,True,2008-06-26,2002-12-16,,
2600034291,Uiraúna,PB,Poço tubular,,-6.540555,-38.395555,51,1031,1.031,,True,2008-06-26,2002-08-01,,
2600034292,Uiraúna,PB,Poço tubular,,-6.535277,-38.404722,50,2060,2.06,,True,2008-06-26,2001-06-01,,
2600034293,Uiraúna,PB,Poço tubular,,-6.5375,-38.406111,50,896,0.896,,True,2008-06-26,2001-06-01,,
2600034294,Uiraúna,PB,Poço tubular,,-6.531388,-38.405277,30,1277,1.277,,True,2008-06-26,1998-06-01,,
2600034295,Uiraúna,PB,Poço tubular,,-6.531388,-38.406944,50,1313,1.313,,True,2008-06-26,2001-06-01,,
2600034296,Uiraúna,PB,Poço tubular,,-6.533055,-38.403333,50,1294,1.294,,True,2008-06-26,1986-06-01,,
2600034297,Uiraúna,PB,Poço tubular,,-6.519722,-38.389444,52,907,0.907,,True,2008-06-26,2001-06-01,,
2600034298,Uiraúna,PB,Poço tubular,,-6.517777,-38.384166,50,948,0.948,,True,2008-06-26,1978-06-01,,
2600034299,Uiraúna,PB,Poço tubular,,-6.516388,-38.385555,52,966,0.966,,True,2008-06-26,1984-06-01,,
2600034301,Uiraúna,PB,Poço tubular,,-6.513333,-38.384722,60,1193,1.193,,True,2008-06-26,1998-06-01,,
2600034302,Uiraúna,PB,Poço tubular,,-6.473333,-38.325833,50,1248,1.248,,True,2008-06-26,1982-06-01,,
2600034303,Uiraúna,PB,Poço tubular,,-6.474722,-38.323055,51,1290,1.29,,True,2008-06-26,2001-06-01,,
2600034304,Uiraúna,PB,Poço tubular,,-6.466666,-38.348888,36,1489,1.489,,True,2008-06-30,1997-06-01,,
2600034305,Uiraúna,PB,Poço tubular,,-6.484722,-38.369166,23,3140,3.14,,True,2008-06-30,1998-01-01,,
2600034309,Uiraúna,PB,Poço tubular,,-6.448055,-38.376388,49,1466,1.466,,True,2008-06-30,2002-06-01,,
2600034312,Uiraúna,PB,Poço tubular,,-6.522222,-38.414722,66,2290,2.29,,True,2008-06-30,1999-06-01,,
2600034313,Uiraúna,PB,Poço tubular,,-6.522222,-38.410555,50,2830,2.83,,True,2008-07-01,1996-06-01,,
2600034314,Uiraúna,PB,Poço tubular,,-6.518055,-38.4025,42,1015,1.015,,True,2008-07-01,1999-06-01,,
2600034315,Uiraúna,PB,Poço tubular,,-6.515,-38.413333,50,2400,2.4,,True,2008-07-01,1993-06-01,,
2600034316,Uiraúna,PB,Poço tubular,,-6.516944,-38.406111,60,1297,1.297,,True,2008-07-01,2001-11-01,,
2600034317,Uiraúna,PB,Poço tubular,,-6.518055,-38.408888,30,1911,1.911,,True,2008-07-01,1999-06-01,,
2600034318,Uiraúna,PB,Poço tubular,,-6.5225,-38.409166,30,1339,1.339,,True,2008-07-01,1999-06-01,,
2600034319,Uiraúna,PB,Poço tubular,,-6.525277,-38.415,85,954,0.954,,True,2008-07-01,2001-05-01,,
2600034320,Uiraúna,PB,Poço tubular,,-6.526111,-38.414166,53,865,0.865,,True,2008-07-01,2001-10-20,,
2600034321,Uiraúna,PB,Poço tubular,,-6.529722,-38.414166,35,899,0.899,,True,2008-07-01,2002-06-01,,
2600034322,Uiraúna,PB,Poço tubular,,-6.528333,-38.414166,25,3690,3.69,,True,2008-07-01,1997-06-01,,
2600034323,Uiraúna,PB,Poço tubular,,-6.527222,-38.415833,40,705,0.705,,True,2008-07-01,1996-06-01,,
2600034324,Uiraúna,PB,Poço tubular,,-6.524722,-38.413611,50,1988,1.988,,True,2008-07-01,1987-06-01,,
2600034325,Uiraúna,PB,Poço tubular,,-6.523611,-38.415,47,2170,2.17,,True,2008-07-01,1992-06-01,,
2600034326,Uiraúna,PB,Poço tubular,,-6.523611,-38.412777,50,433,0.433,,True,2008-07-01,1993-06-01,,
2600034327,Uiraúna,PB,Poço tubular,,-6.523888,-38.413611,35.15,3500,3.5,,True,2008-07-01,2002-12-16,,
2600034328,Uiraúna,PB,Poço tubular,,-6.558611,-38.350555,50,540,0.54,,True,2008-07-01,2000-06-01,,
2600034329,Uiraúna,PB,Poço tubular,,-6.556666,-38.348888,36,1055,1.055,,True,2008-07-01,2000-06-01,,
2600034330,Uiraúna,PB,Poço tubular,,-6.545833,-38.35,45,779,0.779,,True,2008-07-01,1998-06-01,,
2600034331,Uiraúna,PB,Poço tubular,,-6.542777,-38.375,50,830,0.83,,True,2008-07-01,2002-12-14,,
2600034332,Uiraúna,PB,Poço tubular,,-6.535555,-38.374166,50,780,0.78,,True,2008-07-01,2002-12-14,,
2600034333,Uiraúna,PB,Poço tubular,,-6.545,-38.373333,50,1205,1.205,,True,2008-07-01,2002-12-14,,
2600034334,Uiraúna,PB,Poço tubular,,-6.547777,-38.382777,50,859,0.859,,True,2008-07-01,2001-06-01,,
2600034335,Uiraúna,PB,Poço tubular,,-6.546944,-38.388333,35,893,0.893,,True,2008-07-01,2001-06-01,,
2600034336,Uiraúna,PB,Poço tubular,,-6.547222,-38.391666,46,947,0.947,,True,2008-07-01,1999-06-01,,
2600034338,Uiraúna,PB,Poço tubular,,-6.536111,-38.420833,50,4760,4.76,,True,2008-07-01,2002-12-17,,
2600034339,Uiraúna,PB,Poço tubular,,-6.531944,-38.4325,40,1113,1.113,,True,2008-07-01,2002-12-17,,
2600034340,Uiraúna,PB,Poço tubular,,-6.523333,-38.423611,30,1426,1.426,,True,2008-07-01,1999-04-09,,
2600034341,Uiraúna,PB,Poço tubular,,-6.521111,-38.421944,50,2330,2.33,,True,2008-07-01,1988-11-12,,
2600034342,Uiraúna,PB,Poço tubular,,-6.520277,-38.420833,45,6930,6.93,,True,2008-07-02,1988-11-19,,
2600034343,Uiraúna,PB,Poço tubular,,-6.519444,-38.415833,32,1847,1.847,,True,2008-07-02,1999-12-10,,
2600034344,Uiraúna,PB,Poço tubular,,-6.518888,-38.408888,44,2590,2.59,,True,2008-07-02,2002-12-18,,
2600034345,Uiraúna,PB,Poço tubular,,-6.518333,-38.406944,29,1380,1.38,,True,2008-07-02,2002-12-18,,
2600034346,Uiraúna,PB,Poço tubular,,-6.518611,-38.406944,50,1724,1.724,,True,2008-07-02,2002-12-18,,
2600034347,Uiraúna,PB,Poço tubular,,-6.519166,-38.407777,50,2030,2.03,,True,2008-07-02,2002-12-18,,
2600034348,Uiraúna,PB,Poço tubular,,-6.520277,-38.414722,50,4820,4.82,,True,2008-07-02,2002-12-18,,
2600034350,Uiraúna,PB,Poço tubular,,-6.522222,-38.408611,32,1155,1.155,,True,2008-07-02,2002-12-18,,
2600034352,Uiraúna,PB,Poço tubular,,-6.524166,-38.412777,48,1523,1.523,,True,2008-07-02,2002-10-01,,
2600034353,Uiraúna,PB,Poço tubular,,-6.518611,-38.407777,50,1649,1.649,,True,2008-07-02,2002-08-01,,
2600034354,Uiraúna,PB,Poço tubular,,-6.518611,-38.405277,50,2810,2.81,,True,2008-07-02,2002-12-17,,
2600034355,Uiraúna,PB,Poço tubular,,-6.518055,-38.405277,50,492,0.492,,True,2008-07-02,2002-12-17,,
2600034356,Uiraúna,PB,Poço tubular,,-6.518055,-38.405,32,1490,1.49,,True,2008-07-02,2002-12-17,,
2600034357,Uiraúna,PB,Poço tubular,,-6.516944,-38.404722,40,1565,1.565,,True,2008-07-02,2002-12-17,,
2600034358,Uiraúna,PB,Poço tubular,,-6.515,-38.405555,50,1690,1.69,,True,2008-07-02,2002-12-17,,
2600034360,Uiraúna,PB,Poço tubular,,-6.512222,-38.4025,45,1286,1.286,,True,2008-07-02,2002-02-01,,
2600034361,Uiraúna,PB,Poço tubular,,-6.513611,-38.404166,29,1498,1.498,,True,2008-07-02,2000-06-01,,
2600034362,Uiraúna,PB,Poço tubular,,-6.521944,-38.410833,50,2240,2.24,,True,2008-07-02,2002-12-17,,
2600034363,Uiraúna,PB,Poço tubular,,-6.521388,-38.413888,50,3230,3.23,,True,2008-07-02,2001-06-01,,
2600034364,Uiraúna,PB,Poço tubular,,-6.521111,-38.412222,55,3520,3.52,,True,2008-07-02,1995-06-01,,
2600034365,Uiraúna,PB,Poço tubular,,-6.531388,-38.419166,50,1585,1.585,,True,2008-07-02,2002-09-01,,
2600034366,Uiraúna,PB,Poço tubular,,-6.532222,-38.418055,50,10920,10.92,,True,2008-07-02,1998-06-01,,
2600034367,Uiraúna,PB,Poço tubular,,-6.525277,-38.415833,50,1284,1.284,,True,2008-07-02,1978-06-01,,
2600034368,Uiraúna,PB,Poço tubular,,-6.525277,-38.416944,50,1986,1.986,,True,2008-07-03,1986-06-01,,
2600034369,Uiraúna,PB,Poço tubular,,-6.52,-38.406388,50,2150,2.15,,True,2008-07-03,2002-12-18,,
2600034370,Uiraúna,PB,Poço tubular,,-6.530833,-38.416111,32,1150,1.15,,True,2008-07-03,1998-06-01,,
2600034371,Uiraúna,PB,Poço tubular,,-6.531111,-38.416388,50,1156,1.156,,True,2008-07-03,1986-06-01,,
2600034372,Uiraúna,PB,Poço tubular,,-6.532222,-38.4175,50,10060,10.06,,True,2008-07-03,1986-06-01,,
2600034373,Uiraúna,PB,Poço tubular,,-6.5175,-38.403611,47,1225,1.225,,True,2008-07-03,2000-06-01,,
2600034374,Uiraúna,PB,Poço tubular,,-6.530833,-38.419444,37,1950,1.95,,True,2008-07-03,1981-06-01,,
2600034375,Uiraúna,PB,Poço tubular,,-6.530833,-38.419722,50,2960,2.96,,True,2008-07-03,1991-06-01,,
2600034380,Passagem,PB,Poço tubular,,-7.129722,-37.0475,50,1597,1.597,,True,2008-07-03,2000-11-01,,
2600034381,Passagem,PB,Poço tubular,,-7.139444,-37.046666,63,18060,18.06,,True,2008-07-03,2000-10-01,,
2600034382,Passagem,PB,Poço tubular,,-7.138888,-37.047777,50,19130,19.13,,True,2008-07-03,2000-06-01,,
2600034385,Passagem,PB,Poço tubular,,-7.121388,-37.055555,45,1713,1.713,,True,2008-07-03,1983-06-01,,
2600034388,Quixaba,PB,Poço tubular,,-7.104444,-37.090833,36,2960,2.96,,True,2008-07-03,1979-06-01,,
2600034389,Passagem,PB,Poço tubular,,-7.114444,-37.035277,36,918,0.918,,True,2008-07-03,1998-06-01,,
2600034390,Passagem,PB,Poço tubular,,-7.115277,-37.04,38,1100,1.1,,True,2008-07-03,1982-06-01,,
2600034391,Passagem,PB,Poço tubular,,-7.114166,-37.016388,25,3210,3.21,,True,2008-07-03,1982-06-01,,
2600034392,Passagem,PB,Poço tubular,,-7.149722,-37.045833,36,12530,12.53,,True,2008-07-03,1982-06-01,,
2600034396,Cajazeiras,PB,Poço tubular,,-6.853888,-38.558333,32,1472,1.472,,True,2008-07-04,2001-06-01,,
2600034397,Cajazeiras,PB,Poço tubular,,-6.829444,-38.573055,36,329,0.329,,True,2008-07-04,1981-06-01,,
2600034399,Cajazeiras,PB,Poço tubular,,-6.824444,-38.5675,48,1536,1.536,,True,2008-07-04,1977-06-01,,
2600034401,Cajazeiras,PB,Poço tubular,,-6.816388,-38.576666,50,966,0.966,,True,2008-07-07,1984-06-01,,
2600034402,Cajazeiras,PB,Poço tubular,,-6.819722,-38.577222,38.5,1065,1.065,,True,2008-07-07,1985-06-01,,
2600034403,São João do Rio do Peixe,PB,Poço tubular,,-6.796388,-38.552777,40,1192,1.192,,True,2008-07-07,2002-05-09,,
2600034405,Cajazeiras,PB,Poço tubular,,-6.91,-38.582222,40,1432,1.432,,True,2008-07-07,1990-06-01,,
2600034407,Cajazeiras,PB,Poço tubular,,-6.913333,-38.582777,40,1460,1.46,,True,2008-07-07,1987-06-01,,
2600034408,Cajazeiras,PB,Poço tubular,,-6.927222,-38.593333,40,1385,1.385,,True,2008-07-07,1999-06-01,,
2600034409,Cajazeiras,PB,Poço tubular,,-6.928055,-38.597222,27,838,0.838,,True,2008-07-07,2001-06-01,,
2600034410,Cajazeiras,PB,Poço tubular,,-6.823333,-38.468055,42,827,0.827,,True,2008-07-07,1982-06-01,,
2600034411,Cajazeiras,PB,Poço tubular,,-6.820277,-38.467222,27,655,0.655,,True,2008-07-07,2001-06-01,,
2600034413,Cajazeiras,PB,Poço tubular,,-6.815277,-38.472222,36,1140,1.14,,True,2008-07-07,2000-06-01,,
2600034414,Cajazeiras,PB,Poço tubular,,-6.814166,-38.476388,51,1258,1.258,,True,2008-07-07,2000-06-01,,
2600034415,Cajazeiras,PB,Poço tubular,,-6.81,-38.494166,45,1663,1.663,,True,2008-07-07,1999-06-01,,
2600034416,Cajazeiras,PB,Poço tubular,,-6.816944,-38.490555,50,1582,1.582,,True,2008-07-07,2002-10-01,,
2600034417,Cajazeiras,PB,Poço tubular,,-6.816666,-38.488888,40,1358,1.358,,True,2008-07-07,1992-06-01,,
2600034418,Cajazeiras,PB,Poço tubular,,-6.816944,-38.488888,25,1250,1.25,,True,2008-07-07,1973-06-01,,
2600034419,Cajazeiras,PB,Poço tubular,,-6.808333,-38.500555,60,1330,1.33,,True,2008-07-07,1974-06-01,,
2600034420,Cajazeiras,PB,Poço tubular,,-7.013611,-38.572222,38,887,0.887,,True,2008-07-07,1972-06-01,,
2600034421,Cajazeiras,PB,Poço tubular,,-7.0075,-38.573888,33,794,0.794,,True,2008-07-07,2002-10-11,,
2600034422,Cajazeiras,PB,Poço tubular,,-7.008055,-38.573611,30,995,0.995,,True,2008-07-07,1997-06-01,,
2600034424,Cajazeiras,PB,Poço tubular,,-7.005555,-38.57,11,976,0.976,,True,2008-07-07,1999-06-01,,
2600034425,Cajazeiras,PB,Poço tubular,,-6.975277,-38.583888,35,772,0.772,,True,2008-07-08,2000-10-01,,
2600034426,Cajazeiras,PB,Poço tubular,,-6.945277,-38.594444,30,1498,1.498,,True,2008-07-08,2002-11-27,,
2600034427,Cajazeiras,PB,Poço tubular,,-6.938888,-38.576666,27,1502,1.502,,True,2008-07-08,2002-06-01,,
2600034428,Cajazeiras,PB,Poço tubular,,-6.942777,-38.570833,50,637,0.637,,True,2008-07-08,1993-06-01,,
2600034429,Cajazeiras,PB,Poço tubular,,-6.936388,-38.565555,21,449,0.449,,True,2008-07-08,1998-05-01,,
2600034430,Cajazeiras,PB,Poço tubular,,-6.934444,-38.5675,25,762,0.762,,True,2008-07-08,2002-09-01,,
2600034433,Cajazeiras,PB,Poço tubular,,-6.974166,-38.535,30,404,0.404,,True,2008-07-08,2002-10-01,,
2600034434,Cajazeiras,PB,Poço tubular,,-6.974444,-38.534722,30,715,0.715,,True,2008-07-08,2002-10-01,,
2600034436,Cajazeiras,PB,Poço tubular,,-6.846944,-38.521666,50,944,0.944,,True,2008-07-09,1983-06-01,,
2600034438,Cajazeiras,PB,Poço tubular,,-6.840833,-38.494444,52,1079,1.079,,True,2008-07-09,1983-06-01,,
2600034439,Cajazeiras,PB,Poço tubular,,-6.841388,-38.494444,48,920,0.92,,True,2008-07-09,2001-06-01,,
2600034440,Cajazeiras,PB,Poço tubular,,-6.845555,-38.475555,50,952,0.952,,True,2008-07-09,1998-06-01,,
2600034441,Cajazeiras,PB,Poço tubular,,-6.846388,-38.4775,23,309,0.309,,True,2008-07-09,1995-06-01,,
2600034442,Cajazeiras,PB,Poço tubular,,-6.841111,-38.473333,35,861,0.861,,True,2008-07-09,2002-04-01,,
2600034443,Cajazeiras,PB,Poço tubular,,-6.842222,-38.456111,19,532,0.532,,True,2008-07-10,2002-04-01,,
2600034445,Cajazeiras,PB,Poço tubular,,-6.851944,-38.466944,39.5,654,0.654,,True,2008-07-10,2001-04-01,,
2600034446,Cajazeiras,PB,Poço tubular,,-6.8525,-38.466944,4.5,2080,2.08,,True,2008-07-10,2001-04-01,,
2600034447,Cajazeiras,PB,Poço tubular,,-6.8525,-38.467222,38,1520,1.52,,True,2008-07-10,2001-04-01,,
2600034448,Cajazeiras,PB,Poço tubular,,-6.864166,-38.535833,30,494,0.494,,True,2008-07-10,1982-06-01,,
2600034449,Cajazeiras,PB,Poço tubular,,-6.863888,-38.536944,33,1511,1.511,,True,2008-07-10,2002-11-28,,
2600034450,Cajazeiras,PB,Poço tubular,,-6.866388,-38.538333,28,792,0.792,,True,2008-07-10,2002-11-28,,
2600034452,Cajazeiras,PB,Poço tubular,,-6.866666,-38.562222,41,1506,1.506,,True,2008-07-10,1999-06-01,,
2600034453,Cajazeiras,PB,Poço tubular,,-6.833611,-38.560555,50,6702,6.702,,True,2008-07-10,2002-02-01,,
2600034454,Cajazeiras,PB,Poço tubular,,-6.831388,-38.557222,40,413,0.413,,True,2008-07-10,1996-06-01,,
2600034455,Cajazeiras,PB,Poço tubular,,-6.832222,-38.559166,50,1620,1.62,,True,2008-07-10,1996-06-01,,
2600034456,Cajazeiras,PB,Poço tubular,,-6.829166,-38.553055,38,741,0.741,,True,2008-07-11,2002-09-01,,
2600034457,Cajazeiras,PB,Poço tubular,,-6.829722,-38.558055,48,1424,1.424,,True,2008-07-11,1998-06-01,,
2600034458,Cajazeiras,PB,Poço tubular,,-6.828055,-38.557222,65,690,0.69,,True,2008-07-11,1998-06-01,,
2600034459,Cajazeiras,PB,Poço tubular,,-6.838055,-38.530555,36,1012,1.012,,True,2008-07-11,2002-11-29,,
2600034460,Cajazeiras,PB,Poço tubular,,-6.836111,-38.528333,21,1705,1.705,,True,2008-07-11,2001-06-01,,
2600034461,Cajazeiras,PB,Poço tubular,,-6.835833,-38.528055,27,1767,1.767,,True,2008-07-11,2001-06-01,,
2600034462,Cajazeiras,PB,Poço tubular,,-6.839166,-38.525555,14,1766,1.766,,True,2008-07-11,2002-11-29,,
2600034463,Cajazeiras,PB,Poço tubular,,-6.839722,-38.525833,24,1520,1.52,,True,2008-07-11,2002-11-29,,
2600034464,Cajazeiras,PB,Poço tubular,,-6.9625,-38.537222,29,829,0.829,,True,2008-07-11,2001-06-01,,
2600034465,Cajazeiras,PB,Poço tubular,,-6.962222,-38.536666,10,1394,1.394,,True,2008-07-11,2001-06-01,,
2600034466,Cajazeiras,PB,Poço tubular,,-6.964722,-38.537777,50,1907,1.907,,True,2008-07-11,1983-06-01,,
2600034467,Cajazeiras,PB,Poço tubular,,-6.925,-38.548333,50,701,0.701,,True,2008-07-14,1983-06-01,,
2600034468,Cajazeiras,PB,Poço tubular,,-6.929444,-38.540555,22,833,0.833,,True,2008-07-14,1986-06-01,,
2600034469,Cajazeiras,PB,Poço tubular,,-6.929166,-38.541388,32,1211,1.211,,True,2008-07-14,1986-06-01,,
2600034470,Cajazeiras,PB,Poço tubular,,-6.928611,-38.540555,23,1045,1.045,,True,2008-07-14,2000-06-01,,
2600034471,Cajazeiras,PB,Poço tubular,,-6.930833,-38.541111,25,999,0.999,,True,2008-07-14,2001-06-01,,
2600034472,Cajazeiras,PB,Poço tubular,,-6.931111,-38.543055,50,1080,1.08,,True,2008-07-14,1988-06-01,,
2600034473,Cajazeiras,PB,Poço tubular,,-6.931944,-38.543888,45,1482,1.482,,True,2008-07-14,1988-06-01,,
2600034474,Cajazeiras,PB,Poço tubular,,-6.932222,-38.538888,47,743,0.743,,True,2008-07-14,1983-06-01,,
2600034475,Cajazeiras,PB,Poço tubular,,-6.944444,-38.540833,50,1055,1.055,,True,2008-07-14,1985-06-01,,
2600034476,Cajazeiras,PB,Poço tubular,,-6.945,-38.546388,45,686,0.686,,True,2008-07-14,1986-06-01,,
2600034477,Cajazeiras,PB,Poço tubular,,-6.944722,-38.546388,40,614,0.614,,True,2008-07-14,1986-06-01,,
2600034479,Cajazeiras,PB,Poço tubular,,-6.878888,-38.546111,30,1430,1.43,,True,2008-07-14,2002-11-28,,
2600034480,Cajazeiras,PB,Poço tubular,,-6.878611,-38.545277,30,1569,1.569,,True,2008-07-14,2000-06-01,,
2600034481,Cajazeiras,PB,Poço tubular,,-6.878888,-38.547222,30,916,0.916,,True,2008-07-14,1996-06-01,,
2600034482,Cajazeiras,PB,Poço tubular,,-6.882222,-38.548888,40,1276,1.276,,True,2008-07-14,1983-06-01,,
2600034483,Cajazeiras,PB,Poço tubular,,-6.880833,-38.546666,42,1152,1.152,,True,2008-07-14,1992-06-01,,
2600034484,Cajazeiras,PB,Poço tubular,,-6.945555,-38.519722,18,1217,1.217,,True,2008-07-14,2002-11-30,,
2600034485,Cajazeiras,PB,Poço tubular,,-6.891666,-38.484722,28,909,0.909,,True,2008-07-14,2000-06-01,,
2600034486,Cajazeiras,PB,Poço tubular,,-6.883055,-38.491111,37,510,0.51,,True,2008-07-14,2002-06-01,,
2600034487,Cajazeiras,PB,Poço tubular,,-6.886388,-38.488611,50,1178,1.178,,True,2008-07-15,2002-03-01,,
2600034488,Cajazeiras,PB,Poço tubular,,-6.878055,-38.491111,27,591,0.591,,True,2008-07-15,2002-02-01,,
2600034490,Cajazeiras,PB,Poço tubular,,-6.894166,-38.48,28,680,0.68,,True,2008-07-15,2002-10-01,,
2600034491,Cajazeiras,PB,Poço tubular,,-6.896111,-38.528333,48,1082,1.082,,True,2008-07-15,1988-06-01,,
2600034492,Cajazeiras,PB,Poço tubular,,-6.820277,-38.466944,30,846,0.846,,True,2008-07-17,2001-06-01,,
2600034493,Cajazeiras,PB,Poço tubular,,-6.810555,-38.518888,31,1222,1.222,,True,2008-07-17,1984-06-01,,
2600034494,Cajazeiras,PB,Poço tubular,,-6.883611,-38.548333,30,1588,1.588,,True,2008-07-17,2002-11-28,,
2600034495,Cajazeiras,PB,Poço tubular,,-6.901944,-38.561666,35,1806,1.806,,True,2008-07-17,2001-06-01,,
2600034496,Cajazeiras,PB,Poço tubular,,-6.900555,-38.569166,50,1882,1.882,,True,2008-07-17,2002-06-01,,
2600034498,Cajazeiras,PB,Poço tubular,,-6.902777,-38.567222,22,1829,1.829,,True,2008-07-17,1996-06-01,,
2600034501,Cajazeiras,PB,Poço tubular,,-6.888333,-38.555277,39,946,0.946,,True,2008-07-17,2002-06-01,,
2600034502,Cajazeiras,PB,Poço tubular,,-6.861944,-38.548055,46,872,0.872,,True,2008-07-17,2001-07-01,,
2600034503,Cajazeiras,PB,Poço tubular,,-6.875,-38.533055,30,1371,1.371,,True,2008-07-17,2002-03-01,,
2600034504,Cajazeiras,PB,Poço tubular,,-6.872777,-38.533333,30,1429,1.429,,True,2008-07-17,2002-03-01,,
2600034505,Cajazeiras,PB,Poço tubular,,-6.905277,-38.555,20,740,0.74,,True,2008-07-17,1999-06-01,,
2600034506,Cajazeiras,PB,Poço tubular,,-6.904166,-38.554722,35,663,0.663,,True,2008-07-17,2002-06-01,,
2600034507,Cajazeiras,PB,Poço tubular,,-6.889444,-38.545,45,1277,1.277,,True,2008-07-17,1994-06-01,,
2600034508,Cajazeiras,PB,Poço tubular,,-6.888888,-38.543611,60,886,0.886,,True,2008-07-18,1994-06-01,,
2600034509,Cajazeiras,PB,Poço tubular,,-6.889166,-38.551944,23,1204,1.204,,True,2008-07-18,1992-06-01,,
2600034510,Cajazeiras,PB,Poço tubular,,-6.919722,-38.555833,30,943,0.943,,True,2008-07-18,2001-06-01,,
2600034511,Cajazeiras,PB,Poço tubular,,-6.918333,-38.555833,16.5,1226,1.226,,True,2008-07-18,1998-06-01,,
2600034513,Cajazeiras,PB,Poço tubular,,-6.873333,-38.479166,35,608,0.608,,True,2008-07-18,1982-06-01,,
2600034514,Cajazeiras,PB,Poço tubular,,-6.8775,-38.481388,21.89,1121,1.121,,True,2008-07-18,2002-11-27,,
2600034516,Cajazeiras,PB,Poço tubular,,-6.883333,-38.465555,8.3,1187,1.187,,True,2008-07-18,2002-09-01,,
2600034517,Cajazeiras,PB,Poço tubular,,-6.881388,-38.462777,30,3480,3.48,,True,2008-07-18,2001-06-01,,
2600034519,Cajazeiras,PB,Poço tubular,,-6.871388,-38.4575,35,1052,1.052,,True,2008-07-18,2001-06-01,,
2600034520,Cajazeiras,PB,Poço tubular,,-6.866111,-38.458055,40,798,0.798,,True,2008-07-18,1986-06-01,,
2600034521,Cajazeiras,PB,Poço tubular,,-6.855277,-38.5,50,1018,1.018,,True,2008-07-18,2001-10-01,,
2600034522,Cajazeiras,PB,Poço tubular,,-6.855833,-38.494722,35,1089,1.089,,True,2008-07-21,2002-02-01,,
2600034523,Cajazeiras,PB,Poço tubular,,-6.854444,-38.488888,36,760,0.76,,True,2008-07-21,1994-06-01,,
2600034525,Cajazeiras,PB,Poço tubular,,-6.848333,-38.484722,52,479,0.479,,True,2008-07-21,2002-02-01,,
2600034526,Cajazeiras,PB,Poço tubular,,-6.856111,-38.480555,34,1279,1.279,,True,2008-07-21,1987-11-01,,
2600034530,Cajazeiras,PB,Poço tubular,,-6.856111,-38.468888,30,852,0.852,,True,2008-07-21,2001-06-01,,
2600034531,Cajazeiras,PB,Poço tubular,,-6.849166,-38.443333,47,2880,2.88,,True,2008-07-21,2001-06-01,,
2600034532,Cajazeiras,PB,Poço tubular,,-6.849166,-38.441388,37,779,0.779,,True,2008-07-21,2000-06-01,,
2600034533,Cajazeiras,PB,Poço tubular,,-6.849166,-38.440833,20,624,0.624,,True,2008-07-21,2001-05-01,,
2600034535,Cajazeiras,PB,Poço tubular,,-6.926111,-38.479722,34.1,399,0.399,,True,2008-07-21,2000-06-01,,
2600034536,Cajazeiras,PB,Poço tubular,,-6.914722,-38.482222,65,1017,1.017,,True,2008-07-21,1983-06-01,,
2600034538,Cajazeiras,PB,Poço tubular,,-6.915,-38.488611,38,639,0.639,,True,2008-07-21,2002-03-09,,
2600034539,Cajazeiras,PB,Poço tubular,,-6.911111,-38.498888,26.54,782,0.782,,True,2008-07-21,2002-10-01,,
2600034540,Cajazeiras,PB,Poço tubular,,-6.903333,-38.502777,30,1184,1.184,,True,2008-07-21,1997-06-01,,
2600034541,Cajazeiras,PB,Poço tubular,,-6.903611,-38.505277,30,618,0.618,,True,2008-07-21,2002-06-17,,
2600034542,Cajazeiras,PB,Poço tubular,,-6.896111,-38.528888,34.29,1069,1.069,,True,2008-07-21,2001-10-01,,
2600034543,Cajazeiras,PB,Poço tubular,,-6.896388,-38.528888,41.51,929,0.929,,True,2008-07-21,1977-09-01,,
2600034544,Cajazeiras,PB,Poço tubular,,-6.895,-38.53,36,1607,1.607,,True,2008-07-21,1987-06-01,,
2600034545,Cajazeiras,PB,Poço tubular,,-6.9025,-38.547222,28,773,0.773,,True,2008-07-21,2002-10-01,,
2600034546,Cajazeiras,PB,Poço tubular,,-6.902777,-38.547777,50,851,0.851,,True,2008-07-21,1986-06-01,,
2600034547,Cajazeiras,PB,Poço tubular,,-6.905,-38.549444,30,881,0.881,,True,2008-07-22,1997-06-01,,
2600034549,Pombal,PB,Poço tubular,,-7.006944,-37.885833,30,732,0.732,,True,2008-07-22,2002-12-07,,
2600034550,Cajazeirinhas,PB,Poço tubular,,-6.958611,-37.855555,50,770,0.77,,True,2008-07-22,2001-07-01,,
2600034551,Cajazeiras,PB,Poço tubular,,-7.027222,-38.576388,33,699,0.699,,True,2008-07-22,2001-10-01,,
2600034552,Cajazeiras,PB,Poço tubular,,-6.900555,-38.485555,29,871,0.871,,True,2008-07-22,2002-10-01,,
2600034553,Cajazeiras,PB,Poço tubular,,-6.903333,-38.459444,38,746,0.746,,True,2008-07-22,1999-06-01,,
2600034554,Cajazeiras,PB,Poço tubular,,-6.916111,-38.461666,60,972,0.972,,True,2008-07-22,1983-06-01,,
2600034555,Cajazeiras,PB,Poço tubular,,-6.913888,-38.459444,46,886,0.886,,True,2008-07-22,1982-06-01,,
2600034556,Cajazeiras,PB,Poço tubular,,-6.916111,-38.463611,62,757,0.757,,True,2008-07-22,2001-10-01,,
2600034560,Cajazeiras,PB,Poço tubular,,-6.913333,-38.464722,54,760,0.76,,True,2008-07-22,2001-01-17,,
2600034561,Cajazeiras,PB,Poço tubular,,-6.903888,-38.440555,60,987,0.987,,True,2008-07-23,1998-06-01,,
2600034563,Cajazeiras,PB,Poço tubular,,-6.903888,-38.438333,50,2150,2.15,,True,2008-07-23,1988-06-01,,
2600034564,Cajazeiras,PB,Poço tubular,,-6.806111,-38.495277,32,1090,1.09,,True,2008-07-23,1988-06-01,,
2600034565,Cajazeiras,PB,Poço tubular,,-6.810555,-38.520555,50,1076,1.076,,True,2008-07-23,1998-06-01,,
2600034566,Cajazeiras,PB,Poço tubular,,-6.81,-38.518333,15,707,0.707,,True,2008-07-23,1984-06-01,,
2600034567,Cajazeiras,PB,Poço tubular,,-6.809166,-38.511944,30,1414,1.414,,True,2008-07-24,2001-05-01,,
2600034568,Cajazeiras,PB,Poço tubular,,-6.807777,-38.508888,50,720,0.72,,True,2008-07-24,2000-06-01,,
2600034569,Cajazeiras,PB,Poço tubular,,-6.81,-38.510555,50,1853,1.853,,True,2008-07-24,1999-06-01,,
2600034570,Cajazeiras,PB,Poço tubular,,-6.817777,-38.514166,38,2580,2.58,,True,2008-07-24,2002-06-01,,
2600034571,Cajazeiras,PB,Poço tubular,,-6.82,-38.515277,36,1162,1.162,,True,2008-07-24,1982-06-01,,
2600034572,Cajazeiras,PB,Poço tubular,,-6.819444,-38.512777,45,1196,1.196,,True,2008-07-24,2001-05-01,,
2600034573,Cajazeiras,PB,Poço tubular,,-6.997222,-38.540277,37,956,0.956,,True,2008-07-24,2001-09-01,,
2600034574,Cajazeiras,PB,Poço tubular,,-7.003888,-38.540277,52,1009,1.009,,True,2008-07-24,1984-06-01,,
2600034575,Cajazeiras,PB,Poço tubular,,-7.016944,-38.546111,49,1044,1.044,,True,2008-07-24,2001-06-01,,
2600034577,Cajazeiras,PB,Poço tubular,,-7.004444,-38.5325,40,667,0.667,,True,2008-07-24,2000-06-01,,
2600034578,Cajazeiras,PB,Poço tubular,,-7.0025,-38.5325,50,996,0.996,,True,2008-07-24,1984-06-01,,
2600034579,Cajazeiras,PB,Poço tubular,,-6.982777,-38.538333,40,1176,1.176,,True,2008-07-24,1999-06-01,,
2600034580,Cajazeiras,PB,Poço tubular,,-6.989722,-38.551388,35,664,0.664,,True,2008-07-24,2002-08-01,,
2600034582,Cajazeiras,PB,Poço tubular,,-6.9875,-38.564444,50,795,0.795,,True,2008-07-25,1992-06-01,,
2600034583,Cajazeiras,PB,Poço tubular,,-6.986666,-38.5725,47,1279,1.279,,True,2008-07-25,1999-06-01,,
2600034584,Cajazeiras,PB,Poço tubular,,-6.986111,-38.576388,33,877,0.877,,True,2008-07-25,2001-12-16,,
2600034585,Cajazeiras,PB,Poço tubular,,-6.904722,-38.573888,52,993,0.993,,True,2008-07-25,1999-06-01,,
2600034587,Cajazeiras,PB,Poço tubular,,-6.906111,-38.569722,50,1165,1.165,,True,2008-07-25,1986-03-11,,
2600034588,Cajazeiras,PB,Poço tubular,,-6.905,-38.569722,50,1248,1.248,,True,2008-07-25,1986-06-01,,
2600034589,Cajazeiras,PB,Poço tubular,,-6.895277,-38.533333,29.38,1799,1.799,,True,2008-07-25,2000-06-01,,
2600034590,Cajazeiras,PB,Poço tubular,,-6.895277,-38.533888,20,3280,3.28,,True,2008-07-25,1998-06-01,,
2600034591,Cajazeiras,PB,Poço tubular,,-6.895,-38.534166,41.71,1992,1.992,,True,2008-07-25,2000-06-01,,
2600034592,Cajazeiras,PB,Poço tubular,,-6.897777,-38.531666,45,868,0.868,,True,2008-07-25,1973-06-01,,
2600034594,Cajazeiras,PB,Poço tubular,,-6.8975,-38.527222,45,695,0.695,,True,2008-07-25,1984-06-01,,
2600034595,Cajazeiras,PB,Poço tubular,,-6.897222,-38.528611,12.04,1250,1.25,,True,2008-07-25,1982-06-01,,
2600034596,Cajazeiras,PB,Poço tubular,,-6.896944,-38.529166,36,1356,1.356,,True,2008-07-25,1999-06-01,,
2600034597,Cajazeiras,PB,Poço tubular,,-6.927222,-38.512222,18,552,0.552,,True,2008-07-28,1982-06-01,,
2600034599,Cajazeiras,PB,Poço tubular,,-6.919166,-38.511388,46,616,0.616,,True,2008-07-28,1982-06-01,,
2600034600,Cajazeiras,PB,Poço tubular,,-6.924444,-38.508888,48,1062,1.062,,True,2008-07-28,1966-06-01,,
2600034601,Cajazeiras,PB,Poço tubular,,-6.916388,-38.507222,34,862,0.862,,True,2008-07-28,2002-09-01,,
2600034602,Cajazeiras,PB,Poço tubular,,-6.898888,-38.5225,16,518,0.518,,True,2008-07-28,1986-06-01,,
2600034603,Cajazeiras,PB,Poço tubular,,-6.896944,-38.521111,40,807,0.807,,True,2008-07-28,2001-06-01,,
2600034604,Cajazeiras,PB,Poço tubular,,-6.896111,-38.521388,38,930,0.93,,True,2008-07-28,2001-06-01,,
2600034605,Cajazeiras,PB,Poço tubular,,-6.899444,-38.516944,50,948,0.948,,True,2008-07-28,2001-06-01,,
2600034606,Cajazeiras,PB,Poço tubular,,-6.899444,-38.518333,33,684,0.684,,True,2008-07-28,2001-06-01,,
2600034607,Cajazeiras,PB,Poço tubular,,-6.897777,-38.516111,48,1102,1.102,,True,2008-07-28,1990-06-01,,
2600034609,Cajazeiras,PB,Poço tubular,,-6.967222,-38.473611,53,739,0.739,,True,2008-07-28,2000-06-01,,
2600034610,Cajazeiras,PB,Poço tubular,,-6.960277,-38.498333,53,1190,1.19,,True,2008-07-28,2000-06-01,,
2600034611,Cajazeiras,PB,Poço tubular,,-6.961944,-38.468055,22,729,0.729,,True,2008-07-28,1992-03-01,,
2600034612,Cajazeiras,PB,Poço tubular,,-6.960833,-38.466666,50,990,0.99,,True,2008-07-28,1983-08-01,,
2600034613,Cajazeiras,PB,Poço tubular,,-6.961111,-38.465277,46,1189,1.189,,True,2008-07-28,2001-06-01,,
2600034614,Cajazeiras,PB,Poço tubular,,-6.961666,-38.465277,28,2510,2.51,,True,2008-07-28,2001-08-01,,
2600034615,Cajazeiras,PB,Poço tubular,,-6.960833,-38.463611,50,976,0.976,,True,2008-07-28,1994-06-01,,
2600034616,Cajazeiras,PB,Poço tubular,,-6.943333,-38.455,38,592,0.592,,True,2008-07-28,1998-06-01,,
2600034617,Cajazeiras,PB,Poço tubular,,-7.031388,-38.572777,30,793,0.793,,True,2008-07-28,1998-06-01,,
2600034618,Cajazeiras,PB,Poço tubular,,-7.013333,-38.573333,36,764,0.764,,True,2008-07-28,1989-06-01,,
2600034619,Cajazeiras,PB,Poço tubular,,-6.938333,-38.458055,40,823,0.823,,True,2008-07-28,1986-06-01,,
2600034620,Cajazeiras,PB,Poço tubular,,-6.936388,-38.45,16,808,0.808,,True,2008-07-28,2001-06-01,,
2600034621,Cajazeiras,PB,Poço tubular,,-6.9225,-38.433888,20,526,0.526,,True,2008-07-28,2000-06-01,,
2600034622,Cajazeiras,PB,Poço tubular,,-6.921666,-38.435,25,658,0.658,,True,2008-07-28,2000-09-01,,
2600034623,Cajazeiras,PB,Poço tubular,,-6.922777,-38.43,50,851,0.851,,True,2008-07-28,2001-10-01,,
2600034626,Princesa Isabel,PB,Poço tubular,,-7.748333,-38.000277,50,472,0.472,,True,2008-07-14,2002-06-01,,
2600034627,Princesa Isabel,PB,Poço tubular,,-7.767222,-37.998611,60,411,0.411,,True,2008-07-14,2002-12-07,,
2600034629,Tavares,PB,Poço tubular,,-7.67,-37.935555,50,307,0.307,,True,2008-07-14,1982-06-01,,
2600034632,Princesa Isabel,PB,Poço tubular,,-7.734444,-37.958611,40,308,0.308,,True,2008-07-14,2002-12-07,,
2600034636,Marizópolis,PB,Poço tubular,,-6.856388,-38.359722,50,1090,1.09,,True,2008-07-15,1982-06-01,,
2600034637,Marizópolis,PB,Poço tubular,,-6.835,-38.342777,50,1648,1.648,,True,2008-07-15,2002-02-01,,
2600034638,Marizópolis,PB,Poço tubular,,-6.8375,-38.353055,50,1025,1.025,,True,2008-07-15,1998-11-01,,
2600034639,Marizópolis,PB,Poço tubular,,-6.835555,-38.350833,50,1019,1.019,,True,2008-07-15,1998-06-01,,
2600034640,Marizópolis,PB,Poço tubular,,-6.836388,-38.350555,50,1340,1.34,,True,2008-07-15,1998-06-01,,
2600034641,Marizópolis,PB,Poço tubular,,-6.835,-38.348333,50,986,0.986,,True,2008-07-15,1998-06-01,,
2600034642,Marizópolis,PB,Poço tubular,,-6.834166,-38.348611,50,929,0.929,,True,2008-07-15,1998-06-01,,
2600034644,Marizópolis,PB,Poço tubular,,-6.818055,-38.354166,50,1637,1.637,,True,2008-07-15,1985-06-01,,
2600034645,São João do Rio do Peixe,PB,Poço tubular,,-6.817777,-38.362222,65,1110,1.11,,True,2008-07-15,1966-06-01,,
2600034646,São João do Rio do Peixe,PB,Poço tubular,,-6.8175,-38.363333,33,1170,1.17,,True,2008-07-15,1968-06-01,,
2600034647,Marizópolis,PB,Poço tubular,,-6.783611,-38.343611,50,3200,3.2,,True,2008-07-15,1982-06-01,,
2600034649,Marizópolis,PB,Poço tubular,,-6.779722,-38.3325,50,3290,3.29,,True,2008-07-15,2000-06-01,,
2600034650,Sousa,PB,Poço tubular,,-6.769444,-38.322222,58,6600,6.6,,True,2008-07-15,1998-06-01,,
2600034651,São João do Rio do Peixe,PB,Poço tubular,,-6.836388,-38.366388,50,992,0.992,,True,2008-07-15,1987-06-01,,
2600034652,São João do Rio do Peixe,PB,Poço tubular,,-6.833055,-38.369722,55,721,0.721,,True,2008-07-17,1982-06-01,,
2600034653,Marizópolis,PB,Poço tubular,,-6.7775,-38.336111,50,5490,5.49,,True,2008-07-17,2001-06-01,,
2600034654,Marizópolis,PB,Poço tubular,,-6.795277,-38.330277,84,3560,3.56,,True,2008-07-17,1987-08-01,,
2600034655,Marizópolis,PB,Poço tubular,,-6.821944,-38.316666,50,2010,2.01,,True,2008-07-17,1999-06-01,,
2600034656,Marizópolis,PB,Poço tubular,,-6.814444,-38.3125,51,2230,2.23,,True,2008-07-17,2002-08-01,,
2600034657,Marizópolis,PB,Poço tubular,,-6.8175,-38.314722,40,1328,1.328,,True,2008-07-17,1996-02-01,,
2600034658,Marizópolis,PB,Poço tubular,,-6.818888,-38.3175,40,1354,1.354,,True,2008-07-17,1996-06-01,,
2600034659,Marizópolis,PB,Poço tubular,,-6.830555,-38.334444,36,1038,1.038,,True,2008-07-17,2001-06-01,,
2600034660,Marizópolis,PB,Poço tubular,,-6.843611,-38.351944,37,886,0.886,,True,2008-07-17,2001-09-01,,
2600034661,Marizópolis,PB,Poço tubular,,-6.829166,-38.318888,40,822,0.822,,True,2008-07-17,1998-06-01,,
2600034662,Triunfo,PB,Poço tubular,,-6.6625,-38.504166,50,1665,1.665,,True,2008-07-18,2002-12-16,,
2600034663,Triunfo,PB,Poço tubular,,-6.509166,-38.518333,22,2380,2.38,,True,2008-07-18,2001-10-12,,
2600034666,Triunfo,PB,Poço tubular,,-6.513055,-38.540555,36,1310,1.31,,True,2008-07-18,1996-06-01,,
2600034667,Triunfo,PB,Poço tubular,,-6.570555,-38.581111,36,965,0.965,,True,2008-07-18,1993-06-01,,
2600034668,Triunfo,PB,Poço tubular,,-6.571111,-38.6025,45,842,0.842,,True,2008-07-18,1996-06-01,,
2600034669,Triunfo,PB,Poço tubular,,-6.583055,-38.623055,50,921,0.921,,True,2008-07-18,1980-10-05,,
2600034670,Triunfo,PB,Poço tubular,,-6.595,-38.614722,100,659,0.659,,True,2008-07-18,2002-11-15,,
2600034671,Triunfo,PB,Poço tubular,,-6.604166,-38.612222,50,1425,1.425,,True,2008-07-18,1999-12-01,,
2600034672,Triunfo,PB,Poço tubular,,-6.604166,-38.611666,25,2340,2.34,,True,2008-07-18,2000-11-16,,
2600034673,Triunfo,PB,Poço tubular,,-6.605,-38.615277,50,278,0.278,,True,2008-07-18,1998-06-01,,
2600034674,Triunfo,PB,Poço tubular,,-6.620555,-38.637222,42,1053,1.053,,True,2008-07-18,2000-06-01,,
2600034675,Triunfo,PB,Poço tubular,,-6.6225,-38.628333,62,544,0.544,,True,2008-07-18,1999-11-28,,
2600034676,Triunfo,PB,Poço tubular,,-6.585277,-38.623888,50,778,0.778,,True,2008-07-18,1988-06-01,,
2600034677,Triunfo,PB,Poço tubular,,-6.605,-38.607222,50,220,0.22,,True,2008-07-18,2002-11-16,,
2600034678,Triunfo,PB,Poço tubular,,-6.606388,-38.608888,55,348,0.348,,True,2008-07-18,1982-06-01,,
2600034679,Triunfo,PB,Poço tubular,,-6.608055,-38.613611,60,609,0.609,,True,2008-07-18,2002-11-16,,
2600034680,Triunfo,PB,Poço tubular,,-6.610555,-38.615277,60,695,0.695,,True,2008-07-18,2002-02-01,,
2600034682,Triunfo,PB,Poço tubular,,-6.6075,-38.613055,50,1323,1.323,,True,2008-07-21,2000-06-01,,
2600034683,Triunfo,PB,Poço tubular,,-6.608888,-38.607777,48,282,0.282,,True,2008-07-21,2000-06-01,,
2600034684,Triunfo,PB,Poço tubular,,-6.610833,-38.610277,50,257,0.257,,True,2008-07-21,2002-09-01,,
2600034685,Triunfo,PB,Poço tubular,,-6.617777,-38.605,50,571,0.571,,True,2008-07-21,2001-06-01,,
2600034686,Triunfo,PB,Poço tubular,,-6.619166,-38.604722,52,824,0.824,,True,2008-07-21,1999-12-01,,
2600034687,Triunfo,PB,Poço tubular,,-6.623333,-38.602777,42,736,0.736,,True,2008-07-21,1982-06-01,,
2600034688,Triunfo,PB,Poço tubular,,-6.635,-38.619444,42,969,0.969,,True,2008-07-21,2000-06-01,,
2600034689,Triunfo,PB,Poço tubular,,-6.625833,-38.606111,50,931,0.931,,True,2008-07-22,2002-11-17,,
2600034690,Triunfo,PB,Poço tubular,,-6.625555,-38.606388,50,655,0.655,,True,2008-07-22,1998-06-01,,
2600034691,Triunfo,PB,Poço tubular,,-6.626111,-38.607222,50,706,0.706,,True,2008-07-22,2000-06-01,,
2600034692,Triunfo,PB,Poço tubular,,-6.626111,-38.605,50,683,0.683,,True,2008-07-22,2001-07-01,,
2600034693,Triunfo,PB,Poço tubular,,-6.629166,-38.605277,50,785,0.785,,True,2008-07-22,1999-06-01,,
2600034694,Triunfo,PB,Poço tubular,,-6.627777,-38.598888,30,611,0.611,,True,2008-07-22,2002-11-17,,
2600034695,Triunfo,PB,Poço tubular,,-6.631944,-38.585555,42,1356,1.356,,True,2008-07-22,2002-11-01,,
2600034696,Triunfo,PB,Poço tubular,,-6.640277,-38.583611,50,725,0.725,,True,2008-07-22,1997-06-01,,
2600034697,Triunfo,PB,Poço tubular,,-6.582777,-38.623055,52,887,0.887,,True,2008-07-22,1997-06-01,,
2600034698,Triunfo,PB,Poço tubular,,-6.584722,-38.627777,50,782,0.782,,True,2008-07-22,1999-02-01,,
2600034699,Triunfo,PB,Poço tubular,,-6.580555,-38.603611,50,456,0.456,,True,2008-07-22,2000-06-01,,
2600034700,Triunfo,PB,Poço tubular,,-6.577222,-38.601944,50,1266,1.266,,True,2008-07-22,2000-03-01,,
2600034701,Triunfo,PB,Poço tubular,,-6.573611,-38.591388,50,827,0.827,,True,2008-07-22,2002-11-18,,
2600034703,Triunfo,PB,Poço tubular,,-6.581111,-38.594722,115,592,0.592,,True,2008-07-22,1984-01-24,,
2600034706,Triunfo,PB,Poço tubular,,-6.622777,-38.605555,50,573,0.573,,True,2008-07-22,1999-06-01,,
2600034707,Triunfo,PB,Poço tubular,,-6.641944,-38.607222,50,673,0.673,,True,2008-07-22,1997-06-01,,
2600034708,Triunfo,PB,Poço tubular,,-6.634166,-38.604722,50,636,0.636,,True,2008-07-22,1985-06-01,,
2600034709,Triunfo,PB,Poço tubular,,-6.640277,-38.61,48,992,0.992,,True,2008-07-23,1982-06-01,,
2600034710,Triunfo,PB,Poço tubular,,-6.655555,-38.611111,38,2970,2.97,,True,2008-07-23,2001-06-01,,
2600034711,Triunfo,PB,Poço tubular,,-6.656388,-38.610833,50,2660,2.66,,True,2008-07-23,1983-06-01,,
2600034712,Triunfo,PB,Poço tubular,,-6.645555,-38.605833,50,429,0.429,,True,2008-07-23,1998-06-23,,
2600034713,Triunfo,PB,Poço tubular,,-6.656944,-38.610555,43,2030,2.03,,True,2008-07-23,1999-06-01,,
2600034714,Triunfo,PB,Poço tubular,,-6.658888,-38.603333,60,613,0.613,,True,2008-07-23,1986-06-01,,
2600034715,Triunfo,PB,Poço tubular,,-6.671666,-38.591944,50,1931,1.931,,True,2008-07-23,1983-06-01,,
2600034716,Triunfo,PB,Poço tubular,,-6.666944,-38.607222,50,1283,1.283,,True,2008-07-23,1979-06-01,,
2600034717,Triunfo,PB,Poço tubular,,-6.659722,-38.608333,50,1378,1.378,,True,2008-07-23,1979-06-01,,
2600034718,Triunfo,PB,Poço tubular,,-6.651111,-38.618611,50,275,0.275,,True,2008-07-23,1999-06-01,,
2600034719,Triunfo,PB,Poço tubular,,-6.650555,-38.617222,50,298,0.298,,True,2008-07-23,2000-06-01,,
2600034720,Triunfo,PB,Poço tubular,,-6.648888,-38.619444,50,733,0.733,,True,2008-07-23,2002-06-01,,
2600034721,Triunfo,PB,Poço tubular,,-6.646111,-38.626666,50,474,0.474,,True,2008-07-23,2001-06-01,,
2600034722,Triunfo,PB,Poço tubular,,-6.633611,-38.606666,50,456,0.456,,True,2008-07-23,1999-06-01,,
2600034724,Triunfo,PB,Poço tubular,,-6.627222,-38.604166,49,701,0.701,,True,2008-07-23,2002-11-19,,
2600034725,Triunfo,PB,Poço tubular,,-6.624444,-38.608611,56,674,0.674,,True,2008-07-23,2000-06-01,,
2600034726,Triunfo,PB,Poço tubular,,-6.624166,-38.606944,41,400,0.4,,True,2008-07-23,2000-06-01,,
2600034728,Triunfo,PB,Poço tubular,,-6.616944,-38.639722,54,163,0.163,,True,2008-07-23,1998-06-01,,
2600034729,Triunfo,PB,Poço tubular,,-6.619166,-38.635555,50,525,0.525,,True,2008-07-23,1999-06-01,,
2600034730,Triunfo,PB,Poço tubular,,-6.694444,-38.523333,50,776,0.776,,True,2008-07-23,1999-06-01,,
2600034731,Triunfo,PB,Poço tubular,,-6.692777,-38.529166,50,257,0.257,,True,2008-07-23,2001-05-01,,
2600034732,Triunfo,PB,Poço tubular,,-6.697222,-38.534444,50,240,0.24,,True,2008-07-23,2000-06-01,,
2600034733,Triunfo,PB,Poço tubular,,-6.696666,-38.534444,36,252,0.252,,True,2008-07-24,2000-06-01,,
2600034734,Triunfo,PB,Poço tubular,,-6.695277,-38.534722,42,276,0.276,,True,2008-07-24,1974-06-01,,
2600034735,Triunfo,PB,Poço tubular,,-6.694722,-38.535277,44,292,0.292,,True,2008-07-24,1998-06-01,,
2600034736,Triunfo,PB,Poço tubular,,-6.695833,-38.535277,76,282,0.282,,True,2008-07-24,2000-06-01,,
2600034737,Triunfo,PB,Poço tubular,,-6.693888,-38.534722,50,436,0.436,,True,2008-07-24,2000-06-01,,
2600034738,Triunfo,PB,Poço tubular,,-6.688888,-38.534166,50,1370,1.37,,True,2008-07-24,1999-06-01,,
2600034739,Triunfo,PB,Poço tubular,,-6.686111,-38.534444,50,1251,1.251,,True,2008-07-24,1999-06-01,,
2600034740,Triunfo,PB,Poço tubular,,-6.684722,-38.534722,50,1207,1.207,,True,2008-07-24,1998-12-01,,
2600034741,Triunfo,PB,Poço tubular,,-6.685,-38.533055,50,1087,1.087,,True,2008-07-24,1999-06-01,,
2600034742,Triunfo,PB,Poço tubular,,-6.615,-38.629444,50,338,0.338,,True,2008-07-24,2001-06-01,,
2600034743,Triunfo,PB,Poço tubular,,-6.6075,-38.618888,60,195,0.195,,True,2008-07-24,1982-06-01,,
2600034744,Triunfo,PB,Poço tubular,,-6.6075,-38.612777,70,1853,1.853,,True,2008-07-24,2000-06-01,,
2600034745,Triunfo,PB,Poço tubular,,-6.594444,-38.608333,50,439,0.439,,True,2008-07-24,1999-06-01,,
2600034746,Triunfo,PB,Poço tubular,,-6.687222,-38.534166,50,1184,1.184,,True,2008-07-24,1992-06-01,,
2600034747,Triunfo,PB,Poço tubular,,-6.683333,-38.533611,50,1071,1.071,,True,2008-07-24,1999-06-01,,
2600034748,Triunfo,PB,Poço tubular,,-6.680277,-38.534722,50,1144,1.144,,True,2008-07-24,1998-06-01,,
2600034749,Triunfo,PB,Poço tubular,,-6.678888,-38.533333,50,1224,1.224,,True,2008-07-24,1998-06-01,,
2600034750,Triunfo,PB,Poço tubular,,-6.678333,-38.531111,50,1351,1.351,,True,2008-08-01,1999-06-01,,
2600034751,Triunfo,PB,Poço tubular,,-6.677222,-38.534722,60,1322,1.322,,True,2008-08-01,1999-06-01,,
2600034752,Triunfo,PB,Poço tubular,,-6.676388,-38.530277,50,1645,1.645,,True,2008-08-01,1998-06-01,,
2600034753,Triunfo,PB,Poço tubular,,-6.674166,-38.535277,50,1171,1.171,,True,2008-08-01,1999-06-01,,
2600034754,Triunfo,PB,Poço tubular,,-6.673333,-38.535555,50,1047,1.047,,True,2008-08-01,1998-06-01,,
2600034755,Triunfo,PB,Poço tubular,,-6.673055,-38.533888,41,1186,1.186,,True,2008-08-01,1999-06-01,,
2600034756,Triunfo,PB,Poço tubular,,-6.671666,-38.535555,51,1208,1.208,,True,2008-08-01,1999-06-01,,
2600034759,São João do Rio do Peixe,PB,Poço tubular,,-6.809722,-38.4275,50,1362,1.362,,True,2008-08-07,2001-01-01,,
2600034760,São João do Rio do Peixe,PB,Poço tubular,,-6.808333,-38.428611,60,1249,1.249,,True,2008-08-07,1992-06-01,,
2600034762,São João do Rio do Peixe,PB,Poço tubular,,-6.805,-38.443333,50,1048,1.048,,True,2008-08-08,2002-12-08,,
2600034763,São João do Rio do Peixe,PB,Poço tubular,,-6.805,-38.443611,51,1151,1.151,,True,2008-08-08,1983-06-01,,
2600034764,São João do Rio do Peixe,PB,Poço tubular,,-6.805833,-38.446111,51,834,0.834,,True,2008-08-08,2001-06-01,,
2600034765,São João do Rio do Peixe,PB,Poço tubular,,-6.800277,-38.455277,50,1178,1.178,,True,2008-08-25,1974-06-01,,
2600034766,São João do Rio do Peixe,PB,Poço tubular,,-6.801388,-38.454722,50,1103,1.103,,True,2008-08-25,1996-06-01,,
2600034767,São João do Rio do Peixe,PB,Poço tubular,,-6.800555,-38.455833,50,2990,2.99,,True,2008-08-25,2002-09-01,,
2600034768,São João do Rio do Peixe,PB,Poço tubular,,-6.800555,-38.453888,50,1106,1.106,,True,2008-08-25,1997-06-01,,
2600034769,São João do Rio do Peixe,PB,Poço tubular,,-6.805277,-38.454166,45,860,0.86,,True,2008-08-25,1999-06-01,,
2600034770,São João do Rio do Peixe,PB,Poço tubular,,-6.803055,-38.453888,35,1228,1.228,,True,2008-08-25,2000-06-01,,
2600034771,São João do Rio do Peixe,PB,Poço tubular,,-6.803611,-38.451944,27,1097,1.097,,True,2008-08-25,1997-06-01,,
2600034772,São João do Rio do Peixe,PB,Poço tubular,,-6.802777,-38.452777,50,1167,1.167,,True,2008-08-25,1999-06-01,,
2600034773,São João do Rio do Peixe,PB,Poço tubular,,-6.802222,-38.451111,41,1140,1.14,,True,2008-08-25,2000-06-01,,
2600034774,São João do Rio do Peixe,PB,Poço tubular,,-6.780277,-38.425,45,1062,1.062,,True,2008-08-26,2002-12-13,,
2600034775,São João do Rio do Peixe,PB,Poço tubular,,-6.780833,-38.436666,45,1072,1.072,,True,2008-08-26,2002-12-13,,
2600034776,São João do Rio do Peixe,PB,Poço tubular,,-6.770833,-38.435277,45,1525,1.525,,True,2008-08-26,2002-12-13,,
2600034777,São João do Rio do Peixe,PB,Poço tubular,,-6.769166,-38.435833,30,1646,1.646,,True,2008-08-26,2001-08-29,,
2600034778,São João do Rio do Peixe,PB,Poço tubular,,-6.768333,-38.434166,16,1530,1.53,,True,2008-08-26,1982-06-01,,
2600034779,São João do Rio do Peixe,PB,Poço tubular,,-6.767222,-38.432222,27,1383,1.383,,True,2008-08-26,2000-06-01,,
2600034780,São João do Rio do Peixe,PB,Poço tubular,,-6.767222,-38.428888,47,1742,1.742,,True,2008-08-26,2000-06-01,,
2600034781,São João do Rio do Peixe,PB,Poço tubular,,-6.767777,-38.43,37,1519,1.519,,True,2008-08-26,2000-09-01,,
2600034783,São João do Rio do Peixe,PB,Poço tubular,,-6.796388,-38.420555,45,2040,2.04,,True,2008-08-26,1997-06-01,,
2600034784,São João do Rio do Peixe,PB,Poço tubular,,-6.795833,-38.420833,26,1194,1.194,,True,2008-08-26,1997-06-01,,
2600034785,São João do Rio do Peixe,PB,Poço tubular,,-6.804722,-38.420833,43,1330,1.33,,True,2008-08-26,1996-06-01,,
2600034786,São João do Rio do Peixe,PB,Poço tubular,,-6.8075,-38.421388,45,1235,1.235,,True,2008-08-26,1972-06-01,,
2600034787,Cajazeiras,PB,Poço tubular,,-6.812777,-38.423888,52,1252,1.252,,True,2008-08-26,1999-06-01,,
2600034788,São João do Rio do Peixe,PB,Poço tubular,,-6.923611,-38.396111,30,1210,1.21,,True,2008-08-26,1999-06-01,,
2600034789,São João do Rio do Peixe,PB,Poço tubular,,-6.901944,-38.393333,25,860,0.86,,True,2008-08-26,2001-06-01,,
2600034790,São João do Rio do Peixe,PB,Poço tubular,,-6.905277,-38.390555,32,936,0.936,,True,2008-08-26,2002-05-01,,
2600034791,São João do Rio do Peixe,PB,Poço tubular,,-6.902777,-38.3975,20,863,0.863,,True,2008-08-26,2001-06-01,,
2600034792,São João do Rio do Peixe,PB,Poço tubular,,-6.9025,-38.398611,20,479,0.479,,True,2008-08-26,2001-06-01,,
2600034793,São João do Rio do Peixe,PB,Poço tubular,,-6.901666,-38.399722,20,638,0.638,,True,2008-08-26,2001-06-01,,
2600034794,São João do Rio do Peixe,PB,Poço tubular,,-6.895555,-38.417777,50,393,0.393,,True,2008-08-27,1984-06-01,,
2600034795,São João do Rio do Peixe,PB,Poço tubular,,-6.884166,-38.407222,25,761,0.761,,True,2008-08-27,2000-06-01,,
2600034796,São João do Rio do Peixe,PB,Poço tubular,,-6.881388,-38.406388,50,1040,1.04,,True,2008-08-27,2002-05-01,,
2600034797,São João do Rio do Peixe,PB,Poço tubular,,-6.881388,-38.406111,47,1050,1.05,,True,2008-08-27,2001-06-01,,
2600034798,São João do Rio do Peixe,PB,Poço tubular,,-6.882222,-38.406111,27,1233,1.233,,True,2008-08-27,2001-06-01,,
2600034799,São João do Rio do Peixe,PB,Poço tubular,,-6.88,-38.405555,44,553,0.553,,True,2008-08-27,2002-11-01,,
2600034800,São João do Rio do Peixe,PB,Poço tubular,,-6.884444,-38.402777,39,624,0.624,,True,2008-08-27,2001-06-01,,
2600034801,São João do Rio do Peixe,PB,Poço tubular,,-6.8775,-38.395277,41,859,0.859,,True,2008-08-27,2002-12-01,,
2600034802,São João do Rio do Peixe,PB,Poço tubular,,-6.878055,-38.394722,50,931,0.931,,True,2008-08-27,1990-06-01,,
2600034805,São João do Rio do Peixe,PB,Poço tubular,,-6.831666,-38.416944,27,1339,1.339,,True,2008-08-27,2000-06-01,,
2600034806,São João do Rio do Peixe,PB,Poço tubular,,-6.833888,-38.416944,50,619,0.619,,True,2008-08-27,2000-06-01,,
2600034808,Cajazeiras,PB,Poço tubular,,-6.842222,-38.419166,48,1801,1.801,,True,2008-08-27,1999-06-01,,
2600034809,São João do Rio do Peixe,PB,Poço tubular,,-6.846666,-38.4175,35,619,0.619,,True,2008-08-27,2000-06-01,,
2600034810,Cajazeiras,PB,Poço tubular,,-6.853888,-38.418333,38,808,0.808,,True,2008-08-27,2001-06-01,,
2600034811,São João do Rio do Peixe,PB,Poço tubular,,-6.832777,-38.415833,50.5,840,0.84,,True,2008-08-27,2001-05-25,,
2600034812,São João do Rio do Peixe,PB,Poço tubular,,-6.834166,-38.415555,49,1624,1.624,,True,2008-08-28,1994-06-01,,
2600034814,São João do Rio do Peixe,PB,Poço tubular,,-6.834722,-38.414444,35,817,0.817,,True,2008-08-28,1983-06-01,,
2600034815,São João do Rio do Peixe,PB,Poço tubular,,-6.835555,-38.413333,45,562,0.562,,True,2008-08-28,2001-06-01,,
2600034816,São João do Rio do Peixe,PB,Poço tubular,,-6.825833,-38.417222,50,1082,1.082,,True,2008-08-28,2000-06-01,,
2600034817,São João do Rio do Peixe,PB,Poço tubular,,-6.8475,-38.399444,27,717,0.717,,True,2008-08-28,2002-11-27,,
2600034818,São João do Rio do Peixe,PB,Poço tubular,,-6.846388,-38.406111,40,1251,1.251,,True,2008-08-28,2002-11-01,,
2600034820,São João do Rio do Peixe,PB,Poço tubular,,-6.840833,-38.409166,49,1099,1.099,,True,2008-08-28,2000-06-01,,
2600034822,São João do Rio do Peixe,PB,Poço tubular,,-6.842777,-38.390833,33,1210,1.21,,True,2008-08-28,2002-11-01,,
2600034823,São João do Rio do Peixe,PB,Poço tubular,,-6.801944,-38.42,50,1056,1.056,,True,2008-08-29,2000-06-01,,
2600034824,São João do Rio do Peixe,PB,Poço tubular,,-6.8025,-38.419722,50,1821,1.821,,True,2008-08-29,2000-06-01,,
2600034825,São João do Rio do Peixe,PB,Poço tubular,,-6.810277,-38.418611,50,1150,1.15,,True,2008-08-29,2000-06-01,,
2600034827,São João do Rio do Peixe,PB,Poço tubular,,-6.810833,-38.418333,50,1004,1.004,,True,2008-08-29,2000-06-01,,
2600034828,São João do Rio do Peixe,PB,Poço tubular,,-6.821111,-38.410833,35,1152,1.152,,True,2008-08-29,1995-06-01,,
2600034829,São João do Rio do Peixe,PB,Poço tubular,,-6.821111,-38.411388,28,1012,1.012,,True,2008-08-29,2000-12-01,,
2600034830,São João do Rio do Peixe,PB,Poço tubular,,-6.822777,-38.412222,33,1064,1.064,,True,2008-08-29,2000-06-01,,
2600034831,São João do Rio do Peixe,PB,Poço tubular,,-6.821388,-38.406666,36,702,0.702,,True,2008-08-29,2002-06-01,,
2600034832,São João do Rio do Peixe,PB,Poço tubular,,-6.84,-38.382777,55,2310,2.31,,True,2008-09-01,2002-12-15,,
2600034833,São João do Rio do Peixe,PB,Poço tubular,,-6.841111,-38.385,50,823,0.823,,True,2008-09-01,2002-12-15,,
2600034834,São João do Rio do Peixe,PB,Poço tubular,,-6.841666,-38.382777,50,753,0.753,,True,2008-09-01,2002-06-01,,
2600034835,São João do Rio do Peixe,PB,Poço tubular,,-6.842777,-38.383888,50,846,0.846,,True,2008-09-01,2002-06-01,,
2600034836,São João do Rio do Peixe,PB,Poço tubular,,-6.829444,-38.396666,45,1628,1.628,,True,2008-09-01,2001-06-01,,
2600034838,São João do Rio do Peixe,PB,Poço tubular,,-6.8275,-38.397222,50,890,0.89,,True,2008-09-01,1999-06-01,,
2600034840,São João do Rio do Peixe,PB,Poço tubular,,-6.824444,-38.396944,50,1042,1.042,,True,2008-09-01,1999-06-01,,
2600034841,São João do Rio do Peixe,PB,Poço tubular,,-6.833055,-38.399166,50,997,0.997,,True,2008-09-01,2000-06-01,,
2600034842,São João do Rio do Peixe,PB,Poço tubular,,-6.827777,-38.403333,50,1094,1.094,,True,2008-09-01,1995-06-01,,
2600034843,São João do Rio do Peixe,PB,Poço tubular,,-6.823888,-38.405,50,696,0.696,,True,2008-09-01,2002-07-01,,
2600034844,São João do Rio do Peixe,PB,Poço tubular,,-6.823611,-38.403333,50,941,0.941,,True,2008-09-01,1998-06-01,,
2600034847,São João do Rio do Peixe,PB,Poço tubular,,-6.876388,-38.378333,28,770,0.77,,True,2008-09-01,2002-12-15,,
2600034848,São João do Rio do Peixe,PB,Poço tubular,,-6.878333,-38.365,23,599,0.599,,True,2008-09-01,2001-06-01,,
2600034849,São João do Rio do Peixe,PB,Poço tubular,,-6.878055,-38.37,29,1094,1.094,,True,2008-09-02,2002-12-15,,
2600034850,São João do Rio do Peixe,PB,Poço tubular,,-6.873611,-38.368055,21,1006,1.006,,True,2008-09-02,2001-06-01,,
2600034851,São João do Rio do Peixe,PB,Poço tubular,,-6.866666,-38.386111,45,749,0.749,,True,2008-09-02,2002-12-15,,
2600034854,São João do Rio do Peixe,PB,Poço tubular,,-6.728611,-38.4475,3.31,3480,3.48,,True,2008-09-02,2002-12-15,,
2600034855,Triunfo,PB,Poço tubular,,-6.67,-38.535555,50,1677,1.677,,True,2008-08-12,2000-09-27,,
2600034856,Triunfo,PB,Poço tubular,,-6.668055,-38.535833,50,1979,1.979,,True,2008-08-12,1999-09-13,,
2600034857,Triunfo,PB,Poço tubular,,-6.581111,-38.590833,50,941,0.941,,True,2008-08-12,1998-06-01,,
2600034858,Triunfo,PB,Poço tubular,,-6.581666,-38.589444,40,910,0.91,,True,2008-08-12,2001-12-01,,
2600034859,Triunfo,PB,Poço tubular,,-6.583055,-38.584166,70,2610,2.61,,True,2008-08-12,1999-06-01,,
2600034860,Triunfo,PB,Poço tubular,,-6.585,-38.584722,50,4180,4.18,,True,2008-08-12,2000-06-01,,
2600034861,Triunfo,PB,Poço tubular,,-6.585,-38.583611,50,1791,1.791,,True,2008-08-12,1999-06-01,,
2600034862,Triunfo,PB,Poço tubular,,-6.592777,-38.576388,70,788,0.788,,True,2008-08-12,2001-06-01,,
2600034864,Triunfo,PB,Poço tubular,,-6.665277,-38.533888,50,1048,1.048,,True,2008-08-13,1999-06-01,,
2600034865,Triunfo,PB,Poço tubular,,-6.663611,-38.533888,50,973,0.973,,True,2008-08-13,1999-06-01,,
2600034866,Triunfo,PB,Poço tubular,,-6.663333,-38.5325,45,1067,1.067,,True,2008-08-13,1999-06-01,,
2600034867,Triunfo,PB,Poço tubular,,-6.665,-38.531666,50,1805,1.805,,True,2008-08-13,2000-06-01,,
2600034868,Triunfo,PB,Poço tubular,,-6.661666,-38.529444,50,1234,1.234,,True,2008-08-13,1998-06-01,,
2600034869,Triunfo,PB,Poço tubular,,-6.659444,-38.531388,50,1773,1.773,,True,2008-08-13,1999-06-01,,
2600034870,Triunfo,PB,Poço tubular,,-6.660277,-38.531388,50,1501,1.501,,True,2008-08-13,1999-06-01,,
2600034871,Triunfo,PB,Poço tubular,,-6.611666,-38.588611,50,715,0.715,,True,2008-08-14,1999-06-01,,
2600034873,Triunfo,PB,Poço tubular,,-6.597777,-38.579166,62,664,0.664,,True,2008-08-14,1999-06-01,,
2600034874,Triunfo,PB,Poço tubular,,-6.617222,-38.579166,60,737,0.737,,True,2008-08-14,2000-06-01,,
2600034875,Triunfo,PB,Poço tubular,,-6.646666,-38.5725,42,733,0.733,,True,2008-08-14,1994-06-01,,
2600034876,Triunfo,PB,Poço tubular,,-6.612777,-38.572222,50,695,0.695,,True,2008-08-14,1998-06-01,,
2600034877,Triunfo,PB,Poço tubular,,-6.614444,-38.572222,49,704,0.704,,True,2008-08-14,2001-06-01,,
2600034878,Triunfo,PB,Poço tubular,,-6.615833,-38.573055,50,723,0.723,,True,2008-08-14,2000-06-01,,
2600034879,Triunfo,PB,Poço tubular,,-6.618055,-38.569166,55,692,0.692,,True,2008-08-14,1999-06-01,,
2600034880,Triunfo,PB,Poço tubular,,-6.660555,-38.535277,65,1082,1.082,,True,2008-08-14,1999-06-01,,
2600034881,Triunfo,PB,Poço tubular,,-6.659444,-38.535,60,1178,1.178,,True,2008-08-14,1999-05-01,,
2600034882,Triunfo,PB,Poço tubular,,-6.658333,-38.536111,48,1090,1.09,,True,2008-08-19,2000-06-01,,
2600034883,Triunfo,PB,Poço tubular,,-6.655555,-38.536666,50,992,0.992,,True,2008-08-19,2000-06-01,,
2600034884,Triunfo,PB,Poço tubular,,-6.655277,-38.535833,50,1015,1.015,,True,2008-08-19,2000-06-01,,
2600034885,Triunfo,PB,Poço tubular,,-6.646388,-38.543055,50,3450,3.45,,True,2008-08-19,2002-11-23,,
2600034886,Triunfo,PB,Poço tubular,,-6.646388,-38.541944,50,1812,1.812,,True,2008-08-19,2000-06-01,,
2600034887,Triunfo,PB,Poço tubular,,-6.646111,-38.539444,50,1465,1.465,,True,2008-08-19,1988-06-01,,
2600034888,Triunfo,PB,Poço tubular,,-6.646388,-38.538333,45,1111,1.111,,True,2008-08-19,1999-06-01,,
2600034889,Triunfo,PB,Poço tubular,,-6.643611,-38.546944,50,1245,1.245,,True,2008-08-19,1999-06-01,,
2600034890,Triunfo,PB,Poço tubular,,-6.606388,-38.538333,47,588,0.588,,True,2008-08-19,1999-06-01,,
2600034891,Triunfo,PB,Poço tubular,,-6.623611,-38.534722,50,869,0.869,,True,2008-08-19,1999-06-01,,
2600034892,Triunfo,PB,Poço tubular,,-6.6325,-38.533888,50,864,0.864,,True,2008-08-19,2000-06-01,,
2600034893,Triunfo,PB,Poço tubular,,-6.643333,-38.5475,52,1065,1.065,,True,2008-08-19,1999-06-01,,
2600034894,Triunfo,PB,Poço tubular,,-6.643055,-38.548055,50,1127,1.127,,True,2008-08-19,1999-06-01,,
2600034895,Triunfo,PB,Poço tubular,,-6.6425,-38.547222,50,1021,1.021,,True,2008-08-19,1999-06-01,,
2600034896,Triunfo,PB,Poço tubular,,-6.6425,-38.548611,50,904,0.904,,True,2008-08-19,1999-06-01,,
2600034897,Triunfo,PB,Poço tubular,,-6.641666,-38.548611,50,1162,1.162,,True,2008-08-19,1999-06-01,,
2600034898,Triunfo,PB,Poço tubular,,-6.621388,-38.566666,51,771,0.771,,True,2008-08-19,1999-06-01,,
2600034899,Triunfo,PB,Poço tubular,,-6.618888,-38.564722,50,726,0.726,,True,2008-08-19,1999-06-01,,
2600034900,Triunfo,PB,Poço tubular,,-6.623055,-38.562777,42,403,0.403,,True,2008-08-19,2000-06-01,,
2600034902,Triunfo,PB,Poço tubular,,-6.624166,-38.556111,52,785,0.785,,True,2008-08-19,1998-06-01,,
2600034903,Triunfo,PB,Poço tubular,,-6.623333,-38.556111,55,600,0.6,,True,2008-08-19,2000-06-01,,
2600034904,Triunfo,PB,Poço tubular,,-6.6275,-38.556944,40,1497,1.497,,True,2008-08-19,2000-06-01,,
2600034905,Triunfo,PB,Poço tubular,,-6.627222,-38.556666,50,1135,1.135,,True,2008-08-19,1999-04-29,,
2600034906,Triunfo,PB,Poço tubular,,-6.638055,-38.551666,50,962,0.962,,True,2008-08-19,1999-06-01,,
2600034907,Triunfo,PB,Poço tubular,,-6.638333,-38.549444,52,1642,1.642,,True,2008-08-19,1999-06-01,,
2600034908,Triunfo,PB,Poço tubular,,-6.662222,-38.530555,40,2790,2.79,,True,2008-08-20,2001-06-01,,
2600034909,Triunfo,PB,Poço tubular,,-6.661111,-38.530833,55,1491,1.491,,True,2008-08-20,1999-06-01,,
2600034910,Triunfo,PB,Poço tubular,,-6.661944,-38.533611,49,1178,1.178,,True,2008-08-20,2000-06-01,,
2600034911,Triunfo,PB,Poço tubular,,-6.648611,-38.529722,49,1211,1.211,,True,2008-08-20,1999-06-01,,
2600034912,Triunfo,PB,Poço tubular,,-6.649722,-38.529444,50,1240,1.24,,True,2008-08-20,1999-06-01,,
2600034913,Triunfo,PB,Poço tubular,,-6.645833,-38.529166,51,1026,1.026,,True,2008-08-20,1999-06-01,,
2600034914,Triunfo,PB,Poço tubular,,-6.645,-38.529444,50,952,0.952,,True,2008-08-20,1999-06-01,,
2600034915,Triunfo,PB,Poço tubular,,-6.645833,-38.531388,50,1130,1.13,,True,2008-08-20,1999-06-01,,
2600034916,Triunfo,PB,Poço tubular,,-6.641944,-38.5275,50,1158,1.158,,True,2008-08-20,1998-06-01,,
2600034917,Triunfo,PB,Poço tubular,,-6.639444,-38.526944,50,1245,1.245,,True,2008-08-20,1999-06-01,,
2600034918,Triunfo,PB,Poço tubular,,-6.6375,-38.528333,51,873,0.873,,True,2008-08-20,1999-06-01,,
2600034919,Triunfo,PB,Poço tubular,,-6.633333,-38.527777,50,1555,1.555,,True,2008-08-21,2001-03-15,,
2600034920,Triunfo,PB,Poço tubular,,-6.633055,-38.531111,50,1315,1.315,,True,2008-08-21,2000-06-24,,
2600034921,Triunfo,PB,Poço tubular,,-6.629444,-38.531944,50,765,0.765,,True,2008-08-21,1999-06-01,,
2600034922,Triunfo,PB,Poço tubular,,-6.632777,-38.533611,73,874,0.874,,True,2008-08-21,2001-06-01,,
2600034923,Triunfo,PB,Poço tubular,,-6.632777,-38.5425,41,764,0.764,,True,2008-08-21,2000-06-01,,
2600034924,Triunfo,PB,Poço tubular,,-6.63,-38.545277,50,811,0.811,,True,2008-08-21,1998-06-01,,
2600034925,Triunfo,PB,Poço tubular,,-6.635555,-38.543888,50,984,0.984,,True,2008-08-21,1992-06-01,,
2600034926,Triunfo,PB,Poço tubular,,-6.611944,-38.570277,55,935,0.935,,True,2008-08-21,2000-06-01,,
2600034927,Triunfo,PB,Poço tubular,,-6.614166,-38.563611,47,772,0.772,,True,2008-08-21,1990-06-01,,
2600034928,Triunfo,PB,Poço tubular,,-6.6175,-38.561388,50,646,0.646,,True,2008-08-22,2000-06-01,,
2600034929,Triunfo,PB,Poço tubular,,-6.615,-38.561944,51,984,0.984,,True,2008-08-22,2000-06-01,,
2600034930,Triunfo,PB,Poço tubular,,-6.696666,-38.545277,50,684,0.684,,True,2008-08-22,1980-06-01,,
2600034932,Triunfo,PB,Poço tubular,,-6.696111,-38.543611,50,574,0.574,,True,2008-08-22,2002-11-24,,
2600034933,Triunfo,PB,Poço tubular,,-6.584722,-38.562222,50,632,0.632,,True,2008-08-22,1999-06-01,,
2600034934,Triunfo,PB,Poço tubular,,-6.584166,-38.556111,50,977,0.977,,True,2008-08-22,1999-06-01,,
2600034935,Triunfo,PB,Poço tubular,,-6.590833,-38.559166,50,922,0.922,,True,2008-08-22,1999-06-01,,
2600034936,Triunfo,PB,Poço tubular,,-6.582222,-38.555833,40,685,0.685,,True,2008-08-22,2002-11-01,,
2600034937,Triunfo,PB,Poço tubular,,-6.576388,-38.548611,114,1441,1.441,,True,2008-08-22,1995-06-01,,
2600034938,Triunfo,PB,Poço tubular,,-6.589722,-38.554444,50,1292,1.292,,True,2008-08-22,2001-06-01,,
2600034939,Triunfo,PB,Poço tubular,,-6.589166,-38.558888,40,881,0.881,,True,2008-08-22,2000-06-01,,
2600034940,Triunfo,PB,Poço tubular,,-6.586388,-38.560555,50,671,0.671,,True,2008-08-22,2002-11-26,,
2600034941,Triunfo,PB,Poço tubular,,-6.586666,-38.559444,50,973,0.973,,True,2008-08-22,1999-06-01,,
2600034942,Triunfo,PB,Poço tubular,,-6.591944,-38.554722,42,991,0.991,,True,2008-08-22,2001-06-01,,
2600034943,Triunfo,PB,Poço tubular,,-6.595277,-38.5575,49,1110,1.11,,True,2008-08-22,2001-01-17,,
2600034944,Triunfo,PB,Poço tubular,,-6.596111,-38.554166,60,846,0.846,,True,2008-08-22,1982-06-01,,
2600034945,Triunfo,PB,Poço tubular,,-6.597222,-38.558888,50,689,0.689,,True,2008-08-22,1999-06-01,,
2600034946,Triunfo,PB,Poço tubular,,-6.599166,-38.557777,50,732,0.732,,True,2008-08-22,1999-06-01,,
2600034947,Triunfo,PB,Poço tubular,,-6.594166,-38.559444,50,713,0.713,,True,2008-08-22,2002-06-01,,
2600034948,Triunfo,PB,Poço tubular,,-6.591944,-38.563888,50,552,0.552,,True,2008-08-22,1999-06-01,,
2600034949,Triunfo,PB,Poço tubular,,-6.591666,-38.564166,45,575,0.575,,True,2008-08-22,1989-06-01,,
2600034950,Triunfo,PB,Poço tubular,,-6.591944,-38.565833,40,661,0.661,,True,2008-08-22,2002-01-01,,
2600034951,Triunfo,PB,Poço tubular,,-6.596944,-38.538888,36,1167,1.167,,True,2008-08-22,1994-06-01,,
2600034952,Triunfo,PB,Poço tubular,,-6.602222,-38.54,39,726,0.726,,True,2008-08-22,2002-09-01,,
2600034953,Triunfo,PB,Poço tubular,,-6.621944,-38.551666,37,769,0.769,,True,2008-08-22,2000-06-01,,
2600034954,Triunfo,PB,Poço tubular,,-6.619722,-38.548611,50,766,0.766,,True,2008-08-22,1990-06-01,,
2600034955,Triunfo,PB,Poço tubular,,-6.616666,-38.545,51,547,0.547,,True,2008-09-01,2000-06-01,,
2600034956,Triunfo,PB,Poço tubular,,-6.615555,-38.539166,50,897,0.897,,True,2008-09-01,2000-06-01,,
2600034957,Triunfo,PB,Poço tubular,,-6.612222,-38.532777,50,641,0.641,,True,2008-09-01,2002-01-01,,
2600034958,Poço de José de Moura,PB,Poço tubular,,-6.612222,-38.531666,36,630,0.63,,True,2008-09-01,1990-06-01,,
2600034959,Triunfo,PB,Poço tubular,,-6.610833,-38.541666,70,592,0.592,,True,2008-09-01,1992-06-01,,
2600034960,Cajazeirinhas,PB,Poço tubular,,-6.984722,-37.821944,24,1509,1.509,,True,2008-09-01,2001-07-01,,
2600034961,Cajazeirinhas,PB,Poço tubular,,-7.004444,-37.876111,32,1715,1.715,,True,2008-09-01,2002-12-07,,
2600034962,Cajazeirinhas,PB,Poço tubular,,-7.007222,-37.881666,35,1247,1.247,,True,2008-09-01,2000-12-01,,
2600034963,Pombal,PB,Poço tubular,,-6.996666,-37.9075,35,619,0.619,,True,2008-09-01,1998-06-01,,
2600034964,Cajazeirinhas,PB,Poço tubular,,-6.931944,-37.843333,40.5,1008,1.008,,True,2008-09-01,2000-08-01,,
2600034966,Cajazeirinhas,PB,Poço tubular,,-6.975833,-37.802777,19,1393,1.393,,True,2008-09-01,1983-06-01,,
2600034967,Cajazeirinhas,PB,Poço tubular,,-6.981388,-37.863888,55,1514,1.514,,True,2008-09-02,2000-06-01,,
2600034968,Pombal,PB,Poço tubular,,-6.988888,-37.908055,40,1116,1.116,,True,2008-09-02,1988-06-01,,
2600034970,Cajazeirinhas,PB,Poço tubular,,-6.978888,-37.914722,50,1010,1.01,,True,2008-09-02,1983-06-01,,
2600034971,Cajazeirinhas,PB,Poço tubular,,-6.959444,-37.797777,45,1109,1.109,,True,2008-09-02,2000-06-01,,
2600034972,Cajazeirinhas,PB,Poço tubular,,-6.940833,-37.809166,56,1052,1.052,,True,2008-09-02,1983-06-01,,
2600034973,Cajazeirinhas,PB,Poço tubular,,-6.9025,-37.806111,45,980,0.98,,True,2008-09-02,2000-06-01,,
2600034975,Cajazeirinhas,PB,Poço tubular,,-6.892777,-37.7825,50,654,0.654,,True,2008-09-02,1980-06-01,,
2600034976,Conceição,PB,Poço tubular,,-7.534722,-38.556111,39,891,0.891,,True,2008-09-03,1990-06-01,,
2600034977,Conceição,PB,Poço tubular,,-7.512777,-38.503055,38,612,0.612,,True,2008-09-03,2002-11-01,,
2600034979,Conceição,PB,Poço tubular,,-7.55,-38.531388,24,546,0.546,,True,2008-09-03,2002-12-05,,
2600034980,Conceição,PB,Poço tubular,,-7.47,-38.534722,32,1014,1.014,,True,2008-09-03,1983-06-01,,
2600034982,São João do Rio do Peixe,PB,Poço tubular,,-6.629167,-38.356111,50,1020,1.02,,True,2008-09-04,1997-06-01,,
2600034983,São João do Rio do Peixe,PB,Poço tubular,,-6.635833,-38.365278,50,884,0.884,,True,2008-09-04,2002-12-19,,
2600034984,São João do Rio do Peixe,PB,Poço tubular,,-6.603333,-38.379167,50,849,0.849,,True,2008-09-04,2002-06-01,,
2600034987,São João do Rio do Peixe,PB,Poço tubular,,-6.628889,-38.355,31,1069,1.069,,True,2008-09-04,2002-12-19,,
2600034989,São João do Rio do Peixe,PB,Poço tubular,,-6.586111,-38.368889,60,816,0.816,,True,2008-09-04,2002-12-19,,
2600034990,São João do Rio do Peixe,PB,Poço tubular,,-6.584444,-38.369167,44,894,0.894,,True,2008-09-04,2000-11-01,,
2600034991,São João do Rio do Peixe,PB,Poço tubular,,-6.623611,-38.442222,30,1069,1.069,,True,2008-09-04,1990-03-21,,
2600034994,São João do Rio do Peixe,PB,Poço tubular,,-6.636944,-38.423056,50,1527,1.527,,True,2008-09-05,1996-11-28,,
2600034995,São João do Rio do Peixe,PB,Poço tubular,,-6.643056,-38.418611,35,1234,1.234,,True,2008-09-05,2000-09-07,,
2600034996,São João do Rio do Peixe,PB,Poço tubular,,-6.640556,-38.421667,25,2660,2.66,,True,2008-09-05,2001-10-20,,
2600034997,São João do Rio do Peixe,PB,Poço tubular,,-6.641944,-38.428611,24,564,0.564,,True,2008-09-05,2002-08-02,,
2600035000,São João do Rio do Peixe,PB,Poço tubular,,-6.657222,-38.432222,45,965,0.965,,True,2008-09-05,2002-07-14,,
2600035001,São João do Rio do Peixe,PB,Poço tubular,,-6.65,-38.435,20,1525,1.525,,True,2008-09-05,1999-10-27,,
2600035002,São João do Rio do Peixe,PB,Poço tubular,,-6.651111,-38.436111,20,600,0.6,,True,2008-09-05,1999-04-28,,
2600035003,São João do Rio do Peixe,PB,Poço tubular,,-6.653333,-38.438056,15,1227,1.227,,True,2008-09-05,1999-08-02,,
2600035004,São João do Rio do Peixe,PB,Poço tubular,,-6.651944,-38.437778,18,866,0.866,,True,2008-09-05,1998-12-01,,
2600035007,São João do Rio do Peixe,PB,Poço tubular,,-6.650833,-38.438333,32,1543,1.543,,True,2008-09-15,2000-07-29,,
2600035008,São João do Rio do Peixe,PB,Poço tubular,,-6.650278,-38.438889,50,882,0.882,,True,2008-09-15,2002-12-17,,
2600035009,São João do Rio do Peixe,PB,Poço tubular,,-6.666389,-38.446111,51,1440,1.44,,True,2008-09-15,1998-04-24,,
2600035010,São João do Rio do Peixe,PB,Poço tubular,,-6.663056,-38.448611,30,1026,1.026,,True,2008-09-15,1998-05-17,,
2600035013,São João do Rio do Peixe,PB,Poço tubular,,-6.704444,-38.432222,50,3890,3.89,,True,2008-09-15,1988-04-29,,
2600035014,São João do Rio do Peixe,PB,Poço tubular,,-6.7,-38.427778,50,939,0.939,,True,2008-09-15,1988-10-29,,
2600035015,São João do Rio do Peixe,PB,Poço tubular,,-6.731389,-38.453889,42,802,0.802,,True,2008-09-15,1999-11-30,,
2600035017,São João do Rio do Peixe,PB,Poço tubular,,-6.731389,-38.458056,38,718,0.718,,True,2008-09-15,2002-12-18,,
2600035018,São João do Rio do Peixe,PB,Poço tubular,,-6.731667,-38.459167,19,2450,2.45,,True,2008-09-15,1999-08-29,,
2600035019,São João do Rio do Peixe,PB,Poço tubular,,-6.731667,-38.4625,35,695,0.695,,True,2008-09-15,1999-01-30,,
2600035020,São João do Rio do Peixe,PB,Poço tubular,,-6.735833,-38.459444,60,650,0.65,,True,2008-09-15,1998-04-17,,
2600035021,São João do Rio do Peixe,PB,Poço tubular,,-6.717778,-38.464444,48,1028,1.028,,True,2008-09-16,1998-06-01,,
2600035022,São João do Rio do Peixe,PB,Poço tubular,,-6.742778,-38.443333,36,584,0.584,,True,2008-09-16,2000-08-01,,
2600035023,São João do Rio do Peixe,PB,Poço tubular,,-6.716111,-38.416111,33,1243,1.243,,True,2008-09-16,1991-06-01,,
2600035024,São João do Rio do Peixe,PB,Poço tubular,,-6.711389,-38.4075,50,1195,1.195,,True,2008-09-16,2002-09-01,,
2600035025,São João do Rio do Peixe,PB,Poço tubular,,-6.721944,-38.391111,50,880,0.88,,True,2008-09-16,1996-06-01,,
2600035026,São João do Rio do Peixe,PB,Poço tubular,,-6.7225,-38.388889,32,975,0.975,,True,2008-09-16,2000-06-01,,
2600035028,São João do Rio do Peixe,PB,Poço tubular,,-6.724722,-38.383889,50,718,0.718,,True,2008-09-16,1983-06-01,,
2600035029,São João do Rio do Peixe,PB,Poço tubular,,-6.714444,-38.375,50,863,0.863,,True,2008-09-22,1980-06-01,,
2600035030,São João do Rio do Peixe,PB,Poço tubular,,-6.710278,-38.376667,43,836,0.836,,True,2008-09-22,1998-06-01,,
2600035032,São João do Rio do Peixe,PB,Poço tubular,,-6.709444,-38.378611,50,806,0.806,,True,2008-09-22,1998-06-01,,
2600035033,São João do Rio do Peixe,PB,Poço tubular,,-6.709722,-38.379444,37,846,0.846,,True,2008-09-22,1980-06-01,,
2600035034,São João do Rio do Peixe,PB,Poço tubular,,-6.723889,-38.376944,27,887,0.887,,True,2008-09-22,2001-06-01,,
2600035035,São João do Rio do Peixe,PB,Poço tubular,,-6.724167,-38.381944,38,926,0.926,,True,2008-09-22,1999-06-01,,
2600035036,São João do Rio do Peixe,PB,Poço tubular,,-6.705833,-38.3825,32,805,0.805,,True,2008-09-22,2000-06-01,,
2600035037,São João do Rio do Peixe,PB,Poço tubular,,-6.710278,-38.437222,50,1204,1.204,,True,2008-09-23,1999-06-01,,
2600035038,São João do Rio do Peixe,PB,Poço tubular,,-6.712778,-38.438056,45,3830,3.83,,True,2008-09-23,1983-06-01,,
2600035039,São João do Rio do Peixe,PB,Poço tubular,,-6.706111,-38.418333,30,1555,1.555,,True,2008-09-23,1994-06-01,,
2600035041,Sousa,PB,Poço tubular,,-6.671111,-38.333889,20,776,0.776,,True,2008-09-23,1999-06-01,,
2600035042,São João do Rio do Peixe,PB,Poço tubular,,-6.671111,-38.3675,51,650,0.65,,True,2008-09-23,1999-06-01,,
2600035043,São João do Rio do Peixe,PB,Poço tubular,,-6.670278,-38.366667,38,830,0.83,,True,2008-09-23,1999-06-01,,
2600035044,São João do Rio do Peixe,PB,Poço tubular,,-6.640278,-38.377778,48,939,0.939,,True,2008-09-23,1977-09-07,,
2600035045,São João do Rio do Peixe,PB,Poço tubular,,-6.717222,-38.396667,56,1141,1.141,,True,2008-09-23,1993-06-01,,
2600035046,São João do Rio do Peixe,PB,Poço tubular,,-6.719444,-38.458889,45,723,0.723,,True,2008-09-23,2002-12-19,,
2600035047,São João do Rio do Peixe,PB,Poço tubular,,-6.72,-38.461389,50,707,0.707,,True,2008-09-23,2002-12-19,,
2600035048,São João do Rio do Peixe,PB,Poço tubular,,-6.719722,-38.458611,56,891,0.891,,True,2008-09-23,2002-12-19,,
2600035049,São João do Rio do Peixe,PB,Poço tubular,,-6.716944,-38.457222,52,890,0.89,,True,2008-09-24,2002-12-19,,
2600035050,São João do Rio do Peixe,PB,Poço tubular,,-6.708056,-38.438333,28,1457,1.457,,True,2008-09-24,2002-12-19,,
2600035051,São João do Rio do Peixe,PB,Poço tubular,,-6.709167,-38.4375,30,2430,2.43,,True,2008-09-24,2002-12-19,,
2600035052,São João do Rio do Peixe,PB,Poço tubular,,-6.707778,-38.4375,50,1825,1.825,,True,2008-09-24,2001-06-01,,
2600035054,São João do Rio do Peixe,PB,Poço tubular,,-6.715278,-38.440833,50,1687,1.687,,True,2008-09-24,2002-12-19,,
2600035056,São João do Rio do Peixe,PB,Poço tubular,,-6.722778,-38.444722,50,6870,6.87,,True,2008-09-24,2002-12-19,,
2600035057,São João do Rio do Peixe,PB,Poço tubular,,-6.8175,-38.401944,50,971,0.971,,True,2008-09-24,2002-06-01,,
2600035058,São João do Rio do Peixe,PB,Poço tubular,,-6.818056,-38.401944,50,921,0.921,,True,2008-09-24,2000-06-01,,
2600035059,São João do Rio do Peixe,PB,Poço tubular,,-6.82,-38.400278,50,849,0.849,,True,2008-09-24,1999-06-01,,
2600035060,São João do Rio do Peixe,PB,Poço tubular,,-6.821389,-38.4,50,716,0.716,,True,2008-09-24,2001-05-01,,
2600035061,São João do Rio do Peixe,PB,Poço tubular,,-6.818056,-38.397222,50,966,0.966,,True,2008-09-24,2002-09-01,,
2600035063,São João do Rio do Peixe,PB,Poço tubular,,-6.816667,-38.400556,50,1114,1.114,,True,2008-09-24,1999-12-24,,
2600035064,São João do Rio do Peixe,PB,Poço tubular,,-6.807222,-38.363333,50,528,0.528,,True,2008-09-25,2000-06-01,,
2600035065,São João do Rio do Peixe,PB,Poço tubular,,-6.807222,-38.365278,50,669,0.669,,True,2008-09-25,2000-06-01,,
2600035067,São João do Rio do Peixe,PB,Poço tubular,,-6.801944,-38.370278,50,2360,2.36,,True,2008-09-25,2000-06-01,,
2600035068,São João do Rio do Peixe,PB,Poço tubular,,-6.803333,-38.371111,50,895,0.895,,True,2008-09-25,2000-06-01,,
2600035069,São João do Rio do Peixe,PB,Poço tubular,,-6.801389,-38.376667,50,1174,1.174,,True,2008-09-25,1998-06-01,,
2600035071,São João do Rio do Peixe,PB,Poço tubular,,-6.788889,-38.374167,50,924,0.924,,True,2008-09-25,2001-09-01,,
2600035072,São João do Rio do Peixe,PB,Poço tubular,,-6.788889,-38.376389,50,1606,1.606,,True,2008-09-26,2000-06-01,,
2600035073,São João do Rio do Peixe,PB,Poço tubular,,-6.786389,-38.389722,55,1501,1.501,,True,2008-09-26,2000-06-01,,
2600035074,São João do Rio do Peixe,PB,Poço tubular,,-6.7875,-38.386667,50,1027,1.027,,True,2008-09-26,1987-06-01,,
2600035075,São João do Rio do Peixe,PB,Poço tubular,,-6.7875,-38.387222,50,1089,1.089,,True,2008-09-26,2001-06-01,,
2600035076,São João do Rio do Peixe,PB,Poço tubular,,-6.786944,-38.385278,50,1274,1.274,,True,2008-09-26,1980-06-01,,
2600035077,São João do Rio do Peixe,PB,Poço tubular,,-6.786389,-38.381944,50,1091,1.091,,True,2008-09-26,2002-09-01,,
2600035078,São João do Rio do Peixe,PB,Poço tubular,,-6.788056,-38.373056,50,1058,1.058,,True,2008-09-26,1993-06-01,,
2600035079,São João do Rio do Peixe,PB,Poço tubular,,-6.714444,-38.464167,45,1185,1.185,,True,2008-09-29,1970-06-01,,
2600035080,São João do Rio do Peixe,PB,Poço tubular,,-6.715278,-38.465278,42,1051,1.051,,True,2008-09-29,1994-06-01,,
2600035081,São João do Rio do Peixe,PB,Poço tubular,,-6.717778,-38.463889,48,889,0.889,,True,2008-09-29,1998-06-01,,
2600035082,São João do Rio do Peixe,PB,Poço tubular,,-6.713611,-38.375556,34,842,0.842,,True,2008-09-29,2000-06-01,,
2600035084,São João do Rio do Peixe,PB,Poço tubular,,-6.713056,-38.379167,58,851,0.851,,True,2008-09-29,1996-12-01,,
2600035086,São João do Rio do Peixe,PB,Poço tubular,,-6.723611,-38.372778,21.5,915,0.915,,True,2008-09-29,1994-06-01,,
2600035087,São João do Rio do Peixe,PB,Poço tubular,,-6.723889,-38.380556,45,901,0.901,,True,2008-09-29,2001-06-01,,
2600035088,São João do Rio do Peixe,PB,Poço tubular,,-6.703611,-38.381944,50,900,0.9,,True,2008-09-29,1998-06-01,,
2600035089,São João do Rio do Peixe,PB,Poço tubular,,-6.713333,-38.436111,30,941,0.941,,True,2008-09-30,1986-06-01,,
2600035090,São João do Rio do Peixe,PB,Poço tubular,,-6.714167,-38.436111,40,933,0.933,,True,2008-09-30,2000-06-01,,
2600035091,São João do Rio do Peixe,PB,Poço tubular,,-6.715,-38.4375,50,945,0.945,,True,2008-09-30,2001-06-01,,
2600035092,São João do Rio do Peixe,PB,Poço tubular,,-6.699167,-38.411944,50,769,0.769,,True,2008-09-30,1980-06-01,,
2600035093,São João do Rio do Peixe,PB,Poço tubular,,-6.698889,-38.411667,50,832,0.832,,True,2008-09-30,2002-09-01,,
2600035094,São João do Rio do Peixe,PB,Poço tubular,,-6.672778,-38.365,36,783,0.783,,True,2008-10-03,2001-06-01,,
2600035096,São João do Rio do Peixe,PB,Poço tubular,,-6.651389,-38.439167,37,1005,1.005,,True,2008-10-03,1999-12-02,,
2600035097,São João do Rio do Peixe,PB,Poço tubular,,-6.735,-38.459444,60,541,0.541,,True,2008-10-03,2000-10-27,,
2600035098,São João do Rio do Peixe,PB,Poço tubular,,-6.599722,-38.381944,21,1354,1.354,,True,2008-10-03,1982-06-29,,
2600035099,São João do Rio do Peixe,PB,Poço tubular,,-6.601111,-38.385556,51,1697,1.697,,True,2008-10-03,2000-03-06,,
2600035100,São João do Rio do Peixe,PB,Poço tubular,,-6.605556,-38.388889,54,1044,1.044,,True,2008-10-03,1999-09-22,,
2600035102,São João do Rio do Peixe,PB,Poço tubular,,-6.599444,-38.381667,25,1656,1.656,,True,2008-10-06,1978-02-15,,
2600035103,Brejo do Cruz,PB,Poço tubular,,-6.250555,-37.576666,50,1044,1.044,,True,2008-09-09,2002-11-20,,
2600035104,Brejo do Cruz,PB,Poço tubular,,-6.250555,-37.578055,50,784,0.784,,True,2008-09-09,2000-06-01,,
2600035106,Brejo do Cruz,PB,Poço tubular,,-6.270277,-37.528055,45,1182,1.182,,True,2008-09-09,1995-06-01,,
2600035108,Brejo do Cruz,PB,Poço tubular,,-6.366666,-37.404166,48,268,0.268,,True,2008-09-09,2001-06-01,,
2600035109,Brejo do Cruz,PB,Poço tubular,,-6.361944,-37.399444,45,3580,3.58,,True,2008-09-09,1999-06-01,,
2600035110,Brejo do Cruz,PB,Poço tubular,,-6.342777,-37.4,47,3630,3.63,,True,2008-09-09,2001-06-01,,
2600035111,Brejo do Cruz,PB,Poço tubular,,-6.351944,-37.487222,45,462,0.462,,True,2008-09-10,1998-06-01,,
2600035114,Brejo do Cruz,PB,Poço tubular,,-6.353333,-37.498333,20,1371,1.371,,True,2008-09-10,2002-11-21,,
2600035115,Brejo do Cruz,PB,Poço tubular,,-6.310555,-37.489166,48,3610,3.61,,True,2008-09-10,1997-06-01,,
2600035116,Brejo do Cruz,PB,Poço tubular,,-6.351111,-37.501111,30,13600,13.6,,True,2008-09-10,1998-06-01,,
2600035117,Brejo do Cruz,PB,Poço tubular,,-6.335,-37.484444,30,2380,2.38,,True,2008-09-10,1998-06-01,,
2600035118,Brejo do Cruz,PB,Poço tubular,,-6.348611,-37.505,48,1163,1.163,,True,2008-09-10,1997-06-01,,
2600035120,São Bentinho,PB,Poço tubular,,-6.826666,-37.714166,43,2140,2.14,,True,2008-09-11,1984-06-01,,
2600035121,São Bentinho,PB,Poço tubular,,-6.816111,-37.707222,45,720,0.72,,True,2008-09-11,1984-08-10,,
2600035122,São Bentinho,PB,Poço tubular,,-6.836666,-37.715,45,334,0.334,,True,2008-09-11,1999-07-15,,
2600035123,São Bentinho,PB,Poço tubular,,-6.849722,-37.701666,48,1465,1.465,,True,2008-09-11,2001-08-10,,
2600035124,São Bentinho,PB,Poço tubular,,-6.878333,-37.784444,42,701,0.701,,True,2008-09-11,1992-08-10,,
2600035125,Pombal,PB,Poço tubular,,-6.868888,-37.790277,36,1422,1.422,,True,2008-09-11,1980-07-12,,
2600035126,Pombal,PB,Poço tubular,,-6.872777,-37.793055,21,1680,1.68,,True,2008-09-11,2002-09-10,,
2600035127,Cajazeirinhas,PB,Poço tubular,,-6.886944,-37.823888,35,1335,1.335,,True,2008-09-12,1994-06-11,,
2600035128,São Bentinho,PB,Poço tubular,,-6.884166,-37.728333,32,1613,1.613,,True,2008-09-12,2002-01-01,,
2600035129,São Bentinho,PB,Poço tubular,,-6.875833,-37.733333,50,1055,1.055,,True,2008-09-12,1999-08-12,,
2600035130,São Bentinho,PB,Poço tubular,,-6.882222,-37.7325,48,829,0.829,,True,2008-09-12,1999-08-15,,
2600035133,Pombal,PB,Poço tubular,,-6.851111,-37.784444,16,762,0.762,,True,2008-09-23,2002-07-10,,
2600035135,Pombal,PB,Poço tubular,,-6.835555,-37.758055,48,835,0.835,,True,2008-09-23,1998-07-10,,
2600035136,São Bentinho,PB,Poço tubular,,-6.840833,-37.745,45,1132,1.132,,True,2008-09-23,1982-08-10,,
2600035137,São Bentinho,PB,Poço tubular,,-6.864722,-37.679166,46,2480,2.48,,True,2008-09-23,1986-10-10,,
2600035140,Cajazeirinhas,PB,Poço tubular,,-6.899166,-37.763055,36,705,0.705,,True,2008-09-23,1998-08-10,,
2600035141,São Bentinho,PB,Poço tubular,,-6.9025,-37.725277,45,746,0.746,,True,2008-09-23,1983-08-10,,
2600035142,São Bentinho,PB,Poço tubular,,-6.955555,-37.699444,28,770,0.77,,True,2008-09-23,1998-12-10,,
2600035143,São Bentinho,PB,Poço tubular,,-6.907777,-37.693611,24,521,0.521,,True,2008-09-23,2000-08-10,,
2600035144,Sousa,PB,Poço tubular,,-6.733888,-38.307222,50,1265,1.265,,True,2008-09-24,2001-06-01,,
2600035145,Sousa,PB,Poço tubular,,-6.710833,-38.321388,50,1007,1.007,,True,2008-09-24,2002-05-01,,
2600035146,Sousa,PB,Poço tubular,,-6.693333,-38.333333,50,1128,1.128,,True,2008-09-25,2002-12-19,,
2600035147,Aparecida,PB,Poço tubular,,-6.745833,-38.083888,40,936,0.936,,True,2008-09-25,2002-12-13,,
2600035148,Sousa,PB,Poço tubular,,-6.723611,-38.286944,50,1250,1.25,,True,2008-09-25,1979-09-01,,
2600035149,Sousa,PB,Poço tubular,,-6.735,-38.302222,50,1159,1.159,,True,2008-09-25,2002-08-01,,
2600035150,Sousa,PB,Poço tubular,,-6.725277,-38.281944,26,1390,1.39,,True,2008-09-25,2002-06-01,,
2600035151,Aparecida,PB,Poço tubular,,-6.781944,-38.095,50,1625,1.625,,True,2008-09-25,2002-12-15,,
2600035152,Sousa,PB,Poço tubular,,-6.735,-38.3025,50,1159,1.159,,True,2008-09-25,1998-06-01,,
2600035153,Sousa,PB,Poço tubular,,-6.690277,-38.253888,48,827,0.827,,True,2008-09-25,2002-12-19,,
2600035155,Aparecida,PB,Poço tubular,,-6.736944,-38.082777,50,449,0.449,,True,2008-09-25,2001-07-28,,
2600035156,Aparecida,PB,Poço tubular,,-6.815,-38.119722,50,1583,1.583,,True,2008-09-25,1986-11-22,,
2600035157,Sousa,PB,Poço tubular,,-6.689722,-38.343611,50,800,0.8,,True,2008-09-25,2002-12-16,,
2600035158,Sousa,PB,Poço tubular,,-6.699444,-38.311388,50,1858,1.858,,True,2008-09-25,1986-06-01,,
2600035160,Aparecida,PB,Poço tubular,,-6.760555,-38.123888,6.7,1892,1.892,,True,2008-09-25,2008-08-17,,
2600035163,Sousa,PB,Poço tubular,,-6.825277,-38.180555,50,899,0.899,,True,2008-09-25,2000-06-01,,
2600035166,Sousa,PB,Poço tubular,,-6.7225,-38.335,50,1083,1.083,,True,2008-09-25,1998-09-13,,
2600035167,Sousa,PB,Poço tubular,,-6.718611,-38.313333,50,1368,1.368,,True,2008-09-26,2002-12-21,,
2600035168,São Francisco,PB,Poço tubular,,-6.678055,-38.091388,20,1082,1.082,,True,2008-09-26,2002-09-20,,
2600035169,Sousa,PB,Poço tubular,,-6.845277,-38.123055,3.5,755,0.755,,True,2008-09-26,2008-08-17,,
2600035170,Sousa,PB,Poço tubular,,-6.780277,-38.221388,35,2040,2.04,,True,2008-09-26,1998-06-01,,
2600035171,Sousa,PB,Poço tubular,,-6.796666,-38.198333,41,1114,1.114,,True,2008-09-26,2008-08-17,,
2600035172,Aparecida,PB,Poço tubular,,-6.781388,-38.087777,17,653,0.653,,True,2008-09-26,2002-12-14,,
2600035173,São João do Rio do Peixe,PB,Poço tubular,,-6.671388,-38.367777,51,776,0.776,,True,2008-09-30,1999-06-01,,
2600035176,Sousa,PB,Poço tubular,,-6.638055,-38.303888,50,588,0.588,,True,2008-09-30,2002-12-19,,
2600035179,Aparecida,PB,Poço tubular,,-6.7725,-38.088333,50,1371,1.371,,True,2008-09-30,2002-12-14,,
2600035180,Sousa,PB,Poço tubular,,-6.690277,-38.280277,100,990,0.99,,True,2008-09-30,2002-12-20,,
2600035183,Sousa,PB,Poço tubular,,-6.810833,-38.157777,5,1574,1.574,,True,2008-09-30,2002-12-20,,
2600035185,Bernardino Batista,PB,Poço tubular,,-6.456111,-38.565833,30,1431,1.431,,True,2008-09-30,1997-06-01,,
2600035190,Bernardino Batista,PB,Poço tubular,,-6.468611,-38.564166,30,2170,2.17,,True,2008-09-30,2002-11-15,,
2600035194,Bernardino Batista,PB,Poço tubular,,-6.486111,-38.565277,43,1742,1.742,,True,2008-09-30,2000-06-01,,
2600035196,Bernardino Batista,PB,Poço tubular,,-6.518333,-38.591388,16,1852,1.852,,True,2008-09-30,1999-06-01,,
2600035199,Poço Dantas,PB,Poço tubular,,-6.435555,-38.543055,45,1076,1.076,,True,2008-09-30,1998-06-01,,
2600035203,Joca Claudino,PB,Poço tubular,,-6.453888,-38.516111,46,538,0.538,,True,2008-09-30,2002-04-01,,
2600035207,Parari,PB,Poço tubular,,-7.308055,-36.698888,50,2620,2.62,,True,2008-10-02,1957-06-01,,
2600035208,Parari,PB,Poço tubular,,-7.303611,-36.7325,45,1351,1.351,,True,2008-10-02,1999-06-01,,
2600035209,Parari,PB,Poço tubular,,-7.305833,-36.729444,50,18280,18.28,,True,2008-10-02,2002-12-14,,
2600035210,Parari,PB,Poço tubular,,-7.310277,-36.75,9.1,3620,3.62,,True,2008-10-02,2002-12-15,,
2600035211,Parari,PB,Poço tubular,,-7.315555,-36.730277,45,3150,3.15,,True,2008-10-02,2002-06-01,,
2600035212,Parari,PB,Poço tubular,,-7.32,-36.734722,50,4150,4.15,,True,2008-10-02,2002-06-01,,
2600035213,Parari,PB,Poço tubular,,-7.331944,-36.719166,45,10350,10.35,,True,2008-10-02,2002-12-14,,
2600035214,Parari,PB,Poço tubular,,-7.312222,-36.725555,45,1718,1.718,,True,2008-10-02,2002-12-14,,
2600035216,Parari,PB,Poço tubular,,-7.345833,-36.725833,50,1092,1.092,,True,2008-10-02,2002-12-14,,
2600035217,Parari,PB,Poço tubular,,-7.379166,-36.666388,38,2940,2.94,,True,2008-10-02,1992-06-01,,
2600035218,Parari,PB,Poço tubular,,-7.334166,-36.718333,50,2850,2.85,,True,2008-10-02,2002-12-14,,
2600035219,Parari,PB,Poço tubular,,-7.310555,-36.75,50,3650,3.65,,True,2008-10-03,2002-12-15,,
2600035220,Parari,PB,Poço tubular,,-7.375833,-36.666944,45,9900,9.9,,True,2008-10-03,1999-06-01,,
2600035221,Taperoá,PB,Poço tubular,,-7.303888,-36.802222,60,16500,16.5,,True,2008-10-03,1996-06-01,,
2600035222,Parari,PB,Poço tubular,,-7.306944,-36.669722,50,3050,3.05,,True,2008-10-03,2001-06-01,,
2600035223,Parari,PB,Poço tubular,,-7.290833,-36.656944,50,2390,2.39,,True,2008-10-03,2002-12-14,,
2600035224,Parari,PB,Poço tubular,,-7.305555,-36.587222,55,1707,1.707,,True,2008-10-03,2002-12-14,,
2600035226,São João do Rio do Peixe,PB,Poço tubular,,-6.608333,-38.390833,50,746,0.746,,True,2008-10-06,2000-03-15,,
2600035227,São João do Rio do Peixe,PB,Poço tubular,,-6.605833,-38.398056,50,1642,1.642,,True,2008-10-06,2000-10-21,,
2600035230,São João do Rio do Peixe,PB,Poço tubular,,-6.614722,-38.41,45,1849,1.849,,True,2008-10-06,2000-04-26,,
2600035232,São João do Rio do Peixe,PB,Poço tubular,,-6.616944,-38.405833,31,1082,1.082,,True,2008-10-06,2002-07-24,,
2600035233,São João do Rio do Peixe,PB,Poço tubular,,-6.765278,-38.432222,48,1922,1.922,,True,2008-10-07,2002-04-01,,
2600035234,São João do Rio do Peixe,PB,Poço tubular,,-6.764444,-38.430833,50,1291,1.291,,True,2008-10-07,2002-06-01,,
2600035235,São João do Rio do Peixe,PB,Poço tubular,,-6.761944,-38.430278,28,1238,1.238,,True,2008-10-07,2000-06-01,,
2600035236,São João do Rio do Peixe,PB,Poço tubular,,-6.757222,-38.430833,50,322,0.322,,True,2008-10-07,2002-12-15,,
2600035237,São João do Rio do Peixe,PB,Poço tubular,,-6.756944,-38.433056,35,802,0.802,,True,2008-10-07,1983-06-01,,
2600035238,São João do Rio do Peixe,PB,Poço tubular,,-6.739444,-38.443333,40,600,0.6,,True,2008-10-07,2002-08-01,,
2600035239,São João do Rio do Peixe,PB,Poço tubular,,-6.798889,-38.401667,50,1833,1.833,,True,2008-10-07,1982-06-01,,
2600035240,São João do Rio do Peixe,PB,Poço tubular,,-6.800278,-38.401944,46,4140,4.14,,True,2008-10-07,2000-06-01,,
2600035241,São João do Rio do Peixe,PB,Poço tubular,,-6.783611,-38.4775,41,739,0.739,,True,2008-10-07,1999-06-01,,
2600035242,Santa Helena,PB,Poço tubular,,-6.795556,-38.521667,27,931,0.931,,True,2008-10-07,2002-06-01,,
2600035243,São João do Rio do Peixe,PB,Poço tubular,,-6.796667,-38.521944,37,1527,1.527,,True,2008-10-07,2002-06-01,,
2600035244,Santa Helena,PB,Poço tubular,,-6.797222,-38.518056,38,1207,1.207,,True,2008-10-07,1987-01-01,,
2600035245,São João do Rio do Peixe,PB,Poço tubular,,-6.798056,-38.513889,18,2610,2.61,,True,2008-10-07,1999-06-01,,
2600035246,São João do Rio do Peixe,PB,Poço tubular,,-6.755556,-38.368611,35,1382,1.382,,True,2008-10-07,1983-06-01,,
2600035247,São João do Rio do Peixe,PB,Poço tubular,,-6.755833,-38.366667,38,1392,1.392,,True,2008-10-07,2000-06-01,,
2600035248,São João do Rio do Peixe,PB,Poço tubular,,-6.754722,-38.363889,35,1305,1.305,,True,2008-10-07,1980-06-01,,
2600035249,São João do Rio do Peixe,PB,Poço tubular,,-6.746944,-38.390278,36,2430,2.43,,True,2008-10-07,1992-06-01,,
2600035250,São João do Rio do Peixe,PB,Poço tubular,,-6.745278,-38.3875,31,931,0.931,,True,2008-10-07,2002-06-01,,
2600035251,São João do Rio do Peixe,PB,Poço tubular,,-6.745556,-38.385556,37,2430,2.43,,True,2008-10-08,2002-12-17,,
2600035254,São João do Rio do Peixe,PB,Poço tubular,,-6.751111,-38.408889,50,1230,1.23,,True,2008-10-08,2002-09-01,,
2600035255,São João do Rio do Peixe,PB,Poço tubular,,-6.741667,-38.418333,32,1740,1.74,,True,2008-10-08,1986-06-01,,
2600035256,São João do Rio do Peixe,PB,Poço tubular,,-6.740556,-38.418889,38,2370,2.37,,True,2008-10-08,1993-06-01,,
2600035257,São João do Rio do Peixe,PB,Poço tubular,,-6.739722,-38.420278,41,1460,1.46,,True,2008-10-08,2000-06-01,,
2600035258,São João do Rio do Peixe,PB,Poço tubular,,-6.736944,-38.4225,58,887,0.887,,True,2008-10-08,1981-06-01,,
2600035259,São João do Rio do Peixe,PB,Poço tubular,,-6.733056,-38.4225,35,2100,2.1,,True,2008-10-08,1983-06-01,,
2600035261,São João do Rio do Peixe,PB,Poço tubular,,-6.797222,-38.390556,50,2770,2.77,,True,2008-10-08,2002-06-01,,
2600035263,São João do Rio do Peixe,PB,Poço tubular,,-6.7375,-38.453333,28,750,0.75,,True,2008-10-09,1999-06-01,,
2600035264,São João do Rio do Peixe,PB,Poço tubular,,-6.745556,-38.458611,51,828,0.828,,True,2008-10-09,2001-06-01,,
2600035265,São João do Rio do Peixe,PB,Poço tubular,,-6.746944,-38.459722,50,833,0.833,,True,2008-10-09,2001-06-01,,
2600035266,São João do Rio do Peixe,PB,Poço tubular,,-6.746389,-38.463056,50,944,0.944,,True,2008-10-09,2001-01-01,,
2600035267,São João do Rio do Peixe,PB,Poço tubular,,-6.755556,-38.467778,28,974,0.974,,True,2008-10-09,1999-06-01,,
2600035268,São João do Rio do Peixe,PB,Poço tubular,,-6.7575,-38.466944,50,1075,1.075,,True,2008-10-09,2001-06-01,,
2600035269,São João do Rio do Peixe,PB,Poço tubular,,-6.757222,-38.465833,46,860,0.86,,True,2008-10-09,2001-06-01,,
2600035270,São João do Rio do Peixe,PB,Poço tubular,,-6.765278,-38.482778,30,1215,1.215,,True,2008-10-09,1998-06-01,,
2600035272,São João do Rio do Peixe,PB,Poço tubular,,-6.761389,-38.486944,27,1559,1.559,,True,2008-10-09,2000-06-01,,
2600035273,São João do Rio do Peixe,PB,Poço tubular,,-6.76,-38.485556,21,631,0.631,,True,2008-10-09,2002-06-01,,
2600035274,São João do Rio do Peixe,PB,Poço tubular,,-6.768333,-38.486667,31,826,0.826,,True,2008-10-09,1998-06-01,,
2600035275,São João do Rio do Peixe,PB,Poço tubular,,-6.771667,-38.486667,49,907,0.907,,True,2008-10-09,2000-10-01,,
2600035276,São João do Rio do Peixe,PB,Poço tubular,,-6.772222,-38.486389,27,936,0.936,,True,2008-10-09,2000-09-24,,
2600035278,São João do Rio do Peixe,PB,Poço tubular,,-6.815556,-38.401944,50,1302,1.302,,True,2008-10-09,2002-06-01,,
2600035279,São João do Rio do Peixe,PB,Poço tubular,,-6.821944,-38.405833,50,799,0.799,,True,2008-10-09,2002-01-16,,
2600035280,São João do Rio do Peixe,PB,Poço tubular,,-6.819167,-38.406111,50,719,0.719,,True,2008-10-09,2002-06-01,,
2600035281,São João do Rio do Peixe,PB,Poço tubular,,-6.806667,-38.420556,42,1231,1.231,,True,2008-10-09,1980-06-01,,
2600035282,São João do Rio do Peixe,PB,Poço tubular,,-6.783056,-38.477778,45,803,0.803,,True,2008-10-09,2000-06-01,,
2600035285,São João do Rio do Peixe,PB,Poço tubular,,-6.680278,-38.503889,40,4940,4.94,,True,2008-10-13,2002-12-16,,
2600035286,Triunfo,PB,Poço tubular,,-6.6725,-38.516944,40,3480,3.48,,True,2008-10-13,1999-06-01,,
2600035287,São João do Rio do Peixe,PB,Poço tubular,,-6.672778,-38.515833,36,2370,2.37,,True,2008-10-13,1984-06-01,,
2600035288,São João do Rio do Peixe,PB,Poço tubular,,-6.6725,-38.505556,45,2360,2.36,,True,2008-10-13,1999-06-01,,
2600035289,São João do Rio do Peixe,PB,Poço tubular,,-6.671667,-38.505,48,4080,4.08,,True,2008-10-13,2001-06-01,,
2600035290,São João do Rio do Peixe,PB,Poço tubular,,-6.672778,-38.495556,40,796,0.796,,True,2008-10-13,1994-06-01,,
2600035292,São João do Rio do Peixe,PB,Poço tubular,,-6.6875,-38.471667,50,835,0.835,,True,2008-10-13,2002-06-01,,
2600035293,São João do Rio do Peixe,PB,Poço tubular,,-6.681389,-38.471389,50,611,0.611,,True,2008-10-13,2000-06-01,,
2600035294,São João do Rio do Peixe,PB,Poço tubular,,-6.690833,-38.480278,40,667,0.667,,True,2008-10-14,2002-12-17,,
2600035295,São João do Rio do Peixe,PB,Poço tubular,,-6.708889,-38.468333,35,936,0.936,,True,2008-10-14,2000-06-01,,
2600035296,São João do Rio do Peixe,PB,Poço tubular,,-6.708611,-38.47,30,1150,1.15,,True,2008-10-14,1999-09-17,,
2600035297,São João do Rio do Peixe,PB,Poço tubular,,-6.708333,-38.469722,35,1086,1.086,,True,2008-10-14,2000-06-01,,
2600035298,São João do Rio do Peixe,PB,Poço tubular,,-6.7075,-38.470556,8.68,1440,1.44,,True,2008-10-14,2000-06-01,,
2600035299,São João do Rio do Peixe,PB,Poço tubular,,-6.706111,-38.467778,12.21,1020,1.02,,True,2008-10-14,2000-06-01,,
2600035300,São João do Rio do Peixe,PB,Poço tubular,,-6.713889,-38.468889,55,984,0.984,,True,2008-10-14,2002-12-17,,
2600035301,São João do Rio do Peixe,PB,Poço tubular,,-6.715833,-38.469722,42,1318,1.318,,True,2008-10-15,2002-12-17,,
2600035302,São João do Rio do Peixe,PB,Poço tubular,,-6.715556,-38.471667,40,923,0.923,,True,2008-10-15,2001-06-01,,
2600035303,São João do Rio do Peixe,PB,Poço tubular,,-6.715556,-38.468333,50,905,0.905,,True,2008-10-15,1984-06-01,,
2600035304,São João do Rio do Peixe,PB,Poço tubular,,-6.775833,-38.488611,35,788,0.788,,True,2008-10-15,2000-06-01,,
2600035305,São João do Rio do Peixe,PB,Poço tubular,,-6.774167,-38.489722,22,1016,1.016,,True,2008-10-15,2000-06-01,,
2600035306,São João do Rio do Peixe,PB,Poço tubular,,-6.774722,-38.490833,25,1159,1.159,,True,2008-10-15,1997-08-04,,
2600035307,São João do Rio do Peixe,PB,Poço tubular,,-6.757222,-38.431667,35,1374,1.374,,True,2008-10-15,1983-06-01,,
2600035308,São João do Rio do Peixe,PB,Poço tubular,,-6.757778,-38.434444,41,1149,1.149,,True,2008-10-15,1982-06-01,,
2600035309,São João do Rio do Peixe,PB,Poço tubular,,-6.762778,-38.422778,50,2470,2.47,,True,2008-10-15,2000-06-01,,
2600035310,São João do Rio do Peixe,PB,Poço tubular,,-6.761667,-38.423056,31,1432,1.432,,True,2008-10-15,2000-06-01,,
2600035311,São João do Rio do Peixe,PB,Poço tubular,,-6.763333,-38.417222,34,821,0.821,,True,2008-10-15,2000-06-01,,
2600035312,São João do Rio do Peixe,PB,Poço tubular,,-6.765556,-38.410556,42,1285,1.285,,True,2008-10-15,2000-06-01,,
2600035313,São João do Rio do Peixe,PB,Poço tubular,,-6.758889,-38.419722,37,1876,1.876,,True,2008-10-15,2000-06-01,,
2600035314,São João do Rio do Peixe,PB,Poço tubular,,-6.800833,-38.402222,50,2300,2.3,,True,2008-10-16,2000-06-01,,
2600035315,São João do Rio do Peixe,PB,Poço tubular,,-6.771111,-38.493889,40,1550,1.55,,True,2008-10-16,1999-06-01,,
2600035316,São João do Rio do Peixe,PB,Poço tubular,,-6.776667,-38.486667,27,859,0.859,,True,2008-10-16,1997-06-01,,
2600035317,São João do Rio do Peixe,PB,Poço tubular,,-6.781389,-38.486389,29,1583,1.583,,True,2008-10-16,1996-06-01,,
2600035318,São João do Rio do Peixe,PB,Poço tubular,,-6.780833,-38.486667,40,1580,1.58,,True,2008-10-16,2000-06-01,,
2600035319,São João do Rio do Peixe,PB,Poço tubular,,-6.784444,-38.487222,22,1170,1.17,,True,2008-10-16,1996-06-01,,
2600035320,São João do Rio do Peixe,PB,Poço tubular,,-6.784444,-38.486667,50,1143,1.143,,True,2008-10-16,1996-06-01,,
2600035321,São João do Rio do Peixe,PB,Poço tubular,,-6.787778,-38.489444,50,1328,1.328,,True,2008-10-16,2000-06-01,,
2600035322,São João do Rio do Peixe,PB,Poço tubular,,-6.785833,-38.487222,50,1192,1.192,,True,2008-10-16,2002-06-01,,
2600035323,Santa Helena,PB,Poço tubular,,-6.785833,-38.495833,50,1271,1.271,,True,2008-10-16,1999-06-01,,
2600035324,São João do Rio do Peixe,PB,Poço tubular,,-6.782222,-38.484722,30,1400,1.4,,True,2008-10-16,2000-06-01,,
2600035325,São João do Rio do Peixe,PB,Poço tubular,,-6.783333,-38.486111,18,1003,1.003,,True,2008-10-16,2000-06-01,,
2600035326,São João do Rio do Peixe,PB,Poço tubular,,-6.774444,-38.472222,37,1408,1.408,,True,2008-10-16,1983-06-01,,
2600035327,São João do Rio do Peixe,PB,Poço tubular,,-6.768889,-38.468611,51,890,0.89,,True,2008-10-16,1998-06-01,,
2600035328,São João do Rio do Peixe,PB,Poço tubular,,-6.744444,-38.486944,30,461,0.461,,True,2008-10-16,2000-06-01,,
2600035329,São João do Rio do Peixe,PB,Poço tubular,,-6.748333,-38.484167,50,595,0.595,,True,2008-10-16,2001-06-01,,
2600035330,São João do Rio do Peixe,PB,Poço tubular,,-6.744444,-38.484444,48,300,0.3,,True,2008-10-16,1998-06-01,,
2600035331,São João do Rio do Peixe,PB,Poço tubular,,-6.738333,-38.481389,32,613,0.613,,True,2008-10-16,1999-06-01,,
2600035332,São João do Rio do Peixe,PB,Poço tubular,,-6.736944,-38.480278,41,991,0.991,,True,2008-10-16,2000-06-01,,
2600035333,São João do Rio do Peixe,PB,Poço tubular,,-6.738889,-38.482222,70,616,0.616,,True,2008-10-16,2002-12-18,,
2600035334,São João do Rio do Peixe,PB,Poço tubular,,-6.725278,-38.485833,30,844,0.844,,True,2008-10-16,1990-06-01,,
2600035335,São João do Rio do Peixe,PB,Poço tubular,,-6.724444,-38.484444,40,842,0.842,,True,2008-10-16,2000-06-01,,
2600035336,São João do Rio do Peixe,PB,Poço tubular,,-6.725833,-38.483611,45,956,0.956,,True,2008-10-16,1999-06-01,,
2600035337,São João do Rio do Peixe,PB,Poço tubular,,-6.727222,-38.485,40,762,0.762,,True,2008-10-16,1990-06-01,,
2600035338,São João do Rio do Peixe,PB,Poço tubular,,-6.733889,-38.487222,42,801,0.801,,True,2008-10-16,1994-06-01,,
2600035339,São João do Rio do Peixe,PB,Poço tubular,,-6.728611,-38.48,24,1077,1.077,,True,2008-10-16,1992-06-01,,
2600035340,São João do Rio do Peixe,PB,Poço tubular,,-6.731111,-38.480556,42,745,0.745,,True,2008-10-16,1998-06-01,,
2600035341,São João do Rio do Peixe,PB,Poço tubular,,-6.7275,-38.478333,40,825,0.825,,True,2008-10-17,2000-06-01,,
2600035342,São João do Rio do Peixe,PB,Poço tubular,,-6.728056,-38.476389,40,866,0.866,,True,2008-10-17,2000-06-01,,
2600035343,São João do Rio do Peixe,PB,Poço tubular,,-6.727222,-38.472778,40,725,0.725,,True,2008-10-17,1990-06-01,,
2600035344,São João do Rio do Peixe,PB,Poço tubular,,-6.730556,-38.47,30,615,0.615,,True,2008-10-17,1986-06-01,,
2600035345,São João do Rio do Peixe,PB,Poço tubular,,-6.730833,-38.467778,50,475,0.475,,True,2008-10-17,2001-06-01,,
2600035346,São João do Rio do Peixe,PB,Poço tubular,,-6.736944,-38.469722,40,737,0.737,,True,2008-10-17,2000-06-01,,
2600035347,São João do Rio do Peixe,PB,Poço tubular,,-6.63,-38.393611,33,1209,1.209,,True,2008-10-17,1999-06-01,,
2600035349,São João do Rio do Peixe,PB,Poço tubular,,-6.637222,-38.393611,23,1164,1.164,,True,2008-10-17,2000-06-01,,
2600035351,São João do Rio do Peixe,PB,Poço tubular,,-6.744444,-38.431944,42,810,0.81,,True,2008-10-17,2002-12-19,,
2600035352,São João do Rio do Peixe,PB,Poço tubular,,-6.751111,-38.43,45,899,0.899,,True,2008-10-17,1984-06-01,,
2600035353,São João do Rio do Peixe,PB,Poço tubular,,-6.751667,-38.427222,33,1068,1.068,,True,2008-10-17,2000-06-01,,
2600035533,Bom Sucesso,PB,Poço tubular,,-6.496111,-37.966111,33,488,0.488,,True,2008-10-10,2000-02-01,,
2600035545,São Francisco,PB,Poço tubular,,-6.625278,-38.068611,50,882,0.882,,True,2008-10-14,2001-10-10,,
2600035546,São Francisco,PB,Poço tubular,,-6.628889,-38.065833,37,553,0.553,,True,2008-10-14,2000-06-30,,
2600035548,São Francisco,PB,Poço tubular,,-6.671944,-38.069722,39,1497,1.497,,True,2008-10-14,1999-02-08,,
2600035550,São Francisco,PB,Poço tubular,,-6.646389,-38.078611,46,1292,1.292,,True,2008-10-16,1998-10-27,,
2600035551,São Francisco,PB,Poço tubular,,-6.664444,-38.09,36,1235,1.235,,True,2008-10-16,1995-10-21,,
2600035553,Aparecida,PB,Poço tubular,,-6.688889,-38.083333,30,1859,1.859,,True,2008-10-16,1990-10-22,,
2600035554,Sousa,PB,Poço tubular,,-6.64,-38.1025,50,401,0.401,,True,2008-10-16,2000-11-20,,
2600035555,São Francisco,PB,Poço tubular,,-6.640833,-38.023889,50,1185,1.185,,True,2008-10-16,2000-06-10,,
2600035556,São Francisco,PB,Poço tubular,,-6.621944,-38.065556,30,645,0.645,,True,2008-10-16,2002-12-11,,
2600035568,Cacimbas,PB,Poço tubular,,-7.226111,-37.128611,32,519,0.519,,True,2008-10-21,1993-06-01,,
2600035573,Cacimbas,PB,Poço tubular,,-7.224167,-37.126667,27,401,0.401,,True,2008-10-24,2002-04-01,,
2600035579,Cajazeiras,PB,Poço tubular,,-6.810278,-38.520278,30,1076,1.076,,True,2008-10-24,1998-06-01,,
2600035580,Cajazeiras,PB,Poço tubular,,-6.894444,-38.530278,42,1414,1.414,,True,2008-10-24,2000-06-01,,
2600035581,Cajazeiras,PB,Poço tubular,,-6.812222,-38.502778,36,684,0.684,,True,2008-10-27,2002-11-25,,
2600035582,Cajazeiras,PB,Poço tubular,,-6.888611,-38.551667,50,1094,1.094,,True,2008-10-27,2002-11-29,,
2600035583,Cajazeiras,PB,Poço tubular,,-6.886111,-38.543056,40,1267,1.267,,True,2008-10-28,2002-09-01,,
2600035584,Cajazeiras,PB,Poço tubular,,-6.85,-38.595278,36,278,0.278,,True,2008-10-28,1998-06-01,,
2600035585,Cajazeiras,PB,Poço tubular,,-6.886667,-38.563611,50,278,0.278,,True,2008-10-28,2002-11-29,,
2600035587,Cajazeiras,PB,Poço tubular,,-6.980278,-38.605278,37,512,0.512,,True,2008-10-28,1999-06-01,,
2600035588,Cajazeiras,PB,Poço tubular,,-6.848611,-38.509722,14,1221,1.221,,True,2008-10-28,1999-06-01,,
2600035589,Cajazeiras,PB,Poço tubular,,-6.922222,-38.557778,50,794,0.794,,True,2008-10-28,2000-06-01,,
2600035591,Cajazeiras,PB,Poço tubular,,-6.831667,-38.544722,50,1193,1.193,,True,2008-10-28,2001-06-01,,
2600035592,Cajazeiras,PB,Poço tubular,,-6.879722,-38.548611,23,1948,1.948,,True,2008-10-28,2002-11-28,,
2600035593,Cajazeiras,PB,Poço tubular,,-6.884722,-38.5325,41,1225,1.225,,True,2008-10-28,1995-06-01,,
2600035595,Cajazeiras,PB,Poço tubular,,-7.008889,-38.614444,26,711,0.711,,True,2008-10-28,1999-11-01,,
2600035596,Cajazeiras,PB,Poço tubular,,-6.835278,-38.528333,36,1445,1.445,,True,2008-10-28,2002-11-29,,
2600035598,Cajazeiras,PB,Poço tubular,,-6.895278,-38.529167,48,1009,1.009,,True,2008-10-28,2002-11-29,,
2600035599,Cajazeiras,PB,Poço tubular,,-6.886111,-38.488333,50,1778,1.778,,True,2008-10-28,2002-03-01,,
2600035600,Cajazeiras,PB,Poço tubular,,-6.888889,-38.599167,40,552,0.552,,True,2008-10-28,2002-11-22,,
2600035604,Cajazeiras,PB,Poço tubular,,-6.978056,-38.583611,36,820,0.82,,True,2008-10-28,1999-06-01,,
2600035606,Cajazeiras,PB,Poço tubular,,-6.810278,-38.518889,38,1222,1.222,,True,2008-10-30,1984-06-01,,
2600035607,São João do Rio do Peixe,PB,Poço tubular,,-6.841944,-38.419167,35,1801,1.801,,True,2008-10-30,1999-06-01,,
2600035608,Cajazeiras,PB,Poço tubular,,-6.809722,-38.518333,20,707,0.707,,True,2008-10-30,1984-06-01,,
2600035609,Cajazeiras,PB,Poço tubular,,-6.898889,-38.563056,30,2140,2.14,,True,2008-10-30,1999-06-01,,
2600035611,Cachoeira dos Índios,PB,Poço tubular,,-6.931667,-38.641111,7,1093,1.093,,True,2008-10-30,2002-11-14,,
2600035612,Cajazeiras,PB,Poço tubular,,-6.854444,-38.614167,45,697,0.697,,True,2008-10-30,2001-06-01,,
2600035613,Cajazeiras,PB,Poço tubular,,-7.0125,-38.633056,30,474,0.474,,True,2008-10-30,1999-06-01,,
2600035616,Cajazeiras,PB,Poço tubular,,-6.943889,-38.519722,48,1115,1.115,,True,2008-10-30,2002-11-30,,
2600035617,Cajazeiras,PB,Poço tubular,,-6.806944,-38.511389,6,923,0.923,,True,2008-10-30,1999-06-01,,
2600035618,Cajazeiras,PB,Poço tubular,,-6.933056,-38.569722,40,712,0.712,,True,2008-10-30,1993-06-01,,
2600035620,Cajazeiras,PB,Poço tubular,,-6.875278,-38.488333,36,843,0.843,,True,2008-10-30,1984-06-01,,
2600035621,Cajazeiras,PB,Poço tubular,,-6.808056,-38.500556,50,1330,1.33,,True,2008-10-30,1974-06-01,,
2600035622,Cajazeiras,PB,Poço tubular,,-6.936944,-38.458056,47,963,0.963,,True,2008-10-30,1990-06-01,,
2600035623,Piancó,PB,Poço tubular,,-7.197222,-37.925,32,816,0.816,,True,2008-10-31,2002-06-01,,
2600035624,Piancó,PB,Poço tubular,,-7.195278,-37.923889,26,1131,1.131,,True,2008-10-31,2002-12-06,,
2600035625,Piancó,PB,Poço tubular,,-7.192778,-37.925,40,611,0.611,,True,2008-10-31,1983-06-01,,
2600035626,Piancó,PB,Poço tubular,,-7.193889,-37.934167,45,878,0.878,,True,2008-10-31,2001-06-01,,
2600035627,Piancó,PB,Poço tubular,,-7.193333,-37.936389,50,1519,1.519,,True,2008-10-31,1983-06-01,,
2600035630,Piancó,PB,Poço tubular,,-7.200833,-37.924444,51,632,0.632,,True,2008-10-31,1990-06-01,,
2600035631,Piancó,PB,Poço tubular,,-7.196667,-37.921667,38,1236,1.236,,True,2008-10-31,1980-06-01,,
2600035632,Piancó,PB,Poço tubular,,-7.203056,-37.910833,48,641,0.641,,True,2008-10-31,1972-06-01,,
2600035633,Piancó,PB,Poço tubular,,-7.197222,-37.910833,42,847,0.847,,True,2008-10-31,1998-06-01,,
2600035634,Piancó,PB,Poço tubular,,-7.208333,-37.916111,40,616,0.616,,True,2008-10-31,2002-06-01,,
2600035635,Piancó,PB,Poço tubular,,-7.208056,-37.913333,45,772,0.772,,True,2008-10-31,1998-06-01,,
2600035636,Piancó,PB,Poço tubular,,-7.2075,-37.883889,30,367,0.367,,True,2008-10-31,2001-06-01,,
2600035639,Piancó,PB,Poço tubular,,-7.1975,-37.923333,70,847,0.847,,True,2008-11-04,1977-06-01,,
2600035640,Piancó,PB,Poço tubular,,-7.199167,-37.924722,50,875,0.875,,True,2008-11-04,1992-06-01,,
2600035641,Piancó,PB,Poço tubular,,-7.198611,-37.919444,66,1000,1.0,,True,2008-11-04,1977-06-01,,
2600035643,Piancó,PB,Poço tubular,,-7.197222,-37.9225,22,787,0.787,,True,2008-11-04,1992-06-01,,
2600035644,Piancó,PB,Poço tubular,,-7.197222,-37.922778,20,740,0.74,,True,2008-11-04,1992-06-01,,
2600035645,Piancó,PB,Poço tubular,,-7.198889,-37.921944,35,934,0.934,,True,2008-11-04,2002-06-01,,
2600035646,Piancó,PB,Poço tubular,,-7.199444,-37.925833,36,1043,1.043,,True,2008-11-04,1998-06-01,,
2600035647,Piancó,PB,Poço tubular,,-7.200278,-37.926667,36,641,0.641,,True,2008-11-04,2000-06-01,,
2600035648,Piancó,PB,Poço tubular,,-7.203611,-37.926944,50,702,0.702,,True,2008-11-04,2002-06-01,,
2600035650,Piancó,PB,Poço tubular,,-7.201667,-37.928333,7,1088,1.088,,True,2008-11-04,2002-12-07,,
2600035651,Piancó,PB,Poço tubular,,-7.1925,-37.925,25,1097,1.097,,True,2008-11-04,1991-06-01,,
2600035652,Piancó,PB,Poço tubular,,-7.191389,-37.921944,38.5,689,0.689,,True,2008-11-05,1991-06-01,,
2600035653,Piancó,PB,Poço tubular,,-7.194722,-37.929444,40,1949,1.949,,True,2008-11-05,1990-06-01,,
2600035654,Piancó,PB,Poço tubular,,-7.195278,-37.928056,50,1023,1.023,,True,2008-11-05,1985-06-01,,
2600035655,Piancó,PB,Poço tubular,,-7.192222,-37.93,36,1747,1.747,,True,2008-11-05,1982-06-01,,
2600035656,Piancó,PB,Poço tubular,,-7.193056,-37.930278,50,1153,1.153,,True,2008-11-05,2000-06-01,,
2600035657,Piancó,PB,Poço tubular,,-7.193611,-37.931944,25,711,0.711,,True,2008-11-05,2001-06-01,,
2600035658,Piancó,PB,Poço tubular,,-7.192778,-37.930833,35,1179,1.179,,True,2008-11-05,1998-06-01,,
2600035659,Piancó,PB,Poço tubular,,-7.134722,-37.836667,42.6,692,0.692,,True,2008-11-05,2001-06-01,,
2600035660,Piancó,PB,Poço tubular,,-7.214444,-37.923056,50,817,0.817,,True,2008-11-05,1998-06-01,,
2600035661,Piancó,PB,Poço tubular,,-7.222778,-37.929444,45,927,0.927,,True,2008-11-05,2001-06-01,,
2600035662,Piancó,PB,Poço tubular,,-7.285278,-38.0025,48,795,0.795,,True,2008-11-11,2001-12-01,,
2600035663,Piancó,PB,Poço tubular,,-7.2,-37.925,22,817,0.817,,True,2008-11-11,1994-06-01,,
2600035665,Piancó,PB,Poço tubular,,-7.177222,-38.049167,48,993,0.993,,True,2008-11-11,2001-06-01,,
2600035666,Piancó,PB,Poço tubular,,-7.176111,-37.865833,50,922,0.922,,True,2008-11-11,1983-06-01,,
2600035667,Piancó,PB,Poço tubular,,-7.218056,-37.974167,50,567,0.567,,True,2008-11-11,1982-06-01,,
2600035668,Piancó,PB,Poço tubular,,-7.154444,-37.979167,40,1035,1.035,,True,2008-11-12,2002-06-01,,
2600035669,Piancó,PB,Poço tubular,,-7.161111,-37.948056,42,1192,1.192,,True,2008-11-12,2001-02-01,,
2600035670,Piancó,PB,Poço tubular,,-7.196667,-38.050833,50,890,0.89,,True,2008-11-12,1977-06-01,,
2600035671,Piancó,PB,Poço tubular,,-7.2125,-37.8275,50,985,0.985,,True,2008-11-12,1987-06-01,,
2600035672,Piancó,PB,Poço tubular,,-7.211389,-37.848889,50,1202,1.202,,True,2008-11-12,2002-06-01,,
2600035676,Piancó,PB,Poço tubular,,-7.197222,-37.922222,20,740,0.74,,True,2008-11-13,1992-06-01,,
2600035677,Piancó,PB,Poço tubular,,-7.189167,-38.045278,51,667,0.667,,True,2008-11-13,2001-01-01,,
2600035679,Piancó,PB,Poço tubular,,-7.307778,-37.959722,19.3,808,0.808,,True,2008-11-13,1998-06-01,,
2600035680,Piancó,PB,Poço tubular,,-7.203333,-37.925556,40,961,0.961,,True,2008-11-13,1988-06-01,,
2600035681,Piancó,PB,Poço tubular,,-7.291667,-37.963056,35,866,0.866,,True,2008-11-18,2002-08-01,,
2600035682,Piancó,PB,Poço tubular,,-7.201111,-38.035278,51,624,0.624,,True,2008-11-18,2001-06-01,,
2600035683,Piancó,PB,Poço tubular,,-7.159167,-37.893333,40,877,0.877,,True,2008-11-18,2002-06-01,,
2600035684,Piancó,PB,Poço tubular,,-7.196667,-38.050556,47,795,0.795,,True,2008-11-18,2000-06-01,,
2600035685,Piancó,PB,Poço tubular,,-7.2225,-37.931389,38,489,0.489,,True,2008-11-18,2000-06-01,,
2600035686,Piancó,PB,Poço tubular,,-7.285,-38.004722,32,2490,2.49,,True,2008-11-18,2002-06-01,,
2600035687,Piancó,PB,Poço tubular,,-7.201944,-38.036111,42,625,0.625,,True,2008-11-18,2001-06-01,,
2600035690,Quixaba,PB,Poço tubular,,-7.031667,-37.146389,27,3550,3.55,,True,2008-11-18,2002-09-01,,
2600035691,Quixaba,PB,Poço tubular,,-7.031944,-37.147778,27,2320,2.32,,True,2008-11-18,2002-09-01,,
2600035692,Quixaba,PB,Poço tubular,,-7.0325,-37.147222,27,3130,3.13,,True,2008-11-18,2002-06-01,,
2600035693,Quixaba,PB,Poço tubular,,-7.0325,-37.149722,27,2470,2.47,,True,2008-11-18,2002-06-01,,
2600035694,Quixaba,PB,Poço tubular,,-7.033611,-37.1525,27,7300,7.3,,True,2008-11-18,1992-06-01,,
2600035695,Quixaba,PB,Poço tubular,,-7.0375,-37.152222,27,4640,4.64,,True,2008-11-18,1980-06-01,,
2600035696,Quixaba,PB,Poço tubular,,-7.0375,-37.1475,27,2990,2.99,,True,2008-11-18,1999-06-01,,
2600035698,Quixaba,PB,Poço tubular,,-7.025833,-37.136111,31,8130,8.13,,True,2008-11-18,2002-10-01,,
2600035699,Quixaba,PB,Poço tubular,,-7.029444,-37.116667,60,7340,7.34,,True,2008-11-18,1997-06-01,,
2600035704,Quixaba,PB,Poço tubular,,-7.027222,-37.071389,45,933,0.933,,True,2008-11-18,1995-06-01,,
2600035705,Quixaba,PB,Poço tubular,,-7.031667,-37.079444,28,1911,1.911,,True,2008-11-18,2002-11-01,,
2600035706,Quixaba,PB,Poço tubular,,-7.039167,-37.0825,40,1593,1.593,,True,2008-11-18,2002-10-01,,
2600035707,Quixaba,PB,Poço tubular,,-7.050556,-37.156667,36,2430,2.43,,True,2008-11-18,1980-06-01,,
2600035709,Quixaba,PB,Poço tubular,,-7.051111,-37.061389,50,1880,1.88,,True,2008-11-18,1999-06-01,,
2600035712,Quixaba,PB,Poço tubular,,-7.086111,-37.105556,35,7670,7.67,,True,2008-11-19,2002-11-30,,
2600035715,Quixaba,PB,Poço tubular,,-7.065556,-37.12,45,480,0.48,,True,2008-11-19,1987-06-01,,
2600035717,Quixaba,PB,Poço tubular,,-7.053056,-37.151389,33,5560,5.56,,True,2008-11-19,2002-09-01,,
2600035718,Quixaba,PB,Poço tubular,,-7.070556,-37.151389,42,5380,5.38,,True,2008-11-19,1999-06-01,,
2600035720,Quixaba,PB,Poço tubular,,-7.0475,-37.176389,30,8400,8.4,,True,2008-11-19,2001-06-01,,
2600035722,Puxinanã,PB,Poço tubular,,-7.165,-35.977222,50,9090,9.09,,True,2008-11-21,2004-11-30,,
2600035726,Puxinanã,PB,Poço tubular,,-7.156389,-35.930278,24,2170,2.17,,True,2008-11-21,2004-11-30,,
2600035727,Puxinanã,PB,Poço tubular,,-7.166944,-35.915,39,931,0.931,,True,2008-11-21,2004-11-30,,
2600035728,Puxinanã,PB,Poço tubular,,-7.169167,-35.922222,51,2060,2.06,,True,2008-11-21,2004-11-30,,
2600035729,Lagoa Seca,PB,Poço tubular,,-7.159444,-35.914167,41,524,0.524,,True,2008-11-21,2004-11-30,,
2600035730,Puxinanã,PB,Poço tubular,,-7.128889,-35.936111,50,2480,2.48,,True,2008-11-21,2004-12-01,,
2600035731,Puxinanã,PB,Poço tubular,,-7.163333,-35.921111,30,2140,2.14,,True,2008-11-21,2004-12-01,,
2600035732,Puxinanã,PB,Poço tubular,,-7.163611,-35.941944,50,7160,7.16,,True,2008-11-25,2004-11-30,,
2600035734,Puxinanã,PB,Poço tubular,,-7.170278,-35.918611,55,471,0.471,,True,2008-11-25,1964-06-01,,
2600035735,Puxinanã,PB,Poço tubular,,-7.17,-35.918611,49,498,0.498,,True,2008-11-25,1964-04-01,,
2600035736,Puxinanã,PB,Poço tubular,,-7.1425,-35.960833,50,10440,10.44,,True,2008-11-25,2004-12-01,,
2600035739,Puxinanã,PB,Poço tubular,,-7.158056,-35.922778,35,991,0.991,,True,2008-11-26,2004-12-01,,
2600035740,Puxinanã,PB,Poço tubular,,-7.158333,-35.923611,32,1746,1.746,,True,2008-11-26,2004-12-01,,
2600035742,Puxinanã,PB,Poço tubular,,-7.17,-35.919167,36,724,0.724,,True,2008-11-26,2004-11-30,,
2600035743,Puxinanã,PB,Poço tubular,,-7.168333,-35.918611,25,383,0.383,,True,2008-11-26,2004-11-30,,
2600035744,Puxinanã,PB,Poço tubular,,-7.157778,-35.924167,24,1276,1.276,,True,2008-11-26,2004-12-01,,
2600035745,Puxinanã,PB,Poço tubular,,-7.1575,-35.922778,48,1550,1.55,,True,2008-11-26,2004-12-01,,
2600035746,Puxinanã,PB,Poço tubular,,-7.146111,-35.963889,48,4320,4.32,,True,2008-11-26,1998-03-01,,
2600035749,Lagoa Seca,PB,Poço tubular,,-7.150278,-35.921667,34,2280,2.28,,True,2008-11-27,2004-11-30,,
2600035750,Puxinanã,PB,Poço tubular,,-7.158611,-35.922222,50,1162,1.162,,True,2008-11-27,2004-12-01,,
2600035752,Puxinanã,PB,Poço tubular,,-7.149444,-35.928056,48,4240,4.24,,True,2008-11-27,2004-12-01,,
2600035755,Puxinanã,PB,Poço tubular,,-7.15,-35.945833,40,5170,5.17,,True,2008-11-27,2004-12-01,,
2600035756,Puxinanã,PB,Poço tubular,,-7.163611,-35.963333,50,12250,12.25,,True,2008-11-27,2004-12-01,,
2600035758,Puxinanã,PB,Poço tubular,,-7.155833,-35.978056,48,7650,7.65,,True,2008-11-27,1984-01-01,,
2600035759,Puxinanã,PB,Poço tubular,,-7.156111,-35.978333,45,1029,1.029,,True,2008-11-27,1984-01-01,,
2600035760,Serra da Raiz,PB,Poço tubular,,-6.724722,-35.4525,39,3600,3.6,,True,2008-11-27,2003-12-06,,
2600035761,São Sebastião de Lagoa de Roça,PB,Poço tubular,,-7.079167,-35.871667,46,15550,15.55,,True,2008-11-28,2001-06-01,,
2600035762,São Sebastião de Lagoa de Roça,PB,Poço tubular,,-7.075833,-35.834722,40,1217,1.217,,True,2008-11-28,1999-06-01,,
2600035766,Pitimbu,PB,Poço tubular,,-7.410556,-34.856389,250,415,0.415,,True,2008-11-28,2004-12-16,,
2600035767,Pitimbu,PB,Poço tubular,,-7.405,-34.836944,120,392,0.392,,True,2008-12-02,2004-12-16,,
2600035768,Pitimbu,PB,Poço tubular,,-7.379444,-34.868889,240,414,0.414,,True,2008-12-02,1975-08-12,,
2600035769,Pitimbu,PB,Poço tubular,,-7.379722,-34.868611,220,324,0.324,,True,2008-12-02,2000-06-01,,
2600035770,Pitimbu,PB,Poço tubular,,-7.496944,-34.816389,270,328,0.328,,True,2008-12-02,2004-06-01,,
2600035771,Pitimbu,PB,Poço tubular,,-7.522222,-34.823611,283,317,0.317,,True,2008-12-02,2004-12-16,,
2600035772,Pitimbu,PB,Poço tubular,,-7.519722,-34.832222,70,397,0.397,,True,2008-12-02,2004-12-16,,
2600035773,Pitimbu,PB,Poço tubular,,-7.496667,-34.853056,106,342,0.342,,True,2008-12-02,2004-12-16,,
2600035774,Pitimbu,PB,Poço tubular,,-7.472222,-34.8075,190,415,0.415,,True,2008-12-02,2004-12-16,,
2600035777,Pitimbu,PB,Poço tubular,,-7.453611,-34.838611,90,170,0.17,,True,2008-12-02,2004-12-16,,
2600035778,Pilar,PB,Poço tubular,,-7.294722,-35.228333,35,1830,1.83,,True,2008-12-05,2004-12-08,,
2600035780,Pilar,PB,Poço tubular,,-7.258333,-35.250556,50,832,0.832,,True,2008-12-05,1998-06-01,,
2600035783,Pilar,PB,Poço tubular,,-7.243056,-35.241389,48,410,0.41,,True,2008-12-05,1998-10-02,,
2600035784,Pilar,PB,Poço tubular,,-7.297222,-35.243056,50,1554,1.554,,True,2008-12-05,2004-12-01,,
2600035786,Pilar,PB,Poço tubular,,-7.275556,-35.286389,30,1340,1.34,,True,2008-12-05,2004-12-01,,
2600035787,Alagoinha,PB,Poço tubular,,-6.977778,-35.494444,24,2580,2.58,,True,2008-12-15,1996-06-01,,
2600035788,Alagoinha,PB,Poço tubular,,-6.955556,-35.535556,50,223,0.223,,True,2008-12-15,2004-12-14,,
2600035789,Alagoinha,PB,Poço tubular,,-6.943333,-35.540833,35,16720,16.72,,True,2008-12-15,1998-06-01,,
2600035792,Alagoinha,PB,Poço tubular,,-6.948056,-35.509444,40,1933,1.933,,True,2008-12-15,2000-06-01,,
2600035793,Alagoinha,PB,Poço tubular,,-6.951389,-35.566111,50,399,0.399,,True,2008-12-15,1984-06-01,,
2600035795,Alagoinha,PB,Poço tubular,,-6.947778,-35.555,54,2170,2.17,,True,2008-12-15,1999-06-01,,
2600035798,Alagoinha,PB,Poço tubular,,-6.947222,-35.511111,50,3670,3.67,,True,2008-12-16,1998-06-01,,
2600035801,Alagoinha,PB,Poço tubular,,-6.9575,-35.465,42,4280,4.28,,True,2008-12-16,1998-06-01,,
2600035802,Alagoinha,PB,Poço tubular,,-6.943333,-35.500278,30,2280,2.28,,True,2008-12-16,1998-06-01,,
2600035803,Alagoinha,PB,Poço tubular,,-6.940833,-35.493056,48,3810,3.81,,True,2008-12-16,2002-06-01,,
2600035804,Alagoinha,PB,Poço tubular,,-6.935,-35.498889,35,952,0.952,,True,2008-12-16,1984-06-01,,
2600035805,Alagoinha,PB,Poço tubular,,-6.924167,-35.485556,50,3540,3.54,,True,2008-12-16,2000-06-01,,
2600035806,Alagoinha,PB,Poço tubular,,-6.9525,-35.466111,42,5410,5.41,,True,2008-12-16,1997-06-01,,
2600035807,Alagoinha,PB,Poço tubular,,-6.977222,-35.476944,30,2470,2.47,,True,2008-12-18,1998-06-01,,
2600035809,Alagoinha,PB,Poço tubular,,-6.958056,-35.537778,24,5390,5.39,,True,2008-12-18,2000-06-01,,
2600035811,Alagoinha,PB,Poço tubular,,-6.970278,-35.528333,40,2140,2.14,,True,2008-12-18,1997-06-01,,
2600035815,Alagoinha,PB,Poço tubular,,-6.987222,-35.508333,42,2370,2.37,,True,2008-12-18,1997-06-01,,
2600035816,Alagoinha,PB,Poço tubular,,-6.938333,-35.559167,38,240,0.24,,True,2008-12-18,2004-12-14,,
2600035817,Alagoinha,PB,Poço tubular,,-6.959722,-35.569722,55,1023,1.023,,True,2008-12-18,1982-06-01,,
2600035818,Alagoinha,PB,Poço tubular,,-6.977778,-35.558611,35,1198,1.198,,True,2008-12-19,2004-12-15,,
2600035820,Alagoa Grande,PB,Poço tubular,,-6.985,-35.586389,35,2420,2.42,,True,2008-12-19,2004-12-13,,
2600035822,Alhandra,PB,Poço tubular,,-7.423056,-34.917222,50,415,0.415,,True,2008-12-23,2004-12-16,,
2600035823,Pitimbu,PB,Poço tubular,,-7.403333,-34.898333,150,152,0.152,,True,2008-12-23,2004-12-16,,
2600035825,Alhandra,PB,Poço tubular,,-7.438333,-34.890278,100,317,0.317,,True,2008-12-23,1996-06-01,,
2600035828,Pitimbu,PB,Poço tubular,,-7.403056,-34.898333,30,224,0.224,,True,2008-12-23,2004-12-16,,
2600035830,Alhandra,PB,Poço tubular,,-7.325,-34.960556,21,114,0.114,,True,2008-12-23,2004-12-16,,
2600035832,Alhandra,PB,Poço tubular,,-7.359722,-34.943611,120,322,0.322,,True,2008-12-23,2004-12-16,,
2600035833,Alhandra,PB,Poço tubular,,-7.3375,-34.947778,70,297,0.297,,True,2008-12-23,2002-06-01,,
2600035835,Alhandra,PB,Poço tubular,,-7.375556,-34.930278,120,364,0.364,,True,2008-12-30,2004-12-16,,
2600035839,Alhandra,PB,Poço tubular,,-7.4075,-34.938056,9.5,342,0.342,,True,2008-12-30,2004-12-16,,
2600035840,Alhandra,PB,Poço tubular,,-7.383889,-34.909167,49.5,362,0.362,,True,2009-01-05,1998-05-18,,
2600035841,Alhandra,PB,Poço tubular,,-7.384167,-34.9275,90,412,0.412,,True,2009-01-05,2004-12-16,,
2600035844,Alhandra,PB,Poço tubular,,-7.398056,-34.912222,30,617,0.617,,True,2009-01-05,1993-06-01,,
2600035847,Alhandra,PB,Poço tubular,,-7.406389,-34.937222,120,397,0.397,,True,2009-01-05,2004-12-16,,
2600035851,Conde,PB,Poço tubular,,-7.246111,-34.924722,69,385,0.385,,True,2009-01-05,1996-06-01,,
2600035852,Conde,PB,Poço tubular,,-7.246389,-34.925,70,374,0.374,,True,2009-01-05,1999-06-01,,
2600035853,Conde,PB,Poço tubular,,-7.244444,-34.928333,136,430,0.43,,True,2009-01-05,2003-06-01,,
2600035854,Conde,PB,Poço tubular,,-7.244722,-34.928611,77,466,0.466,,True,2009-01-05,2001-06-01,,
2600035855,Alhandra,PB,Poço tubular,,-7.386389,-34.921389,8,109,0.109,,True,2009-01-05,2004-12-16,,
2600035856,Alhandra,PB,Poço tubular,,-7.393056,-34.933333,80,490,0.49,,True,2009-01-05,2004-12-16,,
2600035861,Gurinhém,PB,Poço tubular,,-7.065278,-35.500278,27,11540,11.54,,True,2009-01-05,2004-12-03,,
2600035862,Alagoa Nova,PB,Poço tubular,,-7.095278,-35.793611,30,3310,3.31,,True,2009-01-05,2002-06-01,,
2600035864,Alagoa Nova,PB,Poço tubular,,-7.085278,-35.793056,50,165,0.165,,True,2009-01-06,1982-06-01,,
2600035866,São José dos Ramos,PB,Poço tubular,,-7.185556,-35.327778,45,1560,1.56,,True,2009-01-06,2004-12-01,,
2600035870,Alagoa Nova,PB,Poço tubular,,-7.065278,-35.766389,18,711,0.711,,True,2009-01-06,2001-06-01,,
2600035877,Algodão de Jandaíra,PB,Poço tubular,,-6.875833,-35.895278,53,7810,7.81,,True,2009-01-08,1965-06-01,,
2600035881,Arara,PB,Poço tubular,,-6.858056,-35.800278,45,16710,16.71,,True,2009-01-08,2004-12-01,,
2600035886,Casserengue,PB,Poço tubular,,-6.827778,-35.853333,31,6360,6.36,,True,2009-01-08,2004-12-02,,
2600035891,Algodão de Jandaíra,PB,Poço tubular,,-6.906111,-36.055,50,3360,3.36,,True,2009-01-08,1988-01-01,,
2600035893,Remígio,PB,Poço tubular,,-6.898889,-35.876667,23.2,13790,13.79,,True,2009-01-08,1974-08-01,,
2600035896,Alagoa Grande,PB,Poço tubular,,-7.114722,-35.5975,33.5,6030,6.03,,True,2009-01-26,2004-12-03,,
2600035897,Alagoa Grande,PB,Poço tubular,,-7.036944,-35.580278,49,4840,4.84,,True,2009-01-26,2004-12-03,,
2600035900,Alagoa Grande,PB,Poço tubular,,-7.055833,-35.690556,26,1327,1.327,,True,2009-01-26,2000-06-01,,
2600035901,Alagoa Grande,PB,Poço tubular,,-7.103611,-35.640278,42,5770,5.77,,True,2009-01-26,1998-05-01,,
2600035904,Alagoa Grande,PB,Poço tubular,,-7.024167,-35.652222,30,11170,11.17,,True,2009-01-26,2004-12-04,,
2600035910,Alagoa Grande,PB,Poço tubular,,-7.035278,-35.619167,50,2130,2.13,,True,2009-01-26,2004-12-03,,
2600035911,Alagoa Grande,PB,Poço tubular,,-7.026389,-35.61,48,3150,3.15,,True,2009-01-26,1998-06-01,,
2600035912,Alagoa Grande,PB,Poço tubular,,-7.029722,-35.610556,50,1481,1.481,,True,2009-01-26,2004-12-03,,
2600035916,Alagoa Grande,PB,Poço tubular,,-7.001944,-35.575,46,757,0.757,,True,2009-01-27,2004-12-03,,
2600035919,Alagoa Grande,PB,Poço tubular,,-7.029722,-35.611944,48,1054,1.054,,True,2009-01-27,2004-12-03,,
2600035921,Alagoa Grande,PB,Poço tubular,,-7.093056,-35.519722,24,1578,1.578,,True,2009-01-27,1966-02-01,,
2600035922,Alagoa Grande,PB,Poço tubular,,-7.022222,-35.605,40,568,0.568,,True,2009-01-27,2004-12-03,,
2600035924,Alagoa Grande,PB,Poço tubular,,-7.129444,-35.6175,42,1886,1.886,,True,2009-01-28,2004-12-03,,
2600035925,Alagoa Grande,PB,Poço tubular,,-7.052778,-35.571389,49,17030,17.03,,True,2009-01-28,2002-12-29,,
2600035927,Alagoa Grande,PB,Poço tubular,,-7.116111,-35.613333,68,3740,3.74,,True,2009-01-28,1945-06-01,,
2600035929,Alagoa Grande,PB,Poço tubular,,-7.114722,-35.613611,24,2080,2.08,,True,2009-01-28,1975-03-01,,
2600035930,Alagoa Grande,PB,Poço tubular,,-7.073056,-35.521111,40,5900,5.9,,True,2009-01-28,2004-12-03,,
2600035932,Alagoa Grande,PB,Poço tubular,,-7.0825,-35.69,50,708,0.708,,True,2009-01-28,2004-12-02,,
2600035933,Alagoa Grande,PB,Poço tubular,,-7.035556,-35.629722,40,1156,1.156,,True,2009-01-28,2004-12-01,,
2600035935,Alagoa Grande,PB,Poço tubular,,-7.104167,-35.638889,35,3020,3.02,,True,2009-01-28,1996-05-01,,
2600035938,Alagoa Grande,PB,Poço tubular,,-7.055833,-35.648611,60,2810,2.81,,True,2009-01-29,2004-12-01,,
2600035940,Alagoa Grande,PB,Poço tubular,,-7.049444,-35.628889,50,3790,3.79,,True,2009-01-29,2004-12-01,,
2600035941,Alagoa Grande,PB,Poço tubular,,-7.044167,-35.629167,50,3930,3.93,,True,2009-01-29,2004-12-01,,
2600035945,Alagoa Grande,PB,Poço tubular,,-7.041389,-35.633889,50,2700,2.7,,True,2009-01-29,2004-12-01,,
2600035947,Alagoa Grande,PB,Poço tubular,,-7.059167,-35.638333,18,1366,1.366,,True,2009-01-29,2004-12-01,,
2600035948,Alagoa Grande,PB,Poço tubular,,-7.092222,-35.693611,50,818,0.818,,True,2009-01-29,2004-12-02,,
2600035951,Alagoa Grande,PB,Poço tubular,,-7.102778,-35.690833,60,1442,1.442,,True,2009-01-29,2004-12-02,,
2600035956,Alagoa Grande,PB,Poço tubular,,-7.011389,-35.583611,50,1263,1.263,,True,2009-01-30,2004-12-03,,
2600035957,Gurinhém,PB,Poço tubular,,-7.105278,-35.4875,36,2870,2.87,,True,2009-01-30,1983-09-01,,
2600035959,Alagoa Grande,PB,Poço tubular,,-7.031944,-35.550278,13,7640,7.64,,True,2009-01-30,1970-06-01,,
2600035961,Alagoa Grande,PB,Poço tubular,,-7.021667,-35.604444,50,692,0.692,,True,2009-01-30,2004-12-03,,
2600035962,Baía da Traição,PB,Poço tubular,,-6.599722,-35.004444,40,106,0.106,,True,2009-02-02,2004-11-30,,
2600035964,Baía da Traição,PB,Poço tubular,,-6.676667,-34.994722,36,71,0.071,,True,2009-02-02,2004-11-30,,
2600035967,Baía da Traição,PB,Poço tubular,,-6.666667,-35.027778,38,56,0.056,,True,2009-02-02,2004-11-30,,
2600035968,Baía da Traição,PB,Poço tubular,,-6.651389,-34.988333,60,81,0.081,,True,2009-02-02,2003-10-21,,
2600035969,Baía da Traição,PB,Poço tubular,,-6.703889,-35.014444,32,89,0.089,,True,2009-02-02,2004-11-30,,
2600035970,Baía da Traição,PB,Poço tubular,,-6.704167,-35.031389,60,61,0.061,,True,2009-02-02,2003-07-01,,
2600035971,Baía da Traição,PB,Poço tubular,,-6.702222,-35.028333,40,55,0.055,,True,2009-02-02,2000-06-01,,
2600035972,Santa Luzia,PB,Poço tubular,,-6.870833,-36.916944,50,4430,4.43,,True,2009-02-02,2002-12-17,,
2600035973,Santa Luzia,PB,Poço tubular,,-6.908611,-37.009444,50,4980,4.98,,True,2009-02-02,1999-06-01,,
2600035974,Santa Luzia,PB,Poço tubular,,-6.915556,-37.000556,45.65,3900,3.9,,True,2009-02-02,1999-06-01,,
2600035975,Santa Luzia,PB,Poço tubular,,-6.953889,-36.9125,38,3020,3.02,,True,2009-02-02,2002-06-01,,
2600035976,Santa Luzia,PB,Poço tubular,,-6.869444,-36.966111,40,4000,4.0,,True,2009-02-02,2002-12-12,,
2600035978,Santa Luzia,PB,Poço tubular,,-6.939167,-36.914444,38,1902,1.902,,True,2009-02-02,2002-12-17,,
2600035979,Santa Luzia,PB,Poço tubular,,-6.899722,-36.930556,40,2620,2.62,,True,2009-02-02,2002-12-19,,
2600035981,Santa Luzia,PB,Poço tubular,,-6.909167,-36.937222,38,4600,4.6,,True,2009-02-02,2002-12-19,,
2600035982,Santa Luzia,PB,Poço tubular,,-6.87,-36.918333,50,3980,3.98,,True,2009-02-02,2002-12-16,,
2600035983,Amparo,PB,Poço tubular,,-7.534722,-37.001111,35,5910,5.91,,True,2009-02-09,2003-11-27,,
2600035984,Amparo,PB,Poço tubular,,-7.561389,-37.005833,33,1745,1.745,,True,2009-02-09,2001-05-12,,
2600035985,Amparo,PB,Poço tubular,,-7.574167,-37.048056,35,2230,2.23,,True,2009-02-09,2003-11-27,,
2600035986,Amparo,PB,Poço tubular,,-7.5475,-36.984722,49,3110,3.11,,True,2009-02-09,2003-11-27,,
2600035988,Amparo,PB,Poço tubular,,-7.553333,-37.027778,50,5350,5.35,,True,2009-02-09,1983-06-01,,
2600035989,Amparo,PB,Poço tubular,,-7.560556,-37.018056,50,1329,1.329,,True,2009-02-09,2000-06-01,,
2600035990,Amparo,PB,Poço tubular,,-7.555556,-37.048333,27,1146,1.146,,True,2009-02-09,2003-11-28,,
2600035991,Ouro Velho,PB,Poço tubular,,-7.568889,-37.13,17,2140,2.14,,True,2009-02-09,2003-11-22,,
2600035992,Amparo,PB,Poço tubular,,-7.51,-37.056944,60,5570,5.57,,True,2009-02-10,2003-11-28,,
2600035994,Amparo,PB,Poço tubular,,-7.559722,-37.015278,50,2550,2.55,,True,2009-02-10,2003-11-27,,
2600035995,Amparo,PB,Poço tubular,,-7.574167,-37.060556,33,3380,3.38,,True,2009-02-10,2003-11-27,,
2600035996,Amparo,PB,Poço tubular,,-7.509167,-37.009722,50,3710,3.71,,True,2009-02-10,2002-06-01,,
2600035997,Amparo,PB,Poço tubular,,-7.557778,-37.048889,35,3110,3.11,,True,2009-02-10,2000-06-01,,
2600035998,Amparo,PB,Poço tubular,,-7.5675,-37.064444,50,2100,2.1,,True,2009-02-10,2003-11-28,,
2600036000,Amparo,PB,Poço tubular,,-7.533611,-37.042778,30,4170,4.17,,True,2009-02-10,2003-11-28,,
2600036001,Amparo,PB,Poço tubular,,-7.569722,-37.023611,50,1348,1.348,,True,2009-02-10,1999-06-01,,
2600036002,Amparo,PB,Poço tubular,,-7.506667,-37.014167,40,2990,2.99,,True,2009-02-11,2001-06-01,,
2600036003,Amparo,PB,Poço tubular,,-7.523333,-37.017222,50,2120,2.12,,True,2009-02-11,2002-06-01,,
2600036004,Amparo,PB,Poço tubular,,-7.550556,-37.089722,45,1665,1.665,,True,2009-02-11,2003-11-28,,
2600036005,Amparo,PB,Poço tubular,,-7.576389,-37.060833,35,5190,5.19,,True,2009-02-11,2003-06-01,,
2600036006,Amparo,PB,Poço tubular,,-7.541389,-37.047222,50,1249,1.249,,True,2009-02-11,2003-11-28,,
2600036007,Amparo,PB,Poço tubular,,-7.570833,-37.043611,35,1513,1.513,,True,2009-02-11,2003-11-27,,
2600036008,Amparo,PB,Poço tubular,,-7.514167,-37.043333,50,4370,4.37,,True,2009-02-11,2003-11-28,,
2600036009,Amparo,PB,Poço tubular,,-7.558889,-37.059722,25,2520,2.52,,True,2009-02-11,2003-11-28,,
2600036010,Amparo,PB,Poço tubular,,-7.558889,-37.040278,30,781,0.781,,True,2009-02-11,2003-11-28,,
2600036011,Amparo,PB,Poço tubular,,-7.580833,-37.056944,26,2160,2.16,,True,2009-02-11,2000-06-01,,
2600036012,Amparo,PB,Poço tubular,,-7.559444,-37.052222,51,2880,2.88,,True,2009-02-11,2001-06-01,,
2600036013,Amparo,PB,Poço tubular,,-7.542222,-37.036944,40,6810,6.81,,True,2009-02-11,2003-11-28,,
2600036016,Areial,PB,Poço tubular,,-7.0375,-35.943056,52,9590,9.59,,True,2009-02-12,2004-11-30,,
2600036017,Areial,PB,Poço tubular,,-7.051111,-35.934167,60,7240,7.24,,True,2009-02-12,2003-06-01,,
2600036018,Areial,PB,Poço tubular,,-7.064167,-35.911111,50,5970,5.97,,True,2009-02-12,2004-11-30,,
2600036019,Areial,PB,Poço tubular,,-7.0725,-35.925,51,7780,7.78,,True,2009-02-12,2004-11-30,,
2600036021,Esperança,PB,Poço tubular,,-7.046944,-35.899444,51,3080,3.08,,True,2009-02-12,2004-11-30,,
2600036022,Areial,PB,Poço tubular,,-7.0325,-35.935278,50,1149,1.149,,True,2009-02-12,2004-11-30,,
2600036023,Borborema,PB,Poço tubular,,-6.811111,-35.6075,50,6290,6.29,,True,2009-02-16,2004-12-06,,
2600036024,Borborema,PB,Poço tubular,,-6.787222,-35.592778,30,2350,2.35,,True,2009-02-16,2004-12-03,,
2600036025,Borborema,PB,Poço tubular,,-6.794722,-35.566111,35,1049,1.049,,True,2009-02-16,2004-12-03,,
2600036026,Serraria,PB,Poço tubular,,-6.816667,-35.636111,50,11430,11.43,,True,2009-02-16,2004-12-06,,
2600036027,Serraria,PB,Poço tubular,,-6.818056,-35.639167,50,5090,5.09,,True,2009-02-16,2004-12-06,,
2600036028,Serraria,PB,Poço tubular,,-6.815833,-35.639722,50,5530,5.53,,True,2009-02-17,2004-12-06,,
2600036029,Serraria,PB,Poço tubular,,-6.828333,-35.619167,50,1890,1.89,,True,2009-02-17,2004-12-06,,
2600036030,Borborema,PB,Poço tubular,,-6.8025,-35.6,20,3360,3.36,,True,2009-02-17,2004-12-03,,
2600036031,Borborema,PB,Poço tubular,,-6.803889,-35.603056,30,1517,1.517,,True,2009-02-17,2004-12-03,,
2600036032,Borborema,PB,Poço tubular,,-6.806944,-35.605,45,1291,1.291,,True,2009-02-17,2004-12-03,,
2600036036,Conde,PB,Poço tubular,,-7.332778,-34.808333,39,722,0.722,,True,2009-02-19,2003-06-01,,
2600036040,Conde,PB,Poço tubular,,-7.261389,-34.905833,112,514,0.514,,True,2009-02-19,1989-06-01,,
2600036041,Conde,PB,Poço tubular,,-7.286111,-34.803056,190,520,0.52,,True,2009-02-19,1996-06-01,,
2600036042,Conde,PB,Poço tubular,,-7.284167,-34.809444,240,436,0.436,,True,2009-02-26,2003-06-01,,
2600036043,Conde,PB,Poço tubular,,-7.285556,-34.807778,150,414,0.414,,True,2009-02-26,1986-06-01,,
2600036045,Conde,PB,Poço tubular,,-7.283889,-34.876389,70,423,0.423,,True,2009-02-26,2000-06-01,,
2600036048,Conde,PB,Poço tubular,,-7.255,-34.899444,40,372,0.372,,True,2009-02-26,2002-06-01,,
2600036049,Conde,PB,Poço tubular,,-7.255556,-34.899722,37,413,0.413,,True,2009-02-27,2001-06-01,,
2600036050,Conde,PB,Poço tubular,,-7.255278,-34.899167,42,420,0.42,,True,2009-02-27,2002-06-01,,
2600036051,Conde,PB,Poço tubular,,-7.241667,-34.914167,36,519,0.519,,True,2009-02-27,2000-06-01,,
2600036052,Conde,PB,Poço tubular,,-7.243889,-34.914722,33,322,0.322,,True,2009-02-27,2000-06-01,,
2600036053,Conde,PB,Poço tubular,,-7.2275,-34.909722,80,374,0.374,,True,2009-02-27,2004-12-13,,
2600036054,Conde,PB,Poço tubular,,-7.228611,-34.913333,120,379,0.379,,True,2009-02-27,1989-06-01,,
2600036055,Conde,PB,Poço tubular,,-7.228889,-34.913611,60,394,0.394,,True,2009-02-27,1999-06-01,,
2600036056,Conde,PB,Poço tubular,,-7.236667,-34.855556,70,414,0.414,,True,2009-02-27,2000-06-01,,
2600036057,Conde,PB,Poço tubular,,-7.236944,-34.855833,67,522,0.522,,True,2009-02-27,1998-06-01,,
2600036058,Conde,PB,Poço tubular,,-7.232778,-34.865833,50,554,0.554,,True,2009-02-27,1999-06-01,,
2600036059,Conde,PB,Poço tubular,,-7.232222,-34.922778,26,620,0.62,,True,2009-02-27,2000-06-01,,
2600036060,Conde,PB,Poço tubular,,-7.2325,-34.923056,29,435,0.435,,True,2009-03-03,2002-06-01,,
2600036061,Conde,PB,Poço tubular,,-7.237222,-34.924167,42,529,0.529,,True,2009-03-03,2000-06-01,,
2600036062,Conde,PB,Poço tubular,,-7.2375,-34.924722,37,318,0.318,,True,2009-03-03,2001-06-01,,
2600036063,Conde,PB,Poço tubular,,-7.29,-34.916111,67,367,0.367,,True,2009-03-03,1992-06-01,,
2600036064,Conde,PB,Poço tubular,,-7.264444,-34.92,52,432,0.432,,True,2009-03-03,2000-06-01,,
2600036066,Conde,PB,Poço tubular,,-7.271111,-34.891667,45,620,0.62,,True,2009-03-03,2000-06-01,,
2600036067,Conde,PB,Poço tubular,,-7.270556,-34.891944,40,715,0.715,,True,2009-03-03,2001-06-01,,
2600036068,Conde,PB,Poço tubular,,-7.270556,-34.874444,47,725,0.725,,True,2009-03-03,2000-06-01,,
2600036069,Conde,PB,Poço tubular,,-7.2975,-34.867778,45,619,0.619,,True,2009-03-03,2000-06-01,,
2600036070,Conde,PB,Poço tubular,,-7.312778,-34.870833,45,882,0.882,,True,2009-03-03,2002-06-01,,
2600036071,Conde,PB,Poço tubular,,-7.328889,-34.857222,120,468,0.468,,True,2009-03-03,2003-06-01,,
2600036073,Conde,PB,Poço tubular,,-7.335278,-34.846111,120,730,0.73,,True,2009-03-03,1997-06-01,,
2600036074,Conde,PB,Poço tubular,,-7.335556,-34.846667,75,619,0.619,,True,2009-03-03,2000-06-01,,
2600036075,Conde,PB,Poço tubular,,-7.321944,-34.867222,62,632,0.632,,True,2009-03-03,2000-06-01,,
2600036076,Conde,PB,Poço tubular,,-7.322222,-34.867222,49,614,0.614,,True,2009-03-03,2001-06-01,,
2600036077,Conde,PB,Poço tubular,,-7.247778,-34.864722,72,324,0.324,,True,2009-03-03,2000-06-01,,
2600036078,Conde,PB,Poço tubular,,-7.254444,-34.862222,39,432,0.432,,True,2009-03-03,2001-06-01,,
2600036127,Conde,PB,Poço tubular,,-7.301944,-34.823333,40,434,0.434,,True,2009-03-10,1999-06-01,,
2600036128,Conde,PB,Poço tubular,,-7.302222,-34.824444,35,260,0.26,,True,2009-03-10,2001-06-01,,
2600036130,Conde,PB,Poço tubular,,-7.266944,-34.846944,35,439,0.439,,True,2009-03-10,2000-06-01,,
2600036131,Conde,PB,Poço tubular,,-7.261667,-34.838611,62,620,0.62,,True,2009-03-10,2001-06-01,,
2600036132,Conde,PB,Poço tubular,,-7.261944,-34.838889,55,570,0.57,,True,2009-03-10,2000-06-01,,
2600036133,Conde,PB,Poço tubular,,-7.247222,-34.832222,112,499,0.499,,True,2009-03-10,2000-06-01,,
2600036134,Conde,PB,Poço tubular,,-7.2475,-34.831944,60,509,0.509,,True,2009-03-10,2000-06-01,,
2600036135,Conde,PB,Poço tubular,,-7.245833,-34.847778,49,417,0.417,,True,2009-03-10,2000-06-01,,
2600036136,Conde,PB,Poço tubular,,-7.246111,-34.848333,60,437,0.437,,True,2009-03-10,1999-06-01,,
2600036137,Conde,PB,Poço tubular,,-7.251111,-34.826111,27,472,0.472,,True,2009-03-10,1997-06-01,,
2600036138,Conde,PB,Poço tubular,,-7.251944,-34.813889,42,417,0.417,,True,2009-03-10,2001-06-01,,
2600036139,Conde,PB,Poço tubular,,-7.251944,-34.813611,53,377,0.377,,True,2009-03-10,2000-06-01,,
2600036140,Conde,PB,Poço tubular,,-7.340278,-34.803333,76,597,0.597,,True,2009-03-10,2002-06-01,,
2600036142,Conde,PB,Poço tubular,,-7.301944,-34.823889,70,630,0.63,,True,2009-03-13,2000-06-01,,
2600036143,Conde,PB,Poço tubular,,-7.3025,-34.824167,42,430,0.43,,True,2009-03-13,2001-06-01,,
2600036144,Conde,PB,Poço tubular,,-7.299722,-34.816389,42,315,0.315,,True,2009-03-13,2004-06-01,,
2600036145,Conde,PB,Poço tubular,,-7.266667,-34.841667,80,630,0.63,,True,2009-03-13,2001-06-01,,
2600036146,Conde,PB,Poço tubular,,-7.266389,-34.839722,32,364,0.364,,True,2009-03-13,2004-12-18,,
2600036148,Coxixola,PB,Poço tubular,,-7.596111,-36.618889,50,6620,6.62,,True,2009-03-13,1994-06-01,,
2600036149,Coxixola,PB,Poço tubular,,-7.609167,-36.647778,43,6730,6.73,,True,2009-03-13,1998-06-01,,
2600036150,Coxixola,PB,Poço tubular,,-7.623611,-36.603056,51,2780,2.78,,True,2009-03-13,2000-06-01,,
2600036151,Coxixola,PB,Poço tubular,,-7.636944,-36.613889,32,1868,1.868,,True,2009-03-13,2002-06-01,,
2600036152,Coxixola,PB,Poço tubular,,-7.621111,-36.602778,28,1615,1.615,,True,2009-03-17,1998-06-01,,
2600036153,Coxixola,PB,Poço tubular,,-7.625,-36.655833,46,2150,2.15,,True,2009-03-17,2000-06-01,,
2600036154,Coxixola,PB,Poço tubular,,-7.6625,-36.603889,42,3430,3.43,,True,2009-03-17,1999-06-01,,
2600036155,Coxixola,PB,Poço tubular,,-7.606667,-36.598333,48,5130,5.13,,True,2009-03-17,2000-06-01,,
2600036156,Coxixola,PB,Poço tubular,,-7.618056,-36.679167,45,5630,5.63,,True,2009-03-20,1996-06-01,,
2600036157,Coxixola,PB,Poço tubular,,-7.624722,-36.6025,40,2700,2.7,,True,2009-03-20,1990-06-01,,
2600036158,Coxixola,PB,Poço tubular,,-7.669722,-36.653889,46,2570,2.57,,True,2009-03-20,1998-06-01,,
2600036160,Coxixola,PB,Poço tubular,,-7.686389,-36.576944,40,1980,1.98,,True,2009-03-20,1997-06-01,,
2600036162,Coxixola,PB,Poço tubular,,-7.625278,-36.606111,35,6630,6.63,,True,2009-03-20,1996-06-01,,
2600036163,Coxixola,PB,Poço tubular,,-7.623333,-36.610833,35,2180,2.18,,True,2009-03-20,1999-06-01,,
2600036164,Caraúbas,PB,Poço tubular,,-7.643889,-36.577778,45,5060,5.06,,True,2009-03-20,2000-06-01,,
2600036165,Coxixola,PB,Poço tubular,,-7.631111,-36.591389,42,809,0.809,,True,2009-03-20,2000-06-01,,
2600036166,Coxixola,PB,Poço tubular,,-7.628611,-36.602222,47,2000,2.0,,True,2009-03-20,1998-06-01,,
2600036167,Coxixola,PB,Poço tubular,,-7.621389,-36.671667,47,5300,5.3,,True,2009-03-20,1998-06-01,,
2600036169,Coxixola,PB,Poço tubular,,-7.635833,-36.621389,39,1689,1.689,,True,2009-03-20,1997-06-01,,
2600036170,Caraúbas,PB,Poço tubular,,-7.633056,-36.581389,50,1960,1.96,,True,2009-03-20,1999-06-01,,
2600036171,Coxixola,PB,Poço tubular,,-7.604722,-36.605278,48,5430,5.43,,True,2009-03-20,1999-06-01,,
2600036172,Coxixola,PB,Poço tubular,,-7.6225,-36.673056,38,2080,2.08,,True,2009-03-24,1999-06-01,,
2600036174,Coxixola,PB,Poço tubular,,-7.630278,-36.605,46,5320,5.32,,True,2009-03-24,1990-06-01,,
2600036175,Coxixola,PB,Poço tubular,,-7.626944,-36.605556,40,2180,2.18,,True,2009-03-24,1997-06-01,,
2600036176,Coxixola,PB,Poço tubular,,-7.636667,-36.598611,43,4350,4.35,,True,2009-03-24,1990-06-01,,
2600036177,Coxixola,PB,Poço tubular,,-7.661389,-36.665,45,819,0.819,,True,2009-03-24,1999-06-01,,
2600036178,Coxixola,PB,Poço tubular,,-7.614444,-36.644722,45,2520,2.52,,True,2009-03-24,1992-06-01,,
2600036179,Coxixola,PB,Poço tubular,,-7.614722,-36.646111,45,7330,7.33,,True,2009-03-24,1999-06-01,,
2600036180,Coxixola,PB,Poço tubular,,-7.64,-36.651111,42,5550,5.55,,True,2009-03-24,1989-06-01,,
2600036182,Alagoa Nova,PB,Poço tubular,,-7.064722,-35.766389,18,684,0.684,,True,2009-03-26,2001-06-01,,
2600036183,Alagoa Nova,PB,Poço tubular,,-7.065278,-35.766111,18,756,0.756,,True,2009-03-26,2001-06-01,,
2600036184,Cuité de Mamanguape,PB,Poço tubular,,-6.911667,-35.293333,33,518,0.518,,True,2009-03-26,2002-06-01,,
2600036185,Cuité de Mamanguape,PB,Poço tubular,,-6.905556,-35.280833,50,6970,6.97,,True,2009-03-26,2004-06-01,,
2600036186,Cuité de Mamanguape,PB,Poço tubular,,-6.888333,-35.252778,45,6730,6.73,,True,2009-03-26,2004-06-01,,
2600036188,Cuité de Mamanguape,PB,Poço tubular,,-6.909722,-35.220556,45,1761,1.761,,True,2009-03-26,2004-06-01,,
2600036189,Cuité de Mamanguape,PB,Poço tubular,,-6.907222,-35.293889,49,1452,1.452,,True,2009-03-26,2004-12-01,,
2600036190,Cuité de Mamanguape,PB,Poço tubular,,-6.927778,-35.289722,50,670,0.67,,True,2009-03-26,2004-12-02,,
2600036191,Cuité de Mamanguape,PB,Poço tubular,,-6.953611,-35.264444,52,2670,2.67,,True,2009-03-26,2004-02-01,,
2600036193,Mataraca,PB,Poço tubular,,-6.5925,-34.966111,42,122,0.122,,True,2009-03-26,2004-11-29,,
2600036194,Mataraca,PB,Poço tubular,,-6.588611,-35.0175,18,83,0.083,,True,2009-03-26,2004-11-29,,
2600036196,Cabedelo,PB,Poço tubular,,-7.020833,-34.833056,25,825,0.825,,True,2009-04-17,2004-12-13,,
2600036197,Cabedelo,PB,Poço tubular,,-6.971111,-34.831944,250,577,0.577,,True,2009-04-17,1978-11-20,,
2600036199,Cabedelo,PB,Poço tubular,,-6.978889,-34.834722,6,603,0.603,,True,2009-04-17,2004-12-14,,
2600036201,Cabedelo,PB,Poço tubular,,-7.054167,-34.850556,78,158,0.158,,True,2009-04-17,2004-12-14,,
2600036202,Cabedelo,PB,Poço tubular,,-7.054167,-34.850833,16,406,0.406,,True,2009-04-17,2004-11-15,,
2600036203,Cabedelo,PB,Poço tubular,,-6.9675,-34.8375,184,718,0.718,,True,2009-04-17,2004-12-14,,
2600036204,Cabedelo,PB,Poço tubular,,-7.058611,-34.853611,142,5010,5.01,,True,2009-04-17,2004-12-14,,
2600036205,Cabedelo,PB,Poço tubular,,-6.983611,-34.833889,100,691,0.691,,True,2009-04-17,2004-12-14,,
2600036210,Caldas Brandão,PB,Poço tubular,,-7.130833,-35.345278,32,5220,5.22,,True,2009-04-23,1999-06-01,,
2600036211,Caldas Brandão,PB,Poço tubular,,-7.129167,-35.336111,56,4540,4.54,,True,2009-04-23,2002-11-01,,
2600036214,Caldas Brandão,PB,Poço tubular,,-7.145,-35.351111,52,1950,1.95,,True,2009-04-23,2000-06-01,,
2600036216,Caldas Brandão,PB,Poço tubular,,-7.140833,-35.343333,25,4800,4.8,,True,2009-04-23,2004-06-01,,
2600036217,Caldas Brandão,PB,Poço tubular,,-7.154167,-35.338889,30,2320,2.32,,True,2009-04-23,2000-06-01,,
2600036219,Capim,PB,Poço tubular,,-6.897778,-35.2,40,1216,1.216,,True,2009-04-28,2002-06-01,,
2600036221,Capim,PB,Poço tubular,,-6.900833,-35.194167,52,2030,2.03,,True,2009-04-28,1995-06-01,,
2600036222,Capim,PB,Poço tubular,,-6.894167,-35.189722,48,1394,1.394,,True,2009-04-28,1982-06-01,,
2600036223,Capim,PB,Poço tubular,,-6.911944,-35.168333,43,773,0.773,,True,2009-04-28,1998-06-01,,
2600036224,Capim,PB,Poço tubular,,-6.919722,-35.163333,45,1390,1.39,,True,2009-04-28,2001-06-01,,
2600036225,Capim,PB,Poço tubular,,-6.915278,-35.171944,20,2580,2.58,,True,2009-04-28,1982-06-01,,
2600036226,Capim,PB,Poço tubular,,-6.900278,-35.191667,44,1423,1.423,,True,2009-04-28,2001-06-01,,
2600036227,Duas Estradas,PB,Poço tubular,,-6.711389,-35.42,50,341,0.341,,True,2009-04-24,2002-06-01,,
2600036228,Serra da Raiz,PB,Poço tubular,,-6.689722,-35.421667,50,2090,2.09,,True,2009-04-24,2002-06-01,,
2600036230,Duas Estradas,PB,Poço tubular,,-6.689167,-35.417778,50,2560,2.56,,True,2009-04-24,2004-12-10,,
2600036231,Duas Estradas,PB,Poço tubular,,-6.688056,-35.415833,55,3510,3.51,,True,2009-04-24,2004-12-10,,
2600036232,Duas Estradas,PB,Poço tubular,,-6.7075,-35.408056,42,2670,2.67,,True,2009-04-24,1991-06-01,,
2600036236,Araçagi,PB,Poço tubular,,-6.815,-35.363333,62,956,0.956,,True,2009-05-04,2004-12-07,,
2600036238,Araçagi,PB,Poço tubular,,-6.815278,-35.345278,40,1085,1.085,,True,2009-05-04,1994-03-01,,
2600036239,Araçagi,PB,Poço tubular,,-6.836389,-35.362778,50,1630,1.63,,True,2009-05-04,2004-12-06,,
2600036240,Araçagi,PB,Poço tubular,,-6.783611,-35.376389,60,616,0.616,,True,2009-05-04,1984-11-01,,
2600036245,Araçagi,PB,Poço tubular,,-6.838889,-35.330556,60,1381,1.381,,True,2009-05-04,1970-06-01,,
2600036246,Araçagi,PB,Poço tubular,,-6.7875,-35.434444,25,484,0.484,,True,2009-05-04,2004-12-08,,
2600036247,Araçagi,PB,Poço tubular,,-6.810556,-35.4075,40,762,0.762,,True,2009-05-04,2004-12-06,,
2600036251,Araçagi,PB,Poço tubular,,-6.913889,-35.301389,45,7790,7.79,,True,2009-05-04,2004-06-01,,
2600036254,Araçagi,PB,Poço tubular,,-6.835278,-35.403611,60,2300,2.3,,True,2009-05-04,2004-12-06,,
2600036256,Araçagi,PB,Poço tubular,,-6.798056,-35.438333,48,1905,1.905,,True,2009-05-04,1984-06-01,,
2600036258,Araçagi,PB,Poço tubular,,-6.786389,-35.358611,38,509,0.509,,True,2009-05-04,1981-10-01,,
2600036260,Araçagi,PB,Poço tubular,,-6.774722,-35.391111,50,1044,1.044,,True,2009-05-04,2004-12-08,,
2600036261,Araçagi,PB,Poço tubular,,-6.770833,-35.385278,6,495,0.495,,True,2009-05-04,2004-12-08,,
2600036262,Araçagi,PB,Poço tubular,,-6.851389,-35.373611,58,385,0.385,,True,2009-05-04,1970-06-01,,
2600036263,Araçagi,PB,Poço tubular,,-6.787222,-35.391667,46,212,0.212,,True,2009-05-04,2004-06-01,,
2600036264,Araçagi,PB,Poço tubular,,-6.838611,-35.324444,62,661,0.661,,True,2009-05-04,1972-06-01,,
2600036265,Araruna,PB,Poço tubular,,-6.481667,-35.6975,45,3200,3.2,,True,2009-05-06,2004-12-09,,
2600036268,Araruna,PB,Poço tubular,,-6.514444,-35.711944,37,9140,9.14,,True,2009-05-06,2004-12-11,,
2600036271,Dona Inês,PB,Poço tubular,,-6.650833,-35.684167,60,3090,3.09,,True,2009-05-06,2004-06-01,,
2600036273,Araruna,PB,Poço tubular,,-6.536389,-35.812222,50,7190,7.19,,True,2009-05-06,2004-12-10,,
2600036274,Araruna,PB,Poço tubular,,-6.498889,-35.737222,50,1864,1.864,,True,2009-05-06,2004-12-09,,
2600036275,Araruna,PB,Poço tubular,,-6.5,-35.733889,42,2770,2.77,,True,2009-05-06,2004-12-09,,
2600036277,Araruna,PB,Poço tubular,,-6.523333,-35.777222,60,15580,15.58,,True,2009-05-06,2004-12-09,,
2600036282,Riachão,PB,Poço tubular,,-6.588333,-35.691667,50,3240,3.24,,True,2009-05-07,2004-12-11,,
2600036284,Araruna,PB,Poço tubular,,-6.521667,-35.853889,50,5300,5.3,,True,2009-05-07,2004-12-10,,
2600036286,Araruna,PB,Poço tubular,,-6.488056,-35.754167,60,2110,2.11,,True,2009-05-07,2004-12-09,,
2600036288,Araruna,PB,Poço tubular,,-6.56,-35.721667,50,4090,4.09,,True,2009-05-07,2004-12-11,,
2600036289,Araruna,PB,Poço tubular,,-6.546667,-35.7625,50,1377,1.377,,True,2009-05-07,2004-12-11,,
2600036291,Araruna,PB,Poço tubular,,-6.553611,-35.753611,50,3730,3.73,,True,2009-05-07,2004-12-10,,
2600036292,Araruna,PB,Poço tubular,,-6.499167,-35.748333,27,3740,3.74,,True,2009-05-07,2004-12-09,,
2600036293,Araruna,PB,Poço tubular,,-6.502778,-35.756667,35,968,0.968,,True,2009-05-07,2004-12-09,,
2600036294,Araruna,PB,Poço tubular,,-6.525278,-35.770833,45,10480,10.48,,True,2009-05-07,2004-12-09,,
2600036295,Araruna,PB,Poço tubular,,-6.529444,-35.759167,60,13350,13.35,,True,2009-05-07,2004-12-09,,
2600036296,Araruna,PB,Poço tubular,,-6.451111,-35.679722,60,980,0.98,,True,2009-05-07,2004-12-08,,
2600036297,Araruna,PB,Poço tubular,,-6.511667,-35.815,59,5860,5.86,,True,2009-05-07,1999-06-01,,
2600036298,Araruna,PB,Poço tubular,,-6.510833,-35.813611,50,5320,5.32,,True,2009-05-07,2002-06-01,,
2600036301,Araruna,PB,Poço tubular,,-6.501944,-35.756944,15,7540,7.54,,True,2009-05-07,2004-12-09,,
2600036302,Araruna,PB,Poço tubular,,-6.533611,-35.757222,18,13330,13.33,,True,2009-05-07,2004-12-09,,
2600036303,Dona Inês,PB,Poço tubular,,-6.625556,-35.7325,50,6650,6.65,,True,2009-05-07,2004-10-01,,
2600036304,Araruna,PB,Poço tubular,,-6.488889,-35.746111,45,4560,4.56,,True,2009-05-07,2004-12-09,,
2600036305,Araruna,PB,Poço tubular,,-6.524722,-35.829167,40,1880,1.88,,True,2009-05-07,1979-06-01,,
2600036307,Araruna,PB,Poço tubular,,-6.451667,-35.671667,45,2120,2.12,,True,2009-05-07,2004-12-08,,
2600036308,Dona Inês,PB,Poço tubular,,-6.615556,-35.681667,42,10190,10.19,,True,2009-05-07,1998-06-01,,
2600036309,Araruna,PB,Poço tubular,,-6.554444,-35.748056,50,6810,6.81,,True,2009-05-07,2004-12-10,,
2600036310,Dona Inês,PB,Poço tubular,,-6.611389,-35.678889,60,6000,6.0,,True,2009-05-07,1998-06-01,,
2600036311,Araruna,PB,Poço tubular,,-6.5675,-35.754722,50,7960,7.96,,True,2009-05-07,2004-12-10,,
2600036312,Araruna,PB,Poço tubular,,-6.569167,-35.755833,50,3480,3.48,,True,2009-05-07,2004-12-10,,
2600036313,Araruna,PB,Poço tubular,,-6.570833,-35.753611,50,1296,1.296,,True,2009-05-07,2004-12-10,,
2600036314,Araruna,PB,Poço tubular,,-6.491111,-35.747222,55,1356,1.356,,True,2009-05-07,2004-12-08,,
2600036315,Araruna,PB,Poço tubular,,-6.536111,-35.852222,40,8900,8.9,,True,2009-05-07,2004-12-10,,
2600036317,Araruna,PB,Poço tubular,,-6.475,-35.7225,60,2310,2.31,,True,2009-05-07,2004-12-08,,
2600036318,Araruna,PB,Poço tubular,,-6.489167,-35.747778,30,4290,4.29,,True,2009-05-07,2004-12-08,,
2600036320,Araruna,PB,Poço tubular,,-6.543611,-35.788333,50,5760,5.76,,True,2009-05-07,2004-12-10,,
2600036324,Araruna,PB,Poço tubular,,-6.501667,-35.731944,55,2230,2.23,,True,2009-05-07,2004-12-09,,
2600036326,Araruna,PB,Poço tubular,,-6.570556,-35.735833,50,50000,50.0,,True,2009-05-07,2004-12-11,,
2600036328,Juripiranga,PB,Poço tubular,,-7.336944,-35.247778,50,1830,1.83,,True,2009-05-08,2004-11-30,,
2600036329,Juripiranga,PB,Poço tubular,,-7.323056,-35.225278,36,1614,1.614,,True,2009-05-08,2004-11-30,,
2600036333,Juripiranga,PB,Poço tubular,,-7.369722,-35.236667,40,1630,1.63,,True,2009-05-08,1984-02-28,,
2600036334,Juripiranga,PB,Poço tubular,,-7.372222,-35.237222,50,1432,1.432,,True,2009-05-08,2004-11-30,,
2600036335,Juripiranga,PB,Poço tubular,,-7.340278,-35.238056,33,922,0.922,,True,2009-05-08,2003-06-01,,
2600036337,Areia,PB,Poço tubular,,-6.971667,-35.753889,28,157,0.157,,True,2009-05-08,1996-06-01,,
2600036339,Areia,PB,Poço tubular,,-6.983333,-35.714167,60,351,0.351,,True,2009-05-08,2004-12-02,,
2600036340,Areia,PB,Poço tubular,,-6.977222,-35.728333,60,245,0.245,,True,2009-05-08,2004-12-02,,
2600036343,Areia,PB,Poço tubular,,-6.927222,-35.646111,32,456,0.456,,True,2009-05-08,2003-06-01,,
2600036344,Areia,PB,Poço tubular,,-6.926944,-35.645833,31,422,0.422,,True,2009-05-08,2004-12-01,,
2600036347,Arara,PB,Poço tubular,,-6.858611,-35.7575,31,4370,4.37,,True,2009-05-08,2004-12-01,,
2600036348,Areia,PB,Poço tubular,,-6.91,-35.750833,19,4470,4.47,,True,2009-05-08,2003-06-01,,
2600036352,Areia,PB,Poço tubular,,-6.976944,-35.708056,34,453,0.453,,True,2009-05-08,2004-12-02,,
2600036356,Areia,PB,Poço tubular,,-6.944444,-35.610833,30,517,0.517,,True,2009-05-08,1999-06-01,,
2600036357,Areia,PB,Poço tubular,,-6.917222,-35.639722,60,398,0.398,,True,2009-05-18,2004-12-01,,
2600036358,Areia,PB,Poço tubular,,-6.928611,-35.708889,50,762,0.762,,True,2009-05-18,2004-12-01,,
2600036360,Areia,PB,Poço tubular,,-6.9175,-35.721389,61,1413,1.413,,True,2009-05-18,2003-06-01,,
2600036361,Areia,PB,Poço tubular,,-6.8975,-35.742222,40,4360,4.36,,True,2009-05-18,2004-12-01,,
2600036367,Aroeiras,PB,Poço tubular,,-7.488611,-35.827222,40,496,0.496,,True,2009-05-18,2002-06-01,,
2600036368,Aroeiras,PB,Poço tubular,,-7.578889,-35.749167,50,990,0.99,,True,2009-05-18,1983-12-21,,
2600036370,Aroeiras,PB,Poço tubular,,-7.575556,-35.726389,30,1102,1.102,,True,2009-05-18,2002-06-01,,
2600036374,Aroeiras,PB,Poço tubular,,-7.550833,-35.731111,50,631,0.631,,True,2009-05-18,2004-06-01,,
2600036378,Aroeiras,PB,Poço tubular,,-7.494722,-35.821944,40,744,0.744,,True,2009-05-18,1990-06-01,,
2600036382,Aroeiras,PB,Poço tubular,,-7.569722,-35.671111,54,647,0.647,,True,2009-05-18,2001-10-20,,
2600036383,Aroeiras,PB,Poço tubular,,-7.5475,-35.742222,67,602,0.602,,True,2009-05-18,1983-12-03,,
2600036384,Aroeiras,PB,Poço tubular,,-7.485,-35.809444,50,236,0.236,,True,2009-05-18,2001-06-01,,
2600036385,Aroeiras,PB,Poço tubular,,-7.59,-35.698333,50,989,0.989,,True,2009-05-18,2002-06-01,,
2600036386,Aroeiras,PB,Poço tubular,,-7.548889,-35.713056,60,353,0.353,,True,2009-05-18,1980-06-01,,
2600036389,Aroeiras,PB,Poço tubular,,-7.535556,-35.776389,40,1288,1.288,,True,2009-05-18,2000-06-01,,
2600036393,Aroeiras,PB,Poço tubular,,-7.543333,-35.777778,30,395,0.395,,True,2009-05-18,1997-06-01,,
2600036400,Aroeiras,PB,Poço tubular,,-7.531389,-35.798333,50,913,0.913,,True,2009-05-20,1996-06-01,,
2600036403,Aroeiras,PB,Poço tubular,,-7.565278,-35.733611,50,820,0.82,,True,2009-05-20,2002-06-01,,
2600036405,Aroeiras,PB,Poço tubular,,-7.491944,-35.825,40,703,0.703,,True,2009-05-20,1980-06-01,,
2600036408,Aroeiras,PB,Poço tubular,,-7.575833,-35.719444,60,982,0.982,,True,2009-05-20,1984-06-01,,
2600036410,Aroeiras,PB,Poço tubular,,-7.541389,-35.755,50,711,0.711,,True,2009-05-20,2002-06-01,,
2600036411,Fagundes,PB,Poço tubular,,-7.462222,-35.823056,40,233,0.233,,True,2009-05-20,1998-06-01,,
2600036412,Aroeiras,PB,Poço tubular,,-7.562222,-35.7175,50,653,0.653,,True,2009-05-20,1995-06-01,,
2600036415,Aroeiras,PB,Poço tubular,,-7.514722,-35.693056,30,557,0.557,,True,2009-05-20,2001-06-01,,
2600036417,Aroeiras,PB,Poço tubular,,-7.478889,-35.805833,56,222,0.222,,True,2009-05-20,1999-09-06,,
2600036420,Aroeiras,PB,Poço tubular,,-7.532778,-35.670833,50,563,0.563,,True,2009-05-20,2001-06-01,,
2600036422,Aroeiras,PB,Poço tubular,,-7.543611,-35.703611,40,233,0.233,,True,2009-05-20,1968-06-01,,
2600036425,Fagundes,PB,Poço tubular,,-7.471667,-35.801944,40,424,0.424,,True,2009-05-20,1997-06-01,,
2600036426,Aroeiras,PB,Poço tubular,,-7.515556,-35.746667,55,235,0.235,,True,2009-05-20,2001-06-01,,
2600036427,Aroeiras,PB,Poço tubular,,-7.536111,-35.778611,37,1242,1.242,,True,2009-05-20,1998-06-01,,
2600036429,Barra de São Miguel,PB,Poço tubular,,-7.678611,-36.3475,28,12050,12.05,,True,2009-05-21,2004-12-09,,
2600036439,Barra de São Miguel,PB,Poço tubular,,-7.781111,-36.345278,28,8480,8.48,,True,2009-05-21,2004-12-04,,
2600036457,Barra de São Miguel,PB,Poço tubular,,-7.687778,-36.3225,50,1530,1.53,,True,2009-05-21,2004-12-10,,
2600036459,Barra de São Miguel,PB,Poço tubular,,-7.741944,-36.316667,51,16200,16.2,,True,2009-05-21,2003-06-01,,
2600036460,Barra de São Miguel,PB,Poço tubular,,-7.765833,-36.33,12,4200,4.2,,True,2009-05-21,2004-12-05,,
2600036461,Barra de São Miguel,PB,Poço tubular,,-7.798611,-36.370556,27,1322,1.322,,True,2009-05-21,1984-06-01,,
2600036462,Barra de São Miguel,PB,Poço tubular,,-7.756389,-36.361667,50,6150,6.15,,True,2009-05-21,2002-06-01,,
2600036466,Barra de São Miguel,PB,Poço tubular,,-7.696944,-36.313333,35,1689,1.689,,True,2009-05-22,2004-12-10,,
2600036469,Barra de São Miguel,PB,Poço tubular,,-7.693333,-36.309722,35,12830,12.83,,True,2009-05-22,2004-12-10,,
2600036470,Barra de São Miguel,PB,Poço tubular,,-7.690278,-36.290278,35,1014,1.014,,True,2009-05-22,2004-12-10,,
2600036471,Barra de São Miguel,PB,Poço tubular,,-7.688889,-36.289167,30,965,0.965,,True,2009-05-22,2004-12-10,,
2600036472,Barra de São Miguel,PB,Poço tubular,,-7.696944,-36.315556,35,4550,4.55,,True,2009-05-22,2004-12-10,,
2600036474,Barra de São Miguel,PB,Poço tubular,,-7.781111,-36.305556,12,6970,6.97,,True,2009-05-22,1983-06-01,,
2600036477,Barra de São Miguel,PB,Poço tubular,,-7.756944,-36.360833,25,4290,4.29,,True,2009-05-22,1994-06-01,,
2600036479,Barra de São Miguel,PB,Poço tubular,,-7.705833,-36.360833,42,2800,2.8,,True,2009-05-22,2004-12-09,,
2600036480,Barra de São Miguel,PB,Poço tubular,,-7.7075,-36.358611,42,2090,2.09,,True,2009-05-22,2004-12-09,,
2600036482,Barra de São Miguel,PB,Poço tubular,,-7.695,-36.361111,50,2930,2.93,,True,2009-05-22,2004-12-09,,
2600036483,Barra de São Miguel,PB,Poço tubular,,-7.604722,-36.343889,17,988,0.988,,True,2009-05-22,2004-12-11,,
2600036484,Barra de São Miguel,PB,Poço tubular,,-7.776667,-36.308889,36,13750,13.75,,True,2009-05-22,2002-06-14,,
2600036485,Barra de São Miguel,PB,Poço tubular,,-7.66,-36.271389,23,2830,2.83,,True,2009-05-22,2004-12-10,,
2600036487,Barra de São Miguel,PB,Poço tubular,,-7.74,-36.3625,17,1657,1.657,,True,2009-05-22,2004-12-07,,
2600036488,Barra de São Miguel,PB,Poço tubular,,-7.741944,-36.363056,60,6730,6.73,,True,2009-05-22,2002-06-01,,
2600036489,Barra de São Miguel,PB,Poço tubular,,-7.665,-36.29,52,8810,8.81,,True,2009-05-22,2004-10-10,,
2600036494,Barra de São Miguel,PB,Poço tubular,,-7.690278,-36.331667,28,8020,8.02,,True,2009-05-22,2004-12-09,,
2600036496,Barra de São Miguel,PB,Poço tubular,,-7.715,-36.36,21,535,0.535,,True,2009-05-22,2004-12-09,,
2600036497,Barra de São Miguel,PB,Poço tubular,,-7.781111,-36.388611,27,3780,3.78,,True,2009-05-22,2004-12-06,,
2600036501,Barra de São Miguel,PB,Poço tubular,,-7.605833,-36.297222,31,2730,2.73,,True,2009-05-25,2004-12-11,,
2600036503,Barra de São Miguel,PB,Poço tubular,,-7.788056,-36.351389,36,1429,1.429,,True,2009-05-25,2004-12-04,,
2600036505,Barra de São Miguel,PB,Poço tubular,,-7.659444,-36.283611,49,4570,4.57,,True,2009-05-25,1986-06-01,,
2600036508,Barra de São Miguel,PB,Poço tubular,,-7.726111,-36.359722,52,2590,2.59,,True,2009-05-25,2004-12-05,,
2600036512,Barra de São Miguel,PB,Poço tubular,,-7.745278,-36.263889,50,5730,5.73,,True,2009-05-25,2004-12-14,,
2600036513,Barra de São Miguel,PB,Poço tubular,,-7.786944,-36.358611,24,9210,9.21,,True,2009-05-25,2004-12-06,,
2600036516,Barra de São Miguel,PB,Poço tubular,,-7.609722,-36.361667,35,5000,5.0,,True,2009-05-25,2004-12-11,,
2600036521,Barra de São Miguel,PB,Poço tubular,,-7.718333,-36.3175,38,15760,15.76,,True,2009-05-25,2004-12-08,,
2600036524,Barra de São Miguel,PB,Poço tubular,,-7.76,-36.337222,51,4760,4.76,,True,2009-05-25,2004-12-08,,
2600036525,Barra de São Miguel,PB,Poço tubular,,-7.632222,-36.363056,40,2170,2.17,,True,2009-05-25,2004-12-11,,
2600036529,Barra de São Miguel,PB,Poço tubular,,-7.786944,-36.34,28,5510,5.51,,True,2009-05-25,2004-12-04,,
2600036531,Barra de São Miguel,PB,Poço tubular,,-7.605556,-36.333056,26,4550,4.55,,True,2009-05-25,2004-12-11,,
2600036532,Barra de São Miguel,PB,Poço tubular,,-7.694444,-36.344722,21,5400,5.4,,True,2009-05-25,2004-12-09,,
2600036533,Barra de São Miguel,PB,Poço tubular,,-7.694167,-36.338611,24,5040,5.04,,True,2009-05-25,2004-12-09,,
2600036534,Barra de São Miguel,PB,Poço tubular,,-7.747778,-36.326667,28,4740,4.74,,True,2009-05-25,2004-12-08,,
2600036535,Barra de São Miguel,PB,Poço tubular,,-7.660556,-36.283056,50,6010,6.01,,True,2009-05-25,2004-12-10,,
2600036539,Barra de São Miguel,PB,Poço tubular,,-7.66,-36.275556,38,4160,4.16,,True,2009-05-27,2004-12-10,,
2600036543,Barra de São Miguel,PB,Poço tubular,,-7.752778,-36.327222,27,2400,2.4,,True,2009-05-27,2004-12-08,,
2600036544,Barra de São Miguel,PB,Poço tubular,,-7.749722,-36.330278,30,2070,2.07,,True,2009-05-27,2004-12-08,,
2600036545,Barra de São Miguel,PB,Poço tubular,,-7.564722,-36.274167,26,4100,4.1,,True,2009-05-27,1991-06-01,,
2600036547,Barra de São Miguel,PB,Poço tubular,,-7.790833,-36.279722,52,1824,1.824,,True,2009-05-27,2003-06-01,,
2600036561,Barra de São Miguel,PB,Poço tubular,,-7.775833,-36.304167,17,2170,2.17,,True,2009-05-27,2004-12-13,,
2600036563,Barra de São Miguel,PB,Poço tubular,,-7.682222,-36.332778,21,9280,9.28,,True,2009-05-27,2004-12-09,,
2600036566,Barra de São Miguel,PB,Poço tubular,,-7.693333,-36.182778,22,4140,4.14,,True,2009-05-27,1986-06-01,,
2600036568,Barra de São Miguel,PB,Poço tubular,,-7.611667,-36.328056,26,4460,4.46,,True,2009-05-27,2004-12-11,,
2600036572,Barra de São Miguel,PB,Poço tubular,,-7.716389,-36.338056,15,19140,19.14,,True,2009-05-27,2004-12-09,,
2600036573,Barra de São Miguel,PB,Poço tubular,,-7.733333,-36.373056,38,7180,7.18,,True,2009-05-27,2004-12-07,,
2600036574,Barra de São Miguel,PB,Poço tubular,,-7.737222,-36.371389,25,1446,1.446,,True,2009-05-27,2004-12-07,,
2600036579,Bayeux,PB,Poço tubular,,-7.133056,-34.930556,127,342,0.342,,True,2009-05-28,1975-03-01,,
2600036580,Bayeux,PB,Poço tubular,,-7.126111,-34.927778,160,523,0.523,,True,2009-05-28,1952-06-01,,
2600036581,Bayeux,PB,Poço tubular,,-7.126111,-34.927778,108,491,0.491,,True,2009-05-28,2004-12-13,,
2600036583,Bayeux,PB,Poço tubular,,-7.123056,-34.925833,26,542,0.542,,True,2009-05-28,1979-12-01,,
2600036584,Bayeux,PB,Poço tubular,,-7.125,-34.924444,30,365,0.365,,True,2009-05-28,1994-06-01,,
2600036587,Bayeux,PB,Poço tubular,,-7.142778,-34.917778,26,84,0.084,,True,2009-05-28,1992-06-01,,
2600036588,Bayeux,PB,Poço tubular,,-7.121944,-34.9175,40,244,0.244,,True,2009-05-28,2004-12-13,,
2600036592,Bayeux,PB,Poço tubular,,-7.123056,-34.921111,12,435,0.435,,True,2009-05-28,2004-12-13,,
2600036594,Dona Inês,PB,Poço tubular,,-6.618333,-35.605,40,8910,8.91,,True,2009-05-28,2004-12-08,,
2600036599,Dona Inês,PB,Poço tubular,,-6.585833,-35.595833,41.8,11180,11.18,,True,2009-05-28,1984-11-01,,
2600036600,Dona Inês,PB,Poço tubular,,-6.59,-35.631111,52,15230,15.23,,True,2009-05-28,1996-09-27,,
2600036602,Dona Inês,PB,Poço tubular,,-6.571111,-35.571944,50,919,0.919,,True,2009-05-28,1998-11-11,,
2600036604,Dona Inês,PB,Poço tubular,,-6.625833,-35.639722,47.95,1023,1.023,,True,2009-05-28,1998-11-06,,
2600036606,Dona Inês,PB,Poço tubular,,-6.615,-35.595833,50,4460,4.46,,True,2009-05-28,1998-11-01,,
2600036609,Damião,PB,Poço tubular,,-6.584167,-35.903056,52,9030,9.03,,True,2009-05-29,2004-05-10,,
2600036611,Damião,PB,Poço tubular,,-6.589167,-35.886111,45,2720,2.72,,True,2009-05-29,2004-05-10,,
2600036613,Damião,PB,Poço tubular,,-6.608333,-35.920278,50,8760,8.76,,True,2009-05-29,2004-05-09,,
2600036614,Damião,PB,Poço tubular,,-6.613889,-35.923333,60,3100,3.1,,True,2009-05-29,2004-05-09,,
2600036620,Damião,PB,Poço tubular,,-6.666111,-35.890833,50,7060,7.06,,True,2009-05-29,2005-05-10,,
2600036622,Damião,PB,Poço tubular,,-6.646111,-35.917222,45,10080,10.08,,True,2009-05-29,2004-05-09,,
2600036627,Curral de Cima,PB,Poço tubular,,-6.756111,-35.304444,35,834,0.834,,True,2009-05-29,2000-06-01,,
2600036628,Curral de Cima,PB,Poço tubular,,-6.735833,-35.308611,35,3080,3.08,,True,2009-05-29,2000-06-01,,
2600036629,Curral de Cima,PB,Poço tubular,,-6.751667,-35.346944,35,1592,1.592,,True,2009-05-29,1995-06-01,,
2600036630,Curral de Cima,PB,Poço tubular,,-6.751389,-35.346667,35,2240,2.24,,True,2009-05-29,2004-12-01,,
2600036631,Curral de Cima,PB,Poço tubular,,-6.753056,-35.348333,50,1419,1.419,,True,2009-05-29,2004-12-01,,
2600036632,Itapororoca,PB,Poço tubular,,-6.772222,-35.339444,38,1299,1.299,,True,2009-05-29,1997-06-01,,
2600036636,Curral de Cima,PB,Poço tubular,,-6.730556,-35.268056,35,564,0.564,,True,2009-05-29,2000-06-01,,
2600036638,Curral de Cima,PB,Poço tubular,,-6.746667,-35.281111,48,2020,2.02,,True,2009-05-29,1982-06-01,,
2600036639,Curral de Cima,PB,Poço tubular,,-6.721111,-35.278333,50,2060,2.06,,True,2009-05-29,2001-06-01,,
2600036640,Curral de Cima,PB,Poço tubular,,-6.716111,-35.282778,50,8200,8.2,,True,2009-05-29,2000-06-01,,
2600036641,Mamanguape,PB,Poço tubular,,-6.746389,-35.220833,50,3800,3.8,,True,2009-05-29,2000-06-01,,
2600036642,Curral de Cima,PB,Poço tubular,,-6.738333,-35.271944,35,4210,4.21,,True,2009-05-29,2004-06-01,,
2600036645,Jacaraú,PB,Poço tubular,,-6.597778,-35.316111,50,415,0.415,,True,2009-05-29,2004-12-02,,
2600036653,Jacaraú,PB,Poço tubular,,-6.545833,-35.353611,50,3520,3.52,,True,2009-05-29,2004-12-02,,
2600036655,Caraúbas,PB,Poço tubular,,-7.743611,-36.518611,43,1927,1.927,,True,2009-06-05,2005-05-04,,
2600036656,Caraúbas,PB,Poço tubular,,-7.897778,-36.484167,50,10590,10.59,,True,2009-06-05,2003-06-01,,
2600036657,Caraúbas,PB,Poço tubular,,-7.88,-36.480556,14,6210,6.21,,True,2009-06-05,1981-01-28,,
2600036658,Caraúbas,PB,Poço tubular,,-7.753333,-36.464722,36,3950,3.95,,True,2009-06-05,1997-06-01,,
2600036659,Caraúbas,PB,Poço tubular,,-7.906111,-36.472222,42,15840,15.84,,True,2009-06-05,1991-06-01,,
2600036660,Caraúbas,PB,Poço tubular,,-7.86,-36.505556,34,11910,11.91,,True,2009-06-05,2001-06-01,,
2600036661,Caraúbas,PB,Poço tubular,,-7.7975,-36.449167,20,9790,9.79,,True,2009-06-05,1996-06-01,,
2600036662,Caraúbas,PB,Poço tubular,,-7.755833,-36.535278,21,773,0.773,,True,2009-06-05,1999-06-01,,
2600036663,Caraúbas,PB,Poço tubular,,-7.761667,-36.534722,21,1367,1.367,,True,2009-06-05,1973-06-01,,
2600036664,Caraúbas,PB,Poço tubular,,-7.867222,-36.516389,48,6190,6.19,,True,2009-06-05,2001-06-01,,
2600036665,Caraúbas,PB,Poço tubular,,-7.87,-36.454444,30,3140,3.14,,True,2009-06-05,1994-06-01,,
2600036666,Caraúbas,PB,Poço tubular,,-7.746389,-36.539167,28,988,0.988,,True,2009-06-05,1998-06-01,,
2600036668,Caraúbas,PB,Poço tubular,,-7.865556,-36.490278,41,2710,2.71,,True,2009-06-05,1963-06-01,,
2600036669,Caraúbas,PB,Poço tubular,,-7.858056,-36.434722,29,3070,3.07,,True,2009-06-05,1998-06-01,,
2600036670,Caraúbas,PB,Poço tubular,,-7.794444,-36.4525,50,1374,1.374,,True,2009-06-05,2001-06-01,,
2600036671,Caraúbas,PB,Poço tubular,,-7.7875,-36.451389,40,12680,12.68,,True,2009-06-05,2001-06-01,,
2600036672,Caraúbas,PB,Poço tubular,,-7.743611,-36.478056,38,17410,17.41,,True,2009-06-05,2004-11-29,,
2600036673,Caraúbas,PB,Poço tubular,,-7.804444,-36.510278,16,3620,3.62,,True,2009-06-05,2004-12-01,,
2600036674,Caraúbas,PB,Poço tubular,,-7.801667,-36.511389,50,3400,3.4,,True,2009-06-05,1998-06-01,,
2600036675,Caraúbas,PB,Poço tubular,,-7.735278,-36.424722,30,6100,6.1,,True,2009-06-05,2004-11-29,,
2600036677,Caraúbas,PB,Poço tubular,,-7.860556,-36.525,40,2470,2.47,,True,2009-06-05,1993-06-01,,
2600036679,Caraúbas,PB,Poço tubular,,-7.844444,-36.558056,45,633,0.633,,True,2009-06-05,2000-06-01,,
2600036680,Caraúbas,PB,Poço tubular,,-7.735278,-36.5275,35,1496,1.496,,True,2009-06-05,1996-06-01,,
2600036682,Caraúbas,PB,Poço tubular,,-7.8675,-36.495556,42,5980,5.98,,True,2009-06-08,1981-06-01,,
2600036683,Caraúbas,PB,Poço tubular,,-7.754167,-36.497222,14,3300,3.3,,True,2009-06-08,2004-11-29,,
2600036684,Caraúbas,PB,Poço tubular,,-7.863889,-36.541944,35,5680,5.68,,True,2009-06-08,2002-06-01,,
2600036685,Caraúbas,PB,Poço tubular,,-7.763611,-36.502778,30,2830,2.83,,True,2009-06-08,1999-02-10,,
2600036686,Caraúbas,PB,Poço tubular,,-7.79,-36.476389,32,1504,1.504,,True,2009-06-08,1999-06-01,,
2600036687,Caraúbas,PB,Poço tubular,,-7.740833,-36.533333,34,6440,6.44,,True,2009-06-08,1998-06-01,,
2600036689,Caraúbas,PB,Poço tubular,,-7.713056,-36.551111,40,2790,2.79,,True,2009-06-08,2004-02-01,,
2600036690,Caraúbas,PB,Poço tubular,,-7.763056,-36.565556,31,4940,4.94,,True,2009-06-08,2003-06-01,,
2600036693,Caraúbas,PB,Poço tubular,,-7.686389,-36.5375,42,8460,8.46,,True,2009-06-08,1998-06-01,,
2600036694,Caraúbas,PB,Poço tubular,,-7.680278,-36.456667,45,4080,4.08,,True,2009-06-08,1996-06-01,,
2600036695,Caraúbas,PB,Poço tubular,,-7.727222,-36.495833,40,1933,1.933,,True,2009-06-08,2003-06-01,,
2600036696,Caraúbas,PB,Poço tubular,,-7.755556,-36.485,35,6580,6.58,,True,2009-06-08,2004-11-29,,
2600036697,Caraúbas,PB,Poço tubular,,-7.729444,-36.423333,27,5790,5.79,,True,2009-06-08,2000-06-01,,
2600036698,Caraúbas,PB,Poço tubular,,-7.773333,-36.480278,27,5900,5.9,,True,2009-06-08,1996-06-01,,
2600036699,Caraúbas,PB,Poço tubular,,-7.772222,-36.433889,40,6240,6.24,,True,2009-06-08,2001-06-01,,
2600036700,Caraúbas,PB,Poço tubular,,-7.807222,-36.466667,30,15280,15.28,,True,2009-06-08,2002-06-01,,
2600036702,Caraúbas,PB,Poço tubular,,-7.775833,-36.523611,30,7060,7.06,,True,2009-06-08,2003-06-01,,
2600036703,Caraúbas,PB,Poço tubular,,-7.840278,-36.467778,51,10590,10.59,,True,2009-06-08,1996-06-01,,
2600036704,Caraúbas,PB,Poço tubular,,-7.893611,-36.481667,52,14120,14.12,,True,2009-06-08,1984-06-01,,
2600036705,Caraúbas,PB,Poço tubular,,-7.893889,-36.47,52,7590,7.59,,True,2009-06-08,1997-06-01,,
2600036706,Caraúbas,PB,Poço tubular,,-7.901389,-36.4675,52,2280,2.28,,True,2009-06-08,1997-06-01,,
2600036707,Caraúbas,PB,Poço tubular,,-7.904167,-36.492222,36,9920,9.92,,True,2009-06-08,2002-06-01,,
2600036708,Caraúbas,PB,Poço tubular,,-7.881667,-36.488889,50,2570,2.57,,True,2009-06-08,1999-03-07,,
2600036709,Caraúbas,PB,Poço tubular,,-7.896389,-36.501111,45,3370,3.37,,True,2009-06-08,1993-06-01,,
2600036712,Caraúbas,PB,Poço tubular,,-7.855,-36.529722,53,8760,8.76,,True,2009-06-08,1997-06-01,,
2600036713,Caraúbas,PB,Poço tubular,,-7.838611,-36.558333,45,1278,1.278,,True,2009-06-08,2004-12-03,,
2600036714,Caraúbas,PB,Poço tubular,,-7.883333,-36.549444,52,4040,4.04,,True,2009-06-08,2004-12-03,,
2600036715,Caraúbas,PB,Poço tubular,,-7.863333,-36.513333,48,1741,1.741,,True,2009-06-08,2003-06-01,,
2600036716,Caraúbas,PB,Poço tubular,,-7.863611,-36.514167,48,2131,2.131,,True,2009-06-08,2000-06-01,,
2600036717,Caraúbas,PB,Poço tubular,,-7.863611,-36.514167,48,2080,2.08,,True,2009-06-08,2000-06-01,,
2600036718,Caraúbas,PB,Poço tubular,,-7.861111,-36.509444,46,9870,9.87,,True,2009-06-08,2000-06-01,,
2600036719,Caraúbas,PB,Poço tubular,,-7.857778,-36.548611,25,4150,4.15,,True,2009-06-08,2002-06-01,,
2600036720,Caraúbas,PB,Poço tubular,,-7.711111,-36.49,24,2760,2.76,,True,2009-06-10,2000-06-01,,
2600036722,Caraúbas,PB,Poço tubular,,-7.745278,-36.538333,50,995,0.995,,True,2009-06-10,2000-06-01,,
2600036723,Caraúbas,PB,Poço tubular,,-7.744722,-36.5375,50,1210,1.21,,True,2009-06-10,2000-06-01,,
2600036724,Caraúbas,PB,Poço tubular,,-7.759722,-36.553889,40,1740,1.74,,True,2009-06-10,2003-06-01,,
2600036725,Caraúbas,PB,Poço tubular,,-7.780278,-36.423056,30,6930,6.93,,True,2009-06-10,2003-06-01,,
2600036727,Caraúbas,PB,Poço tubular,,-7.816667,-36.469167,23,1257,1.257,,True,2009-06-10,2000-06-01,,
2600036728,Caraúbas,PB,Poço tubular,,-7.792778,-36.497778,18.5,4320,4.32,,True,2009-06-10,2004-12-01,,
2600036729,Caraúbas,PB,Poço tubular,,-7.710278,-36.545556,24,5310,5.31,,True,2009-06-10,2000-06-01,,
2600036731,Tacima,PB,Poço tubular,,-6.562778,-35.546111,50,9620,9.62,,True,2009-06-16,2004-12-08,,
2600036732,Tacima,PB,Poço tubular,,-6.484722,-35.585,50,6610,6.61,,True,2009-06-16,1996-08-10,,
2600036736,Tacima,PB,Poço tubular,,-6.548056,-35.518889,50,13470,13.47,,True,2009-06-16,2004-12-09,,
2600036737,Tacima,PB,Poço tubular,,-6.5775,-35.489167,50,1803,1.803,,True,2009-06-16,1996-08-10,,
2600036743,Tacima,PB,Poço tubular,,-6.486667,-35.621111,36,11100,11.1,,True,2009-06-16,2004-12-10,,
2600036747,Riachão,PB,Poço tubular,,-6.506944,-35.617222,50,9510,9.51,,True,2009-06-16,2004-12-08,,
2600036748,Tacima,PB,Poço tubular,,-6.499722,-35.609444,45,6600,6.6,,True,2009-06-16,2004-12-08,,
2600036749,Dona Inês,PB,Poço tubular,,-6.586944,-35.563889,50,2550,2.55,,True,2009-06-16,1998-11-29,,
2600036751,Tacima,PB,Poço tubular,,-6.5575,-35.489722,50,11310,11.31,,True,2009-06-16,2004-12-10,,
2600036752,Tacima,PB,Poço tubular,,-6.54,-35.465,50,8420,8.42,,True,2009-06-16,2004-12-10,,
2600036754,Tacima,PB,Poço tubular,,-6.4625,-35.610556,52,6010,6.01,,True,2009-06-16,1998-06-01,,
2600036756,Tacima,PB,Poço tubular,,-6.484167,-35.614722,50,5190,5.19,,True,2009-06-16,1998-12-14,,
2600036757,Tacima,PB,Poço tubular,,-6.595833,-35.510833,50,946,0.946,,True,2009-06-16,2004-12-09,,
2600036760,Tacima,PB,Poço tubular,,-6.484167,-35.626944,50,7990,7.99,,True,2009-06-16,2004-12-09,,
2600036763,Tacima,PB,Poço tubular,,-6.488611,-35.645,65,4160,4.16,,True,2009-06-16,2004-12-08,,
2600036764,Tacima,PB,Poço tubular,,-6.508056,-35.600278,50,251,0.251,,True,2009-06-16,1969-01-01,,
2600036768,Tacima,PB,Poço tubular,,-6.578056,-35.540278,40,7950,7.95,,True,2009-06-16,2001-06-01,,
2600036774,Arara,PB,Poço tubular,,-6.823889,-35.751944,46.3,3780,3.78,,True,2009-06-16,1978-06-01,,
2600036775,Casserengue,PB,Poço tubular,,-6.726667,-35.809722,36.6,6720,6.72,,True,2009-06-16,2003-12-01,,
2600036776,Casserengue,PB,Poço tubular,,-6.722778,-35.8125,50,6260,6.26,,True,2009-06-16,2003-12-01,,
2600036784,Solânea,PB,Poço tubular,,-6.709444,-35.741111,48,18040,18.04,,True,2009-06-17,1974-06-01,,
2600036788,Solânea,PB,Poço tubular,,-6.735278,-35.777778,22.9,9130,9.13,,True,2009-06-17,2002-06-01,,
2600036789,Solânea,PB,Poço tubular,,-6.798889,-35.767778,35,8600,8.6,,True,2009-06-17,2000-06-01,,
2600036790,Casserengue,PB,Poço tubular,,-6.6825,-35.868333,31,7960,7.96,,True,2009-06-17,1998-11-03,,
2600036793,Casserengue,PB,Poço tubular,,-6.741111,-35.806944,50,7420,7.42,,True,2009-06-17,1998-06-01,,
2600036796,Congo,PB,Poço tubular,,-7.693056,-36.678611,30,3370,3.37,,True,2009-06-17,2000-06-01,,
2600036797,Congo,PB,Poço tubular,,-7.691389,-36.670833,23,1980,1.98,,True,2009-06-17,2004-12-01,,
2600036798,Congo,PB,Poço tubular,,-7.876389,-36.600833,39,4680,4.68,,True,2009-06-17,2004-11-28,,
2600036799,Congo,PB,Poço tubular,,-7.806667,-36.655556,43,2000,2.0,,True,2009-06-17,2004-10-25,,
2600036800,Congo,PB,Poço tubular,,-7.798889,-36.658889,37,4070,4.07,,True,2009-06-17,2000-06-01,,
2600036803,Congo,PB,Poço tubular,,-7.708333,-36.691389,45,6150,6.15,,True,2009-06-17,2004-11-30,,
2600036804,Congo,PB,Poço tubular,,-7.802222,-36.658056,40,2930,2.93,,True,2009-06-17,2002-06-01,,
2600036806,Congo,PB,Poço tubular,,-7.763333,-36.648611,50,7950,7.95,,True,2009-06-17,1992-06-01,,
2600036807,Congo,PB,Poço tubular,,-7.771111,-36.673056,55,2300,2.3,,True,2009-06-17,2004-12-01,,
2600036808,Congo,PB,Poço tubular,,-7.765278,-36.617778,30,5870,5.87,,True,2009-06-17,1998-06-01,,
2600036809,Congo,PB,Poço tubular,,-7.783333,-36.681111,48,1639,1.639,,True,2009-06-17,1997-06-01,,
2600036810,Congo,PB,Poço tubular,,-7.794444,-36.658889,39,8200,8.2,,True,2009-06-17,2004-12-01,,
2600036811,Congo,PB,Poço tubular,,-7.854444,-36.586111,40,4390,4.39,,True,2009-06-17,2004-11-29,,
2600036813,Congo,PB,Poço tubular,,-7.858333,-36.654444,52,3230,3.23,,True,2009-06-17,1984-06-01,,
2600036815,Congo,PB,Poço tubular,,-7.7975,-36.657778,30,7330,7.33,,True,2009-06-17,2004-12-01,,
2600036816,Congo,PB,Poço tubular,,-7.854444,-36.608611,40,5230,5.23,,True,2009-06-17,2004-11-29,,
2600036817,Congo,PB,Poço tubular,,-7.698333,-36.688889,30,1339,1.339,,True,2009-06-17,2001-05-05,,
2600036820,Caraúbas,PB,Poço tubular,,-7.731389,-36.613889,45,4650,4.65,,True,2009-06-17,2003-06-01,,
2600036822,Congo,PB,Poço tubular,,-7.866111,-36.6425,14,7300,7.3,,True,2009-06-17,2004-11-29,,
2600036823,Cruz do Espírito Santo,PB,Poço tubular,,-7.118056,-35.075278,20,225,0.225,,True,2009-06-18,1990-06-01,,
2600036824,Cruz do Espírito Santo,PB,Poço tubular,,-7.099167,-35.079167,20,203,0.203,,True,2009-06-18,2004-12-07,,
2600036825,Cruz do Espírito Santo,PB,Poço tubular,,-7.114722,-35.072222,24,240,0.24,,True,2009-06-18,2004-12-07,,
2600036826,Cruz do Espírito Santo,PB,Poço tubular,,-7.115278,-35.071389,20,323,0.323,,True,2009-06-18,2004-12-07,,
2600036827,Cruz do Espírito Santo,PB,Poço tubular,,-7.051944,-35.123611,85,46,0.046,,True,2009-06-18,2004-02-01,,
2600036828,Cruz do Espírito Santo,PB,Poço tubular,,-7.108333,-35.097222,12,96,0.096,,True,2009-06-18,1990-06-01,,
2600036829,Cruz do Espírito Santo,PB,Poço tubular,,-7.116944,-35.073611,20,203,0.203,,True,2009-06-18,1999-06-01,,
2600036830,Cruz do Espírito Santo,PB,Poço tubular,,-7.196111,-35.120278,21,67,0.067,,True,2009-06-18,1998-06-01,,
2600036833,Cruz do Espírito Santo,PB,Poço tubular,,-7.224444,-35.119167,45,126,0.126,,True,2009-06-18,2002-06-01,,
2600036834,Cruz do Espírito Santo,PB,Poço tubular,,-7.214167,-35.120278,38,97,0.097,,True,2009-06-18,2000-06-01,,
2600036835,Cruz do Espírito Santo,PB,Poço tubular,,-7.12,-35.085556,14,164,0.164,,True,2009-06-18,1996-06-01,,
2600036836,Cruz do Espírito Santo,PB,Poço tubular,,-7.115,-35.070556,24,346,0.346,,True,2009-06-18,2004-12-07,,
2600036837,Cruz do Espírito Santo,PB,Poço tubular,,-7.118611,-35.075833,18,293,0.293,,True,2009-06-18,1996-06-01,,
2600036838,Cruz do Espírito Santo,PB,Poço tubular,,-7.1125,-35.066944,30,351,0.351,,True,2009-06-18,2004-12-07,,
2600036839,Cruz do Espírito Santo,PB,Poço tubular,,-7.099722,-35.078333,22,75,0.075,,True,2009-06-18,2004-12-07,,
2600036840,Cruz do Espírito Santo,PB,Poço tubular,,-7.115,-35.07,25,208,0.208,,True,2009-06-18,2004-12-07,,
2600036841,Cruz do Espírito Santo,PB,Poço tubular,,-7.099444,-35.073056,55,510,0.51,,True,2009-06-18,1999-06-01,,
2600036842,Cruz do Espírito Santo,PB,Poço tubular,,-7.109444,-35.083056,16,258,0.258,,True,2009-06-18,1998-06-01,,
2600036844,Cruz do Espírito Santo,PB,Poço tubular,,-7.1225,-35.086667,22,308,0.308,,True,2009-06-18,2002-06-01,,
2600036845,Cruz do Espírito Santo,PB,Poço tubular,,-7.115833,-35.0725,19,194,0.194,,True,2009-06-18,1995-06-01,,
2600036846,Cruz do Espírito Santo,PB,Poço tubular,,-7.113056,-35.074167,13,937,0.937,,True,2009-06-18,2004-12-07,,
2600036847,Cruz do Espírito Santo,PB,Poço tubular,,-7.110833,-35.068611,11,787,0.787,,True,2009-06-18,2004-12-07,,
2600036848,Cruz do Espírito Santo,PB,Poço tubular,,-7.114722,-35.073056,24,306,0.306,,True,2009-06-18,1999-06-01,,
2600036849,Cruz do Espírito Santo,PB,Poço tubular,,-7.118056,-35.086111,12,520,0.52,,True,2009-06-18,2004-12-07,,
2600036850,Cruz do Espírito Santo,PB,Poço tubular,,-7.124167,-35.076944,17,761,0.761,,True,2009-06-18,1990-06-01,,
2600036851,Sapé,PB,Poço tubular,,-7.148889,-35.1525,36,1221,1.221,,True,2009-06-18,2000-06-01,,
2600036852,Cruz do Espírito Santo,PB,Poço tubular,,-7.120278,-35.0875,19,1345,1.345,,True,2009-06-18,2001-06-01,,
2600036853,Cruz do Espírito Santo,PB,Poço tubular,,-7.123056,-35.092778,16,4200,4.2,,True,2009-06-18,2000-06-01,,
2600036854,Cruz do Espírito Santo,PB,Poço tubular,,-7.108333,-35.095833,12,89,0.089,,True,2009-06-18,2004-03-01,,
2600036855,Cruz do Espírito Santo,PB,Poço tubular,,-7.099444,-35.065,14,222,0.222,,True,2009-06-18,2000-06-01,,
2600036856,Cruz do Espírito Santo,PB,Poço tubular,,-7.1,-35.064167,18,272,0.272,,True,2009-06-18,2004-12-06,,
2600036857,Cruz do Espírito Santo,PB,Poço tubular,,-7.140833,-35.121667,60,1321,1.321,,True,2009-06-18,1996-06-01,,
2600036858,Cruz do Espírito Santo,PB,Poço tubular,,-7.119722,-35.076944,18,321,0.321,,True,2009-06-18,2004-06-01,,
2600036859,Cruz do Espírito Santo,PB,Poço tubular,,-7.113333,-35.083056,12,927,0.927,,True,2009-06-19,1992-06-01,,
2600036860,Cruz do Espírito Santo,PB,Poço tubular,,-7.119167,-35.079444,48,1259,1.259,,True,2009-06-19,1990-06-01,,
2600036861,Cruz do Espírito Santo,PB,Poço tubular,,-7.098889,-35.071111,5,180,0.18,,True,2009-06-19,2004-12-07,,
2600036862,Cruz do Espírito Santo,PB,Poço tubular,,-7.098611,-35.072222,15,52,0.052,,True,2009-06-19,2001-06-01,,
2600036863,Cruz do Espírito Santo,PB,Poço tubular,,-7.098889,-35.074444,7,121,0.121,,True,2009-06-19,2004-12-06,,
2600036864,Cruz do Espírito Santo,PB,Poço tubular,,-7.098889,-35.074444,9,110,0.11,,True,2009-06-19,2001-06-01,,
2600036866,Cruz do Espírito Santo,PB,Poço tubular,,-7.183056,-35.143333,46,1186,1.186,,True,2009-06-19,1982-06-01,,
2600036867,Cruz do Espírito Santo,PB,Poço tubular,,-7.1125,-35.068056,18,1352,1.352,,True,2009-06-19,2004-12-07,,
2600036868,Cruz do Espírito Santo,PB,Poço tubular,,-7.191944,-35.135278,25,70,0.07,,True,2009-06-19,2000-06-01,,
2600036869,Cruz do Espírito Santo,PB,Poço tubular,,-7.128611,-35.089444,18,679,0.679,,True,2009-06-19,2001-06-01,,
2600036870,Cruz do Espírito Santo,PB,Poço tubular,,-7.118333,-35.086667,18,186,0.186,,True,2009-06-19,2001-06-01,,
2600036871,Cruz do Espírito Santo,PB,Poço tubular,,-7.115278,-35.071389,31,292,0.292,,True,2009-06-19,1992-06-01,,
2600036872,Cruz do Espírito Santo,PB,Poço tubular,,-7.135278,-35.079444,14,1367,1.367,,True,2009-06-19,1998-06-01,,
2600036873,Cruz do Espírito Santo,PB,Poço tubular,,-7.128333,-35.069167,15,610,0.61,,True,2009-06-19,1998-06-01,,
2600036874,Cruz do Espírito Santo,PB,Poço tubular,,-7.127778,-35.068611,12,167,0.167,,True,2009-06-19,1999-06-01,,
2600036875,Cruz do Espírito Santo,PB,Poço tubular,,-7.1275,-35.068056,8,557,0.557,,True,2009-06-19,2004-12-06,,
2600036876,Cruz do Espírito Santo,PB,Poço tubular,,-7.136389,-35.081389,14,525,0.525,,True,2009-06-19,2000-06-01,,
2600036877,Cruz do Espírito Santo,PB,Poço tubular,,-7.135,-35.080278,14,160,0.16,,True,2009-06-19,1996-06-01,,
2600036878,Cruz do Espírito Santo,PB,Poço tubular,,-7.129167,-35.090556,18,1240,1.24,,True,2009-06-19,2004-08-01,,
2600036879,Cruz do Espírito Santo,PB,Poço tubular,,-7.109167,-35.081944,16,294,0.294,,True,2009-06-19,1999-06-01,,
2600036880,Cruz do Espírito Santo,PB,Poço tubular,,-7.14,-35.089722,8,1073,1.073,,True,2009-06-19,1996-06-01,,
2600036881,Cruz do Espírito Santo,PB,Poço tubular,,-7.139444,-35.088333,10,784,0.784,,True,2009-06-19,1996-06-01,,
2600036882,Cruz do Espírito Santo,PB,Poço tubular,,-7.138889,-35.086111,28,558,0.558,,True,2009-06-19,1999-06-01,,
2600036884,Cruz do Espírito Santo,PB,Poço tubular,,-7.141667,-35.0925,12,1371,1.371,,True,2009-06-19,1998-06-01,,
2600036885,Cruz do Espírito Santo,PB,Poço tubular,,-7.1275,-35.108889,20,1874,1.874,,True,2009-06-19,2001-06-01,,
2600036887,Cruz do Espírito Santo,PB,Poço tubular,,-7.098056,-35.078611,30,90,0.09,,True,2009-06-19,2004-12-07,,
2600036888,Cruz do Espírito Santo,PB,Poço tubular,,-7.099167,-35.071111,25,164,0.164,,True,2009-06-19,2004-12-07,,
2600036889,Cruz do Espírito Santo,PB,Poço tubular,,-7.095278,-35.064167,45,41,0.041,,True,2009-06-19,2004-12-07,,
2600036890,Cruz do Espírito Santo,PB,Poço tubular,,-7.110833,-35.067778,40,217,0.217,,True,2009-06-19,2004-12-07,,
2600036891,Cruz do Espírito Santo,PB,Poço tubular,,-7.114722,-35.069167,25,213,0.213,,True,2009-06-19,2004-12-07,,
2600036892,Cruz do Espírito Santo,PB,Poço tubular,,-7.141111,-35.090833,11,1295,1.295,,True,2009-06-19,2004-12-10,,
2600036893,Cruz do Espírito Santo,PB,Poço tubular,,-7.138333,-35.084722,18,1225,1.225,,True,2009-06-19,2004-12-10,,
2600036894,Cruz do Espírito Santo,PB,Poço tubular,,-7.099167,-35.088333,65,260,0.26,,True,2009-06-19,2004-12-07,,
2600036895,Santa Rita,PB,Poço tubular,,-7.095833,-35.045,40,102,0.102,,True,2009-06-19,2004-12-08,,
2600036896,Cruz do Espírito Santo,PB,Poço tubular,,-7.141389,-35.089444,15,1323,1.323,,True,2009-06-19,2005-05-22,,
2600036897,Cruz do Espírito Santo,PB,Poço tubular,,-7.100278,-35.070833,20,137,0.137,,True,2009-06-19,2000-06-01,,
2600036898,Cruz do Espírito Santo,PB,Poço tubular,,-7.116944,-35.085556,12,333,0.333,,True,2009-06-19,2004-12-08,,
2600036899,Cruz do Espírito Santo,PB,Poço tubular,,-7.120833,-35.077222,12,619,0.619,,True,2009-06-19,2000-06-01,,
2600036900,Cruz do Espírito Santo,PB,Poço tubular,,-7.118611,-35.081389,20,505,0.505,,True,2009-06-19,1999-06-01,,
2600036901,Santa Rita,PB,Poço tubular,,-7.0975,-35.047222,12,201,0.201,,True,2009-06-19,2002-06-01,,
2600036902,Cruz do Espírito Santo,PB,Poço tubular,,-7.121667,-35.088333,12,1057,1.057,,True,2009-06-19,2004-06-01,,
2600036903,Cruz do Espírito Santo,PB,Poço tubular,,-7.110833,-35.071111,23,287,0.287,,True,2009-06-19,2000-06-01,,
2600036904,Cruz do Espírito Santo,PB,Poço tubular,,-7.107222,-35.095833,9,192,0.192,,True,2009-06-19,2003-12-01,,
2600036905,Cruz do Espírito Santo,PB,Poço tubular,,-7.113333,-35.067222,8,271,0.271,,True,2009-06-22,2004-12-07,,
2600036906,Cruz do Espírito Santo,PB,Poço tubular,,-7.114444,-35.085278,15,1747,1.747,,True,2009-06-22,2000-06-01,,
2600036907,Cruz do Espírito Santo,PB,Poço tubular,,-7.099167,-35.075833,12,157,0.157,,True,2009-06-22,2004-12-06,,
2600036908,Cruz do Espírito Santo,PB,Poço tubular,,-7.114167,-35.07,18,162,0.162,,True,2009-06-22,2004-12-07,,
2600036909,Cruz do Espírito Santo,PB,Poço tubular,,-7.119444,-35.078611,18,731,0.731,,True,2009-06-22,2003-06-01,,
2600036910,Cruz do Espírito Santo,PB,Poço tubular,,-7.099444,-35.066944,11,143,0.143,,True,2009-06-22,2004-12-06,,
2600036911,Cruz do Espírito Santo,PB,Poço tubular,,-7.100833,-35.074722,18,146,0.146,,True,2009-06-22,2000-06-01,,
2600036912,Cruz do Espírito Santo,PB,Poço tubular,,-7.151667,-35.084722,16,392,0.392,,True,2009-06-22,2004-09-01,,
2600036913,Cruz do Espírito Santo,PB,Poço tubular,,-7.141667,-35.054444,28,348,0.348,,True,2009-06-22,2004-12-08,,
2600036914,Cruz do Espírito Santo,PB,Poço tubular,,-7.138056,-35.050278,50,178,0.178,,True,2009-06-22,1994-06-01,,
2600036915,Cruz do Espírito Santo,PB,Poço tubular,,-7.133611,-35.046389,8,304,0.304,,True,2009-06-22,2000-06-01,,
2600036917,Cruz do Espírito Santo,PB,Poço tubular,,-7.159167,-35.158611,35,254,0.254,,True,2009-06-22,2001-06-01,,
2600036918,Cuitegi,PB,Poço tubular,,-6.894722,-35.550833,30,876,0.876,,True,2009-06-22,2002-06-01,,
2600036919,Cuitegi,PB,Poço tubular,,-6.915556,-35.502778,40,3400,3.4,,True,2009-06-22,1998-06-01,,
2600036921,Cuitegi,PB,Poço tubular,,-6.896944,-35.513333,35,1866,1.866,,True,2009-06-22,2001-06-01,,
2600036922,Cuitegi,PB,Poço tubular,,-6.895833,-35.52,30,985,0.985,,True,2009-06-22,2001-06-01,,
2600036923,Cuitegi,PB,Poço tubular,,-6.894444,-35.524167,30,688,0.688,,True,2009-06-22,2004-06-01,,
2600036925,Cuitegi,PB,Poço tubular,,-6.906111,-35.524722,30,409,0.409,,True,2009-06-22,2004-06-01,,
2600036926,Cuitegi,PB,Poço tubular,,-6.895,-35.539444,37,418,0.418,,True,2009-06-22,2004-06-01,,
2600036927,Pilõezinhos,PB,Poço tubular,,-6.881111,-35.5375,46,414,0.414,,True,2009-06-22,1998-06-01,,
2600036928,Pilõezinhos,PB,Poço tubular,,-6.88,-35.538333,45,381,0.381,,True,2009-06-22,1998-06-01,,
2600036929,Cuitegi,PB,Poço tubular,,-6.888611,-35.507222,25,1963,1.963,,True,2009-06-22,2002-06-01,,
2600036931,Guarabira,PB,Poço tubular,,-6.890833,-35.496944,48,5350,5.35,,True,2009-06-22,2002-06-01,,
2600036933,Cuitegi,PB,Poço tubular,,-6.898056,-35.514722,30,2920,2.92,,True,2009-06-22,2003-06-01,,
2600036935,Cuitegi,PB,Poço tubular,,-6.895556,-35.523889,30,768,0.768,,True,2009-06-22,2001-06-01,,
2600036936,Cuitegi,PB,Poço tubular,,-6.905556,-35.525,35,345,0.345,,True,2009-06-22,2001-06-01,,
2600036937,Cuitegi,PB,Poço tubular,,-6.906667,-35.523333,40,1572,1.572,,True,2009-06-22,2001-06-01,,
2600036938,Cuitegi,PB,Poço tubular,,-6.886111,-35.534722,37,1048,1.048,,True,2009-06-22,2000-06-01,,
2600036939,Cuitegi,PB,Poço tubular,,-6.8825,-35.536389,30,1857,1.857,,True,2009-06-22,2004-06-01,,
2600036940,Cuitegi,PB,Poço tubular,,-6.894167,-35.496944,30,1669,1.669,,True,2009-06-22,2004-06-01,,
2600036941,Cuitegi,PB,Poço tubular,,-6.888611,-35.504722,30,1578,1.578,,True,2009-06-22,2004-06-01,,
2600036943,Esperança,PB,Poço tubular,,-6.992222,-35.874167,40,10360,10.36,,True,2009-06-22,2002-11-01,,
2600036946,Esperança,PB,Poço tubular,,-6.956111,-35.866667,60,17820,17.82,,True,2009-06-22,2003-11-01,,
2600036947,Esperança,PB,Poço tubular,,-7.0175,-35.835833,48,1172,1.172,,True,2009-06-22,2002-06-01,,
2600036950,Esperança,PB,Poço tubular,,-6.968056,-35.913611,50,15970,15.97,,True,2009-06-22,2002-06-01,,
2600036951,Esperança,PB,Poço tubular,,-6.986111,-35.85,43,7410,7.41,,True,2009-06-22,1996-06-01,,
2600036952,Esperança,PB,Poço tubular,,-6.996111,-35.8875,50,12450,12.45,,True,2009-06-22,1998-10-29,,
2600036953,Esperança,PB,Poço tubular,,-7.018889,-35.894167,50,7710,7.71,,True,2009-06-22,2003-06-01,,
2600036961,Esperança,PB,Poço tubular,,-7.011944,-35.865833,57,10650,10.65,,True,2009-06-22,2002-06-01,,
2600036962,Esperança,PB,Poço tubular,,-6.998056,-35.880833,50,17510,17.51,,True,2009-06-22,2002-06-01,,
2600036964,Esperança,PB,Poço tubular,,-7.022222,-35.817778,50,5270,5.27,,True,2009-06-22,2002-06-01,,
2600036966,Esperança,PB,Poço tubular,,-6.968611,-35.851667,47,6810,6.81,,True,2009-06-22,1998-06-01,,
2600036967,Esperança,PB,Poço tubular,,-6.976667,-35.895556,50,10340,10.34,,True,2009-06-22,2002-06-01,,
2600036968,Esperança,PB,Poço tubular,,-6.948889,-35.938056,50,16940,16.94,,True,2009-06-22,2002-06-01,,
2600036969,Esperança,PB,Poço tubular,,-7.019444,-35.859722,62,9600,9.6,,True,2009-06-22,2004-11-30,,
2600036972,Esperança,PB,Poço tubular,,-6.995833,-35.887222,50,10230,10.23,,True,2009-06-22,2002-10-04,,
2600036973,Remígio,PB,Poço tubular,,-7.006389,-35.812222,52,7450,7.45,,True,2009-06-22,2002-06-01,,
2600036974,Esperança,PB,Poço tubular,,-6.993889,-35.852222,38,8830,8.83,,True,2009-06-22,2002-05-01,,
2600036975,Fagundes,PB,Poço tubular,,-7.4025,-35.769722,30,229,0.229,,True,2009-06-25,2003-06-01,,
2600036977,Fagundes,PB,Poço tubular,,-7.420278,-35.809722,40,563,0.563,,True,2009-06-25,2001-06-01,,
2600036978,Itatuba,PB,Poço tubular,,-7.416389,-35.724722,4,839,0.839,,True,2009-06-25,2003-06-01,,
2600036979,Fagundes,PB,Poço tubular,,-7.336667,-35.746111,35,230,0.23,,True,2009-06-25,2001-06-01,,
2600036982,Fagundes,PB,Poço tubular,,-7.336389,-35.804722,50,1660,1.66,,True,2009-06-25,2004-06-01,,
2600036984,Fagundes,PB,Poço tubular,,-7.454167,-35.775833,27,474,0.474,,True,2009-06-25,2002-06-01,,
2600036985,Fagundes,PB,Poço tubular,,-7.444444,-35.758611,40,216,0.216,,True,2009-06-25,1995-06-30,,
2600036989,Fagundes,PB,Poço tubular,,-7.4175,-35.816111,18,384,0.384,,True,2009-06-25,1982-06-01,,
2600036990,Fagundes,PB,Poço tubular,,-7.413056,-35.822222,25,702,0.702,,True,2009-06-25,2002-06-01,,
2600036992,Fagundes,PB,Poço tubular,,-7.356944,-35.799167,45,227,0.227,,True,2009-06-25,1998-09-19,,
2600036993,Fagundes,PB,Poço tubular,,-7.342778,-35.74,51,38,0.038,,True,2009-06-25,2001-06-01,,
2600036994,Fagundes,PB,Poço tubular,,-7.437222,-35.7825,40,591,0.591,,True,2009-06-25,1998-06-01,,
2600036995,Fagundes,PB,Poço tubular,,-7.426389,-35.801667,45,349,0.349,,True,2009-06-25,2001-06-01,,
2600036996,Itatuba,PB,Poço tubular,,-7.350556,-35.69,43,219,0.219,,True,2009-06-25,2001-06-01,,
2600036998,Itatuba,PB,Poço tubular,,-7.420278,-35.720556,28,400,0.4,,True,2009-06-25,2002-06-01,,
2600037000,Fagundes,PB,Poço tubular,,-7.351667,-35.776667,60,225,0.225,,True,2009-06-25,1984-10-01,,
2600037001,Fagundes,PB,Poço tubular,,-7.431667,-35.784444,12,227,0.227,,True,2009-06-25,1960-06-01,,
2600037002,Fagundes,PB,Poço tubular,,-7.412778,-35.754167,36,651,0.651,,True,2009-06-25,2001-06-01,,
2600037003,Itatuba,PB,Poço tubular,,-7.351389,-35.69,42,222,0.222,,True,2009-06-25,2004-12-13,,
2600037004,Fagundes,PB,Poço tubular,,-7.378333,-35.734444,45,223,0.223,,True,2009-06-25,1998-06-01,,
2600037008,Fagundes,PB,Poço tubular,,-7.414167,-35.750833,19,174,0.174,,True,2009-06-25,1982-06-01,,
2600037011,Fagundes,PB,Poço tubular,,-7.382222,-35.728611,10,229,0.229,,True,2009-06-25,1990-06-01,,
2600037013,Fagundes,PB,Poço tubular,,-7.413333,-35.736944,45,229,0.229,,True,2009-06-25,2002-06-01,,
2600037015,Fagundes,PB,Poço tubular,,-7.4525,-35.770556,25,391,0.391,,True,2009-06-25,1993-06-01,,
2600037016,Fagundes,PB,Poço tubular,,-7.443611,-35.749167,32,353,0.353,,True,2009-06-25,2002-06-01,,
2600037017,Fagundes,PB,Poço tubular,,-7.453889,-35.774722,26,483,0.483,,True,2009-06-25,1998-06-01,,
2600037019,Fagundes,PB,Poço tubular,,-7.420556,-35.745,40,595,0.595,,True,2009-06-26,2001-06-01,,
2600037020,Fagundes,PB,Poço tubular,,-7.349722,-35.737222,28,398,0.398,,True,2009-06-26,2002-06-01,,
2600037023,Itatuba,PB,Poço tubular,,-7.397222,-35.702778,32,212,0.212,,True,2009-06-26,2004-12-15,,
2600037026,Itatuba,PB,Poço tubular,,-7.424167,-35.725278,37,223,0.223,,True,2009-06-26,2003-02-01,,
2600037027,Itatuba,PB,Poço tubular,,-7.449167,-35.742778,37,597,0.597,,True,2009-06-26,2002-06-01,,
2600037028,Itatuba,PB,Poço tubular,,-7.441944,-35.737778,17,435,0.435,,True,2009-06-26,1976-06-01,,
2600037031,Itatuba,PB,Poço tubular,,-7.408889,-35.698889,40,587,0.587,,True,2009-06-26,2003-06-01,,
2600037032,Itatuba,PB,Poço tubular,,-7.433889,-35.728333,41,161,0.161,,True,2009-06-26,2000-06-01,,
2600037033,Fagundes,PB,Poço tubular,,-7.3875,-35.7775,36,752,0.752,,True,2009-06-26,1998-06-01,,
2600037034,Fagundes,PB,Poço tubular,,-7.348611,-35.808611,35,231,0.231,,True,2009-06-26,2000-06-01,,
2600037037,Fagundes,PB,Poço tubular,,-7.434444,-35.744444,46,524,0.524,,True,2009-06-26,2003-06-01,,
2600037039,Fagundes,PB,Poço tubular,,-7.451667,-35.763056,60,414,0.414,,True,2009-06-26,1982-06-01,,
2600037040,Fagundes,PB,Poço tubular,,-7.431944,-35.795556,45,478,0.478,,True,2009-06-26,1998-06-01,,
2600037041,Fagundes,PB,Poço tubular,,-7.366944,-35.802778,42,230,0.23,,True,2009-06-26,1998-06-01,,
2600037044,Itatuba,PB,Poço tubular,,-7.410556,-35.725278,46,397,0.397,,True,2009-06-26,2004-12-16,,
2600037045,Fagundes,PB,Poço tubular,,-7.353611,-35.7825,35,160,0.16,,True,2009-06-26,1996-06-01,,
2600037047,Fagundes,PB,Poço tubular,,-7.346111,-35.801944,50,246,0.246,,True,2009-06-26,2003-06-01,,
2600037048,Itatuba,PB,Poço tubular,,-7.440833,-35.723056,42,219,0.219,,True,2009-06-26,1992-06-01,,
2600037049,Itatuba,PB,Poço tubular,,-7.346944,-35.693056,44,384,0.384,,True,2009-06-26,1988-06-01,,
2600037051,Itatuba,PB,Poço tubular,,-7.420556,-35.723333,48,223,0.223,,True,2009-06-26,1988-06-01,,
2600037053,Itatuba,PB,Poço tubular,,-7.473056,-35.733889,37,850,0.85,,True,2009-06-29,2002-06-01,,
2600037055,Itatuba,PB,Poço tubular,,-7.445,-35.707222,45,1664,1.664,,True,2009-06-29,2004-12-15,,
2600037057,Fagundes,PB,Poço tubular,,-7.336111,-35.8025,50,220,0.22,,True,2009-06-29,1998-06-01,,
2600037058,Fagundes,PB,Poço tubular,,-7.433611,-35.745833,70,524,0.524,,True,2009-06-29,1970-06-01,,
2600037059,Fagundes,PB,Poço tubular,,-7.336111,-35.745278,31,206,0.206,,True,2009-06-29,1997-06-01,,
2600037060,Fagundes,PB,Poço tubular,,-7.356111,-35.818889,25,406,0.406,,True,2009-06-29,1999-06-01,,
2600037061,Fagundes,PB,Poço tubular,,-7.426111,-35.76,59,357,0.357,,True,2009-06-29,2003-06-01,,
2600037063,Itatuba,PB,Poço tubular,,-7.432222,-35.728611,45,397,0.397,,True,2009-06-29,1996-06-01,,
2600037064,Fagundes,PB,Poço tubular,,-7.475833,-35.757222,30,338,0.338,,True,2009-06-29,2000-06-01,,
2600037065,Itapororoca,PB,Poço tubular,,-6.841111,-35.175,37,2230,2.23,,True,2009-06-29,2004-11-30,,
2600037066,Itapororoca,PB,Poço tubular,,-6.835833,-35.269167,37,284,0.284,,True,2009-06-29,2002-06-01,,
2600037067,Itapororoca,PB,Poço tubular,,-6.808333,-35.257222,37,2660,2.66,,True,2009-06-29,2004-11-27,,
2600037069,Itapororoca,PB,Poço tubular,,-6.820556,-35.310556,34,374,0.374,,True,2009-06-29,1998-06-01,,
2600037070,Itapororoca,PB,Poço tubular,,-6.79,-35.291944,35,2170,2.17,,True,2009-06-29,2001-06-01,,
2600037071,Itapororoca,PB,Poço tubular,,-6.8375,-35.266944,56,819,0.819,,True,2009-06-29,1996-06-01,,
2600037072,Itapororoca,PB,Poço tubular,,-6.811389,-35.235556,45,515,0.515,,True,2009-06-29,2004-06-01,,
2600037073,Itapororoca,PB,Poço tubular,,-6.825,-35.1925,36,2860,2.86,,True,2009-06-29,1999-06-01,,
2600037075,Itapororoca,PB,Poço tubular,,-6.804167,-35.209722,36,1648,1.648,,True,2009-06-29,2004-06-01,,
2600037076,Itapororoca,PB,Poço tubular,,-6.8,-35.209444,42,3170,3.17,,True,2009-06-29,2002-06-01,,
2600037077,Itapororoca,PB,Poço tubular,,-6.801389,-35.216111,42,2470,2.47,,True,2009-06-29,2002-06-01,,
2600037078,Itapororoca,PB,Poço tubular,,-6.779722,-35.222778,32,330,0.33,,True,2009-06-29,2002-06-01,,
2600037079,Itapororoca,PB,Poço tubular,,-6.769722,-35.264722,50,6170,6.17,,True,2009-06-29,2001-06-01,,
2600037081,Itapororoca,PB,Poço tubular,,-6.829722,-35.284722,50,262,0.262,,True,2009-06-29,1999-06-01,,
2600037095,Logradouro,PB,Poço tubular,,-6.512222,-35.420556,50,7560,7.56,,True,2009-06-29,2004-12-08,,
2600037103,Logradouro,PB,Poço tubular,,-6.558611,-35.434722,50,2610,2.61,,True,2009-06-29,1998-11-25,,
2600037107,Araçagi,PB,Poço tubular,,-6.981111,-35.312222,48,1662,1.662,,True,2009-06-29,1998-06-01,,
2600037109,Mari,PB,Poço tubular,,-7.068333,-35.322778,30,764,0.764,,True,2009-06-29,2000-06-01,,
2600037115,Mari,PB,Poço tubular,,-6.997778,-35.309722,45,1622,1.622,,True,2009-06-29,1998-06-01,,
2600037120,Matinhas,PB,Poço tubular,,-7.108889,-35.802222,42,1001,1.001,,True,2009-07-02,2004-11-29,,
2600037121,Matinhas,PB,Poço tubular,,-7.108889,-35.781389,45,267,0.267,,True,2009-07-02,2004-06-01,,
2600037122,Matinhas,PB,Poço tubular,,-7.108889,-35.766944,45,256,0.256,,True,2009-07-02,2004-06-01,,
2600037125,Matinhas,PB,Poço tubular,,-7.118889,-35.794167,40,364,0.364,,True,2009-07-02,2004-09-01,,
2600037126,Matinhas,PB,Poço tubular,,-7.127222,-35.783333,50,767,0.767,,True,2009-07-02,2004-11-29,,
2600037128,Pedro Régis,PB,Poço tubular,,-6.686667,-35.293333,35,659,0.659,,True,2009-07-02,2004-06-01,,
2600037129,Pedro Régis,PB,Poço tubular,,-6.668889,-35.283611,32,819,0.819,,True,2009-07-02,2003-12-01,,
2600037130,Pedro Régis,PB,Poço tubular,,-6.643056,-35.3175,37,271,0.271,,True,2009-07-02,2001-03-01,,
2600037131,Pedro Régis,PB,Poço tubular,,-6.656389,-35.314444,50,1885,1.885,,True,2009-07-02,2001-06-01,,
2600037132,Pedro Régis,PB,Poço tubular,,-6.674722,-35.310833,33,527,0.527,,True,2009-07-02,2000-06-01,,
2600037133,Pedro Régis,PB,Poço tubular,,-6.683056,-35.306389,50,801,0.801,,True,2009-07-02,2003-12-01,,
2600037134,Cabaceiras,PB,Poço tubular,,-7.435556,-36.315556,32,6390,6.39,,True,2009-07-08,2003-06-01,,
2600037135,Cabaceiras,PB,Poço tubular,,-7.466389,-36.341667,50,5550,5.55,,True,2009-07-08,1986-06-01,,
2600037136,Cabaceiras,PB,Poço tubular,,-7.396667,-36.321111,22,4780,4.78,,True,2009-07-08,2002-06-01,,
2600037137,Cabaceiras,PB,Poço tubular,,-7.382778,-36.346389,30,933,0.933,,True,2009-07-08,1994-06-01,,
2600037138,Cabaceiras,PB,Poço tubular,,-7.485556,-36.288056,50,903,0.903,,True,2009-07-08,1998-06-01,,
2600037139,Cabaceiras,PB,Poço tubular,,-7.428333,-36.349167,45,3170,3.17,,True,2009-07-08,2000-06-01,,
2600037140,Cabaceiras,PB,Poço tubular,,-7.415,-36.310278,50,4990,4.99,,True,2009-07-08,1982-06-01,,
2600037141,Cabaceiras,PB,Poço tubular,,-7.468056,-36.226667,56,4240,4.24,,True,2009-07-08,2003-06-01,,
2600037142,Cabaceiras,PB,Poço tubular,,-7.4525,-36.225833,52,10590,10.59,,True,2009-07-08,1984-06-01,,
2600037143,Cabaceiras,PB,Poço tubular,,-7.466944,-36.3225,48,3600,3.6,,True,2009-07-08,2004-12-06,,
2600037144,Boqueirão,PB,Poço tubular,,-7.459444,-36.2075,20,2620,2.62,,True,2009-07-08,1998-06-01,,
2600037145,Boqueirão,PB,Poço tubular,,-7.463333,-36.204167,20,3810,3.81,,True,2009-07-08,1998-06-01,,
2600037146,Boqueirão,PB,Poço tubular,,-7.452778,-36.216944,50,8210,8.21,,True,2009-07-08,2001-06-01,,
2600037147,Cabaceiras,PB,Poço tubular,,-7.478611,-36.320833,38,2320,2.32,,True,2009-07-08,1997-06-01,,
2600037148,Cabaceiras,PB,Poço tubular,,-7.426667,-36.363056,26,2180,2.18,,True,2009-07-08,2002-06-01,,
2600037149,Cabaceiras,PB,Poço tubular,,-7.596944,-36.303611,48,2610,2.61,,True,2009-07-08,1990-06-01,,
2600037150,Cabaceiras,PB,Poço tubular,,-7.429167,-36.3675,30,5770,5.77,,True,2009-07-08,2000-06-01,,
2600037151,Cabaceiras,PB,Poço tubular,,-7.421944,-36.372778,52,2390,2.39,,True,2009-07-08,2001-06-01,,
2600037152,Cabaceiras,PB,Poço tubular,,-7.403611,-36.245833,45,3400,3.4,,True,2009-07-08,2004-11-30,,
2600037153,Cabaceiras,PB,Poço tubular,,-7.413056,-36.368333,37,4180,4.18,,True,2009-07-08,2000-06-01,,
2600037154,Cabaceiras,PB,Poço tubular,,-7.505278,-36.331111,7.2,2480,2.48,,True,2009-07-08,1971-06-01,,
2600037155,Cabaceiras,PB,Poço tubular,,-7.505278,-36.321389,75,3740,3.74,,True,2009-07-08,1972-06-01,,
2600037157,Cabaceiras,PB,Poço tubular,,-7.497222,-36.305278,20,1492,1.492,,True,2009-07-08,1965-06-01,,
2600037161,Cabaceiras,PB,Poço tubular,,-7.494167,-36.320278,65,1205,1.205,,True,2009-07-08,1972-06-01,,
2600037165,Cabaceiras,PB,Poço tubular,,-7.405833,-36.318611,50,5230,5.23,,True,2009-07-08,1981-06-01,,
2600037166,Cabaceiras,PB,Poço tubular,,-7.464167,-36.23,32,5220,5.22,,True,2009-07-08,1984-06-01,,
2600037167,Cabaceiras,PB,Poço tubular,,-7.438611,-36.323056,54,2710,2.71,,True,2009-07-08,1987-06-01,,
2600037168,Cabaceiras,PB,Poço tubular,,-7.389722,-36.263333,38,1582,1.582,,True,2009-07-08,2002-06-01,,
2600037169,Cabaceiras,PB,Poço tubular,,-7.370278,-36.25,32,6110,6.11,,True,2009-07-08,1994-06-01,,
2600037171,Cabaceiras,PB,Poço tubular,,-7.428056,-36.377222,36,1770,1.77,,True,2009-07-08,1990-06-01,,
2600037172,Cabaceiras,PB,Poço tubular,,-7.433333,-36.379167,36,5280,5.28,,True,2009-07-08,2000-06-01,,
2600037173,Cabaceiras,PB,Poço tubular,,-7.443611,-36.389444,48,2330,2.33,,True,2009-07-08,1998-06-01,,
2600037174,Cabaceiras,PB,Poço tubular,,-7.387222,-36.238611,50,6410,6.41,,True,2009-07-09,2001-06-01,,
2600037175,Cabaceiras,PB,Poço tubular,,-7.476944,-36.248889,48,2190,2.19,,True,2009-07-09,2004-12-04,,
2600037177,Cabaceiras,PB,Poço tubular,,-7.386944,-36.334167,18,4520,4.52,,True,2009-07-09,2001-06-01,,
2600037178,Cabaceiras,PB,Poço tubular,,-7.488611,-36.301111,50,1721,1.721,,True,2009-07-09,1999-06-01,,
2600037179,Cabaceiras,PB,Poço tubular,,-7.41,-36.296111,46,2690,2.69,,True,2009-07-09,1964-06-01,,
2600037181,Cabaceiras,PB,Poço tubular,,-7.485833,-36.322778,51,3380,3.38,,True,2009-07-09,1996-06-01,,
2600037182,Cabaceiras,PB,Poço tubular,,-7.473333,-36.2925,50,3560,3.56,,True,2009-07-09,1990-06-01,,
2600037183,Cabaceiras,PB,Poço tubular,,-7.418056,-36.381944,31,4990,4.99,,True,2009-07-09,2002-02-08,,
2600037184,Cabaceiras,PB,Poço tubular,,-7.51,-36.310556,50,1752,1.752,,True,2009-07-09,1986-06-01,,
2600037185,Cabaceiras,PB,Poço tubular,,-7.467222,-36.334167,25,7940,7.94,,True,2009-07-09,2002-06-01,,
2600037188,São João do Cariri,PB,Poço tubular,,-7.445,-36.411944,30,1145,1.145,,True,2009-07-09,1974-06-01,,
2600037190,São João do Cariri,PB,Poço tubular,,-7.4475,-36.410833,29,2900,2.9,,True,2009-07-09,2000-06-01,,
2600037191,Cabaceiras,PB,Poço tubular,,-7.533333,-36.266111,30,2020,2.02,,True,2009-07-09,2003-06-01,,
2600037192,Cabaceiras,PB,Poço tubular,,-7.4775,-36.246111,46,1580,1.58,,True,2009-07-09,1987-06-01,,
2600037193,Cabaceiras,PB,Poço tubular,,-7.502222,-36.266667,50,6720,6.72,,True,2009-07-09,1992-06-01,,
2600037194,Cabaceiras,PB,Poço tubular,,-7.490556,-36.238333,50,1729,1.729,,True,2009-07-09,2004-12-04,,
2600037195,Cabaceiras,PB,Poço tubular,,-7.490278,-36.238333,44,1634,1.634,,True,2009-07-09,2004-12-04,,
2600037196,Cabaceiras,PB,Poço tubular,,-7.438611,-36.358611,50,2430,2.43,,True,2009-07-09,1982-06-01,,
2600037197,São Domingos do Cariri,PB,Poço tubular,,-7.600278,-36.312778,50,1339,1.339,,True,2009-07-09,1993-06-01,,
2600037202,Cabaceiras,PB,Poço tubular,,-7.455278,-36.303889,50,2100,2.1,,True,2009-07-09,2000-06-01,,
2600037203,Cabaceiras,PB,Poço tubular,,-7.405,-36.285833,20,1182,1.182,,True,2009-07-09,2002-06-01,,
2600037204,Cabaceiras,PB,Poço tubular,,-7.485,-36.296111,50,3320,3.32,,True,2009-07-09,2001-01-26,,
2600037206,Boa Vista,PB,Poço tubular,,-7.365556,-36.236667,36,1142,1.142,,True,2009-07-09,1990-06-01,,
2600037207,Cabaceiras,PB,Poço tubular,,-7.391389,-36.283333,50,4370,4.37,,True,2009-07-09,2001-06-01,,
2600037208,Cabaceiras,PB,Poço tubular,,-7.463056,-36.393333,45,2950,2.95,,True,2009-07-09,2003-01-14,,
2600037209,Cabaceiras,PB,Poço tubular,,-7.509167,-36.375,35,2460,2.46,,True,2009-07-09,1965-06-01,,
2600037210,Cabaceiras,PB,Poço tubular,,-7.385278,-36.336944,30,2960,2.96,,True,2009-07-09,1986-06-01,,
2600037211,Cabaceiras,PB,Poço tubular,,-7.506389,-36.394444,60,6560,6.56,,True,2009-07-09,1998-06-01,,
2600037212,Cabaceiras,PB,Poço tubular,,-7.403333,-36.355833,32,5740,5.74,,True,2009-07-09,1992-06-01,,
2600037213,Cabaceiras,PB,Poço tubular,,-7.411389,-36.289722,36,5740,5.74,,True,2009-07-09,2003-06-01,,
2600037214,Cabaceiras,PB,Poço tubular,,-7.425833,-36.258056,50,17580,17.58,,True,2009-07-09,1987-06-01,,
2600037215,Cabaceiras,PB,Poço tubular,,-7.535278,-36.257222,36,3540,3.54,,True,2009-07-09,1999-06-01,,
2600037216,Cabaceiras,PB,Poço tubular,,-7.398333,-36.321667,42,5410,5.41,,True,2009-07-09,1990-06-01,,
2600037218,Cabaceiras,PB,Poço tubular,,-7.562778,-36.295,50,2820,2.82,,True,2009-07-09,1997-06-01,,
2600037219,Cabaceiras,PB,Poço tubular,,-7.489167,-36.3275,45,2770,2.77,,True,2009-07-09,1982-06-01,,
2600037220,Cabaceiras,PB,Poço tubular,,-7.486389,-36.299444,45,2690,2.69,,True,2009-07-09,2000-06-01,,
2600037221,Cabaceiras,PB,Poço tubular,,-7.38,-36.258333,50,2590,2.59,,True,2009-07-09,1993-09-01,,
2600037222,Boqueirão,PB,Poço tubular,,-7.466111,-36.2125,40,6060,6.06,,True,2009-07-09,1980-06-01,,
2600037223,Cabaceiras,PB,Poço tubular,,-7.387222,-36.323889,20,4740,4.74,,True,2009-07-09,2002-06-01,,
2600037224,Cabaceiras,PB,Poço tubular,,-7.392778,-36.32,42,2170,2.17,,True,2009-07-09,1980-06-01,,
2600037226,Cabaceiras,PB,Poço tubular,,-7.491389,-36.288056,46,3020,3.02,,True,2009-07-09,2003-06-01,,
2600037227,Cabaceiras,PB,Poço tubular,,-7.492222,-36.289167,74,2500,2.5,,True,2009-07-09,1998-06-01,,
2600037228,Cabaceiras,PB,Poço tubular,,-7.493333,-36.29,56,3810,3.81,,True,2009-07-09,2000-06-01,,
2600037229,Cabaceiras,PB,Poço tubular,,-7.492778,-36.288056,50,1490,1.49,,True,2009-07-09,1988-06-01,,
2600037230,Cabaceiras,PB,Poço tubular,,-7.489444,-36.286389,56,2560,2.56,,True,2009-07-09,1999-06-01,,
2600037231,Cabaceiras,PB,Poço tubular,,-7.487222,-36.284444,56,5020,5.02,,True,2009-07-10,1986-06-01,,
2600037232,Cabaceiras,PB,Poço tubular,,-7.389722,-36.324167,46,5160,5.16,,True,2009-07-10,1997-06-01,,
2600037235,Cabaceiras,PB,Poço tubular,,-7.420556,-36.362222,42,5530,5.53,,True,2009-07-10,1990-06-01,,
2600037236,Cabaceiras,PB,Poço tubular,,-7.414722,-36.372222,23,4110,4.11,,True,2009-07-10,1999-06-01,,
2600037238,Cabaceiras,PB,Poço tubular,,-7.4225,-36.370278,46,3000,3.0,,True,2009-07-10,1986-06-01,,
2600037239,Cabaceiras,PB,Poço tubular,,-7.516944,-36.327222,54,1851,1.851,,True,2009-07-10,1989-03-17,,
2600037241,Cabaceiras,PB,Poço tubular,,-7.455278,-36.253333,50,2750,2.75,,True,2009-07-10,2004-12-03,,
2600037242,Cabaceiras,PB,Poço tubular,,-7.530833,-36.361111,50,878,0.878,,True,2009-07-10,1996-06-01,,
2600037245,Cabaceiras,PB,Poço tubular,,-7.464444,-36.365833,25,7450,7.45,,True,2009-07-10,1993-06-01,,
2600037246,Cabaceiras,PB,Poço tubular,,-7.551111,-36.325278,50,4280,4.28,,True,2009-07-10,2001-06-01,,
2600037247,Cabaceiras,PB,Poço tubular,,-7.418889,-36.240833,21,8340,8.34,,True,2009-07-10,2000-06-01,,
2600037249,Barra de Santana,PB,Poço tubular,,-7.568333,-35.858889,47,1006,1.006,,True,2009-07-10,1980-06-01,,
2600037251,Gado Bravo,PB,Poço tubular,,-7.5775,-35.766667,50,224,0.224,,True,2009-07-10,2004-12-02,,
2600037253,Gado Bravo,PB,Poço tubular,,-7.612778,-35.82,57,1149,1.149,,True,2009-07-10,2003-06-01,,
2600037254,Gado Bravo,PB,Poço tubular,,-7.599444,-35.843333,40,1004,1.004,,True,2009-07-10,2000-06-01,,
2600037255,Gado Bravo,PB,Poço tubular,,-7.512778,-35.851667,30,1005,1.005,,True,2009-07-10,2000-06-01,,
2600037256,Gado Bravo,PB,Poço tubular,,-7.579167,-35.768611,50,421,0.421,,True,2009-07-10,1998-06-01,,
2600037259,Gado Bravo,PB,Poço tubular,,-7.619722,-35.862222,41,621,0.621,,True,2009-07-10,2002-04-09,,
2600037260,Gado Bravo,PB,Poço tubular,,-7.496389,-35.841111,18,357,0.357,,True,2009-07-10,1960-06-01,,
2600037262,Gado Bravo,PB,Poço tubular,,-7.518611,-35.840556,48,631,0.631,,True,2009-07-10,1998-06-01,,
2600037264,Barra de Santana,PB,Poço tubular,,-7.575278,-35.834167,50,473,0.473,,True,2009-07-10,1998-06-01,,
2600037265,Gado Bravo,PB,Poço tubular,,-7.51,-35.8375,30,611,0.611,,True,2009-07-10,1959-06-01,,
2600037266,Gado Bravo,PB,Poço tubular,,-7.583889,-35.814444,48,1323,1.323,,True,2009-07-10,1998-06-01,,
2600037269,Gado Bravo,PB,Poço tubular,,-7.598889,-35.773056,64,1032,1.032,,True,2009-07-10,1990-06-01,,
2600037273,Gado Bravo,PB,Poço tubular,,-7.576667,-35.775556,52,1198,1.198,,True,2009-07-10,1998-06-01,,
2600037274,Gado Bravo,PB,Poço tubular,,-7.608056,-35.830833,50,890,0.89,,True,2009-07-10,1998-06-01,,
2600037275,Gado Bravo,PB,Poço tubular,,-7.621111,-35.833333,30,474,0.474,,True,2009-07-10,1996-06-01,,
2600037276,Gado Bravo,PB,Poço tubular,,-7.533056,-35.825556,49,985,0.985,,True,2009-07-10,2004-12-07,,
2600037279,Gado Bravo,PB,Poço tubular,,-7.5875,-35.798056,30,821,0.821,,True,2009-07-10,2001-06-01,,
2600037280,Gado Bravo,PB,Poço tubular,,-7.632222,-35.833889,34,1128,1.128,,True,2009-07-10,2002-01-24,,
2600037281,Gado Bravo,PB,Poço tubular,,-7.513333,-35.856389,41,1002,1.002,,True,2009-07-10,2000-06-01,,
2600037282,Gado Bravo,PB,Poço tubular,,-7.510556,-35.830556,45,779,0.779,,True,2009-07-10,1999-12-31,,
2600037283,Gado Bravo,PB,Poço tubular,,-7.528056,-35.839444,50,1196,1.196,,True,2009-07-10,1998-06-01,,
2600037284,Gado Bravo,PB,Poço tubular,,-7.620833,-35.848889,50,628,0.628,,True,2009-07-14,1996-06-01,,
2600037286,Gado Bravo,PB,Poço tubular,,-7.584444,-35.763611,30,885,0.885,,True,2009-07-14,1998-06-01,,
2600037287,Gado Bravo,PB,Poço tubular,,-7.559167,-35.785833,60,759,0.759,,True,2009-07-14,1999-06-01,,
2600037288,Gado Bravo,PB,Poço tubular,,-7.596667,-35.830833,60,693,0.693,,True,2009-07-14,1980-06-01,,
2600037289,Gado Bravo,PB,Poço tubular,,-7.576389,-35.805278,40,227,0.227,,True,2009-07-14,2004-12-07,,
2600037290,Gado Bravo,PB,Poço tubular,,-7.508333,-35.833333,50,884,0.884,,True,2009-07-14,1999-06-01,,
2600037291,Gado Bravo,PB,Poço tubular,,-7.615,-35.855278,36,846,0.846,,True,2009-07-14,2004-11-30,,
2600037292,Gado Bravo,PB,Poço tubular,,-7.6125,-35.8025,40,420,0.42,,True,2009-07-14,1998-06-01,,
2600037293,Gado Bravo,PB,Poço tubular,,-7.588889,-35.840556,60,946,0.946,,True,2009-07-14,1969-06-01,,
2600037294,Gado Bravo,PB,Poço tubular,,-7.578333,-35.791667,50,751,0.751,,True,2009-07-14,1997-06-01,,
2600037295,Gado Bravo,PB,Poço tubular,,-7.610556,-35.84,40,518,0.518,,True,2009-07-14,2002-06-01,,
2600037296,Gado Bravo,PB,Poço tubular,,-7.607222,-35.786389,40,460,0.46,,True,2009-07-14,1998-06-01,,
2600037297,Gado Bravo,PB,Poço tubular,,-7.583333,-35.790278,70,524,0.524,,True,2009-07-14,1984-06-01,,
2600037298,Gado Bravo,PB,Poço tubular,,-7.573056,-35.763611,55,233,0.233,,True,2009-07-14,1984-06-01,,
2600037299,Gado Bravo,PB,Poço tubular,,-7.5875,-35.859444,50,1013,1.013,,True,2009-07-14,2004-11-30,,
2600037300,Gado Bravo,PB,Poço tubular,,-7.500833,-35.833611,45,1078,1.078,,True,2009-07-14,1998-06-01,,
2600037301,Gado Bravo,PB,Poço tubular,,-7.585556,-35.794722,36,867,0.867,,True,2009-07-14,1986-06-01,,
2600037303,Lucena,PB,Poço tubular,,-6.909167,-34.9025,105,541,0.541,,True,2009-07-14,2004-12-17,,
2600037304,Lucena,PB,Poço tubular,,-6.97,-34.858056,100,532,0.532,,True,2009-07-14,2004-12-17,,
2600037305,Lucena,PB,Poço tubular,,-6.912222,-34.906111,106,341,0.341,,True,2009-07-14,2004-07-01,,
2600037306,Lucena,PB,Poço tubular,,-6.897778,-34.871944,90,404,0.404,,True,2009-07-14,1972-06-01,,
2600037307,Lucena,PB,Poço tubular,,-6.898056,-34.871944,180,293,0.293,,True,2009-07-14,1972-06-01,,
2600037308,Lucena,PB,Poço tubular,,-6.966667,-34.855556,150,590,0.59,,True,2009-07-14,2004-12-16,,
2600037309,Lucena,PB,Poço tubular,,-6.911944,-34.861111,90,1010,1.01,,True,2009-07-14,1972-06-01,,
2600037310,Lucena,PB,Poço tubular,,-6.966667,-34.855556,120,536,0.536,,True,2009-07-14,2004-12-17,,
2600037311,Lucena,PB,Poço tubular,,-6.933889,-34.868056,90,1064,1.064,,True,2009-07-14,2004-12-17,,
2600037312,Lucena,PB,Poço tubular,,-6.928333,-34.884167,180,435,0.435,,True,2009-07-14,2004-12-17,,
2600037314,Lucena,PB,Poço tubular,,-6.958333,-34.870833,84,591,0.591,,True,2009-07-14,2004-12-17,,
2600037315,Lucena,PB,Poço tubular,,-6.904444,-34.859444,126,1039,1.039,,True,2009-07-14,2002-06-01,,
2600037316,Lucena,PB,Poço tubular,,-6.950833,-34.865278,130,580,0.58,,True,2009-07-20,2002-06-01,,
2600037317,Santa Rita,PB,Poço tubular,,-6.911389,-34.986667,18,277,0.277,,True,2009-07-20,2004-12-16,,
2600037319,Lucena,PB,Poço tubular,,-6.951944,-34.878333,131,556,0.556,,True,2009-07-20,2004-12-16,,
2600037320,Lucena,PB,Poço tubular,,-6.908611,-34.880278,20,449,0.449,,True,2009-07-20,2004-12-17,,
2600037321,Lucena,PB,Poço tubular,,-6.955833,-34.880278,15,1528,1.528,,True,2009-07-20,2004-12-17,,
2600037322,Lucena,PB,Poço tubular,,-6.909444,-34.882222,21,741,0.741,,True,2009-07-20,2004-12-16,,
2600037323,Lucena,PB,Poço tubular,,-6.897222,-34.8875,19,1934,1.934,,True,2009-07-20,2004-12-17,,
2600037324,Lucena,PB,Poço tubular,,-6.955833,-34.879444,120,558,0.558,,True,2009-07-20,2004-12-16,,
2600037325,Santa Rita,PB,Poço tubular,,-6.911389,-34.987778,99,548,0.548,,True,2009-07-20,2004-12-16,,
2600037326,Lucena,PB,Poço tubular,,-6.895,-34.933333,90,457,0.457,,True,2009-07-20,2004-12-16,,
2600037327,Lucena,PB,Poço tubular,,-6.942778,-34.868056,18,399,0.399,,True,2009-07-20,2004-12-17,,
2600037329,Lucena,PB,Poço tubular,,-6.931667,-34.890833,211,300,0.3,,True,2009-07-20,1995-08-10,,
2600037331,Mamanguape,PB,Poço tubular,,-6.859722,-35.101944,66,82,0.082,,True,2009-07-20,2004-06-01,,
2600037332,Mamanguape,PB,Poço tubular,,-6.860278,-35.098611,16,89,0.089,,True,2009-07-20,2000-06-01,,
2600037334,Mamanguape,PB,Poço tubular,,-6.848333,-35.096389,65,559,0.559,,True,2009-07-20,2000-06-01,,
2600037335,Mamanguape,PB,Poço tubular,,-6.602222,-35.144167,35,160,0.16,,True,2009-07-20,2004-11-29,,
2600037336,Mamanguape,PB,Poço tubular,,-6.600278,-35.146111,70,335,0.335,,True,2009-07-20,1998-06-01,,
2600037338,Mamanguape,PB,Poço tubular,,-6.6,-35.139444,60,339,0.339,,True,2009-07-20,1998-06-01,,
2600037339,Mamanguape,PB,Poço tubular,,-6.639167,-35.118611,110,156,0.156,,True,2009-07-20,1996-06-01,,
2600037340,Mamanguape,PB,Poço tubular,,-6.621389,-35.109722,100,69,0.069,,True,2009-07-20,1996-06-01,,
2600037341,Mamanguape,PB,Poço tubular,,-6.624444,-35.125,86,65,0.065,,True,2009-07-20,2004-11-30,,
2600037342,Mamanguape,PB,Poço tubular,,-6.65,-35.139444,56,184,0.184,,True,2009-07-20,2004-11-30,,
2600037343,Mamanguape,PB,Poço tubular,,-6.665833,-35.143056,65,124,0.124,,True,2009-07-20,2000-06-01,,
2600037344,Mamanguape,PB,Poço tubular,,-6.6725,-35.178611,30,137,0.137,,True,2009-07-20,2000-06-01,,
2600037345,Mamanguape,PB,Poço tubular,,-6.820556,-35.139167,61,45,0.045,,True,2009-07-20,1998-06-01,,
2600037346,Mamanguape,PB,Poço tubular,,-6.763889,-35.137778,60,77,0.077,,True,2009-07-20,2003-06-01,,
2600037348,Mamanguape,PB,Poço tubular,,-6.6825,-35.206389,27,1154,1.154,,True,2009-07-20,2000-06-01,,
2600037349,Marcação,PB,Poço tubular,,-6.769444,-35.008611,110,807,0.807,,True,2009-07-20,2003-06-01,,
2600037350,Marcação,PB,Poço tubular,,-6.768333,-35.0075,130,641,0.641,,True,2009-07-20,2004-12-01,,
2600037351,Marcação,PB,Poço tubular,,-6.768056,-35.024167,90,459,0.459,,True,2009-07-20,2004-11-29,,
2600037352,Marcação,PB,Poço tubular,,-6.705833,-35.005278,60,742,0.742,,True,2009-07-20,2004-06-01,,
2600037353,Marcação,PB,Poço tubular,,-6.705833,-35.005278,17,1118,1.118,,True,2009-07-20,2004-11-30,,
2600037354,Marcação,PB,Poço tubular,,-6.715,-35.038333,40,686,0.686,,True,2009-07-20,2004-11-30,,
2600037355,Marcação,PB,Poço tubular,,-6.765556,-34.978056,80,224,0.224,,True,2009-07-20,2004-11-29,,
2600037356,Marcação,PB,Poço tubular,,-6.720278,-34.948333,40,952,0.952,,True,2009-07-20,1996-06-01,,
2600037357,Marcação,PB,Poço tubular,,-6.746111,-35.055833,70,1543,1.543,,True,2009-07-20,1998-06-01,,
2600037358,Mulungu,PB,Poço tubular,,-6.962222,-35.3625,65,146,0.146,,True,2009-07-20,1982-06-01,,
2600037359,Mulungu,PB,Poço tubular,,-6.938333,-35.380556,24,4440,4.44,,True,2009-07-21,1994-06-01,,
2600037360,Mulungu,PB,Poço tubular,,-7.028889,-35.44,45,3640,3.64,,True,2009-07-21,1984-06-01,,
2600037363,Mulungu,PB,Poço tubular,,-7.012222,-35.448611,40,47700,47.7,,True,2009-07-21,2000-06-01,,
2600037364,Mulungu,PB,Poço tubular,,-6.993889,-35.385278,60,3780,3.78,,True,2009-07-21,2004-12-08,,
2600037365,Mulungu,PB,Poço tubular,,-7.016667,-35.405,52,10760,10.76,,True,2009-07-21,2004-12-08,,
2600037367,Mulungu,PB,Poço tubular,,-6.943056,-35.343333,50,6610,6.61,,True,2009-07-21,2000-06-01,,
2600037369,Mulungu,PB,Poço tubular,,-7.013056,-35.391111,50,3160,3.16,,True,2009-07-21,1981-06-01,,
2600037371,Mulungu,PB,Poço tubular,,-6.985278,-35.443056,42,3290,3.29,,True,2009-07-21,1980-06-01,,
2600037372,Mulungu,PB,Poço tubular,,-7.023333,-35.440278,45,1913,1.913,,True,2009-07-21,2004-06-01,,
2600037374,Mulungu,PB,Poço tubular,,-7.018611,-35.389444,40,2960,2.96,,True,2009-07-21,2004-12-08,,
2600037377,Mulungu,PB,Poço tubular,,-6.989444,-35.446944,40,3410,3.41,,True,2009-07-21,2002-06-01,,
2600037379,Alagoinha,PB,Poço tubular,,-6.989444,-35.478889,48,3700,3.7,,True,2009-07-21,1982-11-01,,
2600037382,Mulungu,PB,Poço tubular,,-6.959444,-35.406667,37,1370,1.37,,True,2009-07-21,2003-06-01,,
2600037383,Mulungu,PB,Poço tubular,,-6.963889,-35.406111,40,1610,1.61,,True,2009-07-21,2004-12-07,,
2600037388,Mulungu,PB,Poço tubular,,-6.985833,-35.410833,38,55000,55.0,,True,2009-07-21,2002-06-01,,
2600037390,Mulungu,PB,Poço tubular,,-6.969444,-35.396667,49,1920,1.92,,True,2009-07-21,2003-06-01,,
2600037394,Mulungu,PB,Poço tubular,,-7.026667,-35.419167,32,6340,6.34,,True,2009-07-21,2004-12-08,,
2600037396,Mulungu,PB,Poço tubular,,-7.03,-35.428333,32,6090,6.09,,True,2009-07-21,2004-12-08,,
2600037397,Mulungu,PB,Poço tubular,,-7.019444,-35.430278,50,1136,1.136,,True,2009-07-21,2004-12-06,,
2600037398,Mulungu,PB,Poço tubular,,-7.013333,-35.428333,50,1654,1.654,,True,2009-07-21,2004-12-08,,
2600037401,Mulungu,PB,Poço tubular,,-6.959722,-35.433056,50,9110,9.11,,True,2009-07-21,2004-12-03,,
2600037402,Mulungu,PB,Poço tubular,,-7.061111,-35.476389,48,10420,10.42,,True,2009-07-21,2002-06-01,,
2600037404,Mulungu,PB,Poço tubular,,-7.046667,-35.43,65,8760,8.76,,True,2009-07-21,1999-06-01,,
2600037405,Mulungu,PB,Poço tubular,,-7.046111,-35.430833,25,1087,1.087,,True,2009-07-21,1989-06-01,,
2600037407,Mulungu,PB,Poço tubular,,-7.044167,-35.429444,65,11210,11.21,,True,2009-07-21,2002-06-01,,
2600037408,Mulungu,PB,Poço tubular,,-7.000278,-35.512778,52,3250,3.25,,True,2009-07-21,2000-06-01,,
2600037411,Alagoinha,PB,Poço tubular,,-6.997778,-35.522222,60,2540,2.54,,True,2009-07-22,1998-06-01,,
2600037415,Mulungu,PB,Poço tubular,,-7.013333,-35.495556,45,6960,6.96,,True,2009-07-22,1996-06-01,,
2600037416,Mulungu,PB,Poço tubular,,-7.033611,-35.491944,60,5970,5.97,,True,2009-07-22,1983-06-01,,
2600037417,Mulungu,PB,Poço tubular,,-7.035278,-35.474444,60,2300,2.3,,True,2009-07-22,2004-12-03,,
2600037421,Mulungu,PB,Poço tubular,,-6.951944,-35.362222,50,2140,2.14,,True,2009-07-22,1999-06-01,,
2600037424,Mulungu,PB,Poço tubular,,-7.035278,-35.433056,42,4300,4.3,,True,2009-07-22,2002-06-01,,
2600037426,Mulungu,PB,Poço tubular,,-7.025,-35.503056,55,933,0.933,,True,2009-07-22,1983-06-01,,
2600037427,Mulungu,PB,Poço tubular,,-6.996111,-35.393056,40,1667,1.667,,True,2009-07-22,2000-06-01,,
2600037430,Mulungu,PB,Poço tubular,,-7.007778,-35.416944,50,4530,4.53,,True,2009-07-22,2004-12-08,,
2600037431,Mulungu,PB,Poço tubular,,-7.025556,-35.443333,45,3950,3.95,,True,2009-07-22,2002-06-01,,
2600037432,Pilõezinhos,PB,Poço tubular,,-6.855278,-35.547222,30,185,0.185,,True,2009-07-22,2004-12-07,,
2600037434,Pilõezinhos,PB,Poço tubular,,-6.841389,-35.555,40,241,0.241,,True,2009-07-22,2004-12-07,,
2600037435,Pilõezinhos,PB,Poço tubular,,-6.841111,-35.555556,40,285,0.285,,True,2009-07-22,2004-12-07,,
2600037436,Pilõezinhos,PB,Poço tubular,,-6.842222,-35.566944,22,560,0.56,,True,2009-07-22,2004-12-06,,
2600037437,Pilõezinhos,PB,Poço tubular,,-6.835556,-35.561111,34,848,0.848,,True,2009-07-22,2004-12-06,,
2600037438,Pilõezinhos,PB,Poço tubular,,-6.829444,-35.547222,45,861,0.861,,True,2009-07-22,2004-12-06,,
2600037439,Pilõezinhos,PB,Poço tubular,,-6.832222,-35.540556,40,812,0.812,,True,2009-07-22,2004-12-06,,
2600037440,Pilõezinhos,PB,Poço tubular,,-6.845278,-35.541944,30,783,0.783,,True,2009-07-22,1997-06-01,,
2600037441,Pilõezinhos,PB,Poço tubular,,-6.845278,-35.536944,28,341,0.341,,True,2009-07-22,2004-12-07,,
2600037442,Pilõezinhos,PB,Poço tubular,,-6.8425,-35.5425,37,1215,1.215,,True,2009-07-22,2002-06-01,,
2600037443,Pilõezinhos,PB,Poço tubular,,-6.846111,-35.536944,30,281,0.281,,True,2009-07-22,2004-12-07,,
2600037444,Guarabira,PB,Poço tubular,,-6.847222,-35.519722,52,1546,1.546,,True,2009-07-22,2004-12-07,,
2600037445,Pilõezinhos,PB,Poço tubular,,-6.8325,-35.520556,50,908,0.908,,True,2009-07-22,2004-12-06,,
2600037446,Pilõezinhos,PB,Poço tubular,,-6.843333,-35.532778,35,271,0.271,,True,2009-07-22,2004-12-06,,
2600037448,Pilõezinhos,PB,Poço tubular,,-6.835556,-35.572222,50,1183,1.183,,True,2009-07-22,2000-06-01,,
2600037449,Pilõezinhos,PB,Poço tubular,,-6.851111,-35.556111,55,279,0.279,,True,2009-07-22,2004-12-07,,
2600037450,Pilõezinhos,PB,Poço tubular,,-6.861389,-35.571667,40,319,0.319,,True,2009-07-22,2004-12-07,,
2600037451,Guarabira,PB,Poço tubular,,-6.847222,-35.518889,50,1316,1.316,,True,2009-07-22,2003-06-01,,
2600037452,Pilõezinhos,PB,Poço tubular,,-6.843611,-35.528611,35,1033,1.033,,True,2009-07-22,2004-12-07,,
2600037453,Pilõezinhos,PB,Poço tubular,,-6.844444,-35.527778,23,748,0.748,,True,2009-07-22,2004-12-07,,
2600037454,Pilõezinhos,PB,Poço tubular,,-6.8325,-35.521111,28,238,0.238,,True,2009-07-22,2004-12-06,,
2600037455,Pirpirituba,PB,Poço tubular,,-6.759167,-35.464444,30,1617,1.617,,True,2009-07-23,2003-12-04,,
2600037456,Borborema,PB,Poço tubular,,-6.770833,-35.53,40,5460,5.46,,True,2009-07-23,2003-12-04,,
2600037457,Pirpirituba,PB,Poço tubular,,-6.768333,-35.468056,30,3720,3.72,,True,2009-07-23,2003-12-04,,
2600037458,Pirpirituba,PB,Poço tubular,,-6.778333,-35.442778,37,1529,1.529,,True,2009-07-23,2003-12-03,,
2600037460,Belém,PB,Poço tubular,,-6.771944,-35.498611,47,7570,7.57,,True,2009-07-23,2003-12-04,,
2600037462,Pirpirituba,PB,Poço tubular,,-6.779722,-35.496667,37,1510,1.51,,True,2009-07-23,2003-12-05,,
2600037463,Pirpirituba,PB,Poço tubular,,-6.7975,-35.556944,35,2310,2.31,,True,2009-07-23,2003-12-04,,
2600037464,Pirpirituba,PB,Poço tubular,,-6.781389,-35.499167,37,1860,1.86,,True,2009-07-23,2000-06-01,,
2600037465,Pirpirituba,PB,Poço tubular,,-6.761667,-35.4225,36,3050,3.05,,True,2009-07-23,2003-12-04,,
2600037468,Guarabira,PB,Poço tubular,,-6.82,-35.496944,50,588,0.588,,True,2009-07-23,1994-06-01,,
2600037469,Pirpirituba,PB,Poço tubular,,-6.784444,-35.495278,30,12750,12.75,,True,2009-07-23,2003-12-05,,
2600037471,Pirpirituba,PB,Poço tubular,,-6.815556,-35.494444,40,1010,1.01,,True,2009-07-23,1999-12-10,,
2600037472,Pirpirituba,PB,Poço tubular,,-6.795278,-35.497222,27,7180,7.18,,True,2009-07-23,2003-12-05,,
2600037473,Pirpirituba,PB,Poço tubular,,-6.78,-35.495833,37,1980,1.98,,True,2009-07-23,2000-01-01,,
2600037475,Pirpirituba,PB,Poço tubular,,-6.763889,-35.468333,42,10370,10.37,,True,2009-07-23,2003-12-04,,
2600037477,Bom Jesus,PB,Poço tubular,,-6.833611,-38.639167,37,989,0.989,,True,2009-07-23,1987-06-01,,
2600037479,Bom Jesus,PB,Poço tubular,,-6.834722,-38.624167,36,1327,1.327,,True,2009-07-23,2001-11-01,,
2600037481,Bom Jesus,PB,Poço tubular,,-6.811389,-38.616389,50,1155,1.155,,True,2009-07-23,2000-01-01,,
2600037482,Bom Jesus,PB,Poço tubular,,-6.817222,-38.650556,36,1303,1.303,,True,2009-07-23,1998-01-01,,
2600037485,Bom Jesus,PB,Poço tubular,,-6.790833,-38.609167,25,2540,2.54,,True,2009-07-23,2001-01-01,,
2600037486,Bom Jesus,PB,Poço tubular,,-6.8675,-38.645556,41,1672,1.672,,True,2009-07-23,1986-06-01,,
2600037487,Bom Jesus,PB,Poço tubular,,-6.7975,-38.631111,24,2280,2.28,,True,2009-07-23,2001-11-01,,
2600037489,Bom Jesus,PB,Poço tubular,,-6.813333,-38.645556,35,903,0.903,,True,2009-07-23,2002-11-14,,
2600037490,Bom Jesus,PB,Poço tubular,,-6.814722,-38.653333,4.5,1699,1.699,,True,2009-07-23,2002-11-14,,
2600037491,Bom Jesus,PB,Poço tubular,,-6.831667,-38.650833,50,819,0.819,,True,2009-07-23,2002-11-15,,
2600037492,Bom Jesus,PB,Poço tubular,,-6.815,-38.653056,50,1651,1.651,,True,2009-07-23,1986-06-01,,
2600037493,Bom Jesus,PB,Poço tubular,,-6.81,-38.633056,40,645,0.645,,True,2009-07-23,2002-11-15,,
2600037494,Bom Jesus,PB,Poço tubular,,-6.8175,-38.651389,37,466,0.466,,True,2009-07-23,1986-06-01,,
2600037495,Bom Jesus,PB,Poço tubular,,-6.818333,-38.656944,50,1206,1.206,,True,2009-07-23,1989-06-01,,
2600037496,Bom Jesus,PB,Poço tubular,,-6.815833,-38.654444,18,1639,1.639,,True,2009-07-23,1970-06-01,,
2600037498,Bom Jesus,PB,Poço tubular,,-6.816944,-38.65,50,658,0.658,,True,2009-07-23,1986-06-01,,
2600037501,Guarabira,PB,Poço tubular,,-6.851667,-35.490556,50,787,0.787,,True,2009-07-24,2000-06-01,,
2600037502,Guarabira,PB,Poço tubular,,-6.841667,-35.492222,25,943,0.943,,True,2009-07-24,2000-06-01,,
2600037505,Guarabira,PB,Poço tubular,,-6.841944,-35.492778,50,1022,1.022,,True,2009-07-24,2001-06-01,,
2600037507,Guarabira,PB,Poço tubular,,-6.844722,-35.488611,50,1906,1.906,,True,2009-07-24,2004-12-16,,
2600037509,Guarabira,PB,Poço tubular,,-6.852778,-35.463333,60,1906,1.906,,True,2009-07-24,1984-06-01,,
2600037510,Guarabira,PB,Poço tubular,,-6.945278,-35.446389,50,9870,9.87,,True,2009-07-24,2003-06-01,,
2600037512,Guarabira,PB,Poço tubular,,-6.816944,-35.473056,40,1424,1.424,,True,2009-07-24,1977-02-01,,
2600037513,Guarabira,PB,Poço tubular,,-6.848056,-35.489444,45,589,0.589,,True,2009-07-24,2004-06-01,,
2600037514,Guarabira,PB,Poço tubular,,-6.865556,-35.49,40,416,0.416,,True,2009-07-24,2003-06-01,,
2600037518,Guarabira,PB,Poço tubular,,-6.875,-35.410833,45,1074,1.074,,True,2009-07-24,2004-12-15,,
2600037519,Guarabira,PB,Poço tubular,,-6.818333,-35.463889,37,2100,2.1,,True,2009-07-24,2003-06-01,,
2600037520,Guarabira,PB,Poço tubular,,-6.937222,-35.430278,50,9380,9.38,,True,2009-07-24,1983-06-01,,
2600037521,Guarabira,PB,Poço tubular,,-6.934722,-35.431667,34,2750,2.75,,True,2009-07-24,1983-06-01,,
2600037523,Guarabira,PB,Poço tubular,,-6.955556,-35.454444,50,6910,6.91,,True,2009-07-24,2002-06-01,,
2600037524,Guarabira,PB,Poço tubular,,-6.853889,-35.487222,36,725,0.725,,True,2009-07-24,2004-12-16,,
2600037525,Araçagi,PB,Poço tubular,,-6.844722,-35.384722,33,2180,2.18,,True,2009-07-24,1993-06-01,,
2600037526,Guarabira,PB,Poço tubular,,-6.837222,-35.435,45,1078,1.078,,True,2009-07-24,2004-12-15,,
2600037527,Guarabira,PB,Poço tubular,,-6.934167,-35.461667,38,6750,6.75,,True,2009-07-24,1984-01-01,,
2600037528,Guarabira,PB,Poço tubular,,-6.846667,-35.495556,38,435,0.435,,True,2009-07-24,2004-12-16,,
2600037529,Guarabira,PB,Poço tubular,,-6.915278,-35.383889,50,3020,3.02,,True,2009-07-24,2004-12-15,,
2600037530,Guarabira,PB,Poço tubular,,-6.847778,-35.440833,50,234,0.234,,True,2009-07-24,1999-06-01,,
2600037531,Guarabira,PB,Poço tubular,,-6.847778,-35.441389,35,244,0.244,,True,2009-07-24,1999-06-01,,
2600037532,Guarabira,PB,Poço tubular,,-6.834444,-35.483333,50,1287,1.287,,True,2009-07-24,2004-12-15,,
2600037534,Guarabira,PB,Poço tubular,,-6.869444,-35.416389,50,4770,4.77,,True,2009-07-24,2000-06-01,,
2600037538,Araçagi,PB,Poço tubular,,-6.874167,-35.386944,48,2730,2.73,,True,2009-07-24,1983-06-01,,
2600037541,Guarabira,PB,Poço tubular,,-6.857222,-35.498333,50,1541,1.541,,True,2009-07-24,1996-06-01,,
2600037542,Guarabira,PB,Poço tubular,,-6.848333,-35.439722,50,639,0.639,,True,2009-07-24,2000-06-01,,
2600037545,Guarabira,PB,Poço tubular,,-6.904444,-35.452778,54,5290,5.29,,True,2009-07-24,1981-06-01,,
2600037546,Guarabira,PB,Poço tubular,,-6.858611,-35.438611,28,6070,6.07,,True,2009-07-24,2002-06-01,,
2600037547,Guarabira,PB,Poço tubular,,-6.858056,-35.438333,23,1545,1.545,,True,2009-07-24,2000-06-01,,
2600037548,Guarabira,PB,Poço tubular,,-6.878889,-35.406389,50,4080,4.08,,True,2009-07-24,2004-12-15,,
2600037549,Guarabira,PB,Poço tubular,,-6.855278,-35.425833,50,1325,1.325,,True,2009-07-24,1986-06-01,,
2600037550,Guarabira,PB,Poço tubular,,-6.8525,-35.490556,55,699,0.699,,True,2009-07-24,2000-06-01,,
2600037552,Guarabira,PB,Poço tubular,,-6.854167,-35.486389,22,434,0.434,,True,2009-07-24,2004-12-16,,
2600037555,Cuitegi,PB,Poço tubular,,-6.896667,-35.490556,40,1487,1.487,,True,2009-07-27,2004-12-13,,
2600037556,Guarabira,PB,Poço tubular,,-6.862778,-35.495278,38,1854,1.854,,True,2009-07-27,2000-06-01,,
2600037558,Guarabira,PB,Poço tubular,,-6.941111,-35.466944,60,8540,8.54,,True,2009-07-27,1984-04-01,,
2600037559,Guarabira,PB,Poço tubular,,-6.876389,-35.435556,50,1869,1.869,,True,2009-07-27,2004-12-15,,
2600037560,Guarabira,PB,Poço tubular,,-6.853333,-35.4875,50,1355,1.355,,True,2009-07-27,1999-06-01,,
2600037561,Guarabira,PB,Poço tubular,,-6.846667,-35.495833,40,563,0.563,,True,2009-07-27,1995-06-01,,
2600037562,Guarabira,PB,Poço tubular,,-6.879722,-35.498056,48,929,0.929,,True,2009-07-27,2000-06-01,,
2600037565,Guarabira,PB,Poço tubular,,-6.848056,-35.496389,40,1064,1.064,,True,2009-07-27,2000-06-01,,
2600037566,Guarabira,PB,Poço tubular,,-6.875,-35.4325,30,2800,2.8,,True,2009-07-27,2002-06-01,,
2600037567,Guarabira,PB,Poço tubular,,-6.876944,-35.429167,50,4610,4.61,,True,2009-07-27,2004-12-15,,
2600037569,Guarabira,PB,Poço tubular,,-6.853611,-35.480278,50,888,0.888,,True,2009-07-27,2004-12-15,,
2600037571,Guarabira,PB,Poço tubular,,-6.827778,-35.494444,50,502,0.502,,True,2009-07-27,1999-06-01,,
2600037572,Araçagi,PB,Poço tubular,,-6.808056,-35.438333,48,2820,2.82,,True,2009-07-27,1984-06-01,,
2600037573,Guarabira,PB,Poço tubular,,-6.816389,-35.4675,42,3120,3.12,,True,2009-07-27,1984-06-01,,
2600037575,Guarabira,PB,Poço tubular,,-6.848333,-35.488889,57,936,0.936,,True,2009-07-27,1970-06-01,,
2600037576,Guarabira,PB,Poço tubular,,-6.848333,-35.488611,60,639,0.639,,True,2009-07-27,1992-06-01,,
2600037578,Guarabira,PB,Poço tubular,,-6.817778,-35.435,54,6200,6.2,,True,2009-07-27,1984-06-01,,
2600037579,Guarabira,PB,Poço tubular,,-6.819722,-35.427778,38,773,0.773,,True,2009-07-27,1998-06-01,,
2600037581,Guarabira,PB,Poço tubular,,-6.847778,-35.443889,60,1530,1.53,,True,2009-07-27,1999-06-01,,
2600037582,Guarabira,PB,Poço tubular,,-6.85,-35.441667,49,1037,1.037,,True,2009-07-27,2003-06-01,,
2600037583,Guarabira,PB,Poço tubular,,-6.846389,-35.436667,50,424,0.424,,True,2009-07-27,1984-06-01,,
2600037584,Guarabira,PB,Poço tubular,,-6.844722,-35.436111,50,1848,1.848,,True,2009-07-27,2002-06-01,,
2600037585,Guarabira,PB,Poço tubular,,-6.842222,-35.405833,50,2800,2.8,,True,2009-07-27,2002-06-01,,
2600037587,Guarabira,PB,Poço tubular,,-6.849167,-35.390556,54,4120,4.12,,True,2009-07-27,1999-06-01,,
2600037588,Guarabira,PB,Poço tubular,,-6.855833,-35.410556,50,2800,2.8,,True,2009-07-27,1984-06-01,,
2600037589,Guarabira,PB,Poço tubular,,-6.858611,-35.403333,39,1013,1.013,,True,2009-07-27,1998-06-01,,
2600037590,Guarabira,PB,Poço tubular,,-6.841944,-35.416667,32,975,0.975,,True,2009-07-27,2002-06-01,,
2600037598,Guarabira,PB,Poço tubular,,-6.850278,-35.492222,40,399,0.399,,True,2009-07-27,2000-06-01,,
2600037602,Guarabira,PB,Poço tubular,,-6.849722,-35.444167,50,1339,1.339,,True,2009-07-27,1999-06-01,,
2600037603,Guarabira,PB,Poço tubular,,-6.845,-35.489167,49,1443,1.443,,True,2009-07-27,2000-06-01,,
2600037604,Guarabira,PB,Poço tubular,,-6.851944,-35.489722,49,693,0.693,,True,2009-07-27,2004-09-01,,
2600037605,Guarabira,PB,Poço tubular,,-6.853056,-35.490278,60,813,0.813,,True,2009-07-27,2004-12-16,,
2600037606,Guarabira,PB,Poço tubular,,-6.8425,-35.494444,33,1763,1.763,,True,2009-07-27,2001-06-01,,
2600037608,Gurinhém,PB,Poço tubular,,-7.173056,-35.412778,36,5800,5.8,,True,2009-07-28,1999-06-01,,
2600037609,Gurinhém,PB,Poço tubular,,-7.095278,-35.478611,30,3980,3.98,,True,2009-07-28,2004-12-05,,
2600037614,Gurinhém,PB,Poço tubular,,-7.063889,-35.391944,26,8560,8.56,,True,2009-07-28,1984-06-01,,
2600037615,Gurinhém,PB,Poço tubular,,-7.243056,-35.447778,45,5220,5.22,,True,2009-07-28,1993-11-01,,
2600037616,Gurinhém,PB,Poço tubular,,-7.2275,-35.459722,45,4810,4.81,,True,2009-07-28,1993-06-01,,
2600037617,Gurinhém,PB,Poço tubular,,-7.101944,-35.416111,30,3920,3.92,,True,2009-07-28,1997-12-01,,
2600037618,Gurinhém,PB,Poço tubular,,-7.188611,-35.436389,50,3050,3.05,,True,2009-07-28,1984-06-01,,
2600037619,Gurinhém,PB,Poço tubular,,-7.206111,-35.463333,27,3860,3.86,,True,2009-07-28,2000-06-01,,
2600037620,Gurinhém,PB,Poço tubular,,-7.128333,-35.371944,38,5340,5.34,,True,2009-07-28,2004-09-01,,
2600037621,Gurinhém,PB,Poço tubular,,-7.097222,-35.377778,36,3940,3.94,,True,2009-07-28,2001-06-01,,
2600037624,Gurinhém,PB,Poço tubular,,-7.145556,-35.469167,22,5890,5.89,,True,2009-07-28,2004-12-05,,
2600037625,Gurinhém,PB,Poço tubular,,-7.164722,-35.468056,35,1324,1.324,,True,2009-07-28,2004-12-05,,
2600037627,Gurinhém,PB,Poço tubular,,-7.133333,-35.361389,48,1892,1.892,,True,2009-07-28,2001-06-01,,
2600037628,Gurinhém,PB,Poço tubular,,-7.182778,-35.446111,48,5500,5.5,,True,2009-07-28,1979-06-01,,
2600037630,Gurinhém,PB,Poço tubular,,-7.215278,-35.462778,30,4550,4.55,,True,2009-07-28,1984-09-01,,
2600037634,Gurinhém,PB,Poço tubular,,-7.050556,-35.403056,40,763,0.763,,True,2009-07-28,1994-06-01,,
2600037636,Gurinhém,PB,Poço tubular,,-7.134167,-35.356667,50,7450,7.45,,True,2009-07-28,2002-06-01,,
2600037637,Gurinhém,PB,Poço tubular,,-7.133056,-35.373056,49,3720,3.72,,True,2009-07-28,2002-06-01,,
2600037639,Gurinhém,PB,Poço tubular,,-7.112222,-35.4775,30,10180,10.18,,True,2009-07-28,2004-12-05,,
2600037642,Gurinhém,PB,Poço tubular,,-7.074167,-35.439167,60,6270,6.27,,True,2009-07-28,1984-11-01,,
2600037643,Gurinhém,PB,Poço tubular,,-7.071389,-35.443056,50,4330,4.33,,True,2009-07-28,2004-12-07,,
2600037645,Gurinhém,PB,Poço tubular,,-7.144167,-35.437222,45,1017,1.017,,True,2009-07-28,2004-12-08,,
2600037651,Gurinhém,PB,Poço tubular,,-7.176111,-35.391111,50,3900,3.9,,True,2009-07-28,2004-12-08,,
2600037652,Gurinhém,PB,Poço tubular,,-7.150833,-35.393056,60,6380,6.38,,True,2009-07-28,1983-11-01,,
2600037656,Gurinhém,PB,Poço tubular,,-7.123889,-35.421667,50,6440,6.44,,True,2009-07-28,2004-12-08,,
2600037657,Gurinhém,PB,Poço tubular,,-7.130556,-35.357222,50,502,0.502,,True,2009-07-28,2001-06-01,,
2600037659,Gurinhém,PB,Poço tubular,,-7.178611,-35.404167,30,2500,2.5,,True,2009-07-28,1967-01-01,,
2600037665,Montadas,PB,Poço tubular,,-7.083611,-35.956944,50,5650,5.65,,True,2009-07-29,2004-11-30,,
2600037666,Montadas,PB,Poço tubular,,-7.099444,-35.949722,42,4740,4.74,,True,2009-07-29,2004-11-30,,
2600037671,Montadas,PB,Poço tubular,,-7.0975,-35.974167,50,15070,15.07,,True,2009-07-29,2004-11-30,,
2600037672,Montadas,PB,Poço tubular,,-7.081389,-35.951667,50,4550,4.55,,True,2009-07-29,2004-11-30,,
2600037674,Nova Olinda,PB,Poço tubular,,-7.418889,-38.046111,54,981,0.981,,True,2009-07-29,1982-06-01,,
2600037675,Nova Olinda,PB,Poço tubular,,-7.475278,-38.028056,35,1033,1.033,,True,2009-07-29,2002-07-01,,
2600037677,Nova Olinda,PB,Poço tubular,,-7.490556,-37.996944,50,937,0.937,,True,2009-07-29,1999-06-01,,
2600037684,Nova Olinda,PB,Poço tubular,,-7.480556,-37.993611,45,414,0.414,,True,2009-07-29,1999-06-01,,
2600037685,Nova Olinda,PB,Poço tubular,,-7.492222,-38.009444,45,672,0.672,,True,2009-07-29,2002-11-30,,
2600037687,Nova Olinda,PB,Poço tubular,,-7.462222,-38.023056,45,1097,1.097,,True,2009-07-29,1980-06-01,,
2600037688,Nova Olinda,PB,Poço tubular,,-7.490278,-37.988056,50,845,0.845,,True,2009-07-29,2002-11-29,,
2600037689,Nova Olinda,PB,Poço tubular,,-7.409167,-38.067778,40,1114,1.114,,True,2009-07-29,2000-06-01,,
2600037691,Nova Olinda,PB,Poço tubular,,-7.481667,-38.018889,50,1617,1.617,,True,2009-07-29,2002-11-29,,
2600037693,Nova Olinda,PB,Poço tubular,,-7.441111,-38.021667,50,1043,1.043,,True,2009-07-29,1980-06-01,,
2600037695,Nova Olinda,PB,Poço tubular,,-7.489444,-37.983889,48,765,0.765,,True,2009-07-29,2002-11-30,,
2600037697,Nova Olinda,PB,Poço tubular,,-7.460278,-38.033056,40,1206,1.206,,True,2009-07-29,1975-06-01,,
2600037699,Nova Olinda,PB,Poço tubular,,-7.4775,-38.025833,50,844,0.844,,True,2009-07-29,2002-11-29,,
2600037706,Remígio,PB,Poço tubular,,-6.943333,-35.858889,40,5130,5.13,,True,2009-07-29,2004-06-01,,
2600037714,Remígio,PB,Poço tubular,,-6.965556,-35.796667,39,3340,3.34,,True,2009-07-29,1999-02-01,,
2600037717,Remígio,PB,Poço tubular,,-6.978889,-35.780278,50,307,0.307,,True,2009-07-29,1998-06-01,,
2600037718,Remígio,PB,Poço tubular,,-6.9475,-35.881389,40,14940,14.94,,True,2009-07-29,2000-06-01,,
2600037719,Remígio,PB,Poço tubular,,-6.947778,-35.879167,45,14870,14.87,,True,2009-07-29,2000-06-01,,
2600037721,Riachão do Poço,PB,Poço tubular,,-7.179722,-35.295,20,601,0.601,,True,2009-07-30,2004-11-30,,
2600037722,Riachão do Poço,PB,Poço tubular,,-7.180556,-35.275556,40,537,0.537,,True,2009-07-30,2004-11-30,,
2600037723,Riachão do Poço,PB,Poço tubular,,-7.150833,-35.258889,50,1190,1.19,,True,2009-07-30,2004-11-01,,
2600037724,Riachão do Poço,PB,Poço tubular,,-7.133611,-35.285556,40,933,0.933,,True,2009-07-30,2004-12-02,,
2600037725,Riachão do Poço,PB,Poço tubular,,-7.141389,-35.300556,40,1316,1.316,,True,2009-07-30,2004-12-02,,
2600037726,Riachão do Poço,PB,Poço tubular,,-7.140556,-35.2725,50,424,0.424,,True,2009-07-30,2004-12-01,,
2600037727,Riachão do Poço,PB,Poço tubular,,-7.158611,-35.260833,60,471,0.471,,True,2009-07-30,2001-06-01,,
2600037728,Riachão do Poço,PB,Poço tubular,,-7.152778,-35.261389,50,1450,1.45,,True,2009-07-30,2000-06-01,,
2600037730,Riachão do Poço,PB,Poço tubular,,-7.165,-35.265833,50,512,0.512,,True,2009-07-30,1999-07-01,,
2600037731,Riachão do Poço,PB,Poço tubular,,-7.176667,-35.274722,50,406,0.406,,True,2009-07-30,2002-06-01,,
2600037732,Riachão do Poço,PB,Poço tubular,,-7.176944,-35.301667,20,1667,1.667,,True,2009-07-30,2004-04-30,,
2600037734,Sobrado,PB,Poço tubular,,-7.158333,-35.258889,50,464,0.464,,True,2009-07-30,2000-06-01,,
2600037735,Riachão do Poço,PB,Poço tubular,,-7.186389,-35.286944,40,1826,1.826,,True,2009-07-30,2000-10-01,,
2600037736,Riachão do Poço,PB,Poço tubular,,-7.171667,-35.270833,40,190,0.19,,True,2009-07-30,2000-06-01,,
2600037737,Riachão do Poço,PB,Poço tubular,,-7.145,-35.273056,50,849,0.849,,True,2009-07-30,2000-08-01,,
2600037738,Riachão do Poço,PB,Poço tubular,,-7.137778,-35.2625,30,1136,1.136,,True,2009-07-31,2004-12-01,,
2600037739,Riachão do Poço,PB,Poço tubular,,-7.125556,-35.279722,60,1833,1.833,,True,2009-07-31,2004-12-02,,
2600037741,Riachão do Poço,PB,Poço tubular,,-7.121944,-35.281944,50,1791,1.791,,True,2009-07-31,2004-12-02,,
2600037742,Riachão do Poço,PB,Poço tubular,,-7.159722,-35.264167,40,465,0.465,,True,2009-07-31,2004-12-01,,
2600037743,Riachão do Poço,PB,Poço tubular,,-7.184167,-35.298889,50,245,0.245,,True,2009-07-31,2004-12-03,,
2600037744,Uiraúna,PB,Poço tubular,,-6.462778,-38.427222,35,702,0.702,,True,2009-08-21,2000-06-01,,
2600037745,Uiraúna,PB,Poço tubular,,-6.446667,-38.443056,35,1575,1.575,,True,2009-08-21,2007-06-01,,
2600037746,Uiraúna,PB,Poço tubular,,-6.4475,-38.435556,15.5,1703,1.703,,True,2009-08-21,2009-07-30,,
2600037747,Uiraúna,PB,Poço tubular,,-6.46,-38.44,50,679,0.679,,True,2009-08-24,1976-01-22,,
2600037749,Uiraúna,PB,Poço tubular,,-6.462222,-38.425833,36,2600,2.6,,True,2009-08-24,2004-06-01,,
2600037750,Uiraúna,PB,Poço tubular,,-6.471389,-38.424722,40,1367,1.367,,True,2009-08-24,1994-02-01,,
2600037751,Uiraúna,PB,Poço tubular,,-6.471667,-38.425278,36,1384,1.384,,True,2009-08-24,2004-06-01,,
2600037752,Uiraúna,PB,Poço tubular,,-6.471389,-38.425,58,2270,2.27,,True,2009-08-24,1997-06-01,,
2600037753,Uiraúna,PB,Poço tubular,,-6.458333,-38.438611,50,1828,1.828,,True,2009-08-24,2009-07-31,,
2600037754,Uiraúna,PB,Poço tubular,,-6.461111,-38.435,35,806,0.806,,True,2009-08-24,1999-07-01,,
2600037755,Uiraúna,PB,Poço tubular,,-6.479722,-38.402222,53,448,0.448,,True,2009-08-24,2007-12-01,,
2600037756,Uiraúna,PB,Poço tubular,,-6.455833,-38.410556,50,1168,1.168,,True,2009-08-24,1986-06-01,,
2600037758,Uiraúna,PB,Poço tubular,,-6.422222,-38.409444,51.5,859,0.859,,True,2009-08-24,2008-06-01,,
2600037759,Uiraúna,PB,Poço tubular,,-6.399444,-38.455,41,832,0.832,,True,2009-08-24,2007-06-01,,
2600037760,Joca Claudino,PB,Poço tubular,,-6.454167,-38.518333,22,545,0.545,,True,2009-08-24,2003-06-01,,
2600037761,Poço Dantas,PB,Poço tubular,,-6.420556,-38.516389,50,1285,1.285,,True,2009-08-24,2009-08-06,,
2600037762,Poço Dantas,PB,Poço tubular,,-6.374167,-38.531944,51,1409,1.409,,True,2009-08-24,2004-06-01,,
2600037763,Poço Dantas,PB,Poço tubular,,-6.362778,-38.534167,45,1315,1.315,,True,2009-08-24,2007-06-01,,
2600037765,Poço Dantas,PB,Poço tubular,,-6.417222,-38.492222,50,989,0.989,,True,2009-08-24,2002-06-01,,
2600037768,Triunfo,PB,Poço tubular,,-6.543889,-38.578333,50,351,0.351,,True,2009-08-24,2007-06-01,,
2600037770,Triunfo,PB,Poço tubular,,-6.541389,-38.573889,45,4030,4.03,,True,2009-08-24,2000-06-01,,
2600037771,Triunfo,PB,Poço tubular,,-6.539444,-38.554167,40,1509,1.509,,True,2009-08-24,2005-06-01,,
2600037774,São José dos Ramos,PB,Poço tubular,,-7.261944,-35.396944,60,370,0.37,,True,2009-08-04,1995-06-01,,
2600037775,Itabaiana,PB,Poço tubular,,-7.323056,-35.341944,39,402,0.402,,True,2009-08-04,2001-01-30,,
2600037777,Itabaiana,PB,Poço tubular,,-7.311111,-35.3425,42,1730,1.73,,True,2009-08-04,2004-06-01,,
2600037778,São José dos Ramos,PB,Poço tubular,,-7.263333,-35.398333,52,514,0.514,,True,2009-08-04,2002-06-01,,
2600037779,Itabaiana,PB,Poço tubular,,-7.273056,-35.360278,33,430,0.43,,True,2009-08-04,2002-06-01,,
2600037780,Itabaiana,PB,Poço tubular,,-7.274722,-35.360833,50,494,0.494,,True,2009-08-04,2002-01-29,,
2600037781,Itabaiana,PB,Poço tubular,,-7.278611,-35.362778,39,814,0.814,,True,2009-08-04,2002-10-29,,
2600037782,Itabaiana,PB,Poço tubular,,-7.275556,-35.358889,45,414,0.414,,True,2009-08-04,2001-04-13,,
2600037783,Itabaiana,PB,Poço tubular,,-7.291667,-35.361667,33,620,0.62,,True,2009-08-04,2002-03-29,,
2600037784,Itabaiana,PB,Poço tubular,,-7.317222,-35.340278,92,812,0.812,,True,2009-08-04,1998-06-01,,
2600037785,Itabaiana,PB,Poço tubular,,-7.319722,-35.339722,79,426,0.426,,True,2009-08-04,1998-06-01,,
2600037786,Itabaiana,PB,Poço tubular,,-7.321389,-35.338889,39,682,0.682,,True,2009-08-04,2002-01-29,,
2600037787,Itabaiana,PB,Poço tubular,,-7.330833,-35.367222,25,394,0.394,,True,2009-08-04,2001-01-29,,
2600037788,Itabaiana,PB,Poço tubular,,-7.308611,-35.384167,33,530,0.53,,True,2009-08-04,2001-01-29,,
2600037789,Itabaiana,PB,Poço tubular,,-7.308889,-35.394722,45,692,0.692,,True,2009-08-04,2002-02-01,,
2600037790,Itabaiana,PB,Poço tubular,,-7.308889,-35.399722,52,322,0.322,,True,2009-08-04,2002-03-04,,
2600037791,Itabaiana,PB,Poço tubular,,-7.308056,-35.4,35,534,0.534,,True,2009-08-06,2002-03-29,,
2600037792,Itabaiana,PB,Poço tubular,,-7.285,-35.406111,50,416,0.416,,True,2009-08-06,2002-01-29,,
2600037793,Itabaiana,PB,Poço tubular,,-7.315556,-35.400556,40,540,0.54,,True,2009-08-06,1998-06-01,,
2600037794,Salgado de São Félix,PB,Poço tubular,,-7.334722,-35.406667,48,890,0.89,,True,2009-08-06,1998-06-01,,
2600037795,Itabaiana,PB,Poço tubular,,-7.333333,-35.3925,63,874,0.874,,True,2009-08-06,2002-01-24,,
2600037797,Itabaiana,PB,Poço tubular,,-7.328889,-35.333056,40,305,0.305,,True,2009-08-06,2002-01-30,,
2600037799,Itabaiana,PB,Poço tubular,,-7.3325,-35.341944,34,632,0.632,,True,2009-08-06,2004-12-02,,
2600037800,Itabaiana,PB,Poço tubular,,-7.332222,-35.334722,40,415,0.415,,True,2009-08-06,2004-12-01,,
2600037801,Itabaiana,PB,Poço tubular,,-7.334167,-35.333611,50,520,0.52,,True,2009-08-06,2002-01-29,,
2600037802,Itabaiana,PB,Poço tubular,,-7.333056,-35.325833,63,630,0.63,,True,2009-08-06,2002-01-29,,
2600037803,Itabaiana,PB,Poço tubular,,-7.295,-35.324444,39,416,0.416,,True,2009-08-06,1996-06-01,,
2600037804,Itabaiana,PB,Poço tubular,,-7.301111,-35.328056,40,532,0.532,,True,2009-08-06,2003-06-01,,
2600037806,Itabaiana,PB,Poço tubular,,-7.316389,-35.333056,30,504,0.504,,True,2009-08-06,1998-06-01,,
2600037807,Itabaiana,PB,Poço tubular,,-7.31,-35.325,39,459,0.459,,True,2009-08-06,2001-06-01,,
2600037808,Itabaiana,PB,Poço tubular,,-7.301944,-35.321389,52,522,0.522,,True,2009-08-06,1998-06-01,,
2600037809,Itabaiana,PB,Poço tubular,,-7.336389,-35.380556,52,425,0.425,,True,2009-08-06,1994-06-01,,
2600037811,Itabaiana,PB,Poço tubular,,-7.335833,-35.359444,39,742,0.742,,True,2009-08-06,2004-12-03,,
2600037813,Itabaiana,PB,Poço tubular,,-7.336667,-35.379444,39,640,0.64,,True,2009-08-06,2000-06-01,,
2600037814,Itabaiana,PB,Poço tubular,,-7.333611,-35.359167,39,830,0.83,,True,2009-08-06,2004-12-03,,
2600037817,Itatuba,PB,Poço tubular,,-7.394167,-35.595556,40,764,0.764,,True,2009-08-07,1990-06-01,,
2600037818,Itatuba,PB,Poço tubular,,-7.374167,-35.622778,50,334,0.334,,True,2009-08-07,1992-06-01,,
2600037819,Itatuba,PB,Poço tubular,,-7.3775,-35.626944,32,410,0.41,,True,2009-08-07,1968-06-01,,
2600037821,Itatuba,PB,Poço tubular,,-7.390556,-35.583611,40,328,0.328,,True,2009-08-07,1980-06-01,,
2600037822,Itatuba,PB,Poço tubular,,-7.427778,-35.644722,45,440,0.44,,True,2009-08-07,1996-12-17,,
2600037823,Itatuba,PB,Poço tubular,,-7.391667,-35.601944,45,209,0.209,,True,2009-08-07,1988-06-01,,
2600037825,Itatuba,PB,Poço tubular,,-7.428889,-35.651389,45.6,204,0.204,,True,2009-08-07,2004-12-15,,
2600037826,Itatuba,PB,Poço tubular,,-7.401667,-35.568889,20,701,0.701,,True,2009-08-07,1989-06-01,,
2600037827,Itatuba,PB,Poço tubular,,-7.382778,-35.627222,26,391,0.391,,True,2009-08-07,1994-06-01,,
2600037830,Itatuba,PB,Poço tubular,,-7.446111,-35.664167,47,1963,1.963,,True,2009-08-07,2001-06-01,,
2600037831,Itatuba,PB,Poço tubular,,-7.404444,-35.550278,35,533,0.533,,True,2009-08-07,1992-06-01,,
2600037832,Itatuba,PB,Poço tubular,,-7.374722,-35.61,60,755,0.755,,True,2009-08-07,1988-06-01,,
2600037833,Itatuba,PB,Poço tubular,,-7.371667,-35.613611,45,226,0.226,,True,2009-08-07,2004-01-01,,
2600037834,Itatuba,PB,Poço tubular,,-7.378333,-35.627778,31,225,0.225,,True,2009-08-07,2002-10-01,,
2600037836,Itatuba,PB,Poço tubular,,-7.429444,-35.691389,55,401,0.401,,True,2009-08-07,1993-10-14,,
2600037837,Itatuba,PB,Poço tubular,,-7.426667,-35.654167,34,409,0.409,,True,2009-08-07,2002-06-01,,
2600037838,Itatuba,PB,Poço tubular,,-7.376111,-35.624167,40,402,0.402,,True,2009-08-07,1997-06-01,,
2600037839,Itatuba,PB,Poço tubular,,-7.424444,-35.603333,40,229,0.229,,True,2009-08-07,1972-06-01,,
2600037841,Itatuba,PB,Poço tubular,,-7.376389,-35.630833,42,214,0.214,,True,2009-08-07,1997-06-01,,
2600037842,Itatuba,PB,Poço tubular,,-7.375556,-35.627778,71,221,0.221,,True,2009-08-07,1986-06-01,,
2600037847,Itatuba,PB,Poço tubular,,-7.418611,-35.615278,48,570,0.57,,True,2009-08-07,1990-06-01,,
2600037848,Itatuba,PB,Poço tubular,,-7.404167,-35.545278,41,432,0.432,,True,2009-08-07,1998-06-01,,
2600037849,Itatuba,PB,Poço tubular,,-7.405278,-35.544722,51,403,0.403,,True,2009-08-07,1985-06-01,,
2600037850,Itatuba,PB,Poço tubular,,-7.398056,-35.541944,55,1954,1.954,,True,2009-08-07,1990-06-01,,
2600037851,Itatuba,PB,Poço tubular,,-7.428333,-35.653611,45,572,0.572,,True,2009-08-07,2004-12-15,,
2600037852,Itatuba,PB,Poço tubular,,-7.3525,-35.619722,48,232,0.232,,True,2009-08-07,1991-06-01,,
2600037853,Itatuba,PB,Poço tubular,,-7.375556,-35.628056,50,425,0.425,,True,2009-08-07,2004-12-14,,
2600037854,Itatuba,PB,Poço tubular,,-7.375556,-35.627778,70,453,0.453,,True,2009-08-07,2003-06-01,,
2600037856,Itatuba,PB,Poço tubular,,-7.379167,-35.65,37,590,0.59,,True,2009-08-07,1993-06-01,,
2600037857,Itatuba,PB,Poço tubular,,-7.426667,-35.670556,45,792,0.792,,True,2009-08-07,2004-12-16,,
2600037858,Ouro Velho,PB,Poço tubular,,-7.614167,-37.156389,51,1255,1.255,,True,2009-08-11,2001-06-01,,
2600037859,Ouro Velho,PB,Poço tubular,,-7.643889,-37.142222,46,1676,1.676,,True,2009-08-11,2003-12-02,,
2600037860,Ouro Velho,PB,Poço tubular,,-7.632778,-37.148056,50,2870,2.87,,True,2009-08-11,2003-06-01,,
2600037861,Ouro Velho,PB,Poço tubular,,-7.631944,-37.148056,30,5470,5.47,,True,2009-08-11,1965-07-01,,
2600037862,Ouro Velho,PB,Poço tubular,,-7.619444,-37.171667,50,850,0.85,,True,2009-08-11,1988-02-01,,
2600037863,Ouro Velho,PB,Poço tubular,,-7.620278,-37.150278,35,4720,4.72,,True,2009-08-11,1999-06-01,,
2600037864,Ouro Velho,PB,Poço tubular,,-7.589444,-37.149444,28,1813,1.813,,True,2009-08-11,1998-06-01,,
2600037865,Ouro Velho,PB,Poço tubular,,-7.598611,-37.164444,45,1186,1.186,,True,2009-08-11,2002-06-01,,
2600037866,Ouro Velho,PB,Poço tubular,,-7.608056,-37.153889,25,1987,1.987,,True,2009-08-11,1997-06-01,,
2600037867,Ouro Velho,PB,Poço tubular,,-7.619722,-37.146389,24,2930,2.93,,True,2009-08-11,1965-06-01,,
2600037868,Ouro Velho,PB,Poço tubular,,-7.642222,-37.141944,50,4170,4.17,,True,2009-08-11,2003-12-02,,
2600037869,Ouro Velho,PB,Poço tubular,,-7.624722,-37.146944,50,4490,4.49,,True,2009-08-11,1997-11-01,,
2600037870,Ouro Velho,PB,Poço tubular,,-7.610278,-37.148611,30,1878,1.878,,True,2009-08-11,1999-03-01,,
2600037871,Ouro Velho,PB,Poço tubular,,-7.606667,-37.132778,22,1445,1.445,,True,2009-08-11,1979-10-01,,
2600037872,Ouro Velho,PB,Poço tubular,,-7.636389,-37.158889,16,1294,1.294,,True,2009-08-11,2000-05-03,,
2600037873,Ouro Velho,PB,Poço tubular,,-7.630556,-37.089167,40,1720,1.72,,True,2009-08-11,1962-10-01,,
2600037875,Ouro Velho,PB,Poço tubular,,-7.618889,-37.168333,40,569,0.569,,True,2009-08-11,2003-11-30,,
2600037876,Ouro Velho,PB,Poço tubular,,-7.610833,-37.151944,50,2410,2.41,,True,2009-08-11,1999-12-01,,
2600037877,Ouro Velho,PB,Poço tubular,,-7.611667,-37.152778,50,1977,1.977,,True,2009-08-11,2003-11-29,,
2600037878,Ouro Velho,PB,Poço tubular,,-7.613889,-37.152778,33,1540,1.54,,True,2009-08-11,1999-11-01,,
2600037879,Ouro Velho,PB,Poço tubular,,-7.614167,-37.151111,42,1500,1.5,,True,2009-08-11,1999-03-01,,
2600037880,Ouro Velho,PB,Poço tubular,,-7.618611,-37.158611,35,1804,1.804,,True,2009-08-11,2003-11-29,,
2600037881,Ouro Velho,PB,Poço tubular,,-7.618611,-37.148333,45,3120,3.12,,True,2009-08-11,2000-06-01,,
2600037882,Ouro Velho,PB,Poço tubular,,-7.620833,-37.148333,50,1721,1.721,,True,2009-08-11,2002-06-01,,
2600037883,Ouro Velho,PB,Poço tubular,,-7.598889,-37.15,30,3100,3.1,,True,2009-08-11,2003-11-29,,
2600037884,Ouro Velho,PB,Poço tubular,,-7.595833,-37.165833,30,1150,1.15,,True,2009-08-11,2000-06-01,,
2600037885,Ouro Velho,PB,Poço tubular,,-7.597222,-37.168611,36,1404,1.404,,True,2009-08-11,2003-11-29,,
2600037886,Ouro Velho,PB,Poço tubular,,-7.588889,-37.149167,38,1823,1.823,,True,2009-08-11,1974-06-01,,
2600037887,Ouro Velho,PB,Poço tubular,,-7.605833,-37.155278,50,3670,3.67,,True,2009-08-11,2000-06-01,,
2600037888,Ouro Velho,PB,Poço tubular,,-7.633333,-37.174444,30,1280,1.28,,True,2009-08-11,2002-06-01,,
2600037889,Ouro Velho,PB,Poço tubular,,-7.624722,-37.156111,30,1190,1.19,,True,2009-08-11,2001-06-01,,
2600037890,Ouro Velho,PB,Poço tubular,,-7.629167,-37.163056,39,5840,5.84,,True,2009-08-11,1999-11-01,,
2600037891,Ouro Velho,PB,Poço tubular,,-7.634167,-37.163056,50,1494,1.494,,True,2009-08-11,2001-06-01,,
2600037892,Ouro Velho,PB,Poço tubular,,-7.622222,-37.183889,48,1217,1.217,,True,2009-08-11,1991-06-01,,
2600037893,Ouro Velho,PB,Poço tubular,,-7.637778,-37.188889,45,1088,1.088,,True,2009-08-11,2003-12-01,,
2600037894,Ouro Velho,PB,Poço tubular,,-7.632222,-37.185833,40,1069,1.069,,True,2009-08-11,2000-06-01,,
2600037895,Ouro Velho,PB,Poço tubular,,-7.647778,-37.186111,27,1499,1.499,,True,2009-08-11,2000-06-01,,
2600037896,Ouro Velho,PB,Poço tubular,,-7.640556,-37.175278,18,2380,2.38,,True,2009-08-11,2000-06-01,,
2600037897,Ouro Velho,PB,Poço tubular,,-7.635833,-37.179722,30,5230,5.23,,True,2009-08-11,1962-08-01,,
2600037898,Ouro Velho,PB,Poço tubular,,-7.649167,-37.157778,34,1220,1.22,,True,2009-08-11,2001-10-02,,
2600037899,Ouro Velho,PB,Poço tubular,,-7.665,-37.177778,68,1433,1.433,,True,2009-08-11,1984-01-01,,
2600037900,Ouro Velho,PB,Poço tubular,,-7.667778,-37.155278,25,1854,1.854,,True,2009-08-11,2003-06-01,,
2600037901,Prata,PB,Poço tubular,,-7.675833,-37.151667,25,1594,1.594,,True,2009-08-11,2003-12-01,,
2600037902,Ouro Velho,PB,Poço tubular,,-7.663889,-37.137778,42,750,0.75,,True,2009-08-11,1998-08-27,,
2600037903,Ouro Velho,PB,Poço tubular,,-7.650556,-37.128889,28,1942,1.942,,True,2009-08-11,1994-06-01,,
2600037904,Ouro Velho,PB,Poço tubular,,-7.621944,-37.149722,48,4960,4.96,,True,2009-08-11,1974-04-01,,
2600037905,Ouro Velho,PB,Poço tubular,,-7.624444,-37.146111,50,2650,2.65,,True,2009-08-11,2003-12-02,,
2600037906,Ouro Velho,PB,Poço tubular,,-7.616111,-37.121944,26,1029,1.029,,True,2009-08-11,1979-10-01,,
2600037907,Ouro Velho,PB,Poço tubular,,-7.625,-37.114444,32,1444,1.444,,True,2009-08-11,1979-11-01,,
2600037908,Ouro Velho,PB,Poço tubular,,-7.626944,-37.146389,50,6070,6.07,,True,2009-08-11,1962-01-01,,
2600037909,Ouro Velho,PB,Poço tubular,,-7.643611,-37.141667,35,946,0.946,,True,2009-08-11,2003-12-02,,
2600037910,Ouro Velho,PB,Poço tubular,,-7.623889,-37.148056,48,1785,1.785,,True,2009-08-11,1974-01-01,,
2600037911,Ouro Velho,PB,Poço tubular,,-7.594444,-37.153333,26,2620,2.62,,True,2009-08-11,2003-11-29,,
2600037912,Ouro Velho,PB,Poço tubular,,-7.595,-37.150833,47,2530,2.53,,True,2009-08-11,1965-01-01,,
2600037913,Ouro Velho,PB,Poço tubular,,-7.598889,-37.158611,35,1604,1.604,,True,2009-08-11,2002-06-01,,
2600037914,Ouro Velho,PB,Poço tubular,,-7.63,-37.167222,35,6930,6.93,,True,2009-08-11,2003-11-30,,
2600037915,Ouro Velho,PB,Poço tubular,,-7.625556,-37.141389,36,1128,1.128,,True,2009-08-11,2003-11-02,,
2600037917,Pedras de Fogo,PB,Poço tubular,,-7.395556,-35.132778,36,430,0.43,,True,2009-08-13,2004-12-07,,
2600037921,Pedras de Fogo,PB,Poço tubular,,-7.260556,-35.156944,42,670,0.67,,True,2009-08-13,2001-06-01,,
2600037922,Pedras de Fogo,PB,Poço tubular,,-7.274167,-35.164444,49,680,0.68,,True,2009-08-13,1997-06-01,,
2600037924,Pedras de Fogo,PB,Poço tubular,,-7.279167,-35.168333,39,810,0.81,,True,2009-08-13,2001-06-01,,
2600037926,Pedras de Fogo,PB,Poço tubular,,-7.235833,-35.129444,35,720,0.72,,True,2009-08-13,1998-06-01,,
2600037929,Pedras de Fogo,PB,Poço tubular,,-7.292222,-35.150556,40,680,0.68,,True,2009-08-13,1992-06-01,,
2600037930,Pedras de Fogo,PB,Poço tubular,,-7.315278,-35.183056,50,712,0.712,,True,2009-08-13,1993-06-01,,
2600037931,Pedras de Fogo,PB,Poço tubular,,-7.331667,-35.181667,45,1315,1.315,,True,2009-08-13,2001-06-01,,
2600037933,Pedras de Fogo,PB,Poço tubular,,-7.301667,-35.087222,42,730,0.73,,True,2009-08-13,2004-12-09,,
2600037934,Pedras de Fogo,PB,Poço tubular,,-7.331667,-35.088333,39,713,0.713,,True,2009-08-13,2001-06-01,,
2600037937,Pedras de Fogo,PB,Poço tubular,,-7.403611,-35.021389,30,783,0.783,,True,2009-08-13,1999-06-01,,
2600037938,Pedras de Fogo,PB,Poço tubular,,-7.378889,-34.979167,45,730,0.73,,True,2009-08-13,2000-06-01,,
2600037939,Pedras de Fogo,PB,Poço tubular,,-7.401667,-35.115833,50,620,0.62,,True,2009-08-13,2004-12-06,,
2600037940,Pedras de Fogo,PB,Poço tubular,,-7.4,-35.115556,23,714,0.714,,True,2009-08-13,2001-06-01,,
2600037941,Pedras de Fogo,PB,Poço tubular,,-7.402222,-35.0125,30,419,0.419,,True,2009-08-13,2004-12-06,,
2600037942,Pedras de Fogo,PB,Poço tubular,,-7.401944,-35.11,24,822,0.822,,True,2009-08-13,2004-12-06,,
2600037944,Pedras de Fogo,PB,Poço tubular,,-7.402778,-35.116111,35,733,0.733,,True,2009-08-13,2004-12-07,,
2600037945,Pedras de Fogo,PB,Poço tubular,,-7.401667,-35.1175,30,642,0.642,,True,2009-08-13,2004-12-07,,
2600037946,Pedras de Fogo,PB,Poço tubular,,-7.395,-35.133333,50,619,0.619,,True,2009-08-13,2004-12-07,,
2600037948,Pedras de Fogo,PB,Poço tubular,,-7.401944,-35.115,43,490,0.49,,True,2009-08-13,2001-06-01,,
2600037950,Pedras de Fogo,PB,Poço tubular,,-7.397778,-35.113611,52,430,0.43,,True,2009-08-13,2000-06-01,,
2600037951,Pedras de Fogo,PB,Poço tubular,,-7.4025,-35.114722,32,530,0.53,,True,2009-08-13,2004-12-09,,
2600037953,Pedras de Fogo,PB,Poço tubular,,-7.403333,-35.103056,43,716,0.716,,True,2009-08-13,2000-06-01,,
2600037954,São Miguel de Taipu,PB,Poço tubular,,-7.270556,-35.172222,72,943,0.943,,True,2009-08-13,1982-06-01,,
2600037955,São Miguel de Taipu,PB,Poço tubular,,-7.270278,-35.175833,35,1370,1.37,,True,2009-08-13,2004-12-02,,
2600037956,São Miguel de Taipu,PB,Poço tubular,,-7.293611,-35.191667,50,820,0.82,,True,2009-08-13,2004-12-08,,
2600037957,Pedras de Fogo,PB,Poço tubular,,-7.312222,-35.089444,52,670,0.67,,True,2009-08-13,2001-06-01,,
2600037958,Pedras de Fogo,PB,Poço tubular,,-7.328333,-35.006111,42,435,0.435,,True,2009-08-13,2000-06-01,,
2600037959,São Miguel de Taipu,PB,Poço tubular,,-7.297222,-35.197778,43,1972,1.972,,True,2009-08-13,2004-12-08,,
2600037962,Pilões,PB,Poço tubular,,-6.912222,-35.611389,28,328,0.328,,True,2009-08-13,2004-06-01,,
2600037964,Pilões,PB,Poço tubular,,-6.852222,-35.610833,25,525,0.525,,True,2009-08-13,2001-06-01,,
2600037965,Pilões,PB,Poço tubular,,-6.874722,-35.578889,45,948,0.948,,True,2009-08-13,2000-06-01,,
2600037968,Pilões,PB,Poço tubular,,-6.889444,-35.578611,40,1204,1.204,,True,2009-08-13,2004-12-06,,
2600037971,Pilões,PB,Poço tubular,,-6.867778,-35.612222,40,1009,1.009,,True,2009-08-13,2004-12-06,,
2600037972,Pilões,PB,Poço tubular,,-6.854444,-35.611389,52,894,0.894,,True,2009-08-13,2001-06-01,,
2600037974,Salgado de São Félix,PB,Poço tubular,,-7.356111,-35.446667,45,1914,1.914,,True,2009-08-13,2004-12-07,,
2600037979,Salgado de São Félix,PB,Poço tubular,,-7.364444,-35.47,45,1834,1.834,,True,2009-08-13,2004-12-07,,
2600037980,Salgado de São Félix,PB,Poço tubular,,-7.427222,-35.433056,40,1825,1.825,,True,2009-08-13,2004-12-07,,
2600037983,Salgado de São Félix,PB,Poço tubular,,-7.432778,-35.542778,45,1742,1.742,,True,2009-08-13,2004-12-06,,
2600037987,Salgado de São Félix,PB,Poço tubular,,-7.456389,-35.413056,41,352,0.352,,True,2009-08-13,2004-12-07,,
2600037989,Itabaiana,PB,Poço tubular,,-7.426667,-35.389444,40,345,0.345,,True,2009-08-18,2004-12-08,,
2600037992,Salgado de São Félix,PB,Poço tubular,,-7.350833,-35.422222,40,414,0.414,,True,2009-08-18,2004-12-08,,
2600037993,Salgado de São Félix,PB,Poço tubular,,-7.426111,-35.409167,60,430,0.43,,True,2009-08-18,2004-12-08,,
2600037996,Santa Cecília,PB,Poço tubular,,-7.745556,-35.880833,60,715,0.715,,True,2009-08-18,1997-06-01,,
2600037998,Santa Cecília,PB,Poço tubular,,-7.751944,-35.895278,50,512,0.512,,True,2009-08-18,1998-08-15,,
2600037999,Alcantil,PB,Poço tubular,,-7.651667,-35.986944,42,10000,10.0,,True,2009-08-18,1997-06-01,,
2600038002,Alcantil,PB,Poço tubular,,-7.695833,-35.996667,50,12270,12.27,,True,2009-08-18,2000-06-01,,
2600038004,Alcantil,PB,Poço tubular,,-7.638056,-35.987778,37,10960,10.96,,True,2009-08-18,2000-06-01,,
2600038005,Alcantil,PB,Poço tubular,,-7.666667,-35.9875,51,7150,7.15,,True,2009-08-18,2000-06-01,,
2600038007,Santa Cecília,PB,Poço tubular,,-7.7,-35.974722,48,4660,4.66,,True,2009-08-18,2000-06-01,,
2600038009,Alcantil,PB,Poço tubular,,-7.694444,-35.995556,49,9100,9.1,,True,2009-08-18,2000-06-01,,
2600038011,Queimadas,PB,Poço tubular,,-7.478333,-35.934444,25,423,0.423,,True,2009-08-18,1988-06-01,,
2600038012,Queimadas,PB,Poço tubular,,-7.492778,-35.853056,18,114,0.114,,True,2009-08-18,2004-12-13,,
2600038013,Queimadas,PB,Poço tubular,,-7.462778,-35.906111,40,593,0.593,,True,2009-08-18,2004-12-14,,
2600038014,Queimadas,PB,Poço tubular,,-7.470556,-35.853333,50,1854,1.854,,True,2009-08-18,1999-06-01,,
2600038015,Queimadas,PB,Poço tubular,,-7.480833,-35.916944,13,511,0.511,,True,2009-08-18,1996-06-01,,
2600038016,Queimadas,PB,Poço tubular,,-7.352778,-35.9725,42,992,0.992,,True,2009-08-18,1999-06-01,,
2600038017,Queimadas,PB,Poço tubular,,-7.479444,-35.9475,16,328,0.328,,True,2009-08-18,2001-06-01,,
2600038018,Queimadas,PB,Poço tubular,,-7.326389,-35.9275,36,278,0.278,,True,2009-08-18,1999-06-01,,
2600038019,Queimadas,PB,Poço tubular,,-7.4825,-35.942778,24,1080,1.08,,True,2009-08-18,2002-06-01,,
2600038020,Queimadas,PB,Poço tubular,,-7.466389,-35.992222,40,312,0.312,,True,2009-08-18,1990-06-01,,
2600038021,Queimadas,PB,Poço tubular,,-7.3625,-35.9525,40,390,0.39,,True,2009-08-18,2000-06-01,,
2600038022,Queimadas,PB,Poço tubular,,-7.470278,-35.914444,15,356,0.356,,True,2009-08-18,1994-06-01,,
2600038025,Queimadas,PB,Poço tubular,,-7.331667,-35.916667,41,201,0.201,,True,2009-08-18,2001-06-01,,
2600038026,Queimadas,PB,Poço tubular,,-7.370556,-35.946667,48,685,0.685,,True,2009-08-18,2000-06-01,,
2600038027,Queimadas,PB,Poço tubular,,-7.369722,-35.946389,48,1254,1.254,,True,2009-08-18,2002-06-01,,
2600038028,Queimadas,PB,Poço tubular,,-7.347778,-35.936389,21,798,0.798,,True,2009-08-18,2002-06-01,,
2600038031,Queimadas,PB,Poço tubular,,-7.503333,-35.890833,50,535,0.535,,True,2009-08-18,1984-06-01,,
2600038032,Queimadas,PB,Poço tubular,,-7.421111,-35.849444,48,340,0.34,,True,2009-08-18,1999-06-01,,
2600038034,Queimadas,PB,Poço tubular,,-7.4725,-35.920278,13,280,0.28,,True,2009-08-18,2002-06-01,,
2600038035,Queimadas,PB,Poço tubular,,-7.358056,-35.9275,36,706,0.706,,True,2009-08-18,2003-06-01,,
2600038036,Queimadas,PB,Poço tubular,,-7.465278,-35.976111,22,680,0.68,,True,2009-08-20,2004-12-15,,
2600038037,Barra de Santana,PB,Poço tubular,,-7.474167,-35.979444,20,78,0.078,,True,2009-08-20,2004-12-16,,
2600038038,Queimadas,PB,Poço tubular,,-7.505278,-35.903333,50,1822,1.822,,True,2009-08-20,2001-06-01,,
2600038039,Queimadas,PB,Poço tubular,,-7.465,-35.899167,42,401,0.401,,True,2009-08-20,2004-06-01,,
2600038041,Queimadas,PB,Poço tubular,,-7.466111,-35.867778,33,339,0.339,,True,2009-08-20,2004-02-01,,
2600038042,Queimadas,PB,Poço tubular,,-7.468889,-35.850833,36,356,0.356,,True,2009-08-20,2003-04-11,,
2600038043,Queimadas,PB,Poço tubular,,-7.422778,-35.955833,50,1095,1.095,,True,2009-08-20,2004-12-15,,
2600038045,Queimadas,PB,Poço tubular,,-7.3975,-35.971111,40,915,0.915,,True,2009-08-20,2004-12-15,,
2600038046,Queimadas,PB,Poço tubular,,-7.423611,-35.972778,22,541,0.541,,True,2009-08-20,2004-12-15,,
2600038048,Queimadas,PB,Poço tubular,,-7.300833,-35.888333,60,528,0.528,,True,2009-08-20,1997-06-01,,
2600038049,Queimadas,PB,Poço tubular,,-7.3,-35.888333,60,653,0.653,,True,2009-08-20,2004-12-10,,
2600038053,Queimadas,PB,Poço tubular,,-7.483889,-35.944444,21,442,0.442,,True,2009-08-20,1984-06-01,,
2600038056,Queimadas,PB,Poço tubular,,-7.480278,-35.934167,26,398,0.398,,True,2009-08-20,1997-06-01,,
2600038057,Queimadas,PB,Poço tubular,,-7.480556,-35.933611,35,394,0.394,,True,2009-08-20,2003-06-01,,
2600038058,Fagundes,PB,Poço tubular,,-7.458889,-35.813333,36,787,0.787,,True,2009-08-20,1997-06-01,,
2600038059,Queimadas,PB,Poço tubular,,-7.415,-35.976944,53,108,0.108,,True,2009-08-20,2004-12-15,,
2600038060,Queimadas,PB,Poço tubular,,-7.411944,-35.979444,40,423,0.423,,True,2009-08-20,2004-12-15,,
2600038061,Queimadas,PB,Poço tubular,,-7.430556,-35.995278,50,598,0.598,,True,2009-08-20,2004-12-15,,
2600038062,Queimadas,PB,Poço tubular,,-7.338889,-35.893889,24,1101,1.101,,True,2009-08-20,2001-06-01,,
2600038064,Queimadas,PB,Poço tubular,,-7.473611,-35.921944,25,216,0.216,,True,2009-08-20,1994-06-01,,
2600038066,Queimadas,PB,Poço tubular,,-7.337778,-35.894444,53,1503,1.503,,True,2009-08-20,2001-06-01,,
2600038067,Queimadas,PB,Poço tubular,,-7.338611,-35.893889,53,925,0.925,,True,2009-08-20,2003-06-01,,
2600038069,Barra de Santana,PB,Poço tubular,,-7.488611,-35.976944,36,544,0.544,,True,2009-08-20,1958-10-11,,
2600038070,Queimadas,PB,Poço tubular,,-7.383056,-35.85,49,460,0.46,,True,2009-08-20,1999-06-01,,
2600038071,Queimadas,PB,Poço tubular,,-7.442222,-35.968611,30,315,0.315,,True,2009-08-20,2004-12-15,,
2600038073,Queimadas,PB,Poço tubular,,-7.438056,-35.889722,30,321,0.321,,True,2009-08-20,1999-06-01,,
2600038074,Queimadas,PB,Poço tubular,,-7.439167,-35.890556,20,1039,1.039,,True,2009-08-20,2004-12-16,,
2600038076,Queimadas,PB,Poço tubular,,-7.483056,-35.958611,36,469,0.469,,True,2009-08-20,1983-08-01,,
2600038077,Queimadas,PB,Poço tubular,,-7.481667,-35.960556,50,308,0.308,,True,2009-08-20,2004-12-16,,
2600038078,Queimadas,PB,Poço tubular,,-7.48,-35.937778,30,285,0.285,,True,2009-08-20,2001-06-01,,
2600038079,Queimadas,PB,Poço tubular,,-7.453056,-35.8725,34,322,0.322,,True,2009-08-20,1999-06-01,,
2600038081,Queimadas,PB,Poço tubular,,-7.446111,-35.915556,40,526,0.526,,True,2009-08-20,2004-12-16,,
2600038082,Queimadas,PB,Poço tubular,,-7.466389,-35.848889,45,326,0.326,,True,2009-08-20,1993-01-23,,
2600038085,Queimadas,PB,Poço tubular,,-7.355556,-35.923611,48,1057,1.057,,True,2009-08-20,2002-06-01,,
2600038086,Campina Grande,PB,Poço tubular,,-7.353333,-35.987778,34,1139,1.139,,True,2009-08-20,1999-06-01,,
2600038087,Queimadas,PB,Poço tubular,,-7.480556,-35.939167,18,509,0.509,,True,2009-08-20,2004-06-01,,
2600038088,Queimadas,PB,Poço tubular,,-7.35,-35.916111,21,560,0.56,,True,2009-08-20,2004-12-10,,
2600038091,Fagundes,PB,Poço tubular,,-7.436111,-35.816111,40,676,0.676,,True,2009-08-20,1984-06-01,,
2600038092,Queimadas,PB,Poço tubular,,-7.468889,-35.878611,40,447,0.447,,True,2009-08-20,1998-06-01,,
2600038094,Queimadas,PB,Poço tubular,,-7.462222,-35.876111,45,301,0.301,,True,2009-08-20,2002-11-30,,
2600038095,Queimadas,PB,Poço tubular,,-7.331667,-35.939167,50,881,0.881,,True,2009-08-20,2003-06-01,,
2600038096,Queimadas,PB,Poço tubular,,-7.451667,-35.911389,31,416,0.416,,True,2009-08-20,2002-06-01,,
2600038097,Queimadas,PB,Poço tubular,,-7.468889,-35.878611,48,142,0.142,,True,2009-08-20,2004-12-13,,
2600038098,Queimadas,PB,Poço tubular,,-7.463333,-35.846111,48,298,0.298,,True,2009-08-20,1999-11-06,,
2600038099,Fagundes,PB,Poço tubular,,-7.438611,-35.806111,25,214,0.214,,True,2009-08-20,1967-06-01,,
2600038100,Queimadas,PB,Poço tubular,,-7.465833,-35.859444,30,208,0.208,,True,2009-08-20,1974-06-01,,
2600038101,Queimadas,PB,Poço tubular,,-7.414167,-35.865,40,1197,1.197,,True,2009-08-20,2002-06-01,,
2600038102,Queimadas,PB,Poço tubular,,-7.480278,-35.966944,25,650,0.65,,True,2009-08-20,2004-12-16,,
2600038104,Queimadas,PB,Poço tubular,,-7.465,-35.898333,35,449,0.449,,True,2009-08-20,1970-06-01,,
2600038105,Queimadas,PB,Poço tubular,,-7.4175,-35.890278,40,489,0.489,,True,2009-08-20,1999-12-08,,
2600038106,Queimadas,PB,Poço tubular,,-7.416111,-35.89,30,821,0.821,,True,2009-08-20,1991-06-01,,
2600038107,Queimadas,PB,Poço tubular,,-7.353056,-35.925278,50,1261,1.261,,True,2009-08-20,2004-06-01,,
2600038108,Queimadas,PB,Poço tubular,,-7.498611,-35.893889,15,824,0.824,,True,2009-08-20,2004-12-14,,
2600038109,Queimadas,PB,Poço tubular,,-7.390556,-35.955556,50,528,0.528,,True,2009-08-20,2004-12-15,,
2600038110,Queimadas,PB,Poço tubular,,-7.4275,-35.975556,40,391,0.391,,True,2009-08-20,2004-12-15,,
2600038111,Queimadas,PB,Poço tubular,,-7.428333,-35.976389,50,462,0.462,,True,2009-08-20,2004-12-15,,
2600038112,Queimadas,PB,Poço tubular,,-7.437222,-35.999444,40,313,0.313,,True,2009-08-20,2004-12-15,,
2600038113,Queimadas,PB,Poço tubular,,-7.4675,-35.968611,30,364,0.364,,True,2009-08-21,2004-12-15,,
2600038114,Queimadas,PB,Poço tubular,,-7.421389,-35.904444,27,795,0.795,,True,2009-08-21,2004-12-16,,
2600038115,Queimadas,PB,Poço tubular,,-7.428333,-35.919167,22,794,0.794,,True,2009-08-21,2004-12-16,,
2600038116,Queimadas,PB,Poço tubular,,-7.418611,-35.933056,26,372,0.372,,True,2009-08-21,2004-12-16,,
2600038117,Queimadas,PB,Poço tubular,,-7.403889,-35.909444,60,836,0.836,,True,2009-08-21,2004-12-16,,
2600038118,Queimadas,PB,Poço tubular,,-7.3825,-35.8525,50,693,0.693,,True,2009-08-21,2004-12-11,,
2600038120,Queimadas,PB,Poço tubular,,-7.389722,-35.955556,30,179,0.179,,True,2009-08-21,2004-12-15,,
2600038121,Queimadas,PB,Poço tubular,,-7.411389,-35.971944,40,432,0.432,,True,2009-08-21,2003-08-15,,
2600038122,Fagundes,PB,Poço tubular,,-7.438333,-35.804722,32,426,0.426,,True,2009-08-21,1998-06-01,,
2600038123,Queimadas,PB,Poço tubular,,-7.394444,-35.956111,50,476,0.476,,True,2009-08-21,2004-12-15,,
2600038124,Queimadas,PB,Poço tubular,,-7.389167,-35.846944,48,728,0.728,,True,2009-08-21,2004-12-11,,
2600038127,Queimadas,PB,Poço tubular,,-7.486944,-35.846389,31,541,0.541,,True,2009-08-21,2003-10-01,,
2600038129,Queimadas,PB,Poço tubular,,-7.341389,-35.921667,18,400,0.4,,True,2009-08-21,2000-06-01,,
2600038131,Queimadas,PB,Poço tubular,,-7.502222,-35.916111,48,777,0.777,,True,2009-08-21,1983-06-01,,
2600038132,Queimadas,PB,Poço tubular,,-7.351389,-35.879722,33,259,0.259,,True,2009-08-21,2000-06-01,,
2600038133,Queimadas,PB,Poço tubular,,-7.338611,-35.884722,42,621,0.621,,True,2009-08-21,2002-06-01,,
2600038134,Rio Tinto,PB,Poço tubular,,-6.815833,-34.914167,18,332,0.332,,True,2009-08-26,1990-06-01,,
2600038135,Rio Tinto,PB,Poço tubular,,-6.862778,-34.988889,40,45,0.045,,True,2009-08-26,2002-06-01,,
2600038136,Rio Tinto,PB,Poço tubular,,-6.863056,-34.989167,20,674,0.674,,True,2009-08-26,2000-06-01,,
2600038137,Rio Tinto,PB,Poço tubular,,-6.799167,-35.057222,105,1407,1.407,,True,2009-08-26,1992-06-01,,
2600038139,Rio Tinto,PB,Poço tubular,,-6.633056,-35.09,44,47,0.047,,True,2009-08-26,2004-11-29,,
2600038140,Rio Tinto,PB,Poço tubular,,-6.817222,-34.913611,20,542,0.542,,True,2009-08-26,2004-12-05,,
2600038141,Rio Tinto,PB,Poço tubular,,-6.646389,-35.043056,93,99,0.099,,True,2009-08-26,2002-09-19,,
2600038142,Rio Tinto,PB,Poço tubular,,-6.862222,-34.938889,31,116,0.116,,True,2009-08-26,2002-06-01,,
2600038143,Rio Tinto,PB,Poço tubular,,-6.795556,-34.919167,12,187,0.187,,True,2009-08-26,2004-10-31,,
2600038145,Rio Tinto,PB,Poço tubular,,-6.816111,-34.914167,18,542,0.542,,True,2009-08-26,1992-06-01,,
2600038146,Rio Tinto,PB,Poço tubular,,-6.784167,-34.921667,40,1608,1.608,,True,2009-08-26,2002-06-01,,
2600038147,Rio Tinto,PB,Poço tubular,,-6.815,-34.914167,20,431,0.431,,True,2009-08-26,2004-12-04,,
2600038149,Rio Tinto,PB,Poço tubular,,-6.816667,-34.913611,18,553,0.553,,True,2009-08-26,1994-06-01,,
2600038150,Rio Tinto,PB,Poço tubular,,-6.818611,-35.105278,18,152,0.152,,True,2009-08-26,1980-06-01,,
2600038151,Rio Tinto,PB,Poço tubular,,-6.816944,-34.914167,18,599,0.599,,True,2009-08-26,2004-12-05,,
2600038152,Rio Tinto,PB,Poço tubular,,-6.817222,-34.914167,20,839,0.839,,True,2009-08-26,1998-06-01,,
2600038153,Rio Tinto,PB,Poço tubular,,-6.816111,-34.913889,18,650,0.65,,True,2009-08-26,1992-06-01,,
2600038154,Rio Tinto,PB,Poço tubular,,-6.816944,-34.914444,20,652,0.652,,True,2009-08-26,2004-12-05,,
2600038155,Rio Tinto,PB,Poço tubular,,-6.796111,-34.918889,12,398,0.398,,True,2009-08-26,2004-11-01,,
2600038156,Rio Tinto,PB,Poço tubular,,-6.82,-35.068611,12,1022,1.022,,True,2009-08-26,2004-11-27,,
2600038157,Rio Tinto,PB,Poço tubular,,-6.816667,-34.914167,18,466,0.466,,True,2009-08-26,2001-06-01,,
2600038158,Rio Tinto,PB,Poço tubular,,-6.816111,-34.914444,18,624,0.624,,True,2009-08-26,2000-06-01,,
2600038161,Rio Tinto,PB,Poço tubular,,-6.795833,-34.918611,12,155,0.155,,True,2009-08-26,2004-10-31,,
2600038162,Rio Tinto,PB,Poço tubular,,-6.81,-34.935278,32,196,0.196,,True,2009-08-26,1980-06-01,,
2600038163,Rio Tinto,PB,Poço tubular,,-6.831389,-35.013056,40,42,0.042,,True,2009-08-26,1986-06-01,,
2600038164,Rio Tinto,PB,Poço tubular,,-6.831667,-34.912222,20,174,0.174,,True,2009-08-26,2004-11-26,,
2600038165,Rio Tinto,PB,Poço tubular,,-6.863333,-34.932778,100,90,0.09,,True,2009-08-26,2000-06-01,,
2600038166,Rio Tinto,PB,Poço tubular,,-6.675556,-35.094722,135,32,0.032,,True,2009-08-26,1994-06-01,,
2600038167,Rio Tinto,PB,Poço tubular,,-6.844722,-35.071111,104,127,0.127,,True,2009-08-26,2004-09-23,,
2600038168,Rio Tinto,PB,Poço tubular,,-6.833333,-35.047778,100,159,0.159,,True,2009-08-26,1998-06-01,,
2600038169,Rio Tinto,PB,Poço tubular,,-6.813889,-34.919722,45,587,0.587,,True,2009-08-26,1988-06-01,,
2600038171,Marcação,PB,Poço tubular,,-6.758056,-34.961389,60,603,0.603,,True,2009-08-26,2003-08-20,,
2600038173,Marcação,PB,Poço tubular,,-6.739444,-34.942222,90,946,0.946,,True,2009-08-26,2004-11-29,,
2600038174,Rio Tinto,PB,Poço tubular,,-6.813333,-34.914444,18,599,0.599,,True,2009-08-26,1995-06-01,,
2600038175,Rio Tinto,PB,Poço tubular,,-6.817222,-34.913333,20,609,0.609,,True,2009-08-26,1992-06-01,,
2600038176,Rio Tinto,PB,Poço tubular,,-6.813611,-34.914444,18,711,0.711,,True,2009-08-26,1990-06-01,,
2600038177,Rio Tinto,PB,Poço tubular,,-6.816111,-34.913611,18,727,0.727,,True,2009-08-26,1996-06-01,,
2600038178,Rio Tinto,PB,Poço tubular,,-6.817778,-34.913889,20,651,0.651,,True,2009-08-26,2004-06-01,,
2600038179,Santana dos Garrotes,PB,Poço tubular,,-7.462778,-37.963611,38.58,779,0.779,,True,2009-08-26,1999-06-01,,
2600038180,Santana dos Garrotes,PB,Poço tubular,,-7.427222,-38.009722,33,1410,1.41,,True,2009-08-27,2000-05-01,,
2600038181,Santana dos Garrotes,PB,Poço tubular,,-7.4275,-37.995833,25.43,785,0.785,,True,2009-08-27,2002-06-01,,
2600038183,Santana dos Garrotes,PB,Poço tubular,,-7.380278,-38.040556,30,411,0.411,,True,2009-08-27,2001-06-01,,
2600038186,Santana dos Garrotes,PB,Poço tubular,,-7.302778,-38.03,42.31,1389,1.389,,True,2009-08-27,1985-06-01,,
2600038189,Santana dos Garrotes,PB,Poço tubular,,-7.339444,-37.930833,50,1177,1.177,,True,2009-08-27,1982-06-01,,
2600038190,Santana dos Garrotes,PB,Poço tubular,,-7.399167,-38.020556,34,576,0.576,,True,2009-08-27,2001-06-01,,
2600038191,Santana dos Garrotes,PB,Poço tubular,,-7.456667,-37.9475,30,906,0.906,,True,2009-08-27,2000-06-01,,
2600038193,Santana dos Garrotes,PB,Poço tubular,,-7.466667,-37.951944,55,642,0.642,,True,2009-08-27,1985-08-01,,
2600038194,Santana dos Garrotes,PB,Poço tubular,,-7.371667,-37.983333,50,1004,1.004,,True,2009-08-27,1982-06-01,,
2600038195,Santana dos Garrotes,PB,Poço tubular,,-7.3975,-38.012222,50,998,0.998,,True,2009-08-27,2000-06-01,,
2600038197,São José dos Ramos,PB,Poço tubular,,-7.199444,-35.32,50,496,0.496,,True,2009-08-27,2004-12-01,,
2600038198,Gurinhém,PB,Poço tubular,,-7.242222,-35.423889,50,1830,1.83,,True,2009-08-27,2004-12-01,,
2600038199,São José dos Ramos,PB,Poço tubular,,-7.199167,-35.324722,40,940,0.94,,True,2009-08-27,2004-12-01,,
2600038201,São José dos Ramos,PB,Poço tubular,,-7.249722,-35.38,50,1442,1.442,,True,2009-08-27,2004-11-29,,
2600038202,São José dos Ramos,PB,Poço tubular,,-7.244722,-35.387778,50,1930,1.93,,True,2009-08-27,2004-11-29,,
2600038203,São José dos Ramos,PB,Poço tubular,,-7.25,-35.380278,50,1842,1.842,,True,2009-08-27,2004-11-29,,
2600038204,São José dos Ramos,PB,Poço tubular,,-7.248611,-35.378333,50,1942,1.942,,True,2009-08-27,2004-11-29,,
2600038205,São José dos Ramos,PB,Poço tubular,,-7.238333,-35.367778,50,1495,1.495,,True,2009-08-27,2004-11-29,,
2600038206,São José dos Ramos,PB,Poço tubular,,-7.230556,-35.363056,41,1742,1.742,,True,2009-08-27,2002-10-03,,
2600038207,São José dos Ramos,PB,Poço tubular,,-7.248056,-35.379722,50,1892,1.892,,True,2009-08-27,2004-11-30,,
2600038208,São José dos Ramos,PB,Poço tubular,,-7.224722,-35.343611,50,1620,1.62,,True,2009-08-27,2004-11-30,,
2600038209,São José dos Ramos,PB,Poço tubular,,-7.252222,-35.345556,40,1920,1.92,,True,2009-08-27,2004-11-30,,
2600038210,São José dos Ramos,PB,Poço tubular,,-7.253889,-35.2925,50,1046,1.046,,True,2009-08-27,2004-11-30,,
2600038212,Gurinhém,PB,Poço tubular,,-7.240556,-35.425278,50,1760,1.76,,True,2009-08-27,2004-12-01,,
2600038213,São José dos Ramos,PB,Poço tubular,,-7.261944,-35.396944,45,1200,1.2,,True,2009-08-27,2004-12-01,,
2600038216,São José dos Ramos,PB,Poço tubular,,-7.246389,-35.299167,48,1182,1.182,,True,2009-08-27,2004-11-30,,
2600038217,Arara,PB,Poço tubular,,-6.876389,-35.736389,50,16260,16.26,,True,2009-08-27,2004-12-02,,
2600038220,Serraria,PB,Poço tubular,,-6.848333,-35.674167,52,13590,13.59,,True,2009-08-27,2004-11-04,,
2600038221,Serraria,PB,Poço tubular,,-6.853056,-35.6525,50,10700,10.7,,True,2009-08-27,2004-12-06,,
2600038223,Serraria,PB,Poço tubular,,-6.857222,-35.691111,50,35800,35.8,,True,2009-08-27,2004-12-04,,
2600038224,Arara,PB,Poço tubular,,-6.870833,-35.683611,51,20700,20.7,,True,2009-08-27,2004-12-14,,
2600038228,Serraria,PB,Poço tubular,,-6.859444,-35.6625,50,10050,10.05,,True,2009-08-27,2004-12-06,,
2600038229,Serraria,PB,Poço tubular,,-6.859444,-35.662778,50,12380,12.38,,True,2009-08-27,2004-12-06,,
2600038230,Arara,PB,Poço tubular,,-6.82,-35.701667,50,7830,7.83,,True,2009-08-28,2004-12-04,,
2600038231,Serraria,PB,Poço tubular,,-6.861667,-35.687222,60,18190,18.19,,True,2009-08-28,1984-05-01,,
2600038232,Arara,PB,Poço tubular,,-6.878611,-35.689722,50,29100,29.1,,True,2009-08-28,2005-07-06,,
2600038233,Pilões,PB,Poço tubular,,-6.883611,-35.645556,50,1529,1.529,,True,2009-08-28,1998-06-01,,
2600038234,Serraria,PB,Poço tubular,,-6.865,-35.666944,22,25500,25.5,,True,2009-08-28,2004-12-06,,
2600038235,Serraria,PB,Poço tubular,,-6.865556,-35.666944,40,25300,25.3,,True,2009-08-28,2005-07-06,,
2600038236,Serraria,PB,Poço tubular,,-6.866111,-35.666667,40,29500,29.5,,True,2009-08-28,2004-12-06,,
2600038237,Serraria,PB,Poço tubular,,-6.866389,-35.666111,40,29500,29.5,,True,2009-08-28,2004-12-06,,
2600038240,Sobrado,PB,Poço tubular,,-7.146667,-35.250556,50,2050,2.05,,True,2009-08-28,2004-10-01,,
2600038241,Sobrado,PB,Poço tubular,,-7.145278,-35.251111,50,2390,2.39,,True,2009-08-28,2004-10-01,,
2600038248,Sobrado,PB,Poço tubular,,-7.183611,-35.258056,40,575,0.575,,True,2009-08-28,1996-06-01,,
2600038260,Sobrado,PB,Poço tubular,,-7.161389,-35.2475,50,559,0.559,,True,2009-08-28,1998-06-01,,
2600038262,Solânea,PB,Poço tubular,,-6.764167,-35.703333,6.4,3660,3.66,,True,2009-08-31,2000-06-01,,
2600038263,Solânea,PB,Poço tubular,,-6.746389,-35.704722,0.8,15280,15.28,,True,2009-08-31,2004-12-03,,
2600038267,Solânea,PB,Poço tubular,,-6.770556,-35.667222,51.4,274,0.274,,True,2009-08-31,1984-06-01,,
2600038268,Solânea,PB,Poço tubular,,-6.755833,-35.670833,77,414,0.414,,True,2009-08-31,1999-06-01,,
2600038270,Solânea,PB,Poço tubular,,-6.762222,-35.701944,47.3,731,0.731,,True,2009-08-31,2002-06-01,,
2600038271,Solânea,PB,Poço tubular,,-6.757778,-35.656944,66,7990,7.99,,True,2009-08-31,2002-10-20,,
2600038275,Solânea,PB,Poço tubular,,-6.753889,-35.700833,26.22,1054,1.054,,True,2009-08-31,1938-12-09,,
2600038277,Solânea,PB,Poço tubular,,-6.776667,-35.651389,54.16,103,0.103,,True,2009-08-31,1996-01-30,,
2600038278,Solânea,PB,Poço tubular,,-6.778611,-35.667778,50.5,669,0.669,,True,2009-08-31,2004-06-01,,
2600038279,Solânea,PB,Poço tubular,,-6.756944,-35.674167,72,329,0.329,,True,2009-08-31,1996-06-01,,
2600038280,Solânea,PB,Poço tubular,,-6.753056,-35.667778,72,281,0.281,,True,2009-08-31,1984-01-20,,
2600038281,Solânea,PB,Poço tubular,,-6.758889,-35.661667,75,425,0.425,,True,2009-08-31,1971-06-01,,
2600038284,Solânea,PB,Poço tubular,,-6.756667,-35.656111,65,1001,1.001,,True,2009-08-31,2000-06-01,,
2600038286,Santa Rita,PB,Poço tubular,,-7.164444,-34.956389,180,328,0.328,,True,2009-09-08,2001-06-01,,
2600038287,Santa Rita,PB,Poço tubular,,-7.149722,-34.969444,120,294,0.294,,True,2009-09-08,2004-12-13,,
2600038289,Santa Rita,PB,Poço tubular,,-7.075833,-34.957778,18,55,0.055,,True,2009-09-08,2004-12-13,,
2600038290,Santa Rita,PB,Poço tubular,,-7.130278,-34.968889,142,326,0.326,,True,2009-09-08,2004-12-13,,
2600038291,Santa Rita,PB,Poço tubular,,-7.130278,-34.969167,60,297,0.297,,True,2009-09-08,2004-12-13,,
2600038292,Santa Rita,PB,Poço tubular,,-7.131389,-34.967778,150,283,0.283,,True,2009-09-08,2004-12-13,,
2600038293,Santa Rita,PB,Poço tubular,,-7.153333,-35.0075,116,106,0.106,,True,2009-09-08,1969-10-17,,
2600038296,Santa Rita,PB,Poço tubular,,-7.228611,-35.0325,12,69,0.069,,True,2009-09-08,2000-09-01,,
2600038297,Santa Rita,PB,Poço tubular,,-7.094167,-35.042222,23,97,0.097,,True,2009-09-08,1996-06-01,,
2600038298,Santa Rita,PB,Poço tubular,,-7.075833,-34.9575,10,104,0.104,,True,2009-09-08,2004-12-13,,
2600038299,Santa Rita,PB,Poço tubular,,-7.251667,-34.999722,15,172,0.172,,True,2009-09-08,2000-06-01,,
2600038300,Santa Rita,PB,Poço tubular,,-7.128333,-34.972222,170,370,0.37,,True,2009-09-08,1968-06-07,,
2600038303,Santa Rita,PB,Poço tubular,,-7.094444,-35.041944,29,107,0.107,,True,2009-09-08,2004-12-08,,
2600038304,Santa Rita,PB,Poço tubular,,-7.095833,-35.043056,25,117,0.117,,True,2009-09-08,2004-12-08,,
2600038305,Santa Rita,PB,Poço tubular,,-7.130556,-35.015556,25,2560,2.56,,True,2009-09-08,2004-12-10,,
2600038306,Santa Rita,PB,Poço tubular,,-7.151667,-34.965278,24,511,0.511,,True,2009-09-08,1994-06-01,,
2600038308,Santa Rita,PB,Poço tubular,,-7.138889,-34.983056,42,271,0.271,,True,2009-09-08,2004-12-13,,
2600038309,Santa Rita,PB,Poço tubular,,-6.9775,-34.983333,100,140,0.14,,True,2009-09-08,2004-12-10,,
2600038311,Santa Rita,PB,Poço tubular,,-6.974722,-34.980278,100,66,0.066,,True,2009-09-08,2004-12-10,,
2600038312,Santa Rita,PB,Poço tubular,,-7.044722,-34.903333,80,107,0.107,,True,2009-09-08,2004-12-10,,
2600038313,Santa Rita,PB,Poço tubular,,-7.046667,-34.905278,101,93,0.093,,True,2009-09-08,2004-12-10,,
2600038314,Santa Rita,PB,Poço tubular,,-6.987778,-34.874444,122,440,0.44,,True,2009-09-08,2003-06-01,,
2600038317,Santa Rita,PB,Poço tubular,,-7.029722,-34.871944,60,527,0.527,,True,2009-09-08,2004-12-10,,
2600038318,Santa Rita,PB,Poço tubular,,-7.078611,-34.959444,35,285,0.285,,True,2009-09-08,2004-12-11,,
2600038319,Santa Rita,PB,Poço tubular,,-7.078611,-34.959444,120,282,0.282,,True,2009-09-10,2004-12-11,,
2600038320,Santa Rita,PB,Poço tubular,,-7.093611,-35.008333,60,137,0.137,,True,2009-09-10,2004-10-11,,
2600038322,Santa Rita,PB,Poço tubular,,-7.250556,-34.982778,90,84,0.084,,True,2009-09-10,2000-12-02,,
2600038323,Santa Rita,PB,Poço tubular,,-7.2375,-35.021111,100,79,0.079,,True,2009-09-10,2004-12-10,,
2600038324,Santa Rita,PB,Poço tubular,,-7.139722,-35.012778,80,226,0.226,,True,2009-09-10,2004-12-10,,
2600038325,Santa Rita,PB,Poço tubular,,-7.139167,-35.032778,60,130,0.13,,True,2009-09-10,2004-12-10,,
2600038326,Santa Rita,PB,Poço tubular,,-7.127222,-35.039444,40,331,0.331,,True,2009-09-10,2004-12-10,,
2600038327,Santa Rita,PB,Poço tubular,,-7.083611,-34.9825,80,129,0.129,,True,2009-09-10,2004-12-10,,
2600038328,Santa Rita,PB,Poço tubular,,-7.074444,-34.979444,40,188,0.188,,True,2009-09-10,2004-12-11,,
2600038329,Santa Rita,PB,Poço tubular,,-7.073611,-34.977222,60,111,0.111,,True,2009-09-10,2004-12-11,,
2600038330,Santa Rita,PB,Poço tubular,,-7.081389,-34.9675,30,68,0.068,,True,2009-09-10,2004-12-11,,
2600038332,Santa Rita,PB,Poço tubular,,-7.056667,-34.951111,40,85,0.085,,True,2009-09-10,2004-12-11,,
2600038333,Santa Rita,PB,Poço tubular,,-7.0425,-34.936111,60,107,0.107,,True,2009-09-10,2004-12-11,,
2600038334,Santa Rita,PB,Poço tubular,,-7.078611,-34.960833,25,185,0.185,,True,2009-09-10,2004-12-13,,
2600038335,Santa Rita,PB,Poço tubular,,-7.048889,-34.898889,60,108,0.108,,True,2009-09-10,2004-12-13,,
2600038336,Santa Rita,PB,Poço tubular,,-7.122778,-34.981944,53,276,0.276,,True,2009-09-10,2004-12-10,,
2600038337,Santa Rita,PB,Poço tubular,,-7.126667,-34.969444,110,393,0.393,,True,2009-09-10,2004-12-10,,
2600038338,Santa Rita,PB,Poço tubular,,-7.133056,-34.963056,42,73,0.073,,True,2009-09-11,2004-12-10,,
2600038339,Santa Rita,PB,Poço tubular,,-7.1275,-34.950278,48,138,0.138,,True,2009-09-11,2004-12-10,,
2600038340,Santa Rita,PB,Poço tubular,,-7.162222,-34.975,30,127,0.127,,True,2009-09-11,2004-12-11,,
2600038341,Santa Rita,PB,Poço tubular,,-7.168889,-34.976944,46,39,0.039,,True,2009-09-11,1996-06-01,,
2600038347,Santa Rita,PB,Poço tubular,,-7.089167,-34.961111,92,317,0.317,,True,2009-09-11,2004-12-11,,
2600038348,Santa Rita,PB,Poço tubular,,-7.128056,-34.966389,50,271,0.271,,True,2009-09-11,2004-12-13,,
2600038349,Santa Rita,PB,Poço tubular,,-7.137222,-34.967778,200.5,598,0.598,,True,2009-09-11,1976-08-20,,
2600038350,Santa Rita,PB,Poço tubular,,-7.083333,-34.969444,30,136,0.136,,True,2009-09-11,2004-12-13,,
2600038351,São Domingos do Cariri,PB,Poço tubular,,-7.581111,-36.446389,45,6050,6.05,,True,2009-09-11,2002-06-01,,
2600038352,São Domingos do Cariri,PB,Poço tubular,,-7.586389,-36.3925,58,3330,3.33,,True,2009-09-11,1983-06-01,,
2600038353,São Domingos do Cariri,PB,Poço tubular,,-7.555278,-36.442778,45,2640,2.64,,True,2009-09-11,1998-06-01,,
2600038354,Cabaceiras,PB,Poço tubular,,-7.499167,-36.404167,40,4740,4.74,,True,2009-09-11,1973-06-01,,
2600038355,São Domingos do Cariri,PB,Poço tubular,,-7.5075,-36.398056,52,7240,7.24,,True,2009-09-11,2002-05-01,,
2600038356,São Domingos do Cariri,PB,Poço tubular,,-7.639722,-36.432778,50,1210,1.21,,True,2009-09-11,1987-06-01,,
2600038357,São Domingos do Cariri,PB,Poço tubular,,-7.516389,-36.373889,36,2440,2.44,,True,2009-09-11,1994-06-01,,
2600038358,São Domingos do Cariri,PB,Poço tubular,,-7.595,-36.394722,50,2780,2.78,,True,2009-09-11,2000-06-01,,
2600038359,São Domingos do Cariri,PB,Poço tubular,,-7.578611,-36.447222,45,7790,7.79,,True,2009-09-11,1990-06-01,,
2600038360,São Domingos do Cariri,PB,Poço tubular,,-7.654167,-36.396667,45,2340,2.34,,True,2009-09-15,1993-06-01,,
2600038361,São Domingos do Cariri,PB,Poço tubular,,-7.632778,-36.366111,45,17830,17.83,,True,2009-09-15,1994-06-01,,
2600038362,Caraúbas,PB,Poço tubular,,-7.660278,-36.451944,50,3110,3.11,,True,2009-09-15,2002-10-01,,
2600038363,Caraúbas,PB,Poço tubular,,-7.660556,-36.451667,30,3690,3.69,,True,2009-09-15,2003-01-01,,
2600038364,São Domingos do Cariri,PB,Poço tubular,,-7.585278,-36.376667,30,344,0.344,,True,2009-09-15,2003-06-01,,
2600038365,São Domingos do Cariri,PB,Poço tubular,,-7.6275,-36.416667,48,2850,2.85,,True,2009-09-15,2002-06-01,,
2600038366,São Domingos do Cariri,PB,Poço tubular,,-7.603056,-36.416944,60,3530,3.53,,True,2009-09-15,2001-06-01,,
2600038367,São Domingos do Cariri,PB,Poço tubular,,-7.590278,-36.424722,50,4820,4.82,,True,2009-09-15,1970-06-01,,
2600038368,São Domingos do Cariri,PB,Poço tubular,,-7.641944,-36.428333,45,1843,1.843,,True,2009-09-15,2000-06-01,,
2600038369,Barra de São Miguel,PB,Poço tubular,,-7.677222,-36.440556,60,1372,1.372,,True,2009-09-15,2004-11-25,,
2600038371,São Domingos do Cariri,PB,Poço tubular,,-7.649722,-36.430278,50,538,0.538,,True,2009-09-15,1971-06-01,,
2600038372,São Domingos do Cariri,PB,Poço tubular,,-7.643333,-36.436389,40,2070,2.07,,True,2009-09-15,1994-06-01,,
2600038373,São Domingos do Cariri,PB,Poço tubular,,-7.628333,-36.382778,45,1059,1.059,,True,2009-09-15,1998-06-01,,
2600038374,São Domingos do Cariri,PB,Poço tubular,,-7.631944,-36.391111,30,3110,3.11,,True,2009-09-15,2001-06-01,,
2600038375,São Domingos do Cariri,PB,Poço tubular,,-7.626944,-36.393333,50,1449,1.449,,True,2009-09-15,1970-06-01,,
2600038376,São Domingos do Cariri,PB,Poço tubular,,-7.638056,-36.391944,45,7490,7.49,,True,2009-09-15,2000-06-01,,
2600038377,São Domingos do Cariri,PB,Poço tubular,,-7.5425,-36.365278,60,2030,2.03,,True,2009-09-15,1983-06-01,,
2600038378,São Domingos do Cariri,PB,Poço tubular,,-7.589444,-36.428611,45,7990,7.99,,True,2009-09-15,1997-06-01,,
2600038379,São Domingos do Cariri,PB,Poço tubular,,-7.551111,-36.379167,50,3040,3.04,,True,2009-09-15,2002-06-01,,
2600038381,Cabaceiras,PB,Poço tubular,,-7.537778,-36.356667,43,1902,1.902,,True,2009-09-15,2001-08-22,,
2600038383,São Domingos do Cariri,PB,Poço tubular,,-7.550278,-36.377222,38,1591,1.591,,True,2009-09-17,1997-06-01,,
2600038384,São Domingos do Cariri,PB,Poço tubular,,-7.525556,-36.371389,60,3120,3.12,,True,2009-09-17,2004-11-27,,
2600038385,São Domingos do Cariri,PB,Poço tubular,,-7.577222,-36.416111,36,2710,2.71,,True,2009-09-17,1989-06-01,,
2600038386,Cabaceiras,PB,Poço tubular,,-7.546667,-36.349722,50,7570,7.57,,True,2009-09-17,2001-06-01,,
2600038387,São Domingos do Cariri,PB,Poço tubular,,-7.623889,-36.38,45,1963,1.963,,True,2009-09-17,2000-06-01,,
2600038388,São Domingos do Cariri,PB,Poço tubular,,-7.611944,-36.370278,45,2220,2.22,,True,2009-09-17,2001-06-01,,
2600038390,São Domingos do Cariri,PB,Poço tubular,,-7.654167,-36.458889,50,3150,3.15,,True,2009-09-17,1984-06-01,,
2600038391,São Domingos do Cariri,PB,Poço tubular,,-7.635833,-36.377778,45,8120,8.12,,True,2009-09-17,1993-06-01,,
2600038393,São Domingos do Cariri,PB,Poço tubular,,-7.583611,-36.423611,36,2900,2.9,,True,2009-09-17,2003-06-01,,
2600038394,Cabaceiras,PB,Poço tubular,,-7.493611,-36.4075,44,6890,6.89,,True,2009-09-17,1998-06-01,,
2600038395,Barra de São Miguel,PB,Poço tubular,,-7.676111,-36.4025,45,4950,4.95,,True,2009-09-17,1984-06-01,,
2600038396,São Domingos do Cariri,PB,Poço tubular,,-7.650833,-36.410833,45,1899,1.899,,True,2009-09-17,2000-09-18,,
2600038397,São Domingos do Cariri,PB,Poço tubular,,-7.597778,-36.433333,40,2340,2.34,,True,2009-09-17,1996-06-01,,
2600038398,São Domingos do Cariri,PB,Poço tubular,,-7.653611,-36.438611,50,3790,3.79,,True,2009-09-17,2003-06-01,,
2600038399,São Miguel de Taipu,PB,Poço tubular,,-7.242222,-35.179722,91,1665,1.665,,True,2009-09-17,2004-12-07,,
2600038400,Cruz do Espírito Santo,PB,Poço tubular,,-7.199444,-35.162778,50,1213,1.213,,True,2009-09-17,1984-11-01,,
2600038401,São Miguel de Taipu,PB,Poço tubular,,-7.264722,-35.202778,34,1715,1.715,,True,2009-09-17,2004-12-07,,
2600038402,São Miguel de Taipu,PB,Poço tubular,,-7.258333,-35.222778,35,1092,1.092,,True,2009-09-17,2004-12-08,,
2600038404,São Miguel de Taipu,PB,Poço tubular,,-7.24,-35.191389,30,390,0.39,,True,2009-09-17,2003-10-17,,
2600038405,São Miguel de Taipu,PB,Poço tubular,,-7.244444,-35.227778,60,543,0.543,,True,2009-09-17,2003-11-08,,
2600038407,São Miguel de Taipu,PB,Poço tubular,,-7.251111,-35.183056,50,486,0.486,,True,2009-09-17,1998-06-01,,
2600038408,São Miguel de Taipu,PB,Poço tubular,,-7.242222,-35.2175,50,2000,2.0,,True,2009-09-17,2004-12-06,,
2600038409,São Miguel de Taipu,PB,Poço tubular,,-7.2425,-35.217222,50,1730,1.73,,True,2009-09-17,2004-12-06,,
2600038410,São Miguel de Taipu,PB,Poço tubular,,-7.2425,-35.215833,50,1720,1.72,,True,2009-09-17,2004-12-06,,
2600038412,São Miguel de Taipu,PB,Poço tubular,,-7.2475,-35.209722,50,640,0.64,,True,2009-09-17,2004-12-06,,
2600038413,São Miguel de Taipu,PB,Poço tubular,,-7.242222,-35.187222,20,1352,1.352,,True,2009-09-17,2002-06-01,,
2600038414,Sapé,PB,Poço tubular,,-7.122222,-35.230833,60,935,0.935,,True,2009-09-18,2004-12-04,,
2600038415,Sapé,PB,Poço tubular,,-7.081944,-35.128889,25,64,0.064,,True,2009-09-18,2004-06-01,,
2600038417,Sapé,PB,Poço tubular,,-7.152222,-35.201111,46,1141,1.141,,True,2009-09-18,2000-06-01,,
2600038418,Sapé,PB,Poço tubular,,-7.082222,-35.242778,35,152,0.152,,True,2009-09-18,1984-06-01,,
2600038419,Sapé,PB,Poço tubular,,-7.130278,-35.2625,52,2620,2.62,,True,2009-09-18,1999-08-01,,
2600038420,Sapé,PB,Poço tubular,,-7.159167,-35.223056,62,1356,1.356,,True,2009-09-18,1984-06-01,,
2600038421,Sapé,PB,Poço tubular,,-7.155,-35.18,50,763,0.763,,True,2009-09-18,1999-06-01,,
2600038422,Mari,PB,Poço tubular,,-7.064722,-35.263611,40,604,0.604,,True,2009-09-18,2000-06-01,,
2600038423,Sapé,PB,Poço tubular,,-7.094167,-35.146111,35,916,0.916,,True,2009-09-18,2001-06-01,,
2600038424,Sapé,PB,Poço tubular,,-7.088333,-35.208056,30,403,0.403,,True,2009-09-18,2001-06-01,,
2600038425,Sapé,PB,Poço tubular,,-7.088333,-35.238056,60,309,0.309,,True,2009-09-18,1997-08-03,,
2600038426,Sapé,PB,Poço tubular,,-7.087222,-35.237778,50,322,0.322,,True,2009-09-18,2004-12-04,,
2600038427,Sapé,PB,Poço tubular,,-7.086944,-35.236944,50,344,0.344,,True,2009-09-18,2004-12-04,,
2600038428,Sapé,PB,Poço tubular,,-7.093611,-35.1725,50,1322,1.322,,True,2009-09-18,2004-12-03,,
2600038429,Sapé,PB,Poço tubular,,-7.118333,-35.168056,16,106,0.106,,True,2009-09-18,2004-06-01,,
2600038430,Sapé,PB,Poço tubular,,-7.119444,-35.233611,45,655,0.655,,True,2009-09-18,2004-12-04,,
2600038432,Mari,PB,Poço tubular,,-7.079444,-35.265556,10,155,0.155,,True,2009-09-18,1960-06-01,,
2600038433,Sapé,PB,Poço tubular,,-7.095833,-35.203333,26,282,0.282,,True,2009-09-18,2000-06-01,,
2600038434,Sapé,PB,Poço tubular,,-7.116667,-35.254722,53,6100,6.1,,True,2009-09-18,1998-06-01,,
2600038435,Mari,PB,Poço tubular,,-7.083889,-35.265556,36,984,0.984,,True,2009-09-18,2002-01-01,,
2600038436,Sapé,PB,Poço tubular,,-7.165278,-35.177778,12,274,0.274,,True,2009-09-18,2001-06-01,,
2600038437,Sapé,PB,Poço tubular,,-7.164722,-35.176667,50,654,0.654,,True,2009-09-18,2002-06-01,,
2600038438,Sapé,PB,Poço tubular,,-7.101111,-35.156389,40,176,0.176,,True,2009-09-18,2001-06-01,,
2600038440,Sapé,PB,Poço tubular,,-7.001389,-35.193333,60,633,0.633,,True,2009-09-18,2004-12-03,,
2600038441,Sapé,PB,Poço tubular,,-7.115833,-35.185,35,179,0.179,,True,2009-09-18,1982-03-24,,
2600038442,Sapé,PB,Poço tubular,,-7.114722,-35.165556,60,360,0.36,,True,2009-09-18,2004-12-03,,
2600038443,Sapé,PB,Poço tubular,,-7.104167,-35.213333,42,204,0.204,,True,2009-09-18,2004-12-03,,
2600038445,Sapé,PB,Poço tubular,,-6.951389,-35.214444,35,271,0.271,,True,2009-09-18,2004-12-03,,
2600038447,Sapé,PB,Poço tubular,,-7.048611,-35.198611,38,533,0.533,,True,2009-09-18,2004-12-03,,
2600038448,Sapé,PB,Poço tubular,,-7.034444,-35.217222,50,1344,1.344,,True,2009-09-18,2004-12-03,,
2600038449,Sapé,PB,Poço tubular,,-7.093056,-35.147222,30,780,0.78,,True,2009-09-18,2001-06-01,,
2600038450,Sapé,PB,Poço tubular,,-7.150278,-35.1875,43,254,0.254,,True,2009-09-18,2004-12-03,,
2600038451,Sapé,PB,Poço tubular,,-6.950556,-35.224722,50,485,0.485,,True,2009-09-18,2004-12-03,,
2600038453,Sapé,PB,Poço tubular,,-6.992222,-35.25,50,686,0.686,,True,2009-09-18,2004-12-03,,
2600038454,Sapé,PB,Poço tubular,,-7.009167,-35.246944,50,327,0.327,,True,2009-09-18,2004-12-03,,
2600038455,Sapé,PB,Poço tubular,,-7.025278,-35.209167,40,322,0.322,,True,2009-09-18,2004-12-03,,
2600038456,Sapé,PB,Poço tubular,,-7.049167,-35.199444,22,617,0.617,,True,2009-09-18,2004-12-03,,
2600038457,Sapé,PB,Poço tubular,,-7.053889,-35.201667,50,420,0.42,,True,2009-09-18,2004-12-03,,
2600038458,Sapé,PB,Poço tubular,,-6.991389,-35.250278,50,807,0.807,,True,2009-09-18,2004-12-03,,
2600038459,Sapé,PB,Poço tubular,,-7.070556,-35.133611,30,50,0.05,,True,2009-09-18,2002-06-01,,
2600038460,Sapé,PB,Poço tubular,,-7.116667,-35.203056,12,386,0.386,,True,2009-09-18,2003-02-01,,
2600038461,Sapé,PB,Poço tubular,,-7.118333,-35.203889,34,245,0.245,,True,2009-09-18,2003-02-01,,
2600038462,Umbuzeiro,PB,Poço tubular,,-7.691944,-35.779444,50,1033,1.033,,True,2009-09-29,1999-06-01,,
2600038464,Umbuzeiro,PB,Poço tubular,,-7.643333,-35.650833,51,241,0.241,,True,2009-09-29,2004-11-29,,
2600038465,Umbuzeiro,PB,Poço tubular,,-7.735,-35.804722,50,1720,1.72,,True,2009-09-29,1993-06-01,,
2600038468,Umbuzeiro,PB,Poço tubular,,-7.733056,-35.799444,50,244,0.244,,True,2009-09-29,2002-06-01,,
2600038471,Umbuzeiro,PB,Poço tubular,,-7.674722,-35.711111,50,518,0.518,,True,2009-09-29,1999-06-01,,
2600038476,Umbuzeiro,PB,Poço tubular,,-7.740278,-35.797222,50,714,0.714,,True,2009-09-29,1997-06-01,,
2600038478,Riachão,PB,Poço tubular,,-6.521389,-35.644167,27,4480,4.48,,True,2009-09-29,2001-06-01,,
2600038479,Riachão,PB,Poço tubular,,-6.521389,-35.644167,40,4200,4.2,,True,2009-09-29,2004-11-12,,
2600038480,Riachão,PB,Poço tubular,,-6.548056,-35.663889,40,9790,9.79,,True,2009-09-29,2004-12-11,,
2600038481,Riachão,PB,Poço tubular,,-6.550556,-35.668333,35,55000,55.0,,True,2009-09-29,2004-12-11,,
2600038483,Riachão,PB,Poço tubular,,-6.54,-35.615,40,2570,2.57,,True,2009-09-29,2004-12-11,,
2600038489,Riachão,PB,Poço tubular,,-6.52,-35.638611,40,8770,8.77,,True,2009-09-29,2004-12-11,,
2600038490,Riachão,PB,Poço tubular,,-6.526389,-35.649722,30,9990,9.99,,True,2009-09-29,2004-12-11,,
2600038491,Riachão,PB,Poço tubular,,-6.517222,-35.651111,45,6140,6.14,,True,2009-09-29,2004-12-11,,
2600038492,Riacho de Santo Antônio,PB,Poço tubular,,-7.681389,-36.157778,22,4940,4.94,,True,2009-09-29,1994-06-01,,
2600038493,Alcantil,PB,Poço tubular,,-7.671944,-36.127222,36,9480,9.48,,True,2009-09-29,2004-12-15,,
2600038494,Riacho de Santo Antônio,PB,Poço tubular,,-7.719722,-36.145278,13,16580,16.58,,True,2009-09-29,2004-12-14,,
2600038496,Riacho de Santo Antônio,PB,Poço tubular,,-7.623889,-36.108333,50,11090,11.09,,True,2009-09-29,1993-06-01,,
2600038497,Barra de São Miguel,PB,Poço tubular,,-7.6925,-36.170556,13.6,18380,18.38,,True,2009-09-29,1997-06-01,,
2600038499,Riacho de Santo Antônio,PB,Poço tubular,,-7.691667,-36.154167,50,17980,17.98,,True,2009-09-29,1999-06-01,,
2600038501,Riacho de Santo Antônio,PB,Poço tubular,,-7.681944,-36.161111,10,8640,8.64,,True,2009-09-29,2004-12-13,,
2600038503,Campina Grande,PB,Poço tubular,,-7.296389,-36.1075,30,4750,4.75,,True,2009-10-09,2001-06-01,,
2600038505,Campina Grande,PB,Poço tubular,,-7.298333,-36.113333,50,8430,8.43,,True,2009-10-09,2000-06-01,,
2600038506,Boa Vista,PB,Poço tubular,,-7.326111,-36.268611,50,1189,1.189,,True,2009-10-09,2001-06-01,,
2600038509,Boa Vista,PB,Poço tubular,,-7.281944,-36.292778,48,3910,3.91,,True,2009-10-09,2001-06-01,,
2600038512,Boa Vista,PB,Poço tubular,,-7.245,-36.291389,50,9720,9.72,,True,2009-10-09,2002-06-01,,
2600038513,Boa Vista,PB,Poço tubular,,-7.2725,-36.232222,18,4800,4.8,,True,2009-10-09,1992-06-01,,
2600038515,Pocinhos,PB,Poço tubular,,-7.186944,-36.184167,45,6360,6.36,,True,2009-10-09,1988-06-01,,
2600038516,Pocinhos,PB,Poço tubular,,-7.188333,-36.184167,42,6500,6.5,,True,2009-10-09,2003-06-01,,
2600038518,Boa Vista,PB,Poço tubular,,-7.285,-36.242222,48,3340,3.34,,True,2009-10-09,2002-06-01,,
2600038519,Boa Vista,PB,Poço tubular,,-7.285,-36.2425,48,11080,11.08,,True,2009-10-09,1990-06-01,,
2600038520,Boa Vista,PB,Poço tubular,,-7.286667,-36.246944,50,2170,2.17,,True,2009-10-09,1998-06-01,,
2600038521,Boa Vista,PB,Poço tubular,,-7.178056,-36.126667,50,11370,11.37,,True,2009-10-09,1998-06-01,,
2600038523,Boa Vista,PB,Poço tubular,,-7.293056,-36.245556,14,8120,8.12,,True,2009-10-09,1990-06-01,,
2600038525,Bom Jesus,PB,Poço tubular,,-6.810556,-38.631111,40,584,0.584,,True,2009-10-09,2002-11-14,,
2600038528,Boa Vista,PB,Poço tubular,,-7.254722,-36.311111,50,9420,9.42,,True,2009-10-09,1998-06-01,,
2600038529,Boa Vista,PB,Poço tubular,,-7.263056,-36.2175,29,4080,4.08,,True,2009-10-09,1963-06-01,,
2600038530,Boa Vista,PB,Poço tubular,,-7.316389,-36.173611,38,2820,2.82,,True,2009-10-09,2001-06-01,,
2600038532,Boa Vista,PB,Poço tubular,,-7.307222,-36.320833,50,10510,10.51,,True,2009-10-09,2001-06-01,,
2600038534,Boa Vista,PB,Poço tubular,,-7.227222,-36.138056,26,18300,18.3,,True,2009-10-09,2002-06-01,,
2600038536,Boa Vista,PB,Poço tubular,,-7.232222,-36.326111,26,5910,5.91,,True,2009-10-09,2001-06-01,,
2600038537,Boa Vista,PB,Poço tubular,,-7.232778,-36.323611,50,17040,17.04,,True,2009-10-09,1990-06-01,,
2600038538,Boa Vista,PB,Poço tubular,,-7.251667,-36.279444,23.1,6660,6.66,,True,2009-10-09,1985-06-01,,
2600038540,Boa Vista,PB,Poço tubular,,-7.248056,-36.172222,55,16260,16.26,,True,2009-10-09,1980-06-01,,
2600038541,Boa Vista,PB,Poço tubular,,-7.254444,-36.240833,30,6560,6.56,,True,2009-10-09,1995-01-01,,
2600038542,Boa Vista,PB,Poço tubular,,-7.259444,-36.257222,50,11370,11.37,,True,2009-10-09,1998-09-08,,
2600038544,Boa Vista,PB,Poço tubular,,-7.195833,-36.111944,48,11300,11.3,,True,2009-10-09,1999-06-01,,
2600038545,Boa Vista,PB,Poço tubular,,-7.304722,-36.238611,39,7240,7.24,,True,2009-10-09,1994-11-01,,
2600038546,Boa Vista,PB,Poço tubular,,-7.368333,-36.336111,21,526,0.526,,True,2009-10-09,1963-06-01,,
2600038547,Boa Vista,PB,Poço tubular,,-7.368056,-36.336389,50,740,0.74,,True,2009-10-09,1999-06-01,,
2600038548,Boa Vista,PB,Poço tubular,,-7.224167,-36.284167,50,6670,6.67,,True,2009-10-14,2001-06-01,,
2600038549,Boa Vista,PB,Poço tubular,,-7.273333,-36.310833,48,1215,1.215,,True,2009-10-14,1998-06-01,,
2600038550,Boa Vista,PB,Poço tubular,,-7.271944,-36.298333,40,28100,28.1,,True,2009-10-14,1994-06-01,,
2600038551,Cabaceiras,PB,Poço tubular,,-7.312778,-36.333333,50,9350,9.35,,True,2009-10-14,1998-06-01,,
2600038553,Boa Vista,PB,Poço tubular,,-7.260833,-36.221944,40,2240,2.24,,True,2009-10-14,1998-06-01,,
2600038557,Boa Vista,PB,Poço tubular,,-7.308611,-36.175278,30,10100,10.1,,True,2009-10-14,1983-06-01,,
2600038558,Boa Vista,PB,Poço tubular,,-7.272222,-36.193333,50,2650,2.65,,True,2009-10-14,2003-11-25,,
2600038559,Boa Vista,PB,Poço tubular,,-7.266389,-36.194722,45,3100,3.1,,True,2009-10-14,1994-06-01,,
2600038561,Boa Vista,PB,Poço tubular,,-7.257222,-36.236389,45,7390,7.39,,True,2009-10-14,1998-06-01,,
2600038562,Campina Grande,PB,Poço tubular,,-7.289444,-36.107222,30,4260,4.26,,True,2009-10-14,1970-06-01,,
2600038564,Boa Vista,PB,Poço tubular,,-7.294444,-36.288611,50,2250,2.25,,True,2009-10-14,2001-03-21,,
2600038565,Boa Vista,PB,Poço tubular,,-7.250556,-36.242222,32,11670,11.67,,True,2009-10-14,1992-06-01,,
2600038568,Boa Vista,PB,Poço tubular,,-7.254722,-36.24,35,7420,7.42,,True,2009-10-14,1999-06-01,,
2600038569,Boa Vista,PB,Poço tubular,,-7.288889,-36.121111,50,7850,7.85,,True,2009-10-14,1998-06-01,,
2600038570,Boa Vista,PB,Poço tubular,,-7.2775,-36.301944,54,9920,9.92,,True,2009-10-14,2001-06-01,,
2600038571,Boa Vista,PB,Poço tubular,,-7.289444,-36.206667,20,5250,5.25,,True,2009-10-14,1958-06-01,,
2600038572,Boa Vista,PB,Poço tubular,,-7.298889,-36.291111,50,9820,9.82,,True,2009-10-14,1992-06-01,,
2600038573,Boa Vista,PB,Poço tubular,,-7.286944,-36.139167,25,1968,1.968,,True,2009-10-14,1998-06-01,,
2600038575,Boa Vista,PB,Poço tubular,,-7.245556,-36.3275,45,2580,2.58,,True,2009-10-14,1998-06-01,,
2600038576,Boa Vista,PB,Poço tubular,,-7.263333,-36.3075,40,1354,1.354,,True,2009-10-14,1984-06-01,,
2600038577,Campina Grande,PB,Poço tubular,,-7.277778,-36.115278,45,11370,11.37,,True,2009-10-14,1998-06-01,,
2600038578,Boa Vista,PB,Poço tubular,,-7.265,-36.130556,50,1875,1.875,,True,2009-10-14,1986-01-01,,
2600038579,Boa Vista,PB,Poço tubular,,-7.293333,-36.201389,16,6690,6.69,,True,2009-10-14,1995-06-01,,
2600038580,Boa Vista,PB,Poço tubular,,-7.248611,-36.161944,35,7520,7.52,,True,2009-10-14,1988-06-01,,
2600038581,Boa Vista,PB,Poço tubular,,-7.304167,-36.238889,30,4450,4.45,,True,2009-10-14,1996-06-01,,
2600038583,Boa Vista,PB,Poço tubular,,-7.303333,-36.300556,50,13270,13.27,,True,2009-10-14,1962-06-01,,
2600038584,Boa Vista,PB,Poço tubular,,-7.2875,-36.304444,50,13880,13.88,,True,2009-10-14,1998-06-01,,
2600038586,Boa Vista,PB,Poço tubular,,-7.336389,-36.135833,50,9450,9.45,,True,2009-10-14,1993-06-01,,
2600038587,Boa Vista,PB,Poço tubular,,-7.307222,-36.157778,53,893,0.893,,True,2009-10-14,2003-06-01,,
2600038588,Boa Vista,PB,Poço tubular,,-7.3125,-36.151111,50,6100,6.1,,True,2009-10-14,1993-06-01,,
2600038589,Boa Vista,PB,Poço tubular,,-7.326667,-36.158889,50,1722,1.722,,True,2009-10-14,1993-06-01,,
2600038590,Boa Vista,PB,Poço tubular,,-7.292222,-36.304167,45,18080,18.08,,True,2009-10-14,2002-06-01,,
2600038592,Boa Vista,PB,Poço tubular,,-7.263056,-36.226944,50,8200,8.2,,True,2009-10-14,1995-06-01,,
2600038593,Boa Vista,PB,Poço tubular,,-7.248889,-36.153056,21,8340,8.34,,True,2009-10-14,1958-06-01,,
2600038594,Boa Vista,PB,Poço tubular,,-7.230556,-36.184167,30,7910,7.91,,True,2009-10-14,1990-06-01,,
2600038596,Boa Vista,PB,Poço tubular,,-7.313056,-36.307222,50,8650,8.65,,True,2009-10-14,1993-06-01,,
2600038600,Boa Vista,PB,Poço tubular,,-7.252778,-36.137222,50,14010,14.01,,True,2009-10-14,2003-06-01,,
2600038601,Boa Vista,PB,Poço tubular,,-7.254167,-36.251111,50,5250,5.25,,True,2009-10-14,1993-06-01,,
2600038602,Boa Vista,PB,Poço tubular,,-7.241111,-36.240278,52,20900,20.9,,True,2009-10-14,2000-06-01,,
2600038604,Boa Vista,PB,Poço tubular,,-7.230833,-36.150278,50,16960,16.96,,True,2009-10-14,1979-06-01,,
2600038605,Boa Vista,PB,Poço tubular,,-7.231389,-36.146944,43,5500,5.5,,True,2009-10-14,1999-06-01,,
2600038606,Boa Vista,PB,Poço tubular,,-7.271111,-36.141667,18,5860,5.86,,True,2009-10-14,1993-06-01,,
2600038607,Pocinhos,PB,Poço tubular,,-7.184167,-36.185556,35,12340,12.34,,True,2009-10-14,1998-06-01,,
2600038608,Pocinhos,PB,Poço tubular,,-7.181389,-36.186667,45,16400,16.4,,True,2009-10-14,1998-06-01,,
2600038611,Boa Vista,PB,Poço tubular,,-7.2425,-36.156111,30,10900,10.9,,True,2009-10-14,2000-08-31,,
2600038613,Boa Vista,PB,Poço tubular,,-7.248889,-36.3075,40,7940,7.94,,True,2009-10-14,1998-06-01,,
2600038614,Boa Vista,PB,Poço tubular,,-7.267778,-36.12,45,5650,5.65,,True,2009-10-14,2001-06-01,,
2600038617,Boa Vista,PB,Poço tubular,,-7.269444,-36.147778,42,12440,12.44,,True,2009-10-14,1986-06-01,,
2600038618,Boa Vista,PB,Poço tubular,,-7.268889,-36.116944,50,9630,9.63,,True,2009-10-14,2001-06-01,,
2600038621,Campina Grande,PB,Poço tubular,,-7.274722,-35.720556,37,1720,1.72,,True,2009-10-15,1999-06-17,,
2600038622,Campina Grande,PB,Poço tubular,,-7.291944,-35.732222,50,2890,2.89,,True,2009-10-15,2002-11-01,,
2600038623,Campina Grande,PB,Poço tubular,,-7.277778,-35.736389,49,3300,3.3,,True,2009-10-15,1966-06-01,,
2600038624,Campina Grande,PB,Poço tubular,,-7.289444,-35.734722,48.7,7190,7.19,,True,2009-10-15,1999-06-01,,
2600038626,Campina Grande,PB,Poço tubular,,-7.198889,-36.074722,45,10510,10.51,,True,2009-10-15,2002-05-21,,
2600038627,Campina Grande,PB,Poço tubular,,-7.2,-36.086667,46,9890,9.89,,True,2009-10-15,2002-06-01,,
2600038630,Campina Grande,PB,Poço tubular,,-7.202222,-36.078611,43,12220,12.22,,True,2009-10-15,2003-11-24,,
2600038631,Campina Grande,PB,Poço tubular,,-7.315556,-36.0975,24.9,3010,3.01,,True,2009-10-15,1959-01-01,,
2600038633,Campina Grande,PB,Poço tubular,,-7.302778,-35.7975,50,2820,2.82,,True,2009-10-15,1998-06-01,,
2600038634,Campina Grande,PB,Poço tubular,,-7.198611,-36.047222,45,12960,12.96,,True,2009-10-15,2000-06-01,,
2600038635,Ingá,PB,Poço tubular,,-7.309444,-35.719167,45,2480,2.48,,True,2009-10-15,1998-08-01,,
2600038636,Campina Grande,PB,Poço tubular,,-7.315556,-35.836944,50,9050,9.05,,True,2009-10-15,2001-10-01,,
2600038637,Campina Grande,PB,Poço tubular,,-7.253333,-35.837222,60,2700,2.7,,True,2009-10-15,1956-06-01,,
2600038639,Campina Grande,PB,Poço tubular,,-7.277778,-36.098611,20,1496,1.496,,True,2009-10-15,1994-06-01,,
2600038640,Campina Grande,PB,Poço tubular,,-7.259444,-35.984722,50,7910,7.91,,True,2009-10-15,1992-06-01,,
2600038641,Campina Grande,PB,Poço tubular,,-7.259722,-35.984722,19,3020,3.02,,True,2009-10-15,2000-06-01,,
2600038642,Campina Grande,PB,Poço tubular,,-7.230556,-36.052778,50,13880,13.88,,True,2009-10-15,1994-06-01,,
2600038643,Campina Grande,PB,Poço tubular,,-7.230833,-36.0525,9,11820,11.82,,True,2009-10-15,1991-06-01,,
2600038645,Campina Grande,PB,Poço tubular,,-7.276944,-35.833333,45,11350,11.35,,True,2009-10-15,1994-06-01,,
2600038647,Campina Grande,PB,Poço tubular,,-7.318889,-36.048333,32,18070,18.07,,True,2009-10-15,2003-11-27,,
2600038648,Riacho de Santo Antônio,PB,Poço tubular,,-7.719444,-36.116667,46,1727,1.727,,True,2009-10-19,2004-12-14,,
2600038649,Alcantil,PB,Poço tubular,,-7.674722,-36.019444,38,10510,10.51,,True,2009-10-19,1998-06-01,,
2600038650,Alcantil,PB,Poço tubular,,-7.605556,-36.000833,40,5480,5.48,,True,2009-10-19,1979-06-01,,
2600038651,Alcantil,PB,Poço tubular,,-7.749167,-36.11,16,18970,18.97,,True,2009-10-19,2004-12-15,,
2600038652,Alcantil,PB,Poço tubular,,-7.7525,-36.1075,18,2740,2.74,,True,2009-10-19,2004-12-15,,
2600038653,Alcantil,PB,Poço tubular,,-7.691111,-36.003333,48,26330,26.33,,True,2009-10-19,2000-06-01,,
2600038654,Alcantil,PB,Poço tubular,,-7.641944,-36.008611,35,10380,10.38,,True,2009-10-19,1998-06-01,,
2600038655,Alcantil,PB,Poço tubular,,-7.720556,-36.061944,42,10230,10.23,,True,2009-10-19,2000-06-01,,
2600038656,Alcantil,PB,Poço tubular,,-7.686389,-36.1175,7.7,15890,15.89,,True,2009-10-19,1994-06-01,,
2600038657,Riacho de Santo Antônio,PB,Poço tubular,,-7.611111,-36.077222,48,13250,13.25,,True,2009-10-19,1986-06-01,,
2600038658,Alcantil,PB,Poço tubular,,-7.676111,-36.106944,50,1871,1.871,,True,2009-10-19,2000-06-01,,
2600038660,Alcantil,PB,Poço tubular,,-7.739722,-36.079444,48,8070,8.07,,True,2009-10-19,1996-06-01,,
2600038661,Alcantil,PB,Poço tubular,,-7.741389,-36.049444,46,13600,13.6,,True,2009-10-19,1964-06-01,,
2600038662,Alcantil,PB,Poço tubular,,-7.68,-35.9975,39,7030,7.03,,True,2009-10-19,1997-06-01,,
2600038663,Alcantil,PB,Poço tubular,,-7.735278,-36.0575,52,9350,9.35,,True,2009-10-19,2000-06-01,,
2600038664,Alcantil,PB,Poço tubular,,-7.671389,-36.010556,52,2780,2.78,,True,2009-10-21,2002-07-05,,
2600038665,Alcantil,PB,Poço tubular,,-7.595,-36.045,37,8760,8.76,,True,2009-10-21,1992-10-23,,
2600038666,Alcantil,PB,Poço tubular,,-7.739167,-36.080278,46,8310,8.31,,True,2009-10-21,1989-06-01,,
2600038667,Alcantil,PB,Poço tubular,,-7.711389,-36.058611,42,2290,2.29,,True,2009-10-21,2000-06-01,,
2600038670,Alcantil,PB,Poço tubular,,-7.755833,-36.043333,35,4890,4.89,,True,2009-10-21,1964-06-01,,
2600038671,Alcantil,PB,Poço tubular,,-7.638611,-36.019444,42,12690,12.69,,True,2009-10-21,1987-06-01,,
2600038672,Alcantil,PB,Poço tubular,,-7.741667,-36.076389,42,5750,5.75,,True,2009-10-21,1997-06-01,,
2600038673,Alcantil,PB,Poço tubular,,-7.704444,-36.061667,30,15960,15.96,,True,2009-10-21,1970-06-01,,
2600038674,Alcantil,PB,Poço tubular,,-7.615556,-36.067778,42,3480,3.48,,True,2009-10-21,2000-06-01,,
2600038675,Alcantil,PB,Poço tubular,,-7.665,-36.000278,48,10940,10.94,,True,2009-10-21,2000-06-01,,
2600038676,Alcantil,PB,Poço tubular,,-7.701111,-36.061667,12,15520,15.52,,True,2009-10-21,1982-06-01,,
2600038677,Alcantil,PB,Poço tubular,,-7.679722,-36.058611,46,12950,12.95,,True,2009-10-21,2004-12-16,,
2600038678,Alcantil,PB,Poço tubular,,-7.676944,-36.101944,43,10390,10.39,,True,2009-10-21,1989-06-01,,
2600038679,Alcantil,PB,Poço tubular,,-7.662778,-36.081944,48,7540,7.54,,True,2009-10-21,1972-06-01,,
2600038680,Alcantil,PB,Poço tubular,,-7.678889,-36.066944,36,11510,11.51,,True,2009-10-21,2001-06-01,,
2600038681,Alcantil,PB,Poço tubular,,-7.658333,-36.020833,52,13830,13.83,,True,2009-10-21,1998-06-01,,
2600038682,Alcantil,PB,Poço tubular,,-7.693889,-36.031111,44,9470,9.47,,True,2009-10-21,1993-06-01,,
2600038683,Alcantil,PB,Poço tubular,,-7.720833,-36.032778,25,7360,7.36,,True,2009-10-21,1974-06-01,,
2600038684,Alcantil,PB,Poço tubular,,-7.768333,-36.115,36,6850,6.85,,True,2009-10-21,2004-12-15,,
2600038687,Alcantil,PB,Poço tubular,,-7.629444,-36.000278,48,10270,10.27,,True,2009-10-21,2000-06-01,,
2600038688,Alcantil,PB,Poço tubular,,-7.735,-36.081944,55,15760,15.76,,True,2009-10-21,2004-12-15,,
2600038691,Alcantil,PB,Poço tubular,,-7.598889,-36.027222,35,6510,6.51,,True,2009-10-21,1974-06-01,,
2600038692,Alcantil,PB,Poço tubular,,-7.715,-36.0825,42,16090,16.09,,True,2009-10-21,2000-06-01,,
2600038693,Alcantil,PB,Poço tubular,,-7.746111,-36.049167,50,14370,14.37,,True,2009-10-21,2004-12-14,,
2600038695,Alcantil,PB,Poço tubular,,-7.767778,-36.069722,52,8990,8.99,,True,2009-10-21,1998-10-14,,
2600038696,Alcantil,PB,Poço tubular,,-7.741667,-36.057222,40,5250,5.25,,True,2009-10-21,1966-06-01,,
2600038697,Alcantil,PB,Poço tubular,,-7.741667,-36.055556,36,2780,2.78,,True,2009-10-21,1966-06-01,,
2600038698,Alcantil,PB,Poço tubular,,-7.744167,-36.048889,42,6820,6.82,,True,2009-10-21,2000-06-01,,
2600038699,Alcantil,PB,Poço tubular,,-7.674722,-36.001111,56,15670,15.67,,True,2009-10-21,1998-06-01,,
2600038700,Alcantil,PB,Poço tubular,,-7.611944,-35.999722,45,10520,10.52,,True,2009-10-21,2002-07-03,,
2600038701,Alcantil,PB,Poço tubular,,-7.724444,-36.053889,40,8560,8.56,,True,2009-10-21,1998-06-01,,
2600038702,Alcantil,PB,Poço tubular,,-7.748333,-36.105833,30,15430,15.43,,True,2009-10-21,1999-06-01,,
2600038703,Alcantil,PB,Poço tubular,,-7.679167,-36.037222,42,14270,14.27,,True,2009-10-21,2000-06-01,,
2600038704,Campina Grande,PB,Poço tubular,,-7.319444,-36.048333,32,14300,14.3,,True,2009-10-23,2003-11-27,,
2600038706,Campina Grande,PB,Poço tubular,,-7.253611,-35.883056,47,5430,5.43,,True,2009-10-23,2001-12-01,,
2600038707,Campina Grande,PB,Poço tubular,,-7.256667,-35.879722,36.1,2400,2.4,,True,2009-10-23,1977-06-01,,
2600038708,Queimadas,PB,Poço tubular,,-7.309444,-35.851389,46.2,7380,7.38,,True,2009-10-23,1979-06-01,,
2600038709,Campina Grande,PB,Poço tubular,,-7.283333,-36.096667,40.7,3780,3.78,,True,2009-10-23,1986-07-01,,
2600038710,Campina Grande,PB,Poço tubular,,-7.196667,-35.954167,56.77,12380,12.38,,True,2009-10-27,1994-11-07,,
2600038711,Campina Grande,PB,Poço tubular,,-7.281944,-36.082222,42,2180,2.18,,True,2009-10-27,2000-06-01,,
2600038712,Campina Grande,PB,Poço tubular,,-7.312222,-35.761111,43.5,9130,9.13,,True,2009-10-27,1999-02-01,,
2600038714,Massaranduba,PB,Poço tubular,,-7.277778,-35.744722,45,1500,1.5,,True,2009-10-27,1998-01-01,,
2600038715,Campina Grande,PB,Poço tubular,,-7.181667,-35.903889,46.7,2570,2.57,,True,2009-10-27,1992-06-01,,
2600038717,Campina Grande,PB,Poço tubular,,-7.261944,-35.811389,30,3360,3.36,,True,2009-10-27,1999-11-01,,
2600038719,Campina Grande,PB,Poço tubular,,-7.290278,-36.037778,40,1252,1.252,,True,2009-10-27,1996-06-01,,
2600038721,Campina Grande,PB,Poço tubular,,-7.251389,-35.965,50,1160,1.16,,True,2009-10-27,2000-06-01,,
2600038723,Campina Grande,PB,Poço tubular,,-7.279444,-36.061667,1.5,9200,9.2,,True,2009-10-27,1983-06-01,,
2600038726,Campina Grande,PB,Poço tubular,,-7.18,-36.048889,48,15650,15.65,,True,2009-10-27,2001-11-21,,
2600038728,Campina Grande,PB,Poço tubular,,-7.226389,-36.006111,47,25500,25.5,,True,2009-10-27,1998-06-01,,
2600038729,Campina Grande,PB,Poço tubular,,-7.155556,-36.090556,24.35,17110,17.11,,True,2009-10-27,1993-03-23,,
2600038730,Campina Grande,PB,Poço tubular,,-7.251389,-35.841667,50,4770,4.77,,True,2009-10-27,1993-06-01,,
2600038734,Campina Grande,PB,Poço tubular,,-7.2475,-35.845556,66.17,1576,1.576,,True,2009-10-28,1997-06-01,,
2600038735,Campina Grande,PB,Poço tubular,,-7.279167,-35.9025,31.75,5170,5.17,,True,2009-10-28,1994-06-01,,
2600038737,Campina Grande,PB,Poço tubular,,-7.306389,-36.0525,54,11100,11.1,,True,2009-10-28,1988-06-01,,
2600038739,Campina Grande,PB,Poço tubular,,-7.311667,-35.823333,50,7250,7.25,,True,2009-10-28,2002-10-01,,
2600038740,Queimadas,PB,Poço tubular,,-7.290833,-35.955,44.1,14070,14.07,,True,2009-10-28,1983-06-01,,
2600038742,Campina Grande,PB,Poço tubular,,-7.296667,-35.800556,25.15,12320,12.32,,True,2009-10-28,1999-06-01,,
2600038744,Campina Grande,PB,Poço tubular,,-7.244722,-36.091667,50,9430,9.43,,True,2009-10-28,1991-06-01,,
2600038745,Campina Grande,PB,Poço tubular,,-7.306944,-35.759722,45,2600,2.6,,True,2009-10-28,1998-09-01,,
2600038747,Campina Grande,PB,Poço tubular,,-7.256111,-35.982778,12.3,3770,3.77,,True,2009-10-28,1990-06-01,,
2600038749,Campina Grande,PB,Poço tubular,,-7.3025,-35.735833,50,11910,11.91,,True,2009-10-28,1987-10-01,,
2600038750,Puxinanã,PB,Poço tubular,,-7.180278,-35.911389,27.3,1498,1.498,,True,2009-10-28,2000-06-01,,
2600038752,Queimadas,PB,Poço tubular,,-7.309444,-35.845556,50,3730,3.73,,True,2009-10-28,1980-12-01,,
2600038753,Queimadas,PB,Poço tubular,,-7.308889,-35.8425,46,5730,5.73,,True,2009-10-28,1999-06-01,,
2600038754,Campina Grande,PB,Poço tubular,,-7.322222,-36.008056,36,10750,10.75,,True,2009-10-28,2001-06-01,,
2600038755,Cabaceiras,PB,Poço tubular,,-7.374167,-36.214722,42,4930,4.93,,True,2009-10-28,1978-06-01,,
2600038756,Ingá,PB,Poço tubular,,-7.303333,-35.72,40,4120,4.12,,True,2009-10-28,1998-06-01,,
2600038757,Campina Grande,PB,Poço tubular,,-7.315278,-35.765833,50,2890,2.89,,True,2009-10-28,1999-12-01,,
2600038758,Campina Grande,PB,Poço tubular,,-7.183056,-35.903056,30,4960,4.96,,True,2009-10-28,1998-06-01,,
2600038759,Campina Grande,PB,Poço tubular,,-7.277778,-35.756667,65,3080,3.08,,True,2009-10-28,1984-02-16,,
2600038760,Campina Grande,PB,Poço tubular,,-7.295556,-35.769167,30,5820,5.82,,True,2009-10-28,2003-02-01,,
2600038761,Campina Grande,PB,Poço tubular,,-7.292222,-35.765556,44.11,8060,8.06,,True,2009-10-28,1997-10-01,,
2600038763,Campina Grande,PB,Poço tubular,,-7.302222,-35.810833,42,3820,3.82,,True,2009-10-28,1997-06-01,,
2600038764,Campina Grande,PB,Poço tubular,,-7.316944,-35.748056,40,15710,15.71,,True,2009-10-28,1994-03-01,,
2600038765,Campina Grande,PB,Poço tubular,,-7.274167,-35.911389,41.1,4410,4.41,,True,2009-10-28,1984-02-01,,
2600038766,Campina Grande,PB,Poço tubular,,-7.307778,-35.815,45,3760,3.76,,True,2009-10-28,1992-11-01,,
2600038767,Campina Grande,PB,Poço tubular,,-7.168333,-36.085833,6.2,13100,13.1,,True,2009-10-28,2003-11-21,,
2600038769,Campina Grande,PB,Poço tubular,,-7.160833,-36.085833,43.5,7310,7.31,,True,2009-10-28,2003-11-21,,
2600038771,Fagundes,PB,Poço tubular,,-7.345833,-35.779167,35,1620,1.62,,True,2009-10-28,2001-07-01,,
2600038772,Campina Grande,PB,Poço tubular,,-7.285556,-35.754167,27,5620,5.62,,True,2009-10-28,1999-05-01,,
2600038773,Campina Grande,PB,Poço tubular,,-7.285556,-35.753889,16.11,6740,6.74,,True,2009-10-28,1999-06-01,,
2600038774,Campina Grande,PB,Poço tubular,,-7.315556,-36.064444,20,4210,4.21,,True,2009-10-28,1993-01-01,,
2600038775,Campina Grande,PB,Poço tubular,,-7.320556,-36.063889,47,3280,3.28,,True,2009-10-28,2003-11-27,,
2600038776,Campina Grande,PB,Poço tubular,,-7.322222,-36.012778,40,11250,11.25,,True,2009-10-28,1994-04-01,,
2600038777,Campina Grande,PB,Poço tubular,,-7.246944,-35.843889,38,1020,1.02,,True,2009-10-28,1980-06-01,,
2600038778,Campina Grande,PB,Poço tubular,,-7.245,-35.843333,36.05,12070,12.07,,True,2009-10-28,1990-06-01,,
2600038779,Campina Grande,PB,Poço tubular,,-7.261944,-36.069167,47,12260,12.26,,True,2009-10-29,2000-08-01,,
2600038780,Campina Grande,PB,Poço tubular,,-7.294167,-35.828611,40,3060,3.06,,True,2009-10-29,1998-08-01,,
2600038781,Campina Grande,PB,Poço tubular,,-7.255556,-35.879722,50,2740,2.74,,True,2009-10-29,2000-06-01,,
2600038782,Campina Grande,PB,Poço tubular,,-7.276944,-35.786667,43.1,4410,4.41,,True,2009-10-29,2000-06-01,,
2600038783,Campina Grande,PB,Poço tubular,,-7.303611,-35.726389,30,5900,5.9,,True,2009-10-29,1998-11-17,,
2600038784,Campina Grande,PB,Poço tubular,,-7.213056,-35.985,19.6,4880,4.88,,True,2009-10-29,2003-11-25,,
2600038785,Campina Grande,PB,Poço tubular,,-7.334167,-36.001111,35,7620,7.62,,True,2009-10-29,1999-06-01,,
2600038786,Campina Grande,PB,Poço tubular,,-7.334167,-36.001111,35,518,0.518,,True,2009-10-29,2000-06-01,,
2600038788,Campina Grande,PB,Poço tubular,,-7.219444,-35.951111,39.6,7910,7.91,,True,2009-10-29,1999-12-01,,
2600038789,Campina Grande,PB,Poço tubular,,-7.281389,-35.812778,50,7580,7.58,,True,2009-10-29,1980-06-01,,
2600038790,Campina Grande,PB,Poço tubular,,-7.281667,-35.810278,50,9220,9.22,,True,2009-10-29,1997-06-01,,
2600038791,Fagundes,PB,Poço tubular,,-7.338889,-35.788056,35,851,0.851,,True,2009-10-29,1998-06-01,,
2600038792,Campina Grande,PB,Poço tubular,,-7.321389,-35.763611,45,5970,5.97,,True,2009-10-29,1997-06-01,,
2600038793,Campina Grande,PB,Poço tubular,,-7.277778,-35.815,45,10550,10.55,,True,2009-10-29,1997-06-01,,
2600038794,Campina Grande,PB,Poço tubular,,-7.321389,-35.753333,40,532,0.532,,True,2009-10-29,2002-06-01,,
2600038795,Campina Grande,PB,Poço tubular,,-7.288611,-35.744722,18,8380,8.38,,True,2009-10-29,1992-04-01,,
2600038796,Campina Grande,PB,Poço tubular,,-7.299167,-36.057778,51,3020,3.02,,True,2009-10-29,1999-06-01,,
2600038798,Campina Grande,PB,Poço tubular,,-7.272778,-35.791389,50,6350,6.35,,True,2009-10-29,2000-06-01,,
2600038799,Campina Grande,PB,Poço tubular,,-7.316111,-35.834167,54,13730,13.73,,True,2009-10-29,1992-06-01,,
2600038800,Campina Grande,PB,Poço tubular,,-7.276111,-35.816944,45,9610,9.61,,True,2009-10-29,1980-06-01,,
2600038801,Campina Grande,PB,Poço tubular,,-7.255,-35.969722,49,11200,11.2,,True,2009-10-29,2003-06-01,,
2600038802,Campina Grande,PB,Poço tubular,,-7.314444,-35.766667,45,4180,4.18,,True,2009-10-29,1996-08-30,,
2600038804,Campina Grande,PB,Poço tubular,,-7.275278,-35.720833,39,1860,1.86,,True,2009-10-29,2000-10-01,,
2600038805,Campina Grande,PB,Poço tubular,,-7.210556,-36.071667,50,16630,16.63,,True,2009-10-29,2001-06-01,,
2600038806,Massaranduba,PB,Poço tubular,,-7.276111,-35.781667,80,4290,4.29,,True,2009-10-29,2000-04-01,,
2600038808,Campina Grande,PB,Poço tubular,,-7.255556,-35.879444,50,2520,2.52,,True,2009-10-29,2000-06-01,,
2600038809,Campina Grande,PB,Poço tubular,,-7.181944,-35.916111,45,2640,2.64,,True,2009-10-29,2003-07-01,,
2600038810,Campina Grande,PB,Poço tubular,,-7.294167,-35.759722,51,8120,8.12,,True,2009-10-29,1999-03-01,,
2600038813,Campina Grande,PB,Poço tubular,,-7.333333,-36.09,24,7710,7.71,,True,2009-10-29,1989-06-01,,
2600038815,Campina Grande,PB,Poço tubular,,-7.311944,-36.0725,24,2480,2.48,,True,2009-10-29,1996-06-01,,
2600038818,Campina Grande,PB,Poço tubular,,-7.255,-35.862778,52,419,0.419,,True,2009-10-29,2003-06-01,,
2600038819,Campina Grande,PB,Poço tubular,,-7.181667,-36.041944,21.45,17180,17.18,,True,2009-10-29,1961-01-01,,
2600038820,Campina Grande,PB,Poço tubular,,-7.206389,-36.017222,48,24800,24.8,,True,2009-10-29,1999-06-01,,
2600038821,Campina Grande,PB,Poço tubular,,-7.209722,-35.991389,48,12450,12.45,,True,2009-10-29,1998-06-01,,
2600038822,Campina Grande,PB,Poço tubular,,-7.220556,-35.978056,40,20000,20.0,,True,2009-10-29,1997-06-01,,
2600038823,Campina Grande,PB,Poço tubular,,-7.245556,-35.993611,40,10920,10.92,,True,2009-10-29,2000-07-16,,
2600038824,Campina Grande,PB,Poço tubular,,-7.265833,-36.094722,29.85,17560,17.56,,True,2009-10-29,1963-06-01,,
2600038825,Campina Grande,PB,Poço tubular,,-7.313611,-36.066944,45,2500,2.5,,True,2009-10-29,1999-06-01,,
2600038826,Campina Grande,PB,Poço tubular,,-7.341389,-36.092222,33,2630,2.63,,True,2009-10-29,1986-06-01,,
2600038827,Campina Grande,PB,Poço tubular,,-7.351111,-36.095556,48,2560,2.56,,True,2009-10-29,1986-06-01,,
2600038829,Campina Grande,PB,Poço tubular,,-7.300556,-36.041667,50,28600,28.6,,True,2009-10-29,2003-11-26,,
2600038830,Campina Grande,PB,Poço tubular,,-7.320833,-36.024722,50,19100,19.1,,True,2009-10-29,1992-06-01,,
2600038831,Campina Grande,PB,Poço tubular,,-7.3325,-36.0775,47,9700,9.7,,True,2009-10-29,1999-06-01,,
2600038832,Campina Grande,PB,Poço tubular,,-7.283889,-36.0125,42,10770,10.77,,True,2009-10-29,1998-06-01,,
2600038833,Campina Grande,PB,Poço tubular,,-7.242222,-36.082222,51,10560,10.56,,True,2009-10-29,1988-06-01,,
2600038834,Massaranduba,PB,Poço tubular,,-7.250833,-35.837222,46.7,2220,2.22,,True,2009-10-29,2000-06-01,,
2600038835,Campina Grande,PB,Poço tubular,,-7.284444,-35.890278,50,13950,13.95,,True,2009-10-30,1999-06-01,,
2600038836,Campina Grande,PB,Poço tubular,,-7.187778,-35.900278,46,2560,2.56,,True,2009-10-30,1995-06-01,,
2600038839,Campina Grande,PB,Poço tubular,,-7.286667,-36.020278,32,1580,1.58,,True,2009-10-30,1975-06-01,,
2600038840,Campina Grande,PB,Poço tubular,,-7.286944,-36.020556,35,1750,1.75,,True,2009-10-30,1975-06-01,,
2600038843,Campina Grande,PB,Poço tubular,,-7.3225,-35.766944,52,5430,5.43,,True,2009-10-30,1999-06-01,,
2600038844,Campina Grande,PB,Poço tubular,,-7.298889,-35.804167,46.5,5560,5.56,,True,2009-10-30,1999-09-03,,
2600038845,Campina Grande,PB,Poço tubular,,-7.210278,-36.063611,50,15130,15.13,,True,2009-10-30,2003-11-22,,
2600038846,Campina Grande,PB,Poço tubular,,-7.221944,-36.064167,48,19860,19.86,,True,2009-10-30,1988-06-01,,
2600038847,Caturité,PB,Poço tubular,,-7.367222,-36.053056,40,2900,2.9,,True,2009-10-30,2003-11-28,,
2600038848,Campina Grande,PB,Poço tubular,,-7.298611,-35.775,45,6110,6.11,,True,2009-10-30,2003-09-01,,
2600038849,Campina Grande,PB,Poço tubular,,-7.195278,-35.981389,51.55,3320,3.32,,True,2009-10-30,2000-06-01,,
2600038853,Caturité,PB,Poço tubular,,-7.368333,-36.056667,25,2580,2.58,,True,2009-10-30,2003-11-28,,
2600038854,Campina Grande,PB,Poço tubular,,-7.166111,-36.050833,2.47,22200,22.2,,True,2009-10-30,2000-06-01,,
2600038855,Campina Grande,PB,Poço tubular,,-7.285,-35.725278,51,3900,3.9,,True,2009-10-30,2000-06-05,,
2600038860,Campina Grande,PB,Poço tubular,,-7.276944,-35.832222,45,4890,4.89,,True,2009-10-30,1999-06-01,,
2600038861,Campina Grande,PB,Poço tubular,,-7.284167,-35.758056,45,7710,7.71,,True,2009-10-30,1997-12-01,,
2600038862,Gurinhém,PB,Poço tubular,,-7.135278,-35.505278,45,4710,4.71,,True,2009-11-04,2000-06-01,,
2600038863,Ingá,PB,Poço tubular,,-7.292222,-35.614167,51,5180,5.18,,True,2009-11-10,2003-12-01,,
2600038864,Ingá,PB,Poço tubular,,-7.321944,-35.585556,30,4520,4.52,,True,2009-11-10,2001-06-01,,
2600038865,Ingá,PB,Poço tubular,,-7.298611,-35.613889,50,7510,7.51,,True,2009-11-10,2003-12-01,,
2600038866,Ingá,PB,Poço tubular,,-7.204444,-35.544722,27,2670,2.67,,True,2009-11-10,1997-06-01,,
2600038868,Ingá,PB,Poço tubular,,-7.290556,-35.620556,50.05,7200,7.2,,True,2009-11-10,1983-10-01,,
2600038869,Ingá,PB,Poço tubular,,-7.263611,-35.568889,40,6100,6.1,,True,2009-11-10,2003-06-01,,
2600038870,Ingá,PB,Poço tubular,,-7.268611,-35.618056,50,11130,11.13,,True,2009-11-10,1990-06-01,,
2600038871,Ingá,PB,Poço tubular,,-7.272222,-35.616944,46,7650,7.65,,True,2009-11-10,2002-06-01,,
2600038872,Ingá,PB,Poço tubular,,-7.324722,-35.638889,36,8500,8.5,,True,2009-11-10,2000-06-01,,
2600038873,Ingá,PB,Poço tubular,,-7.290556,-35.656111,32,2800,2.8,,True,2009-11-10,2000-06-01,,
2600038874,Ingá,PB,Poço tubular,,-7.203889,-35.650556,35,1203,1.203,,True,2009-11-10,1998-06-01,,
2600038875,Ingá,PB,Poço tubular,,-7.331389,-35.697778,40,1350,1.35,,True,2009-11-10,2003-12-01,,
2600038876,Ingá,PB,Poço tubular,,-7.203056,-35.549444,40,1430,1.43,,True,2009-11-10,1991-06-01,,
2600038878,Ingá,PB,Poço tubular,,-7.303611,-35.608333,42,2260,2.26,,True,2009-11-10,1998-06-01,,
2600038879,Ingá,PB,Poço tubular,,-7.208056,-35.576111,40,881,0.881,,True,2009-11-10,2001-06-01,,
2600038880,Ingá,PB,Poço tubular,,-7.325556,-35.583611,40,4890,4.89,,True,2009-11-10,2001-06-01,,
2600038881,Ingá,PB,Poço tubular,,-7.308611,-35.646667,48,2920,2.92,,True,2009-11-10,1960-06-01,,
2600038882,Ingá,PB,Poço tubular,,-7.318056,-35.708611,40,3450,3.45,,True,2009-11-10,2003-12-02,,
2600038883,Ingá,PB,Poço tubular,,-7.31,-35.703611,30,9770,9.77,,True,2009-11-10,1975-06-01,,
2600038885,Ingá,PB,Poço tubular,,-7.326389,-35.699167,42,19180,19.18,,True,2009-11-10,1983-06-01,,
2600038886,Ingá,PB,Poço tubular,,-7.307222,-35.681944,52,6830,6.83,,True,2009-11-10,1998-06-01,,
2600038887,Ingá,PB,Poço tubular,,-7.310556,-35.626389,40,7070,7.07,,True,2009-11-10,1983-06-01,,
2600038888,Ingá,PB,Poço tubular,,-7.215278,-35.56,30,5330,5.33,,True,2009-11-10,2002-06-01,,
2600038889,Ingá,PB,Poço tubular,,-7.273611,-35.646944,36,7800,7.8,,True,2009-11-10,1983-06-01,,
2600038890,Ingá,PB,Poço tubular,,-7.186111,-35.634444,40,1320,1.32,,True,2009-11-10,1988-06-01,,
2600038893,Ingá,PB,Poço tubular,,-7.290278,-35.608611,35,2850,2.85,,True,2009-11-10,1998-06-01,,
2600038896,Ingá,PB,Poço tubular,,-7.208889,-35.562222,36,6560,6.56,,True,2009-11-10,2001-06-01,,
2600038898,Ingá,PB,Poço tubular,,-7.289167,-35.611944,60,2470,2.47,,True,2009-11-10,1984-10-01,,
2600038899,Ingá,PB,Poço tubular,,-7.307778,-35.57,28,4040,4.04,,True,2009-11-10,1992-06-01,,
2600038900,Ingá,PB,Poço tubular,,-7.2775,-35.681111,12.8,5130,5.13,,True,2009-11-12,1966-03-01,,
2600038901,Ingá,PB,Poço tubular,,-7.273056,-35.670556,26,2360,2.36,,True,2009-11-12,1966-06-01,,
2600038902,Ingá,PB,Poço tubular,,-7.275,-35.674167,19.6,5700,5.7,,True,2009-11-12,1966-06-01,,
2600038903,Ingá,PB,Poço tubular,,-7.316389,-35.716111,20,3980,3.98,,True,2009-11-12,2003-12-02,,
2600038904,Ingá,PB,Poço tubular,,-7.290833,-35.653889,40,5090,5.09,,True,2009-11-12,2001-06-01,,
2600038906,Ingá,PB,Poço tubular,,-7.298889,-35.618333,40,5030,5.03,,True,2009-11-12,1983-06-01,,
2600038907,Ingá,PB,Poço tubular,,-7.328333,-35.668056,40,3580,3.58,,True,2009-11-12,1998-06-01,,
2600038908,Ingá,PB,Poço tubular,,-7.288889,-35.615,40,5370,5.37,,True,2009-11-12,2001-06-01,,
2600038909,Ingá,PB,Poço tubular,,-7.285,-35.63,37,10100,10.1,,True,2009-11-12,2001-07-13,,
2600038910,Ingá,PB,Poço tubular,,-7.188333,-35.638333,40,2070,2.07,,True,2009-11-12,2003-12-03,,
2600038911,Ingá,PB,Poço tubular,,-7.195278,-35.630278,32.2,4550,4.55,,True,2009-11-12,2002-06-01,,
2600038912,Ingá,PB,Poço tubular,,-7.192222,-35.644167,28,668,0.668,,True,2009-11-12,2002-06-01,,
2600038913,Ingá,PB,Poço tubular,,-7.209444,-35.661111,30,1620,1.62,,True,2009-11-12,2001-06-01,,
2600038915,Ingá,PB,Poço tubular,,-7.207222,-35.633056,47,2240,2.24,,True,2009-11-12,2001-06-01,,
2600038916,Ingá,PB,Poço tubular,,-7.2325,-35.626667,46,7710,7.71,,True,2009-11-12,2001-06-01,,
2600038917,Juarez Távora,PB,Poço tubular,,-7.1875,-35.5775,22,6610,6.61,,True,2009-11-12,2003-12-09,,
2600038918,Ingá,PB,Poço tubular,,-7.211944,-35.570278,50,5390,5.39,,True,2009-11-12,1985-01-01,,
2600038919,Ingá,PB,Poço tubular,,-7.261667,-35.559167,35,745,0.745,,True,2009-11-12,2002-01-01,,
2600038921,Riachão do Bacamarte,PB,Poço tubular,,-7.222222,-35.643056,50,4260,4.26,,True,2009-11-12,2002-06-01,,
2600038922,Ingá,PB,Poço tubular,,-7.275833,-35.652222,35,2350,2.35,,True,2009-11-12,1993-09-01,,
2600038924,Ingá,PB,Poço tubular,,-7.263611,-35.596667,50,5670,5.67,,True,2009-11-12,2003-12-05,,
2600038925,Juarez Távora,PB,Poço tubular,,-7.136389,-35.591944,50,3250,3.25,,True,2009-11-13,1996-06-01,,
2600038928,Juarez Távora,PB,Poço tubular,,-7.126111,-35.533889,50,9960,9.96,,True,2009-11-13,1993-06-01,,
2600038930,Juarez Távora,PB,Poço tubular,,-7.140833,-35.565833,30,4830,4.83,,True,2009-11-13,1998-09-01,,
2600038931,Gurinhém,PB,Poço tubular,,-7.18,-35.481389,40,3400,3.4,,True,2009-11-13,2004-06-01,,
2600038932,Juarez Távora,PB,Poço tubular,,-7.174167,-35.588889,55,3170,3.17,,True,2009-11-13,1970-06-01,,
2600038934,Juarez Távora,PB,Poço tubular,,-7.146111,-35.54,45,2300,2.3,,True,2009-11-17,1998-06-01,,
2600038936,Juarez Távora,PB,Poço tubular,,-7.151111,-35.613056,33,4020,4.02,,True,2009-11-17,2001-06-01,,
2600038937,Juarez Távora,PB,Poço tubular,,-7.174722,-35.538333,30,3800,3.8,,True,2009-11-17,1994-06-01,,
2600038940,Gurinhém,PB,Poço tubular,,-7.190556,-35.4875,50,9760,9.76,,True,2009-11-17,2001-10-01,,
2600038941,Ingá,PB,Poço tubular,,-7.204167,-35.591111,47,4940,4.94,,True,2009-11-17,2002-06-01,,
2600038942,Gurinhém,PB,Poço tubular,,-7.188056,-35.510833,22,3540,3.54,,True,2009-11-17,2004-06-01,,
2600038944,Gurinhém,PB,Poço tubular,,-7.1925,-35.5025,27,3120,3.12,,True,2009-11-17,2004-03-01,,
2600038952,Juarez Távora,PB,Poço tubular,,-7.147778,-35.558056,40,3210,3.21,,True,2009-11-17,2001-06-01,,
2600038954,Juarez Távora,PB,Poço tubular,,-7.138056,-35.544167,33,3160,3.16,,True,2009-11-17,2000-06-01,,
2600038955,Juarez Távora,PB,Poço tubular,,-7.17,-35.589722,55,9590,9.59,,True,2009-11-17,1999-06-01,,
2600038956,Gurinhém,PB,Poço tubular,,-7.142222,-35.496944,50,5660,5.66,,True,2009-11-17,2004-01-16,,
2600038958,Lagoa Seca,PB,Poço tubular,,-7.143056,-35.896389,24,2430,2.43,,True,2009-11-19,1998-09-01,,
2600038960,Lagoa Seca,PB,Poço tubular,,-7.1525,-35.860278,19,270,0.27,,True,2009-11-19,2003-12-04,,
2600038964,Lagoa Seca,PB,Poço tubular,,-7.171667,-35.869444,48,280,0.28,,True,2009-11-19,2001-11-10,,
2600038967,Lagoa Seca,PB,Poço tubular,,-7.154722,-35.903889,47,926,0.926,,True,2009-11-19,2003-06-01,,
2600038968,Lagoa Seca,PB,Poço tubular,,-7.153611,-35.904167,28,860,0.86,,True,2009-11-19,2003-11-18,,
2600038969,Lagoa Seca,PB,Poço tubular,,-7.165833,-35.854722,18,585,0.585,,True,2009-11-19,2003-12-03,,
2600038970,Lagoa Seca,PB,Poço tubular,,-7.168889,-35.846667,32,808,0.808,,True,2009-11-19,2003-10-16,,
2600038978,Lagoa Seca,PB,Poço tubular,,-7.161111,-35.853333,60,498,0.498,,True,2009-11-19,2003-12-03,,
2600038982,Lagoa Seca,PB,Poço tubular,,-7.157222,-35.905,40,807,0.807,,True,2009-11-20,1996-06-01,,
2600038983,Lagoa Seca,PB,Poço tubular,,-7.153889,-35.904444,40,1495,1.495,,True,2009-11-20,2003-12-06,,
2600038984,Lagoa Seca,PB,Poço tubular,,-7.170833,-35.846944,50,545,0.545,,True,2009-11-20,2000-02-18,,
2600038989,Lagoa Seca,PB,Poço tubular,,-7.162222,-35.848889,50,546,0.546,,True,2009-11-24,1998-01-01,,
2600038991,Lagoa Seca,PB,Poço tubular,,-7.156111,-35.849444,45,2180,2.18,,True,2009-11-24,1993-06-01,,
2600038992,Lagoa Seca,PB,Poço tubular,,-7.161944,-35.848889,50,542,0.542,,True,2009-11-24,1998-01-01,,
2600038994,Lagoa Seca,PB,Poço tubular,,-7.165278,-35.906667,53,2490,2.49,,True,2009-11-24,2003-12-06,,
2600038995,Lagoa Seca,PB,Poço tubular,,-7.155556,-35.899444,49,782,0.782,,True,2009-11-24,2003-09-22,,
2600038998,Lagoa Seca,PB,Poço tubular,,-7.14,-35.856667,50,648,0.648,,True,2009-11-25,2000-06-01,,
2600038999,Lagoa Seca,PB,Poço tubular,,-7.139167,-35.859167,50,1290,1.29,,True,2009-11-25,2000-06-01,,
2600039000,Lagoa Seca,PB,Poço tubular,,-7.139722,-35.859722,50,1273,1.273,,True,2009-11-25,2000-06-01,,
2600039002,Lagoa Seca,PB,Poço tubular,,-7.152222,-35.844444,41,828,0.828,,True,2009-11-25,2003-05-06,,
2600039007,Lagoa Seca,PB,Poço tubular,,-7.170556,-35.864444,50,1843,1.843,,True,2009-11-26,2003-12-04,,
2600039008,Lagoa Seca,PB,Poço tubular,,-7.153056,-35.862778,39,799,0.799,,True,2009-11-26,1998-10-01,,
2600039009,Lagoa Seca,PB,Poço tubular,,-7.153056,-35.8625,42,431,0.431,,True,2009-11-26,1998-12-01,,
2600039013,Lagoa Seca,PB,Poço tubular,,-7.177778,-35.855,35,3000,3.0,,True,2009-11-26,1997-06-01,,
2600039015,Lagoa Seca,PB,Poço tubular,,-7.1375,-35.893611,51.8,1156,1.156,,True,2009-11-26,2003-09-29,,
2600039016,Lagoa Seca,PB,Poço tubular,,-7.175278,-35.835,40,777,0.777,,True,2009-11-26,2003-06-01,,
2600039018,Lagoa Seca,PB,Poço tubular,,-7.158056,-35.915,50,888,0.888,,True,2009-11-26,2003-12-06,,
2600039019,Lagoa Seca,PB,Poço tubular,,-7.1525,-35.862222,16,291,0.291,,True,2009-11-26,2003-12-04,,
2600039020,Lagoa Seca,PB,Poço tubular,,-7.105556,-35.890278,13.4,12910,12.91,,True,2009-11-26,2003-12-06,,
2600039021,Lagoa Seca,PB,Poço tubular,,-7.156944,-35.896944,49,566,0.566,,True,2009-11-26,2003-12-06,,
2600039027,Lagoa Seca,PB,Poço tubular,,-7.163056,-35.836389,40,1285,1.285,,True,2009-11-26,1999-09-01,,
2600039028,Lagoa Seca,PB,Poço tubular,,-7.161944,-35.835556,50,1722,1.722,,True,2009-11-26,2003-12-05,,
2600039033,Lagoa Seca,PB,Poço tubular,,-7.158611,-35.914167,53,591,0.591,,True,2009-11-26,2003-12-06,,
2600039034,Lagoa Seca,PB,Poço tubular,,-7.171111,-35.849167,33,1157,1.157,,True,2009-11-26,2003-09-03,,
2600039035,Lagoa Seca,PB,Poço tubular,,-7.148611,-35.811389,50,714,0.714,,True,2009-11-26,2001-10-29,,
2600039036,Lagoa Seca,PB,Poço tubular,,-7.148333,-35.811389,50,692,0.692,,True,2009-11-26,2000-06-01,,
2600039039,Lagoa Seca,PB,Poço tubular,,-7.161944,-35.854444,60,598,0.598,,True,2009-11-26,1982-07-23,,
2600039042,Lagoa Seca,PB,Poço tubular,,-7.159722,-35.856389,50,887,0.887,,True,2009-11-26,2003-12-03,,
2600039044,Lagoa Seca,PB,Poço tubular,,-7.171111,-35.83,62,2350,2.35,,True,2009-11-26,1984-04-04,,
2600039046,Lagoa Seca,PB,Poço tubular,,-7.162778,-35.8575,10,684,0.684,,True,2009-11-26,2003-12-03,,
2600039047,Lagoa Seca,PB,Poço tubular,,-7.151667,-35.8575,30,447,0.447,,True,2009-11-26,2003-12-04,,
2600039049,Lagoa Seca,PB,Poço tubular,,-7.144722,-35.865,50,747,0.747,,True,2009-11-26,2003-12-05,,
2600039050,Lagoa Seca,PB,Poço tubular,,-7.153611,-35.866111,6,344,0.344,,True,2009-11-26,1984-10-01,,
2600039055,Lagoa Seca,PB,Poço tubular,,-7.165278,-35.910556,42,2190,2.19,,True,2009-11-26,1998-10-30,,
2600039057,Lagoa Seca,PB,Poço tubular,,-7.170278,-35.847222,50,485,0.485,,True,2009-11-26,1990-11-01,,
2600039058,Lagoa Seca,PB,Poço tubular,,-7.156667,-35.907778,38,760,0.76,,True,2009-11-26,2003-12-06,,
2600039059,Lagoa Seca,PB,Poço tubular,,-7.173333,-35.863611,50,969,0.969,,True,2009-11-26,2003-12-03,,
2600039060,Lagoa Seca,PB,Poço tubular,,-7.135,-35.8625,45,1766,1.766,,True,2009-11-26,2003-06-01,,
2600039062,Massaranduba,PB,Poço tubular,,-7.241111,-35.708333,60,1979,1.979,,True,2009-11-27,1984-03-04,,
2600039063,Massaranduba,PB,Poço tubular,,-7.184444,-35.738889,50,1874,1.874,,True,2009-11-27,1998-12-10,,
2600039064,Massaranduba,PB,Poço tubular,,-7.266389,-35.72,51,1986,1.986,,True,2009-11-27,2003-12-03,,
2600039066,Massaranduba,PB,Poço tubular,,-7.186389,-35.740556,31,940,0.94,,True,2009-11-27,1998-11-12,,
2600039067,Massaranduba,PB,Poço tubular,,-7.125556,-35.730833,28.7,3840,3.84,,True,2009-11-27,1998-05-01,,
2600039068,Massaranduba,PB,Poço tubular,,-7.1575,-35.696944,43,994,0.994,,True,2009-11-27,1999-06-01,,
2600039069,Massaranduba,PB,Poço tubular,,-7.256389,-35.714167,37,3600,3.6,,True,2009-11-27,2000-06-01,,
2600039071,Matinhas,PB,Poço tubular,,-7.150833,-35.784444,45,3090,3.09,,True,2009-11-27,2000-06-01,,
2600039073,Massaranduba,PB,Poço tubular,,-7.169722,-35.764444,50,667,0.667,,True,2009-11-27,1999-06-01,,
2600039076,Massaranduba,PB,Poço tubular,,-7.200833,-35.724722,50,5430,5.43,,True,2009-11-27,1998-06-01,,
2600039077,Massaranduba,PB,Poço tubular,,-7.159722,-35.703889,50,1121,1.121,,True,2009-11-27,2000-06-01,,
2600039078,Massaranduba,PB,Poço tubular,,-7.160556,-35.704722,47.55,7220,7.22,,True,2009-11-27,1998-11-12,,
2600039080,Lagoa Seca,PB,Poço tubular,,-7.164167,-35.8125,45.3,45500,45.5,,True,2009-11-27,2000-06-01,,
2600039081,Massaranduba,PB,Poço tubular,,-7.270278,-35.726389,25.35,728,0.728,,True,2009-11-27,2003-11-26,,
2600039085,Massaranduba,PB,Poço tubular,,-7.149722,-35.69,34.5,1837,1.837,,True,2009-11-27,2000-06-01,,
2600039086,Massaranduba,PB,Poço tubular,,-7.161111,-35.786389,50,1805,1.805,,True,2009-11-27,1998-06-01,,
2600039087,Massaranduba,PB,Poço tubular,,-7.138333,-35.740833,0.5,6460,6.46,,True,2009-11-27,2001-06-01,,
2600039088,Massaranduba,PB,Poço tubular,,-7.201111,-35.739167,45,2040,2.04,,True,2009-11-27,1995-06-01,,
2600039089,Massaranduba,PB,Poço tubular,,-7.116667,-35.723333,52,1874,1.874,,True,2009-11-27,2004-12-02,,
2600039092,Massaranduba,PB,Poço tubular,,-7.166389,-35.74,50,3930,3.93,,True,2009-11-27,1993-06-01,,
2600039094,Massaranduba,PB,Poço tubular,,-7.156944,-35.744444,45,8540,8.54,,True,2009-11-27,1993-06-01,,
2600039095,Massaranduba,PB,Poço tubular,,-7.201111,-35.7125,48,3110,3.11,,True,2009-11-27,1998-06-01,,
2600039096,Massaranduba,PB,Poço tubular,,-7.205,-35.705833,45,9720,9.72,,True,2009-11-27,1998-06-01,,
2600039097,Massaranduba,PB,Poço tubular,,-7.129444,-35.719722,50,3720,3.72,,True,2009-11-27,1996-06-01,,
2600039098,Massaranduba,PB,Poço tubular,,-7.262222,-35.715278,50,2490,2.49,,True,2009-11-27,1985-06-01,,
2600039101,Serra Redonda,PB,Poço tubular,,-7.191667,-35.668889,35,1215,1.215,,True,2009-12-09,1993-06-01,,
2600039103,Serra Redonda,PB,Poço tubular,,-7.165,-35.69,45,543,0.543,,True,2009-12-09,2001-06-01,,
2600039104,Serra Redonda,PB,Poço tubular,,-7.158611,-35.682222,17.56,2500,2.5,,True,2009-12-09,1999-06-01,,
2600039105,Serra Redonda,PB,Poço tubular,,-7.191389,-35.680556,4.77,3600,3.6,,True,2009-12-09,1998-06-01,,
2600039107,Serra Redonda,PB,Poço tubular,,-7.201667,-35.676944,40,2510,2.51,,True,2009-12-09,1999-06-01,,
2600039112,Serra Redonda,PB,Poço tubular,,-7.153611,-35.673333,50,860,0.86,,True,2009-12-09,2001-06-01,,
2600039113,Serra Redonda,PB,Poço tubular,,-7.199444,-35.692222,48,4040,4.04,,True,2009-12-09,1999-01-12,,
2600039117,Serra Redonda,PB,Poço tubular,,-7.179167,-35.686667,35.73,8460,8.46,,True,2009-12-09,1997-06-01,,
2600039119,Serra Redonda,PB,Poço tubular,,-7.176944,-35.661944,36,879,0.879,,True,2009-12-09,1996-06-01,,
2600039120,Serra Redonda,PB,Poço tubular,,-7.173611,-35.641667,7.36,938,0.938,,True,2009-12-09,1996-06-01,,
2600039121,Serra Redonda,PB,Poço tubular,,-7.1775,-35.625833,36,1146,1.146,,True,2009-12-09,1996-06-01,,
2600039126,Serra Redonda,PB,Poço tubular,,-7.163056,-35.655,26,4470,4.47,,True,2009-12-09,1998-06-01,,
2600039127,Serra Redonda,PB,Poço tubular,,-7.164444,-35.673611,44.1,889,0.889,,True,2009-12-09,2001-06-01,,
2600039128,Serra Redonda,PB,Poço tubular,,-7.158611,-35.675278,48,2140,2.14,,True,2009-12-09,2001-06-01,,
2600039130,Serra Redonda,PB,Poço tubular,,-7.145,-35.659167,28.84,7250,7.25,,True,2009-12-09,2003-12-01,,
2600039134,Serra Redonda,PB,Poço tubular,,-7.164722,-35.610833,45,3950,3.95,,True,2009-12-09,1999-06-01,,
2600039141,Olivedos,PB,Poço tubular,,-6.995278,-36.260833,50,19080,19.08,,True,2009-12-11,1981-08-01,,
2600039143,Olivedos,PB,Poço tubular,,-6.984444,-36.301389,33.5,11630,11.63,,True,2009-12-11,2003-11-04,,
2600039145,Olivedos,PB,Poço tubular,,-6.967222,-36.264167,34,32700,32.7,,True,2009-12-11,2003-12-04,,
2600039146,Olivedos,PB,Poço tubular,,-6.91,-36.246111,30,4700,4.7,,True,2009-12-11,2003-12-03,,
2600039148,Olivedos,PB,Poço tubular,,-6.890278,-36.240278,20,12550,12.55,,True,2009-12-11,1968-01-01,,
2600039151,Olivedos,PB,Poço tubular,,-6.885,-36.2325,40,2120,2.12,,True,2009-12-11,2003-12-03,,
2600039153,Olivedos,PB,Poço tubular,,-6.928611,-36.204167,43,24900,24.9,,True,2009-12-11,1983-08-13,,
2600039155,Olivedos,PB,Poço tubular,,-6.892778,-36.235,12,7260,7.26,,True,2009-12-11,1993-06-01,,
2600039157,Olivedos,PB,Poço tubular,,-6.945833,-36.321111,50,6390,6.39,,True,2009-12-11,1994-08-01,,
2600039159,Olivedos,PB,Poço tubular,,-7.078889,-36.2525,5.6,1276,1.276,,True,2009-12-11,1970-01-01,,
2600039160,Olivedos,PB,Poço tubular,,-7.081389,-36.27,50,21000,21.0,,True,2009-12-11,1993-03-05,,
2600039161,Olivedos,PB,Poço tubular,,-6.972222,-36.295556,14.3,7970,7.97,,True,2009-12-11,2003-12-04,,
2600039162,Olivedos,PB,Poço tubular,,-6.93,-36.24,40,21100,21.1,,True,2009-12-11,1983-10-05,,
2600039163,Olivedos,PB,Poço tubular,,-6.992222,-36.245278,43,22700,22.7,,True,2009-12-11,2003-12-02,,
2600039165,Olivedos,PB,Poço tubular,,-6.909444,-36.208056,30,4780,4.78,,True,2009-12-11,1993-03-09,,
2600039166,Olivedos,PB,Poço tubular,,-6.985,-36.225833,25,9060,9.06,,True,2009-12-11,1977-02-01,,
2600039167,Olivedos,PB,Poço tubular,,-6.933611,-36.228333,49,2990,2.99,,True,2009-12-11,2003-08-25,,
2600039169,Olivedos,PB,Poço tubular,,-6.946389,-36.219167,35,31900,31.9,,True,2009-12-11,1967-06-01,,
2600039171,Olivedos,PB,Poço tubular,,-6.997222,-36.236944,52,12480,12.48,,True,2009-12-11,2001-09-03,,
2600039172,Olivedos,PB,Poço tubular,,-7.023333,-36.201389,36,10430,10.43,,True,2009-12-11,2002-06-01,,
2600039173,Picuí,PB,Poço tubular,,-6.541667,-36.444167,50,9260,9.26,,True,2009-12-14,2002-08-01,,
2600039175,Itabaiana,PB,Poço tubular,,-7.389167,-35.327778,43,9510,9.51,,True,2009-12-14,2009-10-14,,
2600039176,Itabaiana,PB,Poço tubular,,-7.373889,-35.345556,50,8510,8.51,,True,2009-12-14,1997-06-01,,
2600039177,Itabaiana,PB,Poço tubular,,-7.371389,-35.336944,30,4350,4.35,,True,2009-12-14,1997-06-01,,
2600039181,Itabaiana,PB,Poço tubular,,-7.365,-35.33,50,6730,6.73,,True,2009-12-14,2009-10-15,,
2600039183,Itabaiana,PB,Poço tubular,,-7.384167,-35.317222,50,9690,9.69,,True,2009-12-14,2009-10-15,,
2600039184,Itabaiana,PB,Poço tubular,,-7.388333,-35.321944,50,6580,6.58,,True,2009-12-14,2009-10-15,,
2600039188,Itabaiana,PB,Poço tubular,,-7.369722,-35.351944,52,2470,2.47,,True,2009-12-14,2006-06-01,,
2600039189,Itabaiana,PB,Poço tubular,,-7.339722,-35.331667,50,3470,3.47,,True,2009-12-14,2006-06-01,,
2600039195,Juripiranga,PB,Poço tubular,,-7.379722,-35.193889,52,150.4,0.1504,,True,2009-12-14,2004-06-01,,
2600039196,Juripiranga,PB,Poço tubular,,-7.373056,-35.194167,53,178.8,0.17880000000000001,,True,2009-12-14,2004-06-01,,
2600039197,Pilar,PB,Poço tubular,,-7.252778,-35.266111,54,395,0.395,,True,2009-12-16,2003-06-01,,
2600039198,Pilar,PB,Poço tubular,,-7.252778,-35.265556,62,331,0.331,,True,2009-12-16,2003-06-01,,
2600039199,Pilar,PB,Poço tubular,,-7.243889,-35.285,25,925,0.925,,True,2009-12-16,1997-06-01,,
2600039200,Pilar,PB,Poço tubular,,-7.239167,-35.282778,46,930,0.93,,True,2009-12-16,2009-10-20,,
2600039201,Pilar,PB,Poço tubular,,-7.300556,-35.266389,40,1638,1.638,,True,2009-12-16,2007-06-01,,
2600039202,Pilar,PB,Poço tubular,,-7.318889,-35.259444,50,328,0.328,,True,2009-12-16,2007-06-01,,
2600039203,Pilar,PB,Poço tubular,,-7.292778,-35.233056,35,280,0.28,,True,2009-12-16,2006-06-01,,
2600039204,Pilar,PB,Poço tubular,,-7.256111,-35.253056,30,437,0.437,,True,2009-12-16,2005-06-01,,
2600039205,Salgado de São Félix,PB,Poço tubular,,-7.3925,-35.458611,25,16620,16.62,,True,2009-12-16,1999-06-01,,
2600039206,Salgado de São Félix,PB,Poço tubular,,-7.401944,-35.455278,45,8330,8.33,,True,2009-12-16,1999-06-01,,
2600039207,Salgado de São Félix,PB,Poço tubular,,-7.391111,-35.472222,25,2980,2.98,,True,2009-12-16,1999-06-01,,
2600039214,Salgado de São Félix,PB,Poço tubular,,-7.3825,-35.440556,35,5640,5.64,,True,2009-12-16,1997-06-01,,
2600039218,Salgado de São Félix,PB,Poço tubular,,-7.426111,-35.408889,45,2870,2.87,,True,2009-12-16,1987-06-01,,
2600039219,Salgado de São Félix,PB,Poço tubular,,-7.384444,-35.416111,18,3840,3.84,,True,2009-12-16,2006-06-01,,
2600039220,Salgado de São Félix,PB,Poço tubular,,-7.383056,-35.415278,50,2690,2.69,,True,2009-12-16,2008-06-01,,
2600039224,Mogeiro,PB,Poço tubular,,-7.329722,-35.495556,23,4110,4.11,,True,2009-12-16,1993-06-01,,
2600039226,Mogeiro,PB,Poço tubular,,-7.299444,-35.475833,1,7980,7.98,,True,2009-12-16,2009-10-29,,
2600039231,Gurinhém,PB,Poço tubular,,-7.231944,-35.485,40,1824,1.824,,True,2009-12-16,2009-10-29,,
2600039233,Mogeiro,PB,Poço tubular,,-7.2975,-35.485,39.6,10730,10.73,,True,2009-12-16,2008-01-13,,
2600039234,Mogeiro,PB,Poço tubular,,-7.3,-35.486944,58.8,2490,2.49,,True,2009-12-16,2008-01-18,,
2600039235,Mogeiro,PB,Poço tubular,,-7.311111,-35.449444,49.5,13580,13.58,,True,2009-12-16,2008-01-14,,
2600039237,São José dos Ramos,PB,Poço tubular,,-7.253056,-35.346389,23,2410,2.41,,True,2009-12-16,2009-10-30,,
2600039241,São José dos Ramos,PB,Poço tubular,,-7.245278,-35.305556,17,642,0.642,,True,2009-12-16,2009-10-30,,
2600039242,São José dos Ramos,PB,Poço tubular,,-7.245833,-35.372778,27,1075,1.075,,True,2009-12-16,2009-10-30,,
2600039243,São José dos Ramos,PB,Poço tubular,,-7.259444,-35.4,49,3810,3.81,,True,2009-12-16,2009-10-30,,
2600039244,São José dos Ramos,PB,Poço tubular,,-7.246389,-35.423333,37,3820,3.82,,True,2009-12-16,2006-06-01,,
2600039245,Mogeiro,PB,Poço tubular,,-7.248889,-35.533056,40,3600,3.6,,True,2009-12-22,1998-06-01,,
2600039246,Mogeiro,PB,Poço tubular,,-7.313056,-35.470556,30,12560,12.56,,True,2009-12-22,1999-06-01,,
2600039247,Gurinhém,PB,Poço tubular,,-7.215278,-35.486944,27,3480,3.48,,True,2009-12-22,2004-08-01,,
2600039249,Gurinhém,PB,Poço tubular,,-7.201944,-35.515278,36,5270,5.27,,True,2009-12-22,2001-08-01,,
2600039250,Mogeiro,PB,Poço tubular,,-7.301667,-35.521667,40,7480,7.48,,True,2009-12-22,2000-06-01,,
2600039251,Mogeiro,PB,Poço tubular,,-7.299444,-35.521389,13.95,4450,4.45,,True,2009-12-22,1999-06-01,,
2600039252,Gurinhém,PB,Poço tubular,,-7.203333,-35.491667,15,2090,2.09,,True,2009-12-22,1996-01-01,,
2600039254,Itatuba,PB,Poço tubular,,-7.394167,-35.536111,30,7740,7.74,,True,2009-12-22,2003-03-01,,
2600039255,Mogeiro,PB,Poço tubular,,-7.231667,-35.512222,34,3350,3.35,,True,2009-12-22,2004-11-01,,
2600039259,Mogeiro,PB,Poço tubular,,-7.308333,-35.477222,45,11280,11.28,,True,2009-12-22,2000-06-01,,
2600039260,Gurinhém,PB,Poço tubular,,-7.191389,-35.478611,18,1679,1.679,,True,2009-12-22,1995-03-01,,
2600039261,Gurinhém,PB,Poço tubular,,-7.253056,-35.450556,25,2430,2.43,,True,2009-12-22,1997-06-01,,
2600039262,Gurinhém,PB,Poço tubular,,-7.253333,-35.452222,30,9740,9.74,,True,2009-12-22,1996-06-01,,
2600039265,Mogeiro,PB,Poço tubular,,-7.317222,-35.466667,35,10810,10.81,,True,2009-12-22,1999-06-01,,
2600039266,Mogeiro,PB,Poço tubular,,-7.318333,-35.444167,37,7360,7.36,,True,2009-12-22,2000-06-01,,
2600039267,Mogeiro,PB,Poço tubular,,-7.269722,-35.541667,45,620,0.62,,True,2009-12-22,1998-03-01,,
2600039268,Gurinhém,PB,Poço tubular,,-7.203889,-35.511667,36,4640,4.64,,True,2009-12-22,2001-06-01,,
2600039270,Mogeiro,PB,Poço tubular,,-7.224722,-35.511944,48,3080,3.08,,True,2009-12-22,2002-10-01,,
2600039271,Gurinhém,PB,Poço tubular,,-7.2075,-35.489444,44.5,3970,3.97,,True,2009-12-22,1994-06-01,,
2600039273,Mogeiro,PB,Poço tubular,,-7.301944,-35.552222,60,2680,2.68,,True,2009-12-22,1983-06-01,,
2600039274,Mogeiro,PB,Poço tubular,,-7.311111,-35.556389,39,5800,5.8,,True,2009-12-22,1999-06-01,,
2600039276,Mogeiro,PB,Poço tubular,,-7.300278,-35.495,45,12430,12.43,,True,2009-12-22,2003-12-01,,
2600039277,Mogeiro,PB,Poço tubular,,-7.258889,-35.553056,50,3590,3.59,,True,2009-12-22,1999-06-01,,
2600039278,Mogeiro,PB,Poço tubular,,-7.321944,-35.550278,33.55,878,0.878,,True,2009-12-22,2003-03-01,,
2600039279,Gurinhém,PB,Poço tubular,,-7.203889,-35.498611,26,3080,3.08,,True,2009-12-22,2002-06-01,,
2600039280,Mogeiro,PB,Poço tubular,,-7.313611,-35.405278,52,1259,1.259,,True,2009-12-22,1999-06-01,,
2600039281,Mogeiro,PB,Poço tubular,,-7.214722,-35.509167,50,5830,5.83,,True,2009-12-22,1998-11-26,,
2600039284,Mogeiro,PB,Poço tubular,,-7.314444,-35.436389,24.2,3020,3.02,,True,2009-12-22,1974-07-01,,
2600039285,Mogeiro,PB,Poço tubular,,-7.258056,-35.483611,50,5630,5.63,,True,2009-12-22,1993-12-01,,
2600039286,Gurinhém,PB,Poço tubular,,-7.200278,-35.497778,36,1054,1.054,,True,2009-12-22,2002-06-01,,
2600039287,Mogeiro,PB,Poço tubular,,-7.295,-35.506389,40,3550,3.55,,True,2009-12-22,1977-09-01,,
2600039288,Mogeiro,PB,Poço tubular,,-7.329444,-35.495556,30,11390,11.39,,True,2009-12-22,1993-12-01,,
2600039289,Mogeiro,PB,Poço tubular,,-7.313889,-35.4725,45,12990,12.99,,True,2009-12-22,1989-06-01,,
2600039290,Mogeiro,PB,Poço tubular,,-7.293889,-35.529444,37,1619,1.619,,True,2009-12-22,1997-06-01,,
2600039291,Mogeiro,PB,Poço tubular,,-7.223611,-35.5025,21,1334,1.334,,True,2009-12-22,1997-09-01,,
2600039292,Mogeiro,PB,Poço tubular,,-7.29,-35.494444,48,5010,5.01,,True,2009-12-22,1984-06-01,,
2600039295,Mogeiro,PB,Poço tubular,,-7.309444,-35.479444,30,8960,8.96,,True,2009-12-22,1999-06-01,,
2600039296,Mogeiro,PB,Poço tubular,,-7.313333,-35.486667,50,5030,5.03,,True,2009-12-22,1999-06-01,,
2600039297,Mogeiro,PB,Poço tubular,,-7.21,-35.511111,45,5910,5.91,,True,2009-12-22,1980-06-01,,
2600039299,Mogeiro,PB,Poço tubular,,-7.246389,-35.518056,38,3410,3.41,,True,2009-12-22,1999-06-01,,
2600039300,Mogeiro,PB,Poço tubular,,-7.2525,-35.5275,28,3780,3.78,,True,2009-12-22,1993-12-01,,
2600039301,Mogeiro,PB,Poço tubular,,-7.271944,-35.528611,28,1680,1.68,,True,2009-12-22,1993-12-01,,
2600039303,Gurinhém,PB,Poço tubular,,-7.231944,-35.485278,50,2470,2.47,,True,2009-12-23,2000-06-01,,
2600039304,Gurinhém,PB,Poço tubular,,-7.226389,-35.487778,50,3110,3.11,,True,2009-12-23,2000-06-01,,
2600039305,Mogeiro,PB,Poço tubular,,-7.214167,-35.504444,48,5280,5.28,,True,2009-12-23,1998-08-21,,
2600039306,Serra Branca,PB,Poço tubular,,-7.586944,-36.806389,46,4730,4.73,,True,2010-01-22,2003-07-01,,
2600039307,Serra Branca,PB,Poço tubular,,-7.621111,-36.7375,50,3240,3.24,,True,2010-01-22,2003-12-01,,
2600039308,Serra Branca,PB,Poço tubular,,-7.454167,-36.601111,50,4070,4.07,,True,2010-01-22,1985-06-01,,
2600039309,Serra Branca,PB,Poço tubular,,-7.487778,-36.616389,45,5050,5.05,,True,2010-01-22,1999-08-01,,
2600039310,Serra Branca,PB,Poço tubular,,-7.486944,-36.616667,45,6830,6.83,,True,2010-01-22,2003-12-02,,
2600039311,Serra Branca,PB,Poço tubular,,-7.675278,-36.759444,50,929,0.929,,True,2010-01-22,2003-12-02,,
2600039312,Serra Branca,PB,Poço tubular,,-7.451944,-36.611944,37,10450,10.45,,True,2010-01-22,2003-06-07,,
2600039314,Serra Branca,PB,Poço tubular,,-7.451389,-36.671944,45,2080,2.08,,True,2010-01-22,2003-06-03,,
2600039315,Serra Branca,PB,Poço tubular,,-7.506944,-36.598333,51,1077,1.077,,True,2010-01-22,2003-12-01,,
2600039316,Serra Branca,PB,Poço tubular,,-7.5,-36.643611,50,1542,1.542,,True,2010-01-22,2001-06-01,,
2600039318,Serra Branca,PB,Poço tubular,,-7.488611,-36.651389,40,1913,1.913,,True,2010-01-22,2003-12-05,,
2600039319,Coxixola,PB,Poço tubular,,-7.676389,-36.694722,43,3440,3.44,,True,2010-01-22,2000-06-01,,
2600039321,Serra Branca,PB,Poço tubular,,-7.6075,-36.824167,50,1221,1.221,,True,2010-01-22,2002-06-01,,
2600039322,Serra Branca,PB,Poço tubular,,-7.446667,-36.609444,45,8380,8.38,,True,2010-01-22,1993-04-24,,
2600039323,Serra Branca,PB,Poço tubular,,-7.486944,-36.645278,50,739,0.739,,True,2010-01-22,1999-06-01,,
2600039324,Serra Branca,PB,Poço tubular,,-7.491111,-36.663056,50,6340,6.34,,True,2010-01-22,2000-06-01,,
2600039325,Serra Branca,PB,Poço tubular,,-7.621667,-36.778056,50,836,0.836,,True,2010-01-22,2003-06-01,,
2600039326,Serra Branca,PB,Poço tubular,,-7.500278,-36.638889,40,1971,1.971,,True,2010-01-22,2003-12-03,,
2600039327,Serra Branca,PB,Poço tubular,,-7.638889,-36.745278,32,1602,1.602,,True,2010-01-22,1998-06-01,,
2600039329,Serra Branca,PB,Poço tubular,,-7.588333,-36.818333,27,5230,5.23,,True,2010-01-22,2003-12-03,,
2600039330,Serra Branca,PB,Poço tubular,,-7.495833,-36.667222,37,2450,2.45,,True,2010-01-22,2000-06-01,,
2600039331,Serra Branca,PB,Poço tubular,,-7.5,-36.674444,29,1334,1.334,,True,2010-01-22,2003-12-04,,
2600039332,Serra Branca,PB,Poço tubular,,-7.451389,-36.673611,42,1891,1.891,,True,2010-01-22,1999-02-07,,
2600039333,Serra Branca,PB,Poço tubular,,-7.480278,-36.660278,44,1975,1.975,,True,2010-01-22,2003-12-05,,
2600039335,Serra Branca,PB,Poço tubular,,-7.544722,-36.633611,42,3750,3.75,,True,2010-01-25,2002-10-01,,
2600039336,Serra Branca,PB,Poço tubular,,-7.503333,-36.640556,35,1369,1.369,,True,2010-01-25,2002-10-01,,
2600039337,Serra Branca,PB,Poço tubular,,-7.599167,-36.784444,45,1248,1.248,,True,2010-01-25,2000-06-01,,
2600039338,Serra Branca,PB,Poço tubular,,-7.545,-36.652222,40,2280,2.28,,True,2010-01-25,2003-12-04,,
2600039339,Coxixola,PB,Poço tubular,,-7.645,-36.667222,38,3970,3.97,,True,2010-01-25,2000-06-01,,
2600039340,Serra Branca,PB,Poço tubular,,-7.510278,-36.652222,40,2950,2.95,,True,2010-01-25,2003-12-03,,
2600039341,Serra Branca,PB,Poço tubular,,-7.452778,-36.597222,45,4750,4.75,,True,2010-01-25,1988-06-01,,
2600039342,Serra Branca,PB,Poço tubular,,-7.459722,-36.711111,50,5610,5.61,,True,2010-01-25,2003-12-05,,
2600039343,Serra Branca,PB,Poço tubular,,-7.445278,-36.717778,40,4860,4.86,,True,2010-01-25,2003-12-05,,
2600039344,Serra Branca,PB,Poço tubular,,-7.548889,-36.635,800,2400,2.4,,True,2010-01-25,2000-08-01,,
2600039345,Serra Branca,PB,Poço tubular,,-7.478056,-36.670556,22,7780,7.78,,True,2010-01-25,1998-04-25,,
2600039346,Serra Branca,PB,Poço tubular,,-7.486389,-36.576667,50,2720,2.72,,True,2010-01-25,2003-12-01,,
2600039349,Serra Branca,PB,Poço tubular,,-7.485278,-36.645278,34,1632,1.632,,True,2010-01-25,2001-10-01,,
2600039350,Serra Branca,PB,Poço tubular,,-7.539722,-36.644444,40,1660,1.66,,True,2010-01-25,1983-06-01,,
2600039351,Serra Branca,PB,Poço tubular,,-7.546944,-36.659722,40,3850,3.85,,True,2010-01-25,1984-06-01,,
2600039352,Serra Branca,PB,Poço tubular,,-7.449722,-36.678333,50,2100,2.1,,True,2010-01-25,1998-10-01,,
2600039353,Serra Branca,PB,Poço tubular,,-7.620833,-36.782778,50,1364,1.364,,True,2010-01-25,2003-11-01,,
2600039354,Serra Branca,PB,Poço tubular,,-7.676944,-36.788333,45,335,0.335,,True,2010-01-25,1962-06-01,,
2600039355,Serra Branca,PB,Poço tubular,,-7.601667,-36.812222,40,1466,1.466,,True,2010-01-25,1965-06-01,,
2600039356,Serra Branca,PB,Poço tubular,,-7.606667,-36.817778,50,907,0.907,,True,2010-01-25,2002-09-11,,
2600039357,Serra Branca,PB,Poço tubular,,-7.604444,-36.815278,50,530,0.53,,True,2010-01-25,2003-12-03,,
2600039358,Serra Branca,PB,Poço tubular,,-7.511667,-36.798889,50,3650,3.65,,True,2010-01-25,2003-12-04,,
2600039360,Serra Branca,PB,Poço tubular,,-7.484167,-36.669167,33,4090,4.09,,True,2010-01-25,2003-12-04,,
2600039361,Serra Branca,PB,Poço tubular,,-7.484444,-36.663611,55,3350,3.35,,True,2010-01-25,2003-12-04,,
2600039362,Serra Branca,PB,Poço tubular,,-7.484444,-36.661389,46,3380,3.38,,True,2010-01-25,1998-06-01,,
2600039366,Serra Branca,PB,Poço tubular,,-7.499722,-36.641944,45,1339,1.339,,True,2010-01-26,2003-12-03,,
2600039367,Serra Branca,PB,Poço tubular,,-7.456111,-36.648889,37,4670,4.67,,True,2010-01-26,1986-06-01,,
2600039369,Serra Branca,PB,Poço tubular,,-7.449444,-36.668056,50,3640,3.64,,True,2010-01-26,2000-10-01,,
2600039370,Serra Branca,PB,Poço tubular,,-7.458611,-36.711389,45,4280,4.28,,True,2010-01-26,1999-10-01,,
2600039371,Serra Branca,PB,Poço tubular,,-7.413611,-36.692778,45,2250,2.25,,True,2010-01-26,1999-08-01,,
2600039372,Serra Branca,PB,Poço tubular,,-7.575,-36.644444,45,1701,1.701,,True,2010-01-26,2003-12-04,,
2600039373,Serra Branca,PB,Poço tubular,,-7.516667,-36.588333,40,4450,4.45,,True,2010-01-26,2003-12-01,,
2600039374,Serra Branca,PB,Poço tubular,,-7.509444,-36.591667,25,1626,1.626,,True,2010-01-26,2003-07-10,,
2600039375,Serra Branca,PB,Poço tubular,,-7.443333,-36.666667,46,1214,1.214,,True,2010-01-26,2003-12-04,,
2600039376,Serra Branca,PB,Poço tubular,,-7.673889,-36.794444,40,7040,7.04,,True,2010-01-26,2003-12-02,,
2600039377,Serra Branca,PB,Poço tubular,,-7.478889,-36.659722,50,2660,2.66,,True,2010-01-26,1984-06-01,,
2600039378,Serra Branca,PB,Poço tubular,,-7.572778,-36.779722,27,2820,2.82,,True,2010-01-26,1995-06-01,,
2600039380,Serra Branca,PB,Poço tubular,,-7.448889,-36.626667,45,18220,18.22,,True,2010-01-26,2003-12-02,,
2600039381,Serra Branca,PB,Poço tubular,,-7.452222,-36.628333,45,6210,6.21,,True,2010-01-26,2003-11-07,,
2600039382,Serra Branca,PB,Poço tubular,,-7.450833,-36.628889,35,10340,10.34,,True,2010-01-26,2003-12-02,,
2600039384,Serra Branca,PB,Poço tubular,,-7.443889,-36.629444,45,1886,1.886,,True,2010-01-26,2000-11-01,,
2600039385,Serra Branca,PB,Poço tubular,,-7.443611,-36.628611,50,3460,3.46,,True,2010-01-26,2003-12-02,,
2600039386,Serra Branca,PB,Poço tubular,,-7.442778,-36.627778,40,1271,1.271,,True,2010-01-26,2003-12-02,,
2600039387,Serra Branca,PB,Poço tubular,,-7.447222,-36.629444,50,10030,10.03,,True,2010-01-26,2003-12-03,,
2600039388,Serra Branca,PB,Poço tubular,,-7.425278,-36.671944,40,1786,1.786,,True,2010-01-26,1970-09-07,,
2600039389,Serra Branca,PB,Poço tubular,,-7.424722,-36.665833,25,609,0.609,,True,2010-01-26,2000-10-01,,
2600039390,Serra Branca,PB,Poço tubular,,-7.501389,-36.628611,50,2740,2.74,,True,2010-01-26,2003-12-01,,
2600039392,Serra Branca,PB,Poço tubular,,-7.498056,-36.620556,50,3020,3.02,,True,2010-01-26,2000-06-01,,
2600039393,Serra Branca,PB,Poço tubular,,-7.501111,-36.623611,50,1198,1.198,,True,2010-01-26,2003-12-01,,
2600039395,Serra Branca,PB,Poço tubular,,-7.443056,-36.636111,45,1855,1.855,,True,2010-01-26,2003-12-03,,
2600039396,Serra Branca,PB,Poço tubular,,-7.579444,-36.806389,25,979,0.979,,True,2010-01-26,2003-12-03,,
2600039397,Serra Branca,PB,Poço tubular,,-7.616667,-36.783333,48,582,0.582,,True,2010-01-26,2001-06-01,,
2600039398,Serra Branca,PB,Poço tubular,,-7.616389,-36.774722,50,4300,4.3,,True,2010-01-26,2001-06-01,,
2600039400,Serra Branca,PB,Poço tubular,,-7.666667,-36.739722,45,1400,1.4,,True,2010-01-27,2003-12-02,,
2600039401,Serra Branca,PB,Poço tubular,,-7.664444,-36.735833,45,807,0.807,,True,2010-01-27,2003-12-02,,
2600039402,Serra Branca,PB,Poço tubular,,-7.619722,-36.735556,33,3060,3.06,,True,2010-01-27,2001-06-01,,
2600039403,Riachão do Bacamarte,PB,Poço tubular,,-7.243056,-35.645833,49,8780,8.78,,True,2010-01-27,2003-11-19,,
2600039404,Riachão do Bacamarte,PB,Poço tubular,,-7.246667,-35.663333,40,4430,4.43,,True,2010-01-27,2003-12-01,,
2600039405,Riachão do Bacamarte,PB,Poço tubular,,-7.225556,-35.673611,18,1280,1.28,,True,2010-01-27,2003-12-01,,
2600039406,Riachão do Bacamarte,PB,Poço tubular,,-7.218889,-35.671111,31,1784,1.784,,True,2010-01-27,1997-10-01,,
2600039408,Riachão do Bacamarte,PB,Poço tubular,,-7.220556,-35.677222,50,1733,1.733,,True,2010-01-27,2003-12-01,,
2600039412,Riachão do Bacamarte,PB,Poço tubular,,-7.250556,-35.658611,50,2310,2.31,,True,2010-01-27,2003-12-01,,
2600039414,Riachão do Bacamarte,PB,Poço tubular,,-7.219444,-35.651944,50,2950,2.95,,True,2010-01-27,2003-12-01,,
2600039415,Riachão do Bacamarte,PB,Poço tubular,,-7.219167,-35.658611,40,1032,1.032,,True,2010-01-27,2003-12-02,,
2600039416,Riachão do Bacamarte,PB,Poço tubular,,-7.227222,-35.65,50,2960,2.96,,True,2010-01-27,2003-12-02,,
2600039418,Riachão do Bacamarte,PB,Poço tubular,,-7.245833,-35.691389,48,4390,4.39,,True,2010-01-27,2003-12-03,,
2600039419,Riachão do Bacamarte,PB,Poço tubular,,-7.259722,-35.691667,40,366,0.366,,True,2010-01-27,2003-12-02,,
2600039420,Riachão do Bacamarte,PB,Poço tubular,,-7.254444,-35.665556,50,8250,8.25,,True,2010-01-27,2003-12-02,,
2600039422,Arara,PB,Poço tubular,,-6.844167,-35.724722,60,9580,9.58,,True,2010-02-01,2004-12-02,,
2600039423,Arara,PB,Poço tubular,,-6.8425,-35.724722,47,21900,21.9,,True,2010-02-01,2004-12-04,,
2600039424,Serraria,PB,Poço tubular,,-6.831111,-35.701389,50,774,0.774,,True,2010-02-01,2004-12-04,,
2600039425,Arara,PB,Poço tubular,,-6.819722,-35.701389,50,13140,13.14,,True,2010-02-01,2004-12-04,,
2600039429,Arara,PB,Poço tubular,,-6.835556,-35.718333,35,6360,6.36,,True,2010-02-01,2004-12-02,,
2600039430,Arara,PB,Poço tubular,,-6.867222,-35.726667,50,8800,8.8,,True,2010-02-01,1996-08-28,,
2600039432,Serra Branca,PB,Poço tubular,,-7.508889,-36.672222,27,2890,2.89,,True,2009-12-29,2003-12-04,,
2600039433,Serra Branca,PB,Poço tubular,,-7.478333,-36.604167,40,2660,2.66,,True,2009-12-29,2003-12-01,,
2600039434,Serra Branca,PB,Poço tubular,,-7.553611,-36.663056,45,4070,4.07,,True,2009-12-29,2000-10-01,,
2600039435,Serra Branca,PB,Poço tubular,,-7.513889,-36.668333,33,1602,1.602,,True,2009-12-29,2003-10-09,,
2600039436,Serra Branca,PB,Poço tubular,,-7.519167,-36.669167,45,7840,7.84,,True,2009-12-30,2003-12-04,,
2600039437,Serra Branca,PB,Poço tubular,,-7.548889,-36.719444,36,4290,4.29,,True,2009-12-30,1999-06-01,,
2600039438,Serra Branca,PB,Poço tubular,,-7.466944,-36.601389,36,2500,2.5,,True,2009-12-30,2003-12-02,,
2600039439,Serra Branca,PB,Poço tubular,,-7.466111,-36.608333,40,2840,2.84,,True,2009-12-30,2003-12-02,,
2600039440,Serra Branca,PB,Poço tubular,,-7.464444,-36.609444,45,4910,4.91,,True,2009-12-30,2003-12-02,,
2600039442,Serra Branca,PB,Poço tubular,,-7.480278,-36.660833,10,2360,2.36,,True,2009-12-30,2000-10-01,,
2600039443,Serra Branca,PB,Poço tubular,,-7.439722,-36.605556,50,4060,4.06,,True,2009-12-30,2003-12-02,,
2600039444,Serra Branca,PB,Poço tubular,,-7.408333,-36.703333,45,5690,5.69,,True,2009-12-30,2003-12-05,,
2600039446,Serra Branca,PB,Poço tubular,,-7.449444,-36.678889,40,2470,2.47,,True,2009-12-30,2003-12-04,,
2600039447,Serra Branca,PB,Poço tubular,,-7.513889,-36.597222,51,3100,3.1,,True,2009-12-30,1999-07-07,,
2600039448,São João do Cariri,PB,Poço tubular,,-7.437222,-36.596667,50,3380,3.38,,True,2009-12-30,2003-12-02,,
2600039449,Serra Branca,PB,Poço tubular,,-7.625278,-36.743056,45,4310,4.31,,True,2009-12-30,1981-09-30,,
2600039450,Serra Branca,PB,Poço tubular,,-7.482222,-36.669444,30,2900,2.9,,True,2009-12-30,2003-12-04,,
2600039451,Serra Branca,PB,Poço tubular,,-7.684444,-36.7575,22,2010,2.01,,True,2009-12-30,1995-06-01,,
2600039453,Serra Branca,PB,Poço tubular,,-7.587778,-36.771944,50,1109,1.109,,True,2009-12-30,1973-06-01,,
2600039454,Serra Branca,PB,Poço tubular,,-7.516667,-36.595556,18,3180,3.18,,True,2009-12-30,1965-06-01,,
2600039455,Serra Branca,PB,Poço tubular,,-7.490833,-36.653056,38,5580,5.58,,True,2009-12-30,2003-12-05,,
2600039456,Serra Branca,PB,Poço tubular,,-7.556111,-36.659444,55,2550,2.55,,True,2009-12-30,2000-10-01,,
2600039457,Serra Branca,PB,Poço tubular,,-7.5025,-36.634444,45,7430,7.43,,True,2009-12-30,2003-12-03,,
2600039458,Serra Branca,PB,Poço tubular,,-7.505278,-36.736389,50,571,0.571,,True,2009-12-30,2003-12-05,,
2600039459,Serra Branca,PB,Poço tubular,,-7.453611,-36.678333,45,2250,2.25,,True,2009-12-30,2000-10-01,,
2600039460,Serra Branca,PB,Poço tubular,,-7.638889,-36.760833,17,2750,2.75,,True,2009-12-30,2003-12-02,,
2600039461,Serra Branca,PB,Poço tubular,,-7.638333,-36.759722,20,2790,2.79,,True,2009-12-30,1995-06-01,,
2600039462,Serra Branca,PB,Poço tubular,,-7.638889,-36.758611,50,3180,3.18,,True,2009-12-30,1995-06-01,,
2600039463,Serra Branca,PB,Poço tubular,,-7.552222,-36.801667,31,3240,3.24,,True,2009-12-30,1993-06-01,,
2600039465,Serra Branca,PB,Poço tubular,,-7.647222,-36.785,40,631,0.631,,True,2009-12-30,2003-12-02,,
2600039466,Serra Branca,PB,Poço tubular,,-7.457222,-36.632222,25,5630,5.63,,True,2009-12-30,1986-06-01,,
2600039467,Serra Branca,PB,Poço tubular,,-7.545833,-36.641111,50,3810,3.81,,True,2009-12-30,2003-08-01,,
2600039469,Serra Branca,PB,Poço tubular,,-7.685833,-36.751944,21,1713,1.713,,True,2009-12-30,2003-12-02,,
2600039470,Serra Branca,PB,Poço tubular,,-7.492222,-36.615278,48,3950,3.95,,True,2009-12-30,1986-10-01,,
2600039471,Serra Branca,PB,Poço tubular,,-7.557778,-36.654167,45,2100,2.1,,True,2009-12-30,2003-12-04,,
2600039472,Serra Branca,PB,Poço tubular,,-7.594167,-36.774444,50,4570,4.57,,True,2009-12-30,1972-08-19,,
2600039473,Serra Branca,PB,Poço tubular,,-7.478889,-36.614444,34,1281,1.281,,True,2010-01-07,1999-10-01,,
2600039474,Serra Branca,PB,Poço tubular,,-7.478056,-36.613056,18,1481,1.481,,True,2010-01-07,2000-08-01,,
2600039475,Serra Branca,PB,Poço tubular,,-7.555278,-36.661389,26,4190,4.19,,True,2010-01-07,2003-12-04,,
2600039476,Serra Branca,PB,Poço tubular,,-7.510556,-36.683611,33,4020,4.02,,True,2010-01-07,2003-12-04,,
2600039477,Coxixola,PB,Poço tubular,,-7.646667,-36.666111,42,3880,3.88,,True,2010-01-07,2004-11-25,,
2600039478,Coxixola,PB,Poço tubular,,-7.6575,-36.683889,48,927,0.927,,True,2010-01-07,1997-06-01,,
2600039479,Serra Branca,PB,Poço tubular,,-7.515833,-36.647778,46,957,0.957,,True,2010-01-08,2003-12-03,,
2600039480,Serra Branca,PB,Poço tubular,,-7.518611,-36.663333,46,2480,2.48,,True,2010-01-08,2003-12-03,,
2600039481,Serra Branca,PB,Poço tubular,,-7.626667,-36.761944,50,802,0.802,,True,2010-01-08,2003-12-01,,
2600039482,Serra Branca,PB,Poço tubular,,-7.554167,-36.655833,48,1883,1.883,,True,2010-01-08,1998-06-01,,
2600039483,Serra Branca,PB,Poço tubular,,-7.678333,-36.728889,45,1811,1.811,,True,2010-01-08,2003-12-02,,
2600039484,Serra Branca,PB,Poço tubular,,-7.596111,-36.771389,45,1942,1.942,,True,2010-01-08,1985-06-01,,
2600039485,Serra Branca,PB,Poço tubular,,-7.445556,-36.601667,50,7180,7.18,,True,2010-01-14,1967-06-01,,
2600039486,Pocinhos,PB,Poço tubular,,-7.121389,-36.103333,45,14460,14.46,,True,2010-02-05,2003-11-28,,
2600039487,Pocinhos,PB,Poço tubular,,-6.978333,-36.011389,50,3780,3.78,,True,2010-02-05,2003-11-22,,
2600039488,Pocinhos,PB,Poço tubular,,-7.143611,-36.083889,50,18650,18.65,,True,2010-02-05,2003-11-27,,
2600039493,Pocinhos,PB,Poço tubular,,-6.973889,-36.000833,30,6990,6.99,,True,2010-02-08,2002-03-19,,
2600039494,Pocinhos,PB,Poço tubular,,-6.988056,-36.067778,45.87,15760,15.76,,True,2010-02-08,2003-11-24,,
2600039495,Pocinhos,PB,Poço tubular,,-7.017778,-36.095833,35,1540,1.54,,True,2010-02-08,2003-11-22,,
2600039497,Pocinhos,PB,Poço tubular,,-7.002778,-36.098056,60,11490,11.49,,True,2010-02-08,1959-01-01,,
2600039498,Pocinhos,PB,Poço tubular,,-6.996944,-36.096667,100,1970,1.97,,True,2010-02-08,1968-01-01,,
2600039499,Pocinhos,PB,Poço tubular,,-6.997778,-36.143889,50,16610,16.61,,True,2010-02-08,2003-11-25,,
2600039501,Pocinhos,PB,Poço tubular,,-7.069444,-36.0625,14.1,18060,18.06,,True,2010-02-08,1993-01-30,,
2600039502,Algodão de Jandaíra,PB,Poço tubular,,-6.966389,-36.074167,50,17370,17.37,,True,2010-02-08,2003-11-24,,
2600039505,Pocinhos,PB,Poço tubular,,-7.030556,-36.138611,30,12210,12.21,,True,2010-02-08,2002-10-22,,
2600039507,Pocinhos,PB,Poço tubular,,-6.992778,-36.065,50,12160,12.16,,True,2010-02-08,2003-11-24,,
2600039509,Pocinhos,PB,Poço tubular,,-7.001389,-36.124444,30,7600,7.6,,True,2010-02-09,1963-01-01,,
2600039510,Pocinhos,PB,Poço tubular,,-6.9375,-35.9925,70,21900,21.9,,True,2010-02-09,1983-03-24,,
2600039514,Pocinhos,PB,Poço tubular,,-7.154444,-36.068889,30.58,1740,1.74,,True,2010-02-09,2003-11-27,,
2600039517,Pocinhos,PB,Poço tubular,,-7.153333,-36.066944,53.8,18700,18.7,,True,2010-02-09,2003-11-27,,
2600039521,Pocinhos,PB,Poço tubular,,-7.165278,-36.218333,50,16360,16.36,,True,2010-02-09,2003-11-28,,
2600039525,Pocinhos,PB,Poço tubular,,-7.044722,-36.127222,45,15920,15.92,,True,2010-02-09,2003-11-25,,
2600039526,Pocinhos,PB,Poço tubular,,-7.086389,-36.059167,50,2350,2.35,,True,2010-02-09,1993-02-18,,
2600039527,Pocinhos,PB,Poço tubular,,-7.015,-36.13,28,3410,3.41,,True,2010-02-09,2003-11-25,,
2600039528,Pocinhos,PB,Poço tubular,,-7.119167,-36.154722,28,13240,13.24,,True,2010-02-10,2003-11-25,,
2600039529,Pocinhos,PB,Poço tubular,,-7.130833,-36.163056,53.83,9450,9.45,,True,2010-02-10,2003-11-26,,
2600039532,Pocinhos,PB,Poço tubular,,-7.051944,-36.201667,25,27100,27.1,,True,2010-02-10,2002-11-07,,
2600039535,Pocinhos,PB,Poço tubular,,-7.176944,-36.185833,50,9860,9.86,,True,2010-02-10,2003-11-28,,
2600039537,Pocinhos,PB,Poço tubular,,-7.142222,-36.112222,4.75,24300,24.3,,True,2010-02-10,1982-01-01,,
2600039543,Pocinhos,PB,Poço tubular,,-7.068056,-36.168611,110,11120,11.12,,True,2010-02-10,1968-01-01,,
2600039545,Pocinhos,PB,Poço tubular,,-7.072222,-36.115833,50.09,18360,18.36,,True,2010-02-10,1998-12-04,,
2600039546,Pocinhos,PB,Poço tubular,,-6.979167,-36.04,60,13820,13.82,,True,2010-02-10,2003-11-22,,
2600039548,Pocinhos,PB,Poço tubular,,-7.081389,-36.153889,1.44,23600,23.6,,True,2010-02-11,2003-11-21,,
2600039550,Pocinhos,PB,Poço tubular,,-7.141389,-36.103889,32.98,22300,22.3,,True,2010-02-11,2003-11-28,,
2600039553,Pocinhos,PB,Poço tubular,,-7.051944,-36.07,49,23000,23.0,,True,2010-02-11,2003-11-28,,
2600039555,Pocinhos,PB,Poço tubular,,-7.141667,-36.105556,35.92,6770,6.77,,True,2010-02-11,2003-11-28,,
2600039557,Pocinhos,PB,Poço tubular,,-6.979444,-36.135,50,7810,7.81,,True,2010-02-11,2003-11-24,,
2600039558,Pocinhos,PB,Poço tubular,,-7.016389,-36.063611,50,18430,18.43,,True,2010-02-11,1999-01-05,,
2600039559,Pocinhos,PB,Poço tubular,,-6.966111,-36.119167,50,18850,18.85,,True,2010-02-11,2003-11-24,,
2600039561,Pocinhos,PB,Poço tubular,,-7.146667,-36.075278,61.3,3590,3.59,,True,2010-02-11,2003-11-27,,
2600039562,Pocinhos,PB,Poço tubular,,-7.053056,-36.146667,39,821,0.821,,True,2010-02-11,2003-11-21,,
2600039563,Pocinhos,PB,Poço tubular,,-7.049444,-36.158056,50,14850,14.85,,True,2010-02-11,2003-11-21,,
2600039564,Pocinhos,PB,Poço tubular,,-7.054444,-36.149444,50,2660,2.66,,True,2010-02-11,2003-11-21,,
2600039565,Pocinhos,PB,Poço tubular,,-7.055278,-36.145556,50,560,0.56,,True,2010-02-11,2003-11-21,,
2600039566,Pocinhos,PB,Poço tubular,,-7.080278,-36.155,68,572,0.572,,True,2010-02-12,2003-11-21,,
2600039567,Pocinhos,PB,Poço tubular,,-6.978333,-36.035278,42,2600,2.6,,True,2010-02-11,1998-11-29,,
2600039571,Pocinhos,PB,Poço tubular,,-7.04,-36.028889,26,9930,9.93,,True,2010-02-12,1974-01-01,,
2600039575,Pocinhos,PB,Poço tubular,,-7.076944,-36.068333,105,3480,3.48,,True,2010-02-12,1967-01-01,,
2600039577,Pocinhos,PB,Poço tubular,,-7.077778,-36.066389,50,3060,3.06,,True,2010-02-12,2003-11-26,,
2600039578,Pocinhos,PB,Poço tubular,,-7.068056,-36.202778,110,10210,10.21,,True,2010-02-18,1967-12-01,,
2600039581,Pocinhos,PB,Poço tubular,,-7.050833,-36.054722,35,10130,10.13,,True,2010-02-18,1975-01-01,,
2600039582,Pocinhos,PB,Poço tubular,,-7.085,-36.061667,48.45,2450,2.45,,True,2010-02-18,2003-11-30,,
2600039586,Olivedos,PB,Poço tubular,,-7.068889,-36.212778,50,15110,15.11,,True,2010-02-18,2001-10-04,,
2600039587,Pocinhos,PB,Poço tubular,,-6.972222,-36.146389,50,29800,29.8,,True,2010-02-18,2002-07-29,,
2600039590,Pocinhos,PB,Poço tubular,,-6.986944,-36.181944,48.18,35500,35.5,,True,2010-02-19,2003-11-25,,
2600039591,Pocinhos,PB,Poço tubular,,-7.018889,-36.094444,50,5530,5.53,,True,2010-02-19,2003-11-22,,
2600040402,Barra de São Miguel,PB,Poço tubular,Rocha cristalina,-7.730277,-36.210277,23,6250,6.25,,True,1991-11-25,1991-11-25,,
2600040403,Barra de São Miguel,PB,Poço tubular,Rocha cristalina,-7.801666,-36.259166,42,5330,5.33,,True,1991-11-29,1987-02-24,,
2600040404,Barra de São Miguel,PB,Poço tubular,Rocha cristalina,-7.703333,-36.274166,50,3220,3.22,,True,1983-01-01,1983-01-01,,
2600040405,Barra de São Miguel,PB,Poço tubular,Rocha cristalina,-7.725833,-36.274166,39,5555.55,5.55555,,True,1991-11-25,1986-12-18,,
2600040407,Barra de São Miguel,PB,Poço tubular,Rocha cristalina,-7.773611,-36.151388,50,13390,13.39,,True,1998-11-09,1998-10-05,,
2600040408,Barra de São Miguel,PB,Poço tubular,Rocha cristalina,-7.748333,-36.292222,42,3890,3.89,,True,1998-11-09,1998-10-04,,
2600040410,Bananeiras,PB,Poço tubular,,-6.705555,-35.660833,50,5840,5.84,,True,2007-07-09,2003-12-04,,
2600040412,Bananeiras,PB,Poço tubular,,-6.636666,-35.66,50,5650,5.65,,True,2007-07-09,2003-12-04,,
2600040413,Bananeiras,PB,Poço tubular,,-6.686111,-35.646666,35,587,0.587,,True,2007-07-09,2003-12-04,,
2600040415,Bananeiras,PB,Poço tubular,,-6.735833,-35.641666,80,258,0.258,,True,2007-07-09,2003-12-04,,
2600040416,Bananeiras,PB,Poço tubular,,-6.756944,-35.554166,50,1078,1.078,,True,2007-07-09,2003-12-04,,
2600040418,Bananeiras,PB,Poço tubular,,-6.751944,-35.566111,28,1322,1.322,,True,2007-07-09,2003-12-04,,
2600040419,Bananeiras,PB,Poço tubular,,-6.728055,-35.592777,82,155,0.155,,True,2007-07-09,2003-12-04,,
2600040422,Bananeiras,PB,Poço tubular,,-6.736944,-35.626666,93,199,0.199,,True,2007-07-09,2003-12-04,,
2600040423,Bananeiras,PB,Poço tubular,,-6.632222,-35.543333,49,7210,7.21,,True,2007-07-09,2003-12-05,,
2600040424,Bananeiras,PB,Poço tubular,,-6.6275,-35.561666,55,8580,8.58,,True,2007-07-09,2003-12-05,,
2600040427,Bananeiras,PB,Poço tubular,,-6.7425,-35.631666,84,224,0.224,,True,2007-07-09,2003-12-05,,
2600040428,Bananeiras,PB,Poço tubular,,-6.7425,-35.629444,56,104,0.104,,True,2007-07-09,2003-12-05,,
2600040429,Bananeiras,PB,Poço tubular,,-6.755555,-35.634166,50,368,0.368,,True,2007-07-09,2003-12-05,,
2600040431,Bananeiras,PB,Poço tubular,,-6.75,-35.639166,35,351,0.351,,True,2007-07-09,2003-12-05,,
2600040432,Barra de São Miguel,PB,Poço tubular,,-7.739444,-36.223889,30,3860,3.86,,True,2009-05-21,1965-01-01,,
2600040433,Barra de São Miguel,PB,Poço tubular,,-7.732778,-36.240833,50,5040,5.04,,True,2009-05-21,1992-09-01,,
2600040435,Barra de São Miguel,PB,Poço tubular,,-7.712778,-36.242778,51,11250,11.25,,True,2009-05-21,1986-12-20,,
2600040436,Barra de São Miguel,PB,Poço tubular,,-7.71,-36.256389,57,5830,5.83,,True,2009-05-21,1988-05-11,,
2600040437,Barra de São Miguel,PB,Poço tubular,,-7.728889,-36.285278,30,4470,4.47,,True,2009-05-21,2004-12-10,,
2600040439,Barra de São Miguel,PB,Poço tubular,,-7.768333,-36.183056,25,5950,5.95,,True,2009-05-21,1966-03-15,,
2600040441,Barra de São Miguel,PB,Poço tubular,,-7.752222,-36.275556,18,3420,3.42,,True,2009-05-21,2004-12-14,,
2600040442,Riacho de Santo Antônio,PB,Poço tubular,,-7.6925,-36.146111,20,3000,3.0,,True,2009-05-21,1990-01-01,,
2600040443,Barra de São Miguel,PB,Poço tubular,,-7.805833,-36.290556,25,5360,5.36,,True,2009-05-21,2004-12-13,,
2600040444,Barra de São Miguel,PB,Poço tubular,,-7.744167,-36.234722,35.4,6340,6.34,,True,2009-05-21,1964-01-01,,
2600040445,Boqueirão,PB,Poço tubular,,-7.644167,-36.197778,46,5580,5.58,,True,2009-05-21,2004-12-10,,
2600040447,Barra de São Miguel,PB,Poço tubular,,-7.736111,-36.166944,30,9980,9.98,,True,2009-05-21,1994-06-01,,
2600040448,Barra de São Miguel,PB,Poço tubular,,-7.741944,-36.236944,50,3980,3.98,,True,2009-05-21,1992-09-30,,
2600040449,Barra de São Miguel,PB,Poço tubular,,-7.745833,-36.228611,28,4920,4.92,,True,2009-05-21,2004-12-09,,
2600040450,Barra de São Miguel,PB,Poço tubular,,-7.716667,-36.245278,48,2320,2.32,,True,2009-05-21,1983-01-01,,
2600040451,Barra de São Miguel,PB,Poço tubular,,-7.708333,-36.249722,48,1234,1.234,,True,2009-05-21,1983-08-18,,
2600040452,Barra de São Miguel,PB,Poço tubular,,-7.695556,-36.278889,45,1518,1.518,,True,2009-05-21,1962-05-16,,
2600040453,Barra de São Miguel,PB,Poço tubular,,-7.715556,-36.249722,30,5120,5.12,,True,2009-05-21,1995-06-01,,
2600040454,Barra de São Miguel,PB,Poço tubular,,-7.779722,-36.260556,12,12290,12.29,,True,2009-05-21,2004-12-06,,
2600040455,Barra de São Miguel,PB,Poço tubular,,-7.779722,-36.260556,40,2240,2.24,,True,2009-05-21,2004-08-01,,
2600040456,Barra de São Miguel,PB,Poço tubular,,-7.766944,-36.289444,35,7180,7.18,,True,2009-05-21,1996-06-01,,
2600040457,Barra de São Miguel,PB,Poço tubular,,-7.566667,-36.233611,20,2770,2.77,,True,2009-05-21,2004-12-13,,
2600040459,Barra de São Miguel,PB,Poço tubular,,-7.765278,-36.271944,50,15280,15.28,,True,2009-05-22,2004-12-07,,
2600040460,Barra de São Miguel,PB,Poço tubular,,-7.730833,-36.303056,50,6660,6.66,,True,2009-05-22,2001-06-01,,
2600040461,Barra de São Miguel,PB,Poço tubular,,-7.565278,-36.229167,47,3170,3.17,,True,2009-05-22,1999-06-01,,
2600040462,Barra de São Miguel,PB,Poço tubular,,-7.726389,-36.2775,19,5940,5.94,,True,2009-05-22,1990-01-01,,
2600040463,Barra de São Miguel,PB,Poço tubular,,-7.752778,-36.302222,14,2690,2.69,,True,2009-05-22,2004-12-13,,
2600040464,Barra de São Miguel,PB,Poço tubular,,-7.741667,-36.293611,37,12220,12.22,,True,2009-05-22,1989-06-01,,
2600040467,Barra de São Miguel,PB,Poço tubular,,-7.731667,-36.176111,56,8360,8.36,,True,2009-05-25,1999-06-01,,
2600040468,Barra de São Miguel,PB,Poço tubular,,-7.780556,-36.153333,25,12960,12.96,,True,2009-05-25,2000-06-01,,
2600040469,Barra de São Miguel,PB,Poço tubular,,-7.798889,-36.291111,30,5280,5.28,,True,2009-05-25,2004-12-13,,
2600040470,Barra de São Miguel,PB,Poço tubular,,-7.728056,-36.206389,17.5,6840,6.84,,True,2009-05-25,2000-06-01,,
2600040471,Barra de São Miguel,PB,Poço tubular,,-7.695556,-36.241944,14,6070,6.07,,True,2009-05-25,1982-06-01,,
2600040472,Barra de São Miguel,PB,Poço tubular,,-7.693333,-36.241389,24,7560,7.56,,True,2009-05-25,1982-06-01,,
2600040473,Barra de São Miguel,PB,Poço tubular,,-7.699444,-36.219444,35,1977,1.977,,True,2009-05-25,2004-12-10,,
2600040474,Riacho de Santo Antônio,PB,Poço tubular,,-7.699444,-36.128611,35,1099,1.099,,True,2009-05-25,2004-12-10,,
2600040475,Barra de São Miguel,PB,Poço tubular,,-7.573611,-36.268056,23.5,5480,5.48,,True,2009-05-25,1996-06-01,,
2600040476,Barra de São Miguel,PB,Poço tubular,,-7.596944,-36.265556,21,3080,3.08,,True,2009-05-25,1998-06-01,,
2600040478,Barra de São Miguel,PB,Poço tubular,,-7.706944,-36.315556,30,1413,1.413,,True,2009-05-25,2004-12-13,,
2600040479,Barra de São Miguel,PB,Poço tubular,,-7.769444,-36.232778,51,19170,19.17,,True,2009-05-25,2003-06-01,,
2600040480,Barra de São Miguel,PB,Poço tubular,,-7.791944,-36.259167,18,3270,3.27,,True,2009-05-25,2004-12-06,,
2600040481,Barra de São Miguel,PB,Poço tubular,,-7.709167,-36.326111,18,6060,6.06,,True,2009-05-25,2004-12-13,,
2600040482,Barra de São Miguel,PB,Poço tubular,,-7.708333,-36.323611,28,11220,11.22,,True,2009-05-25,2004-12-13,,
2600040483,Barra de São Miguel,PB,Poço tubular,,-7.688889,-36.221667,25,6020,6.02,,True,2009-05-25,1964-07-01,,
2600040484,Barra de São Miguel,PB,Poço tubular,,-7.790556,-36.281389,33,9630,9.63,,True,2009-05-25,1964-01-01,,
2600040485,Barra de São Miguel,PB,Poço tubular,,-7.777778,-36.262778,13,1903,1.903,,True,2009-05-27,2004-12-06,,
2600040487,Barra de São Miguel,PB,Poço tubular,,-7.760278,-36.276944,19.5,2640,2.64,,True,2009-05-27,1983-06-01,,
2600040488,Barra de São Miguel,PB,Poço tubular,,-7.554444,-36.2425,27,971,0.971,,True,2009-05-27,2004-12-13,,
2600040490,Barra de São Miguel,PB,Poço tubular,,-7.766111,-36.240277,48,12080,12.08,,True,2009-05-27,1984-02-17,,
2600040491,Barra de São Miguel,PB,Poço tubular,,-7.732778,-36.311111,45,3000,3.0,,True,2009-05-27,2004-06-01,,
2600040492,Barra de São Miguel,PB,Poço tubular,,-7.743056,-36.261667,30,2170,2.17,,True,2009-05-27,2004-12-14,,
2600040493,Barra de São Miguel,PB,Poço tubular,,-7.743889,-36.261389,30,5790,5.79,,True,2009-05-27,2004-12-14,,
2600040494,Barra de São Miguel,PB,Poço tubular,,-7.719722,-36.330556,32,7110,7.11,,True,2009-05-27,2004-12-11,,
2600040498,Barra de São Miguel,PB,Poço tubular,,-7.808333,-36.256389,42,4650,4.65,,True,2009-05-27,1987-02-25,,
2600040499,Barra de São Miguel,PB,Poço tubular,,-7.699444,-36.320833,32,880,0.88,,True,2009-05-27,2004-12-13,,
2600040500,Barra de São Miguel,PB,Poço tubular,,-7.691111,-36.230278,24,10280,10.28,,True,2009-05-27,1990-01-01,,
2600040501,Barra de São Miguel,PB,Poço tubular,,-7.569722,-36.231944,32,3110,3.11,,True,2009-05-27,1999-07-26,,
2600040502,Barra de São Miguel,PB,Poço tubular,,-7.733889,-36.28,45,993,0.993,,True,2009-05-27,1983-01-01,,
2600040504,Sobrado,PB,Poço tubular,,-7.204444,-35.296667,50,1015,1.015,,True,2009-07-31,2004-12-03,,
2600040505,Sobrado,PB,Poço tubular,,-7.183333,-35.268611,50,782,0.782,,True,2009-08-28,2004-12-03,,
2600040506,Sobrado,PB,Poço tubular,,-7.180556,-35.242222,46,179,0.179,,True,2009-08-28,2004-12-03,,
2600040507,Sobrado,PB,Poço tubular,,-7.173056,-35.228056,32,4530,4.53,,True,2009-08-28,2002-09-01,,
2600040508,Sobrado,PB,Poço tubular,,-7.2025,-35.255,50,375,0.375,,True,2009-08-28,2004-12-02,,
2600040509,Sobrado,PB,Poço tubular,,-7.174444,-35.225278,50,257.4,0.25739999999999996,,True,2009-08-28,2000-06-01,,
2600040510,Sobrado,PB,Poço tubular,,-7.206389,-35.251389,50,1200,1.2,,True,2009-08-28,2004-12-02,,
2600040511,Sobrado,PB,Poço tubular,,-7.166389,-35.239722,51,653,0.653,,True,2009-08-28,2004-12-03,,
2600040512,Sobrado,PB,Poço tubular,,-7.164722,-35.255556,50,550,0.55,,True,2009-08-28,2000-06-01,,
2600040514,Sobrado,PB,Poço tubular,,-7.183889,-35.253889,50,308,0.308,,True,2009-08-28,2001-06-01,,
2600040515,Sobrado,PB,Poço tubular,,-7.160556,-35.241111,50,606,0.606,,True,2009-08-28,2004-12-02,,
2600040517,Sobrado,PB,Poço tubular,,-7.146667,-35.250556,50,1613,1.613,,True,2009-08-28,2004-12-02,,
2600040519,Sobrado,PB,Poço tubular,,-7.146111,-35.236111,30,2415,2.415,,True,2009-08-28,2004-12-03,,
2600040520,Sobrado,PB,Poço tubular,,-7.143056,-35.236667,50,743,0.743,,True,2009-08-28,2004-12-03,,
2600040521,Sobrado,PB,Poço tubular,,-7.183056,-35.257222,38,556,0.556,,True,2009-08-28,2004-12-03,,
2600040522,Sobrado,PB,Poço tubular,,-7.177222,-35.238611,48,312,0.312,,True,2009-08-28,2000-06-01,,
2600040523,Sobrado,PB,Poço tubular,,-7.181111,-35.260833,50,594,0.594,,True,2009-08-28,2004-12-03,,
2600054348,São Bentinho,PB,Poço tubular,,-6.879722,-37.785,41,652,0.652,,True,2008-09-02,1981-06-01,,
2600054583,Várzea,PB,Poço tubular,,-6.773888,-37.0975,50,1100,1.1,,True,2007-08-21,2000-06-01,,
2600054584,Várzea,PB,Poço tubular,,-6.767222,-37.100833,50,863,0.863,,True,2007-08-21,1998-06-01,,
2600054585,Várzea,PB,Poço tubular,,-6.773333,-37.091666,50,5710,5.71,,True,2007-08-21,1993-06-01,,
2600054587,Várzea,PB,Poço tubular,,-6.770833,-37.096944,35,2010,2.01,,True,2007-08-21,1996-06-01,,
2600054930,Triunfo,PB,Poço tubular,,-6.605277,-38.611944,498,330,0.33,,True,2014-04-24,2013-12-07,,
