id,municipality,latitude,longitude,depth_m,label,fold,group,status,specific_yield
2600000609,Poço de José de Moura,-6.596944,-38.528611,25,1,5,35:-39,Equipado,0.526
2600000610,Santa Helena,-6.710833,-38.516666,43,1,4,32:-38,Equipado,0.114
2600000611,Poço de José de Moura,-6.571944,-38.508055,60,1,1,35:-38,Equipado,0.265
2600000617,Triunfo,-6.695555,-38.530277,123,1,3,32:-39,Obstruído,0.057
2600000619,Santa Helena,-6.719444,-38.518888,51,1,4,32:-38,Abandonado,0.8
2600000620,São João do Rio do Peixe,-6.714722,-38.431111,50,1,1,32:-36,Equipado,0.875
2600000621,São João do Rio do Peixe,-6.766666,-38.436944,50,1,1,30:-36,Equipado,0.333
2600000622,São João do Rio do Peixe,-6.697777,-38.455277,32,1,3,32:-37,Equipado,0.179
2600000623,São João do Rio do Peixe,-6.718333,-38.463056,50,1,3,32:-37,Equipado,1.25
2600000624,São João do Rio do Peixe,-6.790555,-38.4725,50,1,5,30:-37,Equipado,0.385
2600000625,São João do Rio do Peixe,-6.720277,-38.490555,35,1,2,31:-38,Abandonado,0.9
2600000626,São João do Rio do Peixe,-6.638611,-38.394722,35,1,3,34:-35,Obstruído,0.131
2600000627,São João do Rio do Peixe,-6.634166,-38.366666,32,1,3,34:-35,Equipado,0.03
2600000628,São João do Rio do Peixe,-6.841944,-38.391388,60,1,4,28:-35,Equipado,0.784
2600000629,São João do Rio do Peixe,-6.726111,-38.451666,50,1,3,31:-37,Equipado,0.6
2600000630,São João do Rio do Peixe,-6.720277,-38.490277,40.3,1,2,31:-38,Equipado,1.5
2600000631,São João do Rio do Peixe,-6.841944,-38.391111,54,1,4,28:-35,,1.875
2600000639,São João do Rio do Peixe,-6.596947,-38.383333,27.5,1,3,35:-35,Equipado,0.189
2600000640,São João do Rio do Peixe,-6.801666,-38.428333,50,1,2,29:-36,Equipado,1.429
2600000641,Poço de José de Moura,-6.579166,-38.488055,50,1,1,35:-38,Parado,0.2
2600000642,São João do Rio do Peixe,-6.715277,-38.470833,50,1,3,32:-37,Equipado,0.4
2600000643,São João do Rio do Peixe,-6.721944,-38.450833,50,1,3,31:-37,Equipado,1
2600000644,São João do Rio do Peixe,-6.724166,-38.443888,50,1,3,31:-37,Equipado,1.6
2600000645,São João do Rio do Peixe,-6.656388,-38.360833,28.6,1,1,33:-35,Equipado,0.164
2600000657,São João do Rio do Peixe,-6.775555,-38.46,50,1,5,30:-37,Abandonado,0.058
2600000658,São João do Rio do Peixe,-6.658055,-38.3775,50,1,1,33:-35,Equipado,0.02
2600000659,Uiraúna,-6.5625,-38.364722,42,1,3,35:-35,Equipado,0.28
2600000660,São João do Rio do Peixe,-6.725555,-38.483333,35,1,2,31:-38,Equipado,0.242
2600000661,São João do Rio do Peixe,-6.7675,-38.450833,48,1,5,30:-37,Não instalado,0.086
2600000662,São João do Rio do Peixe,-6.705833,-38.439166,42,1,1,32:-36,Equipado,0.6
2600000663,São João do Rio do Peixe,-6.645277,-38.3775,40,1,1,33:-35,Equipado,0.16
2600000664,São João do Rio do Peixe,-6.716666,-38.461666,50,1,3,32:-37,Equipado,0.727
2600000667,São João do Rio do Peixe,-6.666666,-38.454166,50,1,2,33:-37,Equipado,0.486
2600000669,São João do Rio do Peixe,-6.6775,-38.503611,55,1,4,33:-38,Equipado,0.057
2600000673,São João do Rio do Peixe,-6.840555,-38.384166,41,1,4,28:-35,Equipado,0.088
2600000674,São João do Rio do Peixe,-6.639722,-38.422222,50,1,2,34:-36,Equipado,0.025
2600000675,São João do Rio do Peixe,-6.639722,-38.421944,50,1,2,34:-36,Equipado,0.065
2600000677,São João do Rio do Peixe,-6.852777,-38.401666,50,1,4,28:-36,Equipado,0.011
2600000678,São João do Rio do Peixe,-6.85,-38.386111,40,1,4,28:-35,Equipado,1.094
2600000679,São João do Rio do Peixe,-6.785,-38.373611,40,1,1,30:-35,Equipado,0.115
2600001616,Pombal,-6.7425,-37.765833,60,1,3,31:-20,Equipado,0.145
2600001617,Pombal,-6.878611,-37.928611,15,1,5,28:-24,Equipado,0.923
2600001618,Pombal,-6.875,-37.93,20,1,5,28:-24,Não instalado,0.494
2600001619,Pombal,-6.879722,-37.935277,30,1,5,28:-24,Abandonado,0.602
2600001620,Cajazeirinhas,-6.965277,-37.797777,28,1,2,25:-20,Obstruído,0.15
2600001625,Pombal,-6.775833,-37.886111,118,1,1,30:-23,,0.066
2600001626,Pombal,-6.770277,-37.802777,54.5,1,4,30:-21,,0.062
2600001627,Pombal,-6.777777,-37.802222,56,1,4,30:-21,,0.052
2600001628,Pombal,-6.734166,-37.761666,36,1,3,31:-20,,0.079
2600001629,Pombal,-6.911666,-37.936944,59,1,5,27:-24,Obstruído,0.012
2600001631,São Bentinho,-6.888611,-37.724722,27,1,4,27:-19,Equipado,0.167
2600001632,Pombal,-6.689722,-37.923055,50,1,3,32:-24,Equipado,0.041
2600001633,São Domingos,-6.759166,-37.985277,9,1,1,31:-25,,5
2600001634,São Bentinho,-6.811111,-37.745555,50,1,4,29:-19,Equipado,0.117
2600001635,Pombal,-6.738888,-37.816666,50,1,2,31:-21,Equipado,0.052
2600001636,Pombal,-6.825555,-37.770277,50,1,4,29:-20,Equipado,0.121
2600001639,Pombal,-6.694166,-37.948611,40,1,3,32:-24,Equipado,0.057
2600001641,Cajazeirinhas,-6.981111,-37.914166,50,1,4,25:-23,Equipado,0.048
2600001642,Pombal,-6.757222,-37.868611,50,1,3,31:-22,Não instalado,10.2
2600001643,Cajazeirinhas,-6.947777,-37.742777,39,1,3,26:-19,Equipado,0.074
2600001644,Cajazeirinhas,-6.901666,-37.764166,50,1,3,27:-20,Equipado,0.029
2600001645,São Domingos,-6.765277,-37.920277,36.5,1,5,30:-24,Equipado,0.209
2600001646,Pombal,-6.689722,-37.922777,50,1,3,32:-24,Equipado,0.041
2600001648,Pombal,-6.839166,-37.751666,40,1,4,29:-19,Equipado,0.82
2600001654,Cajazeirinhas,-6.943055,-37.813055,51,1,2,26:-21,Equipado,0.033
2600001655,Cajazeirinhas,-6.966666,-37.798333,50,1,2,25:-20,Equipado,0.828
2600001657,Pombal,-6.825555,-37.770277,50,1,4,29:-20,Equipado,0.121
2600001658,São Bentinho,-6.811111,-37.745277,50,1,4,29:-19,Equipado,0.117
2600001659,Pombal,-6.738888,-37.817777,50,1,2,31:-21,Equipado,0.052
2600001660,Pombal,-6.665,-37.881666,50,1,5,33:-23,Equipado,0.022
2600001661,Pombal,-6.693611,-37.949722,40,1,3,32:-24,Equipado,0.058
2600001662,São Domingos,-6.821944,-37.890555,50,1,3,29:-23,Equipado,0.002
2600002262,Joca Claudino,-6.486944,-38.4675,30,1,1,37:-37,Equipado,0.25
2600002263,Poço Dantas,-6.404166,-38.496944,63,1,1,39:-38,Equipado,0.566
2600002264,Uiraúna,-6.458611,-38.443889,50,1,4,38:-37,Não instalado,0.139
2600002265,Uiraúna,-6.458056,-38.442222,30,1,4,38:-37,Obstruído,0.278
2600002267,Uiraúna,-6.5375,-38.411388,135,1,3,36:-36,Não instalado,2.941
2600002268,Uiraúna,-6.538611,-38.395833,41,1,1,36:-35,Abandonado,0.067
2600002269,Uiraúna,-6.540555,-38.3775,43,1,1,36:-35,Não instalado,5
2600002270,Uiraúna,-6.5175,-38.404166,32,1,1,37:-36,Não instalado,0.175
2600002271,Uiraúna,-6.544166,-38.434166,50,1,3,36:-36,Abandonado,0.182
2600002272,Uiraúna,-6.553611,-38.471944,43,1,3,36:-37,Abandonado,0.248
2600002273,Uiraúna,-6.540555,-38.377222,45,1,1,36:-35,Equipado,0.154
2600002277,Uiraúna,-6.534722,-38.415277,112,1,3,36:-36,Equipado,1.157
2600002282,Uiraúna,-6.466666,-38.342222,50,1,1,38:-34,Equipado,0.009
2600002284,Uiraúna,-6.521944,-38.411111,50,1,3,36:-36,Equipado,0.022
2600002285,Joca Claudino,-6.447777,-38.485277,50,1,2,38:-38,Parado,0.013
2600002286,Uiraúna,-6.560833,-38.394166,73,1,3,35:-35,Equipado,0.035
2600002287,São João do Rio do Peixe,-6.578333,-38.436944,52,1,5,35:-36,Equipado,0.105
2600002288,Uiraúna,-6.581111,-38.408888,51,1,5,35:-36,Equipado,0.361
2600002289,Uiraúna,-6.51,-38.348611,42,1,1,37:-34,Equipado,0.187
2600002290,Uiraúna,-6.516666,-38.383333,53.5,1,2,37:-35,Equipado,0.232
2600002291,Uiraúna,-6.545833,-38.438611,50,1,3,36:-36,Equipado,0.033
2600002292,Uiraúna,-6.555833,-38.472222,76,1,3,36:-37,Equipado,0.554
2600002294,Poço Dantas,-6.393333,-38.590555,50,1,1,40:-40,Equipado,0.019
2600002295,Uiraúna,-6.466666,-38.341944,50,1,1,38:-34,Equipado,0.012
2600002298,Uiraúna,-6.473888,-38.325555,50,1,1,38:-34,Equipado,0.05
2600002299,Uiraúna,-6.566666,-38.320833,51,1,1,35:-34,Equipado,0.031
2600002302,Uiraúna,-6.51,-38.311388,50,1,2,37:-33,Equipado,0.252
2600002303,Uiraúna,-6.544722,-38.35,40,1,2,36:-34,Equipado,0.108
2600002304,São João do Rio do Peixe,-6.578333,-38.436666,52,1,5,35:-36,Equipado,0.105
2600002305,Uiraúna,-6.545,-38.438611,50,1,3,36:-36,Equipado,0.033
2600003022,Pocinhos,-7.039722,-36.029722,26,1,5,24:24,Equipado,0.55
2600003023,Pocinhos,-7.071111,-36.165277,73.85,1,4,23:20,,0.31
2600003025,Pocinhos,-7.1175,-36.148611,30,1,4,22:21,,0.22
2600003026,Pocinhos,-7.100555,-36.118333,41.6,1,1,22:22,,0.08
2600003027,São João do Cariri,-7.334166,-36.389722,27,1,1,16:15,Equipado,0.86
2600003031,Pocinhos,-7.068333,-36.205277,110,1,5,23:19,,0.26
2600003032,Pocinhos,-7.075555,-36.087777,46,1,4,23:22,,0.01
2600003033,Pocinhos,-7.003611,-36.123055,30,1,2,24:21,Equipado,0.45
2600003034,São João do Cariri,-7.335,-36.489722,23,1,5,16:12,Equipado,0.67
2600003035,São João do Cariri,-7.361666,-36.45,32,1,1,15:13,Equipado,0.2
2600003038,Pocinhos,-7.076944,-36.178333,70,1,4,23:20,Equipado,0.08
2600003039,São João do Cariri,-7.5,-36.457222,22,1,4,12:13,Equipado,0.55
2600003041,Pocinhos,-7.136944,-36.047777,40.6,1,5,21:23,Equipado,1
2600003042,Pocinhos,-7.126666,-36.188611,45.5,1,1,21:20,,0.005
2600003044,Pocinhos,-7.081111,-36.0125,33,1,3,22:24,Equipado,0.778
2600003045,Pocinhos,-7.076666,-36.069444,105,1,5,23:23,Equipado,0.09
2600003046,Pocinhos,-7.115277,-36.173333,82,1,5,22:20,Equipado,0.06
2600003047,Pocinhos,-7.124722,-36.001666,53,1,4,21:24,,0.332
2600003048,Pocinhos,-7.088333,-36.188333,100,1,5,22:20,Equipado,0.28
2600003050,Pocinhos,-7.004444,-36.082777,60,1,2,24:22,Equipado,1
2600003054,Pocinhos,-7.0675,-36.171666,110,1,4,23:20,Equipado,0.16
2600003059,Pocinhos,-7.166111,-36.179166,72,1,2,20:20,,0.017
2600003061,Boa Vista,-7.183333,-36.1275,40,1,4,20:21,,0.01
2600003062,Campina Grande,-7.269166,-36.035,28,1,1,18:24,Equipado,0.14
2600003064,Boa Vista,-7.205277,-36.138611,34.7,1,5,19:21,,0.48
2600003072,Campina Grande,-7.354444,-36.044166,13.2,1,1,16:23,Parado,0.12
2600003074,Campina Grande,-7.319444,-36.046944,15,1,1,17:23,Equipado,1.98
2600003076,Boa Vista,-7.226666,-36.157777,46.5,1,5,19:21,Equipado,0.02
2600003081,Cabaceiras,-7.351666,-36.146944,19,1,1,16:21,Equipado,0.5
2600003083,Campina Grande,-7.275555,-36.021666,20,1,1,18:24,Equipado,0.11
2600003084,Campina Grande,-7.2775,-36.053611,21.65,1,4,18:23,Equipado,0.02
2600003086,Campina Grande,-7.340555,-36.045833,22,1,1,16:23,,4
2600003091,Campina Grande,-7.310833,-36.074722,20,1,1,17:23,Equipado,0.83
2600003093,Campina Grande,-7.289166,-36.058055,13.3,1,1,17:23,Equipado,0.2
2600003096,Boa Vista,-7.226944,-36.131944,26,1,5,19:21,,0.29
2600003097,Boa Vista,-7.258888,-36.241388,30,1,4,18:18,,2.33
2600003098,Boa Vista,-7.2125,-36.123888,65.5,1,5,19:21,,0.04
2600003099,Boa Vista,-7.2675,-36.240555,25,1,4,18:18,,0.13
2600003101,Campina Grande,-7.265277,-36.096944,29.85,1,2,18:22,,0.86
2600003102,Campina Grande,-7.166666,-36.086944,58,1,1,20:22,,0.03
2600003103,Campina Grande,-7.187777,-36.073888,43.3,1,5,20:23,,0.23
2600003104,Campina Grande,-7.197777,-36.037777,27.5,1,1,20:24,,0.3
2600003105,Campina Grande,-7.273055,-36.035,53,1,1,18:24,,0.01
2600003106,Boa Vista,-7.2125,-36.125555,60.2,1,5,19:21,,0.02
2600003111,Pocinhos,-7.070833,-36.046944,43,1,5,23:23,,0.85
2600003112,Campina Grande,-7.320277,-36.060833,45,1,1,16:23,Obstruído,1.24
2600003113,Boa Vista,-7.193333,-36.094166,45.2,1,1,20:22,Obstruído,0.21
2600003114,Campina Grande,-7.311388,-36.041111,15.7,1,1,17:23,Obstruído,0.26
2600003118,Boa Vista,-7.280277,-36.158888,30,1,5,17:21,Equipado,0.03
2600003119,Soledade,-7.195,-36.241388,20,1,2,20:18,Fechado,1.81
2600003120,Boa Vista,-7.223888,-36.180277,39,1,3,19:20,Obstruído,0.2
2600003123,Campina Grande,-7.168333,-36.093611,30,1,1,20:22,Equipado,0.2
2600003124,Campina Grande,-7.155277,-36.091388,24,1,3,21:22,Parado,0.06
2600003125,Campina Grande,-7.316111,-36.096666,24.9,1,5,17:22,Obstruído,0.065
2600003151,Cabaceiras,-7.508333,-36.374444,26,1,1,12:15,Equipado,0.38
2600003152,Cabaceiras,-7.391666,-36.326666,53,1,1,15:16,Equipado,0.37
2600003153,Cabaceiras,-7.461666,-36.396666,30,1,3,13:15,Abandonado,1.6
2600003161,São Domingos do Cariri,-7.515,-36.383333,22,1,1,12:15,Equipado,0.63
2600003162,São João do Cariri,-7.409444,-36.455,45,1,1,14:13,,0.08
2600003165,Cabaceiras,-7.4275,-36.363333,20.5,1,2,14:15,Abandonado,0.57
2600003166,Cabaceiras,-7.498333,-36.288333,19,1,3,12:17,Equipado,2.63
2600003167,Cabaceiras,-7.379166,-36.2175,29.9,1,2,15:19,Equipado,0.01
2600003169,Cabaceiras,-7.487777,-36.288055,74,1,3,12:17,Equipado,0.09
2600003170,Cabaceiras,-7.49,-36.294166,30,1,3,12:17,Equipado,0.39
2600003173,Caturité,-7.423055,-36.065277,15,1,4,14:23,,0.85
2600003174,Caturité,-7.402222,-36.050833,16,1,4,14:23,,0.94
2600003175,Caturité,-7.436944,-36.05,66,1,4,14:23,,0.01
2600003176,Boqueirão,-7.463055,-36.116666,23.4,1,3,13:22,Abandonado,0.02
2600003177,Boqueirão,-7.4175,-36.108888,68,1,3,14:22,,0.02
2600003178,Queimadas,-7.438611,-36.014722,20,1,3,14:24,Obstruído,0.59
2600003179,Boqueirão,-7.419444,-36.103611,26.3,1,3,14:22,Abandonado,0.67
2600003180,Boqueirão,-7.403611,-36.176111,30,1,5,14:20,Equipado,0.21
2600003183,Caturité,-7.421111,-36.023888,20,1,3,14:24,Abandonado,0.09
2600003185,Caturité,-7.463611,-36.042222,28,1,5,13:23,,0.17
2600003186,Caturité,-7.380277,-36.110833,35,1,1,15:22,,0.3
2600003187,Caturité,-7.4675,-36.056666,30,1,5,13:23,Equipado,0.5
2600003189,Cabaceiras,-7.394166,-36.195,14.8,1,2,15:20,Obstruído,0.2
2600003190,Caturité,-7.458888,-36.070277,18,1,5,13:23,Equipado,0.87
2600003191,Boqueirão,-7.411666,-36.105277,26.3,1,3,14:22,Equipado,0.67
2600003193,Boqueirão,-7.423888,-36.168888,22,1,5,14:20,Equipado,3
2600003194,Boqueirão,-7.415277,-36.155,13,1,5,14:21,Equipado,0.47
2600003195,Caturité,-7.441666,-36.081111,12,1,3,13:22,Obstruído,0.25
2600003196,Cabaceiras,-7.396944,-36.192222,17.2,1,2,15:20,Abandonado,1.98
2600003197,Caturité,-7.373055,-36.121944,50.1,1,1,15:21,Abandonado,0.03
2600003198,Boqueirão,-7.405277,-36.1675,37.5,1,5,14:20,Equipado,1.99
2600003203,Gurjão,-7.278333,-36.411666,32,1,1,18:14,,0.04
2600003204,Gurjão,-7.198888,-36.511388,32,1,5,20:12,Obstruído,0.56
2600003205,Gurjão,-7.258611,-36.486111,17,1,2,18:12,Equipado,0.7
2600003207,Juazeirinho,-7.064722,-36.499444,73,1,2,23:12,Equipado,0.02
2600003209,Soledade,-7.123888,-36.3275,34,1,2,21:16,Não instalado,0.12
2600003211,Soledade,-7.006666,-36.368055,40,1,5,24:15,Parado,0.07
2600003213,Soledade,-7.165555,-36.305277,43,1,3,20:17,Equipado,0.07
2600003214,Boa Vista,-7.203888,-36.317777,60,1,2,19:17,Equipado,0.05
2600003215,Soledade,-7.121944,-36.380277,36,1,3,21:15,Equipado,0.07
2600003216,Soledade,-7.1725,-36.417222,15,1,2,20:14,Equipado,0.25
2600003217,Soledade,-7.135555,-36.316388,40,1,5,21:17,Equipado,1
2600003218,Soledade,-7.138888,-36.341944,34,1,2,21:16,Não instalado,0.08
2600003219,Soledade,-7.139166,-36.459444,40,1,5,21:13,Parado,0.25
2600003220,Soledade,-7.178055,-36.395555,32,1,4,20:15,Equipado,0.4
2600003221,Soledade,-7.093333,-36.371944,60,1,4,22:15,Parado,0.06
2600003222,Soledade,-7.02,-36.479722,50,1,3,24:13,Equipado,0.06
2600003223,Soledade,-7.187777,-36.282777,30,1,3,20:17,Obstruído,0.19
2600003225,Soledade,-7.11,-36.361944,60,1,4,22:15,Equipado,0.01
2600003226,Soledade,-7.014722,-36.387777,50,1,5,24:15,Equipado,0.18
2600003228,Soledade,-7.063611,-36.4425,51,1,3,23:13,Parado,0.14
2600003230,Soledade,-7.055833,-36.360277,35,1,5,23:15,Parado,0.06
2600003232,Soledade,-7.128333,-36.464722,64,1,5,21:13,Obstruído,0.2
2600003235,Soledade,-7.149166,-36.254444,27,1,3,21:18,Obstruído,0.012
2600003236,Soledade,-7.099722,-36.372222,54,1,4,22:15,Equipado,0.15
2600003237,Soledade,-7.033611,-36.424444,60,1,1,24:14,Equipado,0.07
2600003238,Soledade,-7.146944,-36.261111,66,1,3,21:18,Equipado,0.08
2600003239,Soledade,-7.064722,-36.447222,51,1,3,23:13,Equipado,0.05
2600003242,Soledade,-7.180555,-36.481666,32.5,1,5,20:12,Parado,0.08
2600003243,Soledade,-7.057222,-36.366944,42.5,1,5,23:15,Obstruído,0.55
2600003244,Soledade,-7.176666,-36.486111,60,1,5,20:12,Obstruído,0.01
2600003246,Soledade,-7.035277,-36.473888,58,1,3,24:13,Obstruído,0.01
2600003247,Soledade,-7.088055,-36.433333,27,1,1,22:14,Equipado,0.04
2600003249,Soledade,-7.031666,-36.398888,32,1,5,24:15,Equipado,0.21
2600003250,Soledade,-7.031666,-36.474166,45,1,3,24:13,Parado,0.02
2600003251,Pocinhos,-7.160833,-36.221944,74,1,2,20:19,Parado,0.066
2600003254,Soledade,-7.158055,-36.359444,17,1,2,21:16,Equipado,2.48
2600003255,Soledade,-7.065277,-36.469722,16.72,1,3,23:13,Colmatado,1.89
2600003256,Juazeirinho,-7.180555,-36.489722,22,1,5,20:12,Obstruído,0.63
2600003257,Soledade,-7.084722,-36.4175,25,1,1,22:14,Equipado,1.67
2600003258,Soledade,-7.008055,-36.445277,33,1,3,24:13,Obstruído,0.32
2600003259,Soledade,-7.116666,-36.319166,22,1,5,22:17,Abandonado,0.4
2600003260,Soledade,-7.061666,-36.369444,32.5,1,5,23:15,Parado,0.15
2600003261,Olivedos,-7.002777,-36.326388,49.3,1,3,24:16,Equipado,0.16
2600003264,Gurjão,-7.294166,-36.468333,18,1,3,17:13,Abandonado,1.4
2600003269,São João do Cariri,-7.3075,-36.390555,47,1,1,17:15,Equipado,0.23
2600003270,São João do Cariri,-7.391666,-36.483333,20,1,2,15:12,Equipado,0.45
2600003271,São João do Cariri,-7.336944,-36.460555,30,1,2,16:13,Obstruído,0.08
2600003275,Boa Vista,-7.243333,-36.266666,40,1,4,18:18,Equipado,0.33
2600003276,Boa Vista,-7.235833,-36.189166,50,1,3,19:20,Equipado,0.28
2600003277,Boa Vista,-7.204444,-36.292222,50,1,2,19:17,Equipado,0.16
2600003278,Soledade,-7.188611,-36.221111,40,1,2,20:19,Equipado,0.13
2600003279,Pocinhos,-7.175555,-36.2025,50,1,2,20:19,Equipado,0.21
2600003280,Soledade,-7.180833,-36.459722,50,1,5,20:13,Abandonado,0.07
2600003281,Soledade,-7.181111,-36.240555,49,1,2,20:18,Equipado,0.01
2600003282,Soledade,-7.008611,-36.457222,48,1,3,24:13,,0.04
2600003283,Soledade,-7.170833,-36.416666,69,1,2,20:14,,0.01
2600003287,Cabaceiras,-7.405277,-36.237222,53,1,1,14:19,Equipado,0.24
2600003288,Soledade,-7.188333,-36.220833,40,1,2,20:19,Fechado,0.13
2600003289,Pocinhos,-7.175833,-36.2025,50,1,2,20:19,Fechado,0.21
2600003290,Pocinhos,-7.157222,-36.157222,40,1,4,21:21,Fechado,0.15
2600003291,Campina Grande,-7.184166,-36.016666,50,1,1,20:24,Abandonado,0.03
2600003292,Boa Vista,-7.243333,-36.266388,40,1,4,18:18,Abandonado,0.27
2600003295,Boa Vista,-7.230555,-36.142222,50,1,5,19:21,Equipado,0.08
2600003296,Boa Vista,-7.235555,-36.188888,50,1,3,19:20,Equipado,0.17
2600003297,Boa Vista,-7.204444,-36.292222,50,1,2,19:17,,0.13
2600003298,Campina Grande,-7.315277,-36.05,50,1,1,17:23,,0.89
2600003299,Boa Vista,-7.291666,-36.246666,50,1,1,17:18,Equipado,0.36
2600003300,Cabaceiras,-7.438611,-36.358888,50,1,4,14:16,Equipado,0.41
2600003302,Cabaceiras,-7.485277,-36.251944,50,1,5,12:18,Equipado,0.32
2600003303,Cabaceiras,-7.42,-36.311944,40,1,2,14:17,Equipado,0.9
2600003308,Campina Grande,-7.269444,-36.101666,50,1,2,18:22,Equipado,0.02
2600003309,Campina Grande,-7.277777,-36.05,50,1,4,18:23,Equipado,0.04
2600003310,Cabaceiras,-7.421666,-36.339166,48,1,4,14:16,Equipado,0.47
2600003311,Pocinhos,-7.175555,-36.2025,50,1,2,20:19,,0.21
2600003312,Pocinhos,-7.076388,-36.059444,52,1,5,23:23,Equipado,0.02
2600003314,Pocinhos,-7.013333,-36.045277,65,0,4,24:23,Seco,
2600003315,Soledade,-7.180833,-36.481388,32.5,1,5,20:12,Equipado,0.08
2600003316,Soledade,-7.179722,-36.473888,60,1,5,20:13,Obstruído,0.01
2600003317,Gurjão,-7.234722,-36.448055,50,1,1,19:13,Equipado,0.01
2600003320,Gurjão,-7.213333,-36.428888,50,1,4,19:14,Equipado,0.35
2600003321,Juazeirinho,-7.024444,-36.499444,50,1,5,24:12,Equipado,0.02
2600003322,Boa Vista,-7.246944,-36.1325,40,1,4,18:21,Abandonado,0.01
2600003323,Campina Grande,-7.268888,-36.1,50,1,2,18:22,,0.02
2600003325,Campina Grande,-7.354166,-36.088888,50,0,2,16:22,Seco,
2600003326,Soledade,-7.199444,-36.225,40,1,2,20:19,,0.27
2600003327,Boa Vista,-7.2175,-36.233333,50,1,4,19:19,,0.21
2600003328,Boa Vista,-7.356388,-36.233333,40,1,5,16:19,Equipado,2.97
2600003329,Campina Grande,-7.351666,-36.088888,48,1,2,16:22,Equipado,1.2
2600003330,Boa Vista,-7.323888,-36.259166,40,1,5,16:18,Equipado,0.46
2600003331,Campina Grande,-7.34,-36.091944,33,1,2,16:22,Equipado,5.58
2600003332,Campina Grande,-7.283333,-36.095833,50,1,5,17:22,Equipado,0.02
2600003333,Boa Vista,-7.201111,-36.207777,50,0,4,19:19,Seco,
2600003334,Boa Vista,-7.255,-36.120277,50,1,4,18:21,,0.11
2600003335,Cabaceiras,-7.406666,-36.319444,40,1,2,14:17,Equipado,2.65
2600003336,Boqueirão,-7.442777,-36.221388,50,1,3,13:19,Equipado,0.03
2600003337,Cabaceiras,-7.373055,-36.215555,40,1,2,15:19,,0.16
2600003338,Cabaceiras,-7.436944,-36.278888,50,1,5,14:18,Equipado,0.31
2600003339,Cabaceiras,-7.486111,-36.251944,50,1,5,12:18,Equipado,0.48
2600003340,Cabaceiras,-7.460833,-36.260277,42,1,1,13:18,Equipado,0.17
2600003341,São Domingos do Cariri,-7.498888,-36.406111,30,1,4,12:14,Equipado,1.69
2600003342,Cabaceiras,-7.468055,-36.3225,40,1,2,13:16,Equipado,3.4
2600003343,Cabaceiras,-7.481944,-36.281111,8,1,3,12:17,,20.28
2600003344,Caturité,-7.381666,-36.1,40,1,1,15:22,,1
2600003345,Boqueirão,-7.45,-36.202777,50,1,3,13:19,Equipado,0.01
2600003347,Soledade,-7.147222,-36.231388,50,1,4,21:19,Não instalado,0.03
2600003348,Soledade,-7.191111,-36.425555,40,1,2,20:14,,0.29
2600003349,Soledade,-7.164166,-36.413888,45,1,2,20:14,Equipado,0.12
2600003350,Soledade,-7.076111,-36.39,50,1,5,23:15,Equipado,0.03
2600003351,Soledade,-7.103611,-36.3775,50,1,4,22:15,Equipado,0.03
2600003352,Soledade,-7.087777,-36.397222,30,1,4,22:15,,0.68
2600003353,Soledade,-7.036666,-36.331111,50,1,3,24:16,,0.03
2600003354,São João do Cariri,-7.425,-36.459444,50,1,1,14:13,Parado,0.24
2600003356,Pocinhos,-7.136944,-36.040833,50,1,5,21:23,,0.01
2600003357,Pocinhos,-7.0225,-36.052777,60,1,4,24:23,,0.01
2600003358,Pocinhos,-7.073888,-36.064722,50,1,5,23:23,Equipado,0.03
2600003359,Pocinhos,-7.094722,-36.123055,50,1,4,22:21,,0.02
2600003363,Boa Vista,-7.23,-36.183333,45,1,3,19:20,Fechado,1.32
2600003364,Alcantil,-7.703611,-36.061388,30,1,3,7:23,Equipado,0.37
2600003365,Alcantil,-7.72,-36.033055,40,1,1,7:24,Equipado,0.15
2600003367,Boqueirão,-7.570833,-36.198055,26,1,5,10:20,Equipado,0.1
2600003368,Boqueirão,-7.569166,-36.158611,16.45,1,3,10:21,Equipado,0.25
2600003369,Boqueirão,-7.645555,-36.195833,17,1,3,8:20,Equipado,1.2
2600003370,Boqueirão,-7.639722,-36.193055,19.7,1,1,9:20,Equipado,0.1
2600003373,Boqueirão,-7.544722,-36.149722,27,1,2,11:21,Equipado,0.2
2600003374,Boqueirão,-7.532222,-36.1575,22,1,2,11:21,Não instalado,0.43
2600003377,Alcantil,-7.671111,-36.126666,22,1,5,8:21,Equipado,0.75
2600003379,Alcantil,-7.606111,-36.005555,45,1,2,9:24,Equipado,0.08
2600003380,Alcantil,-7.770833,-36.114722,39,1,2,5:22,Equipado,0.08
2600003383,Boqueirão,-7.610833,-36.184166,34,1,1,9:20,Equipado,0.08
2600003384,Boqueirão,-7.591944,-36.199722,22,1,5,10:20,Equipado,0.16
2600003385,Boqueirão,-7.546666,-36.177222,21.45,1,4,11:20,Equipado,0.21
2600003386,Alcantil,-7.679166,-36.060277,48,1,3,8:23,Equipado,0.51
2600003388,Boqueirão,-7.608888,-36.156388,50,1,4,9:21,Equipado,0.14
2600003394,Barra de Santana,-7.549166,-36.003611,48,1,4,11:24,Equipado,0.02
2600003395,Barra de Santana,-7.578055,-36.015277,35,1,4,10:24,Equipado,0.07
2600003397,Riacho de Santo Antônio,-7.650555,-36.151944,35,1,5,8:21,Equipado,0.86
2600003399,Boqueirão,-7.478055,-36.133055,42,1,5,13:21,Equipado,0.23
2600003400,Boqueirão,-7.4775,-36.131944,36,1,5,13:21,Equipado,0.07
2600003403,Barra de Santana,-7.580277,-36.073888,21,1,5,10:23,Equipado,0.15
2600003407,Barra de São Miguel,-7.759722,-36.148055,40,1,1,6:21,Equipado,0.35
2600003409,Riacho de Santo Antônio,-7.718888,-36.123888,13.5,1,1,7:21,Colmatado,1.37
2600003612,Boqueirão,-7.538888,-36.169166,28,1,4,11:20,Equipado,0.62
2600003613,Alcantil,-7.663888,-36.081388,25,1,1,8:22,Equipado,0.794
2600003616,Barra de Santana,-7.595277,-36.018611,30,1,4,10:24,Equipado,0.31
2600003617,Riacho de Santo Antônio,-7.758888,-36.131388,19,1,1,6:21,Colmatado,0.09
2600003618,Riacho de Santo Antônio,-7.734444,-36.137222,26.1,1,1,6:21,Colmatado,0.021
2600003619,Alcantil,-7.776666,-36.108888,45,1,2,5:22,Obstruído,0.23
2600003620,Riacho de Santo Antônio,-7.715,-36.113055,19,1,5,7:22,Colmatado,0.01
2600003622,Riacho de Santo Antônio,-7.694444,-36.158333,21,1,1,7:21,Colmatado,0.17
2600003624,Alcantil,-7.767222,-36.038333,41,1,1,5:24,Colmatado,2
2600003625,Alcantil,-7.736666,-36.053888,37,1,3,6:23,Obstruído,0.04
2600003627,Alcantil,-7.739166,-36.051944,35,1,3,6:23,Colmatado,0.09
2600003628,Alcantil,-7.6175,-36.078333,51,1,3,9:23,Colmatado,1
2600003629,Alcantil,-7.643611,-36.088055,50,1,1,8:22,Colmatado,0.5
2600003630,Alcantil,-7.743055,-36.066388,42.5,1,3,6:23,Colmatado,0.28
2600003631,Alcantil,-7.753055,-36.042222,40.5,1,3,6:23,Colmatado,0.045
2600003635,Boqueirão,-7.568888,-36.156388,27.9,1,3,10:21,Colmatado,0.04
2600003636,Alcantil,-7.736666,-36.053888,60,1,3,6:23,Colmatado,0.002
2600003638,Alcantil,-7.720277,-36.078333,14,1,3,6:23,Colmatado,0.19
2600003639,Alcantil,-7.721388,-36.0775,28.6,1,3,6:23,Colmatado,0.12
2600003642,Alcantil,-7.672777,-36.000833,30,1,2,8:24,Colmatado,0.14
2600003644,Alcantil,-7.723055,-36.080277,14.18,1,3,6:22,Obstruído,0.21
2600003646,Boqueirão,-7.543888,-36.211944,15.5,1,3,11:19,Equipado,3.33
2600003647,São Domingos do Cariri,-7.5925,-36.426111,48,1,5,10:14,Equipado,0.14
2600003649,São Domingos do Cariri,-7.628611,-36.395277,40,1,5,9:15,Equipado,0.61
2600003650,São Domingos do Cariri,-7.586944,-36.393611,40,1,1,10:15,Equipado,0.11
2600003651,São Domingos do Cariri,-7.668055,-36.365833,50,1,4,8:15,Equipado,0.21
2600003654,São Domingos do Cariri,-7.5425,-36.366666,60,1,3,11:15,Equipado,3.48
2600003655,Cabaceiras,-7.531666,-36.362222,30,1,3,11:15,Equipado,0.83
2600003656,Barra de São Miguel,-7.676388,-36.403611,40,1,2,8:14,Equipado,0.25
2600003664,São Domingos do Cariri,-7.6725,-36.434722,50,1,2,8:14,Equipado,0.03
2600003665,Barra de São Miguel,-7.698333,-36.424722,53,1,2,7:14,Equipado,0.44
2600003667,São Domingos do Cariri,-7.650277,-36.431388,40,1,2,8:14,Equipado,0.95
2600003668,São Domingos do Cariri,-7.635555,-36.432777,40,1,3,9:14,Não utilizável,1.13
2600003669,São Domingos do Cariri,-7.644444,-36.435833,30,1,2,8:14,Equipado,0.42
2600003670,Cabaceiras,-7.51,-36.375555,26,1,1,12:15,Equipado,0.38
2600003674,São Domingos do Cariri,-7.516388,-36.384166,31,1,1,12:15,Equipado,0.63
2600003675,São João do Cariri,-7.578888,-36.484166,32,1,2,10:12,Equipado,0.18
2600003676,São João do Cariri,-7.577222,-36.497222,30,1,2,10:12,Equipado,0.77
2600003677,São João do Cariri,-7.541111,-36.453611,25,1,2,11:13,Equipado,1
2600003678,São João do Cariri,-7.549444,-36.491388,22,1,3,11:12,Equipado,0.25
2600003679,Barra de São Miguel,-7.760277,-36.374444,32.5,1,2,5:15,Precário,0.36
2600003680,Caraúbas,-7.772222,-36.415277,27,1,3,5:14,Colmatado,0.51
2600003683,Caraúbas,-7.778888,-36.458055,40,1,2,5:13,Equipado,0.8
2600003685,São João do Cariri,-7.631944,-36.498333,40,1,1,9:12,Equipado,0.47
2600003686,Caraúbas,-7.659166,-36.460555,40,1,5,8:13,Equipado,0.16
2600003688,Congo,-7.730277,-36.659166,52.5,1,4,6:8,Equipado,0.02
2600003691,Caraúbas,-7.75,-36.466944,25,1,2,6:13,Colmatado,0.3
2600003692,Caraúbas,-7.904166,-36.475,51,0,1,2:13,Seco,
2600003695,São João do Cariri,-7.503333,-36.456944,22,1,4,12:13,Equipado,0.55
2600003698,Caraúbas,-7.744722,-36.479722,50,1,2,6:13,Equipado,0.3
2600003765,Barra de São Miguel,-7.7,-36.225,35,1,2,7:19,Equipado,1.12
2600003771,Barra de São Miguel,-7.715555,-36.279166,48,1,5,7:18,Equipado,0.96
2600003772,Barra de São Miguel,-7.7125,-36.243888,51,1,5,7:18,Equipado,0.17
2600003773,Barra de São Miguel,-7.707222,-36.246944,57,1,5,7:18,Equipado,0.12
2600003775,Barra de São Miguel,-7.586388,-36.255833,21.3,1,4,10:18,Equipado,0.67
2600003783,Barra de São Miguel,-7.759722,-36.191111,30,1,4,6:20,Obstruído,6.48
2600003785,Barra de São Miguel,-7.588333,-36.266111,31,1,4,10:18,Equipado,0.08
2600003788,Barra de São Miguel,-7.730555,-36.287222,48,1,2,6:17,Equipado,0.6
2600003795,Barra de São Miguel,-7.675,-36.355555,21,1,3,8:16,Equipado,0.31
2600003796,Barra de São Miguel,-7.646944,-36.204444,30,1,2,8:19,Equipado,0.17
2600003797,Barra de São Miguel,-7.627777,-36.210277,21,1,3,9:19,Equipado,0.5
2600003798,Barra de São Miguel,-7.6325,-36.213888,16,1,3,9:19,Colmatado,1
2600003799,Barra de São Miguel,-7.771388,-36.3175,27,1,1,5:17,Equipado,0.65
2600003800,Barra de São Miguel,-7.772222,-36.327777,27.5,1,4,5:16,Não utilizável,0.48
2600003801,Barra de São Miguel,-7.768055,-36.333333,26,1,4,5:16,Precário,0.3
2600003806,Barra de São Miguel,-7.752777,-36.33,30,1,5,6:16,Equipado,0.51
2600003807,Barra de São Miguel,-7.766666,-36.278888,45,1,5,5:18,Equipado,0.07
2600003808,Barra de São Miguel,-7.6325,-36.363888,45,1,5,9:15,Equipado,0.56
2600003810,Barra de São Miguel,-7.797222,-36.369444,27,1,2,5:15,Equipado,0.5
2600003811,Barra de São Miguel,-7.738333,-36.378333,30,1,5,6:15,Colmatado,0.43
2600003814,Barra de São Miguel,-7.775,-36.2875,40,1,1,5:17,Equipado,0.27
2600003815,Barra de São Miguel,-7.722777,-36.244166,37,1,4,6:18,Equipado,0.67
2600003816,Barra de São Miguel,-7.743611,-36.370555,51,1,5,6:15,Equipado,0.02
2600003818,Barra de São Miguel,-7.725,-36.363888,30,1,5,6:15,Equipado,1.2
2600003822,Barra de São Miguel,-7.680555,-36.353888,50,1,1,7:16,Equipado,1.51
2600003826,Barra de São Miguel,-7.7075,-36.329166,25,1,1,7:16,Equipado,4.98
2600003827,Barra de São Miguel,-7.756944,-36.276111,21,1,4,6:18,Equipado,2.98
2600003831,Barra de São Miguel,-7.788888,-36.36,32,1,4,5:16,Equipado,0.3
2600003844,Barra de São Miguel,-7.596111,-36.3,10.7,1,3,10:17,Colmatado,0.43
2600003846,Barra de São Miguel,-7.597222,-36.293333,51,1,3,10:17,Colmatado,0.01
2600003847,Barra de São Miguel,-7.741666,-36.234166,35.4,1,5,6:19,Equipado,0.68
2600003853,Barra de São Miguel,-7.752222,-36.3175,60,1,2,6:17,Colmatado,0.16
2600003854,Barra de São Miguel,-7.752222,-36.3175,32,1,2,6:17,Colmatado,0.49
2600003855,Barra de São Miguel,-7.611666,-36.238888,44.5,1,3,9:19,Colmatado,0.012
2600003856,Barra de São Miguel,-7.624166,-36.313611,24.5,1,2,9:17,Equipado,0.68
2600003860,Barra de São Miguel,-7.717777,-36.248333,43,1,5,7:18,Equipado,0.83
2600003862,Barra de São Miguel,-7.8075,-36.266666,42,1,5,4:18,Equipado,2.88
2600003865,Barra de São Miguel,-7.772222,-36.15,48,1,2,5:21,Equipado,0.043
2600003866,Barra de São Miguel,-7.750555,-36.309444,40,1,2,6:17,Colmatado,0.06
2600003867,Barra de São Miguel,-7.781666,-36.185,20,1,3,5:20,Equipado,1.5
2600003868,Barra de São Miguel,-7.730555,-36.291666,21,1,2,6:17,Equipado,0.59
2600003873,Barra de São Miguel,-7.660277,-36.271111,21,1,4,8:18,Equipado,0.35
2600004641,Alagoinha,-6.95,-35.480555,60,1,1,26:37,Equipado,0.05
2600004644,Alagoinha,-6.986388,-35.531666,60,1,5,25:36,Equipado,0.16
2600004646,Areia,-6.890833,-35.754444,48,1,3,27:31,Fechado,0.13
2600004647,Areia,-6.890833,-35.754444,60,1,3,27:31,,0.13
2600004651,Bananeiras,-6.654444,-35.536388,60,1,2,33:36,Fechado,0.07
2600004654,Barra de Santa Rosa,-6.655556,-36.0325,48,1,1,33:24,Equipado,0.05
2600004657,Barra de São Miguel,-7.693055,-36.404166,53,1,2,7:14,,0.44
2600004658,Cabaceiras,-7.405555,-36.2375,53,1,1,14:19,,0.24
2600004659,São Domingos do Cariri,-7.5375,-36.370833,60,1,3,11:15,Fechado,3.48
2600004660,Gurinhém,-7.175555,-35.355833,40,1,5,20:41,Equipado,2
2600004661,São José dos Ramos,-7.222222,-35.35,60,1,5,19:41,Equipado,1.23
2600004662,Gurinhém,-7.152777,-35.369444,51,1,4,21:40,Equipado,0.06
2600004663,Sossêgo,-6.768888,-36.252777,60,1,4,30:18,Equipado,0.03
2600004664,Cuité,-6.566666,-36.066666,60,1,1,35:23,Equipado,0.03
2600004666,Sertãozinho,-6.761666,-35.398611,56,1,1,30:40,Equipado,0.03
2600004669,Fagundes,-7.366666,-35.743055,15,1,3,15:31,Equipado,1.73
2600004670,Fagundes,-7.362222,-35.716388,60,1,2,15:32,Equipado,0.16
2600004672,Guarabira,-6.933055,-35.468333,60,1,2,26:38,Equipado,0.15
2600004673,Guarabira,-6.915,-35.403055,60,1,4,27:39,Equipado,0.72
2600004674,Guarabira,-6.820833,-35.445833,50,1,1,29:38,Equipado,0.63
2600004675,Gurinhém,-7.095,-35.4525,60,1,2,22:38,Fechado,0.04
2600004677,Gurinhém,-7.080555,-35.4525,60,1,2,22:38,Equipado,0.08
2600004678,Gurinhém,-7.143055,-35.391388,53.3,1,4,21:40,Equipado,0.06
2600004679,Santo André,-7.216666,-36.640277,51.5,1,4,19:8,Equipado,0.21
2600004680,Ingá,-7.286388,-35.618055,50.5,1,4,17:34,Equipado,1
2600004682,Juarez Távora,-7.168055,-35.558888,54,1,5,20:36,Equipado,0.02
2600004683,Itabaiana,-7.394166,-35.326944,55,1,3,15:41,Fechado,2.22
2600004686,Itabaiana,-7.340555,-35.324166,56,1,5,16:41,Equipado,0.17
2600004687,Juazeirinho,-7.076111,-36.536111,60,1,3,23:11,,0.07
2600004688,Juazeirinho,-7.108333,-36.647222,60,1,1,22:8,Equipado,0.01
2600004690,Juazeirinho,-7.086111,-36.590277,60,1,2,22:10,Equipado,1.09
2600004691,Assunção,-7.03,-36.693888,60,1,1,24:7,Equipado,0.66
2600004692,Taperoá,-7.138888,-36.663888,60,1,5,21:8,Equipado,0.43
2600004693,Juazeirinho,-7.0625,-36.6125,60,1,4,23:9,Equipado,0.01
2600004694,Juazeirinho,-7.117777,-36.536111,55,1,1,22:11,Equipado,0.03
2600004695,Santo André,-7.175,-36.629166,60,1,1,20:9,Equipado,0.49
2600004697,Tenório,-6.946666,-36.636666,60,1,4,26:9,Fechado,0.003
2600004698,Juarez Távora,-7.145555,-35.558888,56,1,1,21:36,Equipado,0.64
2600004699,Juarez Távora,-7.172777,-35.55,53.4,1,5,20:36,Abandonado,0.09
2600004701,Caiçara,-6.626944,-35.368611,60,1,3,34:40,Equipado,0.02
2600004703,Lagoa Seca,-7.136111,-35.833333,60,1,2,21:29,Equipado,0.02
2600004704,Montadas,-7.100277,-35.944444,60,1,2,22:26,Equipado,0.02
2600004705,Monteiro,-7.983333,-37.1125,60,1,3,0:-3,Equipado,0.27
2600004706,Monteiro,-7.831666,-36.963611,60,1,1,4:0,Equipado,2.14
2600004707,Mulungu,-7,-35.469444,46,1,3,25:38,Equipado,1.13
2600004708,Mulungu,-6.991666,-35.375,60,1,4,25:40,Equipado,1.12
2600004709,Mulungu,-6.993888,-35.475555,60,1,3,25:38,Equipado,0.02
2600004711,Mulungu,-6.959166,-35.358611,60,1,5,26:41,Equipado,0.57
2600004712,Guarabira,-6.948055,-35.444444,54,1,2,26:38,Equipado,0.01
2600004713,Mulungu,-7.020833,-35.402222,54,1,5,24:39,Equipado,0.43
2600004714,Pedra Lavrada,-6.711111,-36.327777,60,1,3,32:16,Equipado,0.07
2600004716,Olivedos,-6.909722,-36.267777,60,1,5,27:18,Fechado,0.01
2600004717,Pedra Lavrada,-6.791944,-36.491111,60,1,3,30:12,Parado,0.02
2600004718,Pedra Lavrada,-6.753055,-36.373333,60,1,1,31:15,Equipado,0.06
2600004719,Pedra Lavrada,-6.746944,-36.415277,60,1,2,31:14,Equipado,0.04
2600004720,Pedra Lavrada,-6.744444,-36.352777,60,1,5,31:16,Fechado,0.07
2600004721,Pedra Lavrada,-6.800555,-36.415277,60,1,5,29:14,Equipado,0.06
2600004722,Pedra Lavrada,-6.766111,-36.445,55,1,4,30:13,Equipado,0.24
2600004723,Pilar,-7.24,-35.255555,53.8,1,1,18:43,Equipado,0.27
2600004724,Pilar,-7.261666,-35.258055,60,1,1,18:43,Equipado,0.06
2600004726,Pilar,-7.298889,-35.301667,55,1,4,17:42,Equipado,0.23
2600004727,Pilar,-7.305277,-35.264444,56.5,1,4,17:43,Equipado,0.02
2600004735,São Vicente do Seridó,-6.927777,-36.355555,60,1,5,26:16,Equipado,0.11
2600004737,Serraria,-6.813611,-35.668055,60,1,2,29:33,Equipado,0.04
2600004739,Taperoá,-7.240277,-36.821666,60,1,3,18:4,Equipado,0.01
2600004742,Taperoá,-7.182222,-36.821111,25,1,3,20:4,Equipado,2.992
2600004743,Sumé,-7.809444,-36.922222,17,1,1,4:1,Equipado,2.388
2600004744,Sumé,-7.797222,-36.954166,21.1,1,1,5:1,Equipado,0.372
2600004745,Gurjão,-7.266666,-36.483333,17,1,2,18:12,Equipado,0.702
2600004746,Soledade,-7.0625,-36.3675,32.5,1,5,23:15,Obstruído,0.152
2600004747,Gurjão,-7.294444,-36.398611,24.3,1,1,17:15,,0.051
2600004748,Sumé,-7.738888,-36.802777,22.9,1,1,6:4,,0.065
2600004749,Sumé,-7.739166,-36.802777,11,1,1,6:4,,2.4
2600004751,Ouro Velho,-7.630555,-37.105555,10,1,4,9:-3,Equipado,0.123
2600004752,Sumé,-7.544444,-36.963888,18.5,1,4,11:0,Equipado,0.1
2600004753,Prata,-7.647222,-37.1,14.3,1,4,8:-3,Equipado,0.1
2600004754,São João do Cariri,-7.488611,-36.534166,31,1,1,12:11,Equipado,0.02
2600004755,São João do Cariri,-7.579166,-36.488888,15.7,1,2,10:12,Equipado,0.108
2600004756,São Vicente do Seridó,-6.966666,-36.419444,24.9,1,5,25:14,Equipado,0.32
2600004757,Boa Vista,-7.209722,-36.168888,17.4,1,3,19:20,Equipado,0.197
2600004758,Boa Vista,-7.175,-36.145833,40,1,4,20:21,Equipado,0.006
2600004759,Gurjão,-7.323055,-36.516111,20,1,5,16:12,Equipado,0.035
2600004760,Campina Grande,-7.175,-36.054166,30,1,5,20:23,Equipado,0.198
2600004761,São João do Cariri,-7.3375,-36.45,30,1,2,16:13,Equipado,0.076
2600004762,Soledade,-7.15,-36.361111,17.1,1,3,21:15,Equipado,2.48
2600004763,Campina Grande,-7.3375,-36.027777,51.5,1,1,16:24,Equipado,0.005
2600004764,Gurjão,-7.246111,-36.565,21.6,1,2,18:10,Não instalado,0.02
2600004765,Soledade,-7.116388,-36.319722,22,1,5,22:17,Obstruído,0.399
2600004766,Campina Grande,-7.218055,-36.05,27.5,1,2,19:23,Equipado,0.296
2600004767,Campina Grande,-7.337777,-36.027777,13.3,1,1,16:24,Equipado,0.197
2600004768,Pocinhos,-7.145833,-36.175,45.5,1,1,21:20,,0.005
2600004769,Olivedos,-6.925,-36.208333,21,1,4,26:19,Equipado,0.091
2600004770,Cabaceiras,-7.363333,-36.188888,29.9,1,2,15:20,Equipado,0.012
2600004771,Gurjão,-7.211111,-36.433333,15,1,4,19:14,Equipado,0.182
2600004772,Cabaceiras,-7.491388,-36.420555,22,1,4,12:14,Equipado,0.551
2600004774,Sumé,-7.629166,-36.9625,14.1,1,1,9:0,Equipado,3.725
2600004775,Sumé,-7.7125,-37.016666,17.1,1,5,7:-1,,1.995
2600004776,São João do Cariri,-7.484722,-36.4625,14,1,4,12:13,Equipado,0.562
2600004777,Ouro Velho,-7.645833,-37.147222,14.2,1,1,8:-4,Equipado,0.998
2600004778,Soledade,-7.047222,-36.438888,16.76,1,2,23:14,,1.89
2600004779,Ouro Velho,-7.558333,-37.129166,15,1,4,11:-4,Equipado,0.596
2600004780,Soledade,-7.058333,-36.425,31,1,2,23:14,Equipado,0.083
2600004781,Serra Branca,-7.633333,-36.772222,19.3,1,5,9:5,,0.426
2600004782,Pocinhos,-7.175,-36.177777,31,1,2,20:20,Equipado,0.764
2600004783,São Vicente do Seridó,-6.901388,-36.388888,35.75,1,2,27:15,,0.219
2600004784,São João do Cariri,-7.458333,-36.504166,29,1,5,13:12,,0.012
2600004785,Serra Branca,-7.504166,-36.625,21.5,1,1,12:9,Equipado,0.537
2600004786,Olivedos,-6.966666,-36.294444,15,1,4,25:17,,0.147
2600004788,Pocinhos,-7.091666,-36.122777,41.6,1,4,22:21,,0.078
2600004789,Caraúbas,-7.8,-36.495833,40,1,4,5:12,Equipado,0.442
2600004790,Pocinhos,-7.016666,-36.05,40.6,1,4,24:23,,0.998
2600004792,Caraúbas,-7.733333,-36.5,40,1,1,6:12,Equipado,0.796
2600004793,Caraúbas,-7.85,-36.469444,41,1,2,3:13,Equipado,0.451
2600004794,Juazeirinho,-7.153611,-36.584722,60,1,3,21:10,Equipado,0.03
2600004964,Barra de Santa Rosa,-6.875,-36.136666,38,1,3,28:21,Equipado,0.368
2600005164,Amparo,-7.545833,-37.0325,50,1,5,11:-1,,0.157
2600005165,Sumé,-7.543055,-36.956944,43,1,2,11:1,Equipado,0.051
2600005166,Sumé,-7.543333,-36.956944,50,1,2,11:1,Equipado,0.053
2600005167,Amparo,-7.560555,-37.060555,43,1,1,10:-2,,0.396
2600005168,Amparo,-7.509722,-37.036111,50,1,5,12:-1,Equipado,0.244
2600005170,Serra Branca,-7.519166,-36.647222,42,1,3,12:8,Equipado,0.138
2600005172,Sumé,-7.666388,-36.878611,48,1,4,8:3,Equipado,0.083
2600005173,Amparo,-7.519166,-37.030555,47,1,5,12:-1,,0.058
2600005174,Amparo,-7.554166,-37.013333,50,1,5,11:-1,Equipado,0.011
2600005175,Prata,-7.695833,-37.130555,60,1,1,7:-4,Equipado,0.002
2600005177,Amparo,-7.611111,-37.013611,20,1,3,9:-1,Equipado,0.665
2600005179,Cacimba de Areia,-7.160833,-37.172222,50,1,3,20:-5,Equipado,0.021
2600005180,Cacimbas,-7.204166,-37.148611,20,1,4,19:-4,Equipado,4.005
2600005186,Monteiro,-7.904444,-37.204166,50,1,5,2:-6,Equipado,0.173
2600005193,Monteiro,-7.923611,-37.208333,70,1,5,1:-6,Equipado,0.214
2600005194,Monteiro,-7.829166,-36.991111,10,0,1,4:0,Seco,
2600005196,Monteiro,-7.864444,-37.069166,70,1,1,3:-2,Obstruído,0.013
2600005198,Sumé,-7.693611,-36.991111,49,1,2,7:0,Equipado,0.564
2600005199,Monteiro,-7.966944,-37.281388,41,1,2,0:-8,Equipado,0.01
2600005200,Congo,-7.798888,-36.676388,50,1,1,5:8,Equipado,0.176
2600005201,Congo,-7.872222,-36.641666,30,1,5,3:8,Equipado,0.422
2600005202,Congo,-7.715,-36.674444,30,1,5,7:8,Equipado,1.86
2600005203,Camalaú,-7.889722,-36.823055,30,1,1,2:4,Equipado,0.199
2600005204,Monteiro,-7.950555,-37.151111,50,1,5,1:-4,,0.017
2600005207,Camalaú,-7.905277,-36.642222,34,1,5,2:8,Equipado,0.089
2600005208,Monteiro,-7.900277,-37.174444,30,1,1,2:-5,Equipado,0.057
2600005209,São José dos Cordeiros,-7.398888,-36.799166,30,1,5,15:5,Equipado,0.172
2600005210,Boa Vista,-7.330277,-36.166666,30,1,3,16:20,Equipado,1.988
2600005212,Livramento,-7.361666,-36.940277,50,1,5,15:1,Equipado,0.017
2600005213,Desterro,-7.32,-37.091666,50,1,5,16:-3,Equipado,0.054
2600005214,Assunção,-7.074444,-36.73,56,1,3,23:6,Equipado,0.053
2600005215,Juazeirinho,-7.175,-36.520555,50,1,1,20:11,Equipado,0.014
2600005216,Gurjão,-7.246666,-36.486944,40,1,2,18:12,Equipado,0.244
2600005217,Parari,-7.323888,-36.613888,40,1,4,16:9,Equipado,0.914
2600005218,Santo André,-7.2125,-36.575833,40,1,5,19:10,Equipado,0.386
2600005219,Taperoá,-7.283055,-36.748333,50,1,2,17:6,Equipado,0.013
2600005221,São José dos Cordeiros,-7.451388,-36.806111,50,1,3,13:4,Equipado,0.01
2600005222,Livramento,-7.333611,-36.766666,50,1,4,16:5,Equipado,0.019
2600005223,São José dos Cordeiros,-7.417222,-36.750833,42,1,3,14:6,Equipado,0.119
2600005224,Taperoá,-7.224444,-36.791666,36,1,1,19:5,Equipado,0.051
2600005225,São José dos Cordeiros,-7.383611,-36.850833,56,1,1,15:3,Equipado,0.012
2600005226,Livramento,-7.35,-36.933888,40,1,4,16:1,Equipado,0.02
2600005229,Taperoá,-7.184444,-36.808888,50,1,3,20:4,Equipado,0.021
2600005230,Catingueira,-7.213889,-37.613333,60,1,2,19:-16,,0.006
2600005232,Alcantil,-7.705555,-36.091666,9,1,5,7:22,Equipado,3.457
2600005235,Boqueirão,-7.552777,-36.141666,21.45,1,2,11:21,,0.205
2600005238,Campina Grande,-7.320833,-36.011111,13.2,1,1,16:24,,1.195
2600005239,Boa Vista,-7.3625,-36.233333,33,1,2,15:19,,0.031
2600005241,Alcantil,-7.602222,-36.018055,35,1,2,9:24,Equipado,6.233
2600005242,São João do Cariri,-7.366666,-36.483333,36,1,2,15:12,Equipado,0.149
2600005243,Caraúbas,-7.841666,-36.441666,40,1,2,3:13,Equipado,0.992
2600005244,Caraúbas,-7.720833,-36.470833,32.5,1,2,6:13,Equipado,0.373
2600005245,Congo,-7.830555,-36.57,16,1,5,4:10,,0.57
2600005302,Olivedos,-6.877777,-36.266666,42,1,2,28:18,,0.092
2600005303,Parari,-7.283333,-36.661111,29,1,3,17:8,,2.48
2600005304,Santo André,-7.222222,-36.6,36,1,3,19:9,,0.998
2600005305,Santo André,-7.233333,-36.5625,30.8,1,5,19:10,,3.49
2600005306,Barra de Santa Rosa,-6.716666,-36.120833,34,1,3,32:21,,0.388
2600005307,Santo André,-7.283333,-36.6,25,1,5,17:9,,0.396
2600005308,Barra de Santa Rosa,-6.716944,-36.120833,36.5,1,3,32:21,,0.443
2600005309,Alcantil,-7.629166,-36.052777,25,1,3,9:23,,0.551
2600005310,Serra Branca,-7.533333,-36.683056,19.5,1,4,11:7,,1.33
2600005311,Barra de Santa Rosa,-6.830555,-36.029166,19.8,1,1,29:24,,1.49
2600005312,Parari,-7.280555,-36.666666,33,1,3,17:8,,0.099
2600005313,Alcantil,-7.763888,-36.044444,19.5,1,2,5:23,,1.823
2600005314,Assunção,-7.054166,-36.75,43.5,1,3,23:6,,0.143
2600005316,Assunção,-7.055555,-36.7,40,1,5,23:7,,0.271
2600005317,Assunção,-7.098611,-36.720833,25,1,2,22:6,,0.082
2600005318,Cuité,-6.643889,-36.147222,20,1,4,33:21,,0.443
2600005320,Cuité,-6.520833,-36.05,24,1,1,36:23,,0.798
2600005321,Boa Vista,-7.229166,-36.247222,22.5,1,2,19:18,,1.598
2600005322,Nova Floresta,-6.441666,-36.222222,51,1,1,38:19,,0.198
2600005323,Picuí,-6.443055,-36.238888,27,1,1,38:19,,0.059
2600005324,Nova Floresta,-6.433333,-36.216111,27,1,2,39:19,,0.165
2600005325,Serra Branca,-7.498611,-36.666666,30,1,3,12:8,,0.426
2600005326,Olivedos,-7.066666,-36.233333,46,1,5,23:19,,0.009
2600005329,Cuité,-6.475,-36.166666,31,1,1,38:20,,0.13
2600005330,Nova Floresta,-6.438888,-36.220833,29,1,2,39:19,,0.349
2600005332,Nova Floresta,-6.439166,-36.222222,30,1,2,39:19,,0.307
2600005333,Nova Floresta,-6.439444,-36.222222,40,1,2,39:19,,0.372
2600005334,Nova Floresta,-6.439722,-36.222222,31,1,2,39:19,,0.022
2600005335,Boqueirão,-7.605555,-36.195833,26,1,1,9:20,,0.101
2600005336,Santa Luzia,-6.873055,-36.99,48,1,1,28:0,Equipado,0.095
2600005337,Pedra Lavrada,-6.775,-36.316666,90,1,5,30:17,,0.709
2600005339,Pedra Lavrada,-6.775277,-36.316666,53,1,5,30:17,,0.248
2600005347,Pedra Lavrada,-6.791666,-36.295833,60,1,5,30:17,,0.496
2600005348,Pedra Lavrada,-6.775555,-36.316666,68,1,5,30:17,,0.141
2600005349,Juazeirinho,-7.072222,-36.575,83,1,1,23:10,,0.022
2600005350,Juazeirinho,-6.9375,-36.491666,60.5,1,3,26:12,,0.049
2600005352,Sossêgo,-6.808333,-36.255555,55,1,4,29:18,,0.105
2600005355,São Vicente do Seridó,-6.933333,-36.333333,50,1,5,26:16,,0.023
2600005356,Juazeirinho,-6.986944,-36.573333,60,1,1,25:10,Equipado,0.029
2600005357,Tenório,-7,-36.670833,75,0,4,25:8,Seco,
2600005358,Santa Luzia,-6.904166,-37.011111,68,1,3,27:-1,,0.046
2600005359,Santa Luzia,-6.904444,-37.011111,40,1,3,27:-1,Equipado,0.426
2600005360,Várzea,-6.754166,-36.9875,60,1,3,31:0,,0.119
2600005361,Riacho de Santo Antônio,-7.670833,-36.155555,21,1,5,8:21,,0.167
2600005362,Riacho de Santo Antônio,-7.75,-36.122222,26,1,1,6:21,,0.167
2600005363,Alcantil,-7.708333,-36.041666,60,1,3,7:23,Equipado,0.002
2600005365,Queimadas,-7.445833,-36.016666,66,1,2,13:24,Equipado,0.014
2600005367,Pedra Lavrada,-6.775833,-36.316666,37.5,1,5,30:17,,1.192
2600005368,Cubati,-6.808333,-36.324444,51,1,4,29:16,Equipado,0.22
2600005369,São Vicente do Seridó,-6.908333,-36.475,26,1,2,27:13,Equipado,4.96
2600005371,Barra de Santa Rosa,-6.75,-36.008333,58.4,0,4,31:24,Seco,
2600005372,Boa Vista,-7.25,-36.236111,62,1,1,18:19,,0.013
2600005373,São João do Cariri,-7.405555,-36.508333,20,1,5,14:12,Equipado,0.2
2600005374,Boa Vista,-7.2,-36.116666,46.3,1,4,19:22,Fechado,0.225
2600005375,Pocinhos,-7.127777,-36.208333,35,0,4,21:19,Seco,
2600005376,São Vicente do Seridó,-6.845833,-36.519444,60,1,4,28:12,Equipado,0.661
2600005377,São Vicente do Seridó,-6.886111,-36.454166,60,1,2,27:13,Equipado,0.499
2600005378,Olivedos,-6.958333,-36.254444,59.5,0,4,26:18,Seco,
2600005379,Mãe d'Água,-7.195833,-37.391666,74,1,4,20:-10,,0.129
2600005380,Sumé,-7.814444,-36.900555,41.5,1,3,4:2,Equipado,0.101
2600005381,Sumé,-7.508333,-36.961111,32,1,2,12:0,,0.245
2600005382,Juazeirinho,-6.937777,-36.491666,24,1,3,26:12,,0.349
2600005383,Barra de São Miguel,-7.75,-36.252777,45,1,4,6:18,Equipado,0.827
2600005384,Barra de São Miguel,-7.750277,-36.252777,54,1,4,6:18,,0.031
2600005386,Prata,-7.633333,-37.081944,40,1,4,9:-3,,0.045
2600005387,Prata,-7.719444,-37.083333,29,1,4,7:-3,,0.091
2600005388,Prata,-7.696111,-37.130555,44,0,1,7:-4,Seco,
2600005389,Junco do Seridó,-6.975,-36.733333,126,1,1,25:6,Equipado,0.206
2600005390,Sumé,-7.591666,-36.841666,46,1,1,10:3,Equipado,0.61
2600005391,Coxixola,-7.588888,-36.608333,33,1,2,10:9,Equipado,1.771
2600005392,São Vicente do Seridó,-6.9375,-36.458333,55,1,5,26:13,Equipado,0.073
2600005393,Ouro Velho,-7.654166,-37.163888,50,1,2,8:-5,,0.009
2600005394,Juazeirinho,-7.170833,-36.533333,48,1,1,20:11,Equipado,0.108
2600005395,Juazeirinho,-7.066666,-36.575,54,1,1,23:10,Equipado,0.18
2600005396,Juazeirinho,-7.077777,-36.575,90,1,1,23:10,,0.047
2600005397,Tenório,-7.016666,-36.636111,50,1,3,24:9,,0.152
2600005398,Juazeirinho,-7.045833,-36.616666,38,1,4,23:9,,0.426
2600005399,Juazeirinho,-7.0125,-36.563888,51,1,1,24:10,Equipado,0.036
2600005400,Juazeirinho,-7.133333,-36.536111,25,1,3,21:11,Equipado,0.349
2600005401,Nova Floresta,-6.441944,-36.222222,100,1,1,38:19,,0.031
2600005402,Nova Floresta,-6.442222,-36.222222,60,1,1,38:19,Equipado,0.033
2600005403,Nova Floresta,-6.4425,-36.222222,70,1,1,38:19,,0.019
2600005419,Monteiro,-7.853055,-37.159722,33,1,4,3:-4,Equipado,0.303
2600005420,Pedra Lavrada,-6.75,-36.470833,60,1,3,31:13,,0.038
2600005421,Barra de Santa Rosa,-6.75,-36.008055,37.6,1,4,31:24,,0.596
2600005423,Taperoá,-7.2,-36.820833,60,1,1,19:4,,0.006
2600005424,Taperoá,-7.200277,-36.820833,35,1,1,19:4,,0.279
2600005425,Imaculada,-7.383333,-37.504166,48,1,5,15:-13,,0.016
2600005426,Mãe d'Água,-7.25,-37.425,61,1,3,18:-11,,0.016
2600005427,Mãe d'Água,-7.195833,-37.391666,40,1,4,20:-10,,0.019
2600005428,Mãe d'Água,-7.255555,-37.441666,39.2,0,2,18:-12,Seco,
2600005429,Taperoá,-7.200555,-36.820833,70,1,1,19:4,,0.008
2600005430,Livramento,-7.366666,-36.95,59,1,5,15:1,,0.177
2600005431,Juazeirinho,-6.946667,-36.498611,48,1,3,26:12,,0.373
2600005433,Nova Palmeira,-6.697222,-36.336666,21.5,1,3,32:16,,0.054
2600005435,Pedra Lavrada,-6.806388,-36.456944,50,1,1,29:13,Equipado,0.396
2600005436,Ouro Velho,-7.616666,-37.175,50,1,3,9:-5,Equipado,0.245
2600005437,Prata,-7.677777,-37.1,31,1,4,8:-3,Equipado,0.377
2600005438,Várzea,-6.720833,-37.010833,47,1,3,31:-1,,0.623
2600005439,Várzea,-6.771666,-36.990277,40,1,5,30:0,,0.643
2600005440,Santa Luzia,-6.9125,-36.944444,53,1,3,27:1,,0.258
2600005441,São Vicente do Seridó,-6.933333,-36.3875,110,1,3,26:15,,0.116
2600005442,Alcantil,-7.708611,-36.041666,37,1,3,7:23,,0.387
2600005443,Barra de São Miguel,-7.754166,-36.338888,60,1,5,6:16,,0.157
2600005444,Prata,-7.678055,-37.1,48,1,4,8:-3,,0.159
2600005445,Sumé,-7.679166,-36.920833,23,1,5,8:1,,1.332
2600005446,Sumé,-7.508333,-36.95,41,1,5,12:1,,0.047
2600005447,Sumé,-7.7375,-36.980555,42,0,4,6:0,Seco,
2600005448,Monteiro,-7.891666,-37.116666,63,1,5,2:-3,,0.059
2600005449,Monteiro,-7.891388,-37.1275,31,1,3,2:-4,,0.151
2600005450,São João do Tigre,-7.944444,-36.622222,45,1,2,1:9,,0.036
2600005451,Sumé,-7.711111,-36.965277,34,1,2,7:0,,0.165
2600005452,Monteiro,-7.9375,-37.027777,35,1,1,1:-1,,0.181
2600005453,Junco do Seridó,-6.980555,-36.746944,70,1,1,25:6,,0.134
2600005454,Ouro Velho,-7.644444,-37.154167,30,1,1,8:-4,,0.497
2600005506,Baraúna,-6.636111,-36.25,44.2,1,3,34:18,Equipado,0.027
2600005507,Cuité,-6.661111,-36.191666,51,1,2,33:20,Equipado,0.008
2600005508,Baraúna,-6.625,-36.25,51,1,3,34:18,Equipado,0.056
2600005509,Cuité,-6.579166,-36.215555,47,1,3,35:19,Equipado,0.011
2600005510,Baraúna,-6.625277,-36.25,40,1,3,34:18,Abandonado,0.002
2600005512,Baraúna,-6.583333,-36.266666,36,1,5,35:18,Equipado,0.031
2600005513,Baraúna,-6.683333,-36.263888,23,1,2,32:18,,0.03
2600005515,Cuité,-6.598611,-36.220833,57.2,1,3,35:19,Equipado,0.016
2600005516,Cuité,-6.616666,-36.214722,68,1,5,34:19,Equipado,0.36
2600005517,Cuité,-6.616944,-36.214722,42,1,5,34:19,Equipado,0.593
2600005518,Cuité,-6.638888,-36.2375,72,1,5,34:19,Equipado,0.017
2600005520,Barra de Santa Rosa,-6.683333,-36.016666,67,1,1,32:24,Equipado,0.112
2600005521,Barra de Santa Rosa,-6.65,-36.044444,70,0,2,33:23,Seco,
2600005522,Cuité,-6.594444,-36.105555,53,1,1,35:22,Equipado,0.035
2600005523,Cuité,-6.580555,-36.075,54,1,1,35:23,Equipado,0.144
2600005525,Picuí,-6.43,-36.286666,35,1,5,39:17,Equipado,0.07
2600005526,Picuí,-6.666667,-36.278056,36,1,5,33:18,Equipado,0.018
2600005528,Picuí,-6.406944,-36.305555,36,1,5,39:17,Equipado,0.452
2600005529,Frei Martinho,-6.383333,-36.397222,70,1,5,40:15,,0.057
2600005530,Picuí,-6.516666,-36.355555,60,1,2,37:16,,0.269
2600005531,Picuí,-6.545833,-36.383333,40,1,2,36:15,,0.072
2600005532,Picuí,-6.5875,-36.291666,60,1,4,35:17,,0.277
2600005533,Baraúna,-6.644444,-36.266666,35,1,5,33:18,,0.024
2600005534,Picuí,-6.621111,-36.408611,55,1,4,34:14,Equipado,0.006
2600005536,Baraúna,-6.583333,-36.266388,36.5,1,5,35:18,,0.02
2600005537,Nova Palmeira,-6.679166,-36.425,20,1,1,33:14,,0.276
2600005538,Picuí,-6.523611,-36.305555,55,1,4,36:17,,0.146
2600005539,Picuí,-6.545,-36.251111,60,1,1,36:18,,0.155
2600005540,Nova Palmeira,-6.683333,-36.316666,52,1,3,32:17,,0.049
2600005541,Pedra Lavrada,-6.791666,-36.259722,60,1,4,30:18,,0.129
2600005542,Barra de Santa Rosa,-6.7,-36.047222,35,1,1,32:23,,0.158
2600005543,Barra de Santa Rosa,-6.729166,-36.090277,70,1,3,31:22,,0.024
2600005544,Barra de Santa Rosa,-6.729444,-36.090277,40,1,3,31:22,,0.363
2600005545,Barra de Santa Rosa,-6.75,-36.141666,16,1,2,31:21,,0.99
2600005546,Barra de Santa Rosa,-6.675,-36.033333,30,1,1,33:24,,0.76
2600005547,Cuité,-6.654166,-36.108333,45,1,2,33:22,,1.662
2600005548,Cuité,-6.647222,-36.097222,70,1,2,33:22,,0.029
2600005549,Barra de Santa Rosa,-6.741666,-36.057777,43,1,1,31:23,,2.22
2600005550,Barra de Santa Rosa,-6.833333,-36.164444,37,1,2,29:20,,0.074
2600005551,Barra de Santa Rosa,-6.733333,-36.011111,31,1,4,31:24,,0.403
2600005552,Barra de Santa Rosa,-6.905555,-36.106944,76,1,3,27:22,,0.002
2600005553,Barra de Santa Rosa,-6.816666,-36.177777,95,1,2,29:20,,0.005
2600005554,Barra de Santa Rosa,-6.816666,-36.1125,35,1,2,29:22,,0.551
2600005555,Barra de Santa Rosa,-6.877777,-36.113888,35,1,2,28:22,,0.399
2600005556,Barra de Santa Rosa,-6.766666,-36.1,40,1,5,30:22,,0.333
2600005557,Algodão de Jandaíra,-6.9,-36.05,35,1,3,27:23,,0.31
2600005560,Cuité,-6.670833,-36.166666,81,1,2,33:20,,0.223
2600005561,Cuité,-6.644444,-36.126388,30,1,4,33:21,,0.798
2600005563,Cuité,-6.648611,-36.155555,31,1,4,33:21,,0.157
2600005564,Cuité,-6.575,-36.106944,61,1,1,35:22,,0.071
2600005566,Picuí,-6.583333,-36.338888,60,1,5,35:16,,0.045
2600005567,Picuí,-6.606944,-36.356944,64,1,4,34:16,,0.115
2600005568,Picuí,-6.607222,-36.356944,45,1,4,34:16,,0.003
2600005569,Pedra Lavrada,-6.800277,-36.38,85,1,5,29:15,,0.033
2600005573,Pedra Lavrada,-6.779166,-36.329166,60,1,3,30:16,,0.13
2600005574,Pocinhos,-7.1,-36.115277,85,1,1,22:22,,0.036
2600005581,Diamante,-7.441666,-38.266666,60,1,3,13:-32,,0.066
2600005594,Ouro Velho,-7.563888,-37.122222,34,1,3,10:-4,,0.075
2600005595,Monteiro,-7.892222,-37.116666,34,1,5,2:-3,,0.214
2600005596,Monteiro,-7.8925,-37.116666,32,1,5,2:-3,,0.103
2600005598,Mãe d'Água,-7.233333,-37.4,82.1,1,5,19:-10,,0.03
2600005602,Boa Vista,-7.266666,-36.138888,12,1,4,18:21,,1.333
2600005604,Ouro Velho,-7.558333,-37.116666,114,1,2,11:-3,,0.416
2600005605,Lagoa,-6.577777,-37.891666,33,1,4,35:-23,,0.66
2600005606,Lagoa,-6.578055,-37.891666,23,1,4,35:-23,,0.413
2600005607,Pombal,-6.766944,-37.808333,54.5,1,4,30:-21,,0.062
2600005608,Pombal,-6.767222,-37.808333,26,1,4,30:-21,,0.276
2600005609,Pombal,-6.7675,-37.808333,118,1,4,30:-21,,0.066
2600005610,Teixeira,-7.214444,-37.311111,150,1,2,19:-8,,0.06
2600005611,Pombal,-6.767777,-37.808333,56,1,4,30:-21,,0.052
2600005616,Água Branca,-7.516666,-37.641666,32,1,1,12:-17,,0.284
2600005617,Boa Vista,-7.21,-36.316111,27,1,2,19:17,,0.011
2600005619,Boa Vista,-7.218056,-36.269167,62,1,2,19:18,,0.066
2600005621,Boa Vista,-7.223889,-36.269444,72,1,2,19:18,,0.017
2600005622,Boa Vista,-7.25,-36.233333,47.5,1,1,18:19,,0.047
2600005623,Boa Vista,-7.250277,-36.233333,20,1,1,18:19,,0.081
2600005624,São José de Princesa,-7.733333,-38.116667,110,1,1,6:-28,,0.044
2600005626,Monteiro,-7.878055,-37.15,20,1,4,3:-4,,0.33
2600005628,Catolé do Rocha,-6.346388,-37.75,30,1,4,41:-19,,0.097
2600005629,Olivedos,-7.066666,-36.216666,37.3,1,5,23:19,,0.086
2600005630,Manaíra,-7.680555,-38.179166,42,1,2,7:-30,,0.132
2600005631,Pocinhos,-6.991944,-36.1375,50,1,3,25:21,,0.079
2600005632,São Vicente do Seridó,-6.883333,-36.433333,32.75,1,3,27:14,,0.073
2600005633,Sossêgo,-6.794444,-36.236111,40,1,2,30:19,,0.499
2600005636,Catingueira,-7.177777,-37.672222,30,1,1,20:-17,,0.873
2600005637,Catingueira,-7.172222,-37.647222,35,1,1,20:-17,,0.496
2600005639,Malta,-6.91,-37.546944,23,1,4,27:-14,,0.9
2600005640,Catingueira,-7.208333,-37.666666,43.9,1,4,19:-17,,0.207
2600005641,Picuí,-6.516388,-36.355555,67,1,2,37:16,,0.281
2600005642,Piancó,-7.1175,-37.899444,70,1,3,22:-23,,0.149
2600005644,Emas,-7.127777,-37.763888,22.35,1,1,21:-20,,0.745
2600005645,Patos,-7.029166,-37.266666,57.5,1,2,24:-7,,19.94
2600005646,Catingueira,-7.133333,-37.6,87,1,1,21:-16,,0.216
2600005647,Juru,-7.55,-37.816666,18.5,1,2,11:-21,,0.259
2600005648,Sousa,-6.783333,-38.222222,161,1,2,30:-31,,0.058
2600005649,São José de Espinharas,-6.85,-37.444444,20.9,1,1,28:-12,,0.363
2600005652,Quixaba,-7.004166,-37.179166,83.5,1,3,24:-5,,0.097
2600005653,Patos,-7.05,-37.266666,96.5,1,1,23:-7,,0.329
2600005655,Marizópolis,-6.816666,-38.320833,60.2,1,3,29:-34,,0.126
2600005656,São José do Bonfim,-7.154166,-37.3,40.2,1,5,21:-8,,3.6
2600005657,Santa Teresinha,-7.091666,-37.375,132,1,4,22:-10,,0.071
2600005658,Marizópolis,-6.816944,-38.320833,35,1,3,29:-34,,0.269
2600005708,São Mamede,-6.9225,-37.111111,24,1,5,26:-3,,0.123
2600005709,Santa Teresinha,-7.104166,-37.366666,37,1,4,22:-10,,0.84
2600005710,Serra Branca,-7.4875,-36.679166,33,1,3,12:8,,6.98
2600005711,São José da Lagoa Tapada,-6.933333,-38.066666,50,1,3,26:-27,,0.125
2600005712,Santa Teresinha,-7.091666,-37.35,37,1,3,22:-9,,0.252
2600005713,Pedra Branca,-7.475,-38.05,24,1,4,13:-27,,1.39
2600005715,Taperoá,-7.205277,-36.823611,30,1,1,19:4,Equipado,0.119
2600005716,São José de Espinharas,-6.854444,-37.495833,17,1,5,28:-13,,0.992
2600005717,Taperoá,-7.201111,-36.820833,54,1,1,19:4,,0.252
2600005718,São José da Lagoa Tapada,-6.933333,-38.15,34.7,1,1,26:-29,,2.624
2600005719,São José de Espinharas,-6.866666,-37.436111,33,1,1,28:-11,,0.105
2600005720,Serra Branca,-7.5375,-36.666666,9,1,4,11:8,,1.5
2600005721,São Domingos,-6.836388,-37.919444,16.7,1,3,29:-23,,0.855
2600005722,São José de Espinharas,-6.861111,-37.395833,31.2,1,3,28:-10,,0.226
2600005723,Sumé,-7.719444,-37.0125,20.2,1,5,7:-1,,0.308
2600005724,Patos,-6.9375,-37.283333,31,1,3,26:-8,,0.159
2600005725,Cajazeiras,-6.936111,-38.572222,31,1,4,26:-40,,0.658
2600005726,São José de Espinharas,-6.8875,-37.4,42.5,1,2,27:-10,,1.066
2600005727,São José de Espinharas,-6.75,-37.320833,32.5,1,1,31:-9,,0.195
2600005728,Cajazeiras,-6.925,-38.561111,20,1,4,26:-40,,0.447
2600005729,Cajazeiras,-6.925277,-38.561111,29.3,1,4,26:-40,,0.047
2600005730,Boa Ventura,-7.405555,-38.227777,20.3,1,1,14:-31,,0.144
2600005731,Brejo do Cruz,-6.320833,-37.479166,30,1,2,41:-12,,0.116
2600005732,Juru,-7.550277,-37.816666,40.5,1,2,11:-21,,0.323
2600005733,Passagem,-7.125,-37.044444,106,1,2,21:-2,,0.12
2600005734,São José de Espinharas,-6.759444,-37.393611,20,1,4,31:-10,Equipado,0.861
2600005735,São José de Espinharas,-6.850277,-37.444444,20,1,1,28:-12,,0.997
2600005736,São José de Espinharas,-6.866666,-37.366666,36,1,3,28:-10,,0.858
2600005737,São José de Espinharas,-6.872222,-37.35,22.6,1,5,28:-9,,0.391
2600005738,Brejo do Cruz,-6.321111,-37.479166,25,1,2,41:-12,,0.798
2600005739,São José de Espinharas,-6.866944,-37.436111,31.3,1,1,28:-11,,0.182
2600005740,Serra Branca,-7.438889,-36.622222,18,1,2,14:9,,0.107
2600005741,Serra Branca,-7.455555,-36.666666,25,1,5,13:8,,4.317
2600005742,São José de Espinharas,-6.887777,-37.4,30.6,1,2,27:-10,,0.157
2600005743,Patos,-6.983333,-37.3,23,1,3,25:-8,,1.047
2600005744,Boa Ventura,-7.408333,-38.227777,25,1,1,14:-31,,0.095
2600005745,São José de Espinharas,-6.846388,-37.325555,12.7,1,5,28:-9,,2.78
2600005746,São José de Espinharas,-6.750277,-37.4,24.9,1,4,31:-10,,1.04
2600005747,São Francisco,-6.6125,-38.0875,51,1,1,34:-28,,0.409
2600005775,São Domingos,-6.836111,-37.936111,20,1,2,29:-24,,0.504
2600005776,Nova Floresta,-6.442777,-36.222222,20.5,1,1,38:19,,0.33
2600005777,Nova Floresta,-6.443055,-36.222222,20.5,1,1,38:19,,2.188
2600005778,São Francisco,-6.643333,-38.022222,23.7,1,5,33:-26,,0.087
2600005779,Nova Floresta,-6.438888,-36.220555,18.25,1,2,39:19,,0.576
2600005780,Nova Floresta,-6.438888,-36.221111,21,1,2,39:19,,0.19
2600005794,São Domingos do Cariri,-7.527777,-36.377777,29,1,3,11:15,,0.157
2600005796,Caturité,-7.441666,-36.033333,20,1,2,13:24,Equipado,0.091
2600005797,Gurjão,-7.3,-36.483333,50.5,1,4,17:12,Equipado,0.232
2600005800,Olivedos,-6.891666,-36.225,20,1,3,27:19,Equipado,1.99
2600005801,Olivedos,-6.975,-36.2375,56,1,2,25:19,Equipado,0.105
2600006172,Algodão de Jandaíra,-6.86,-35.84,50,1,4,28:28,,0.054
2600006174,Remígio,-6.887777,-35.869444,50,1,5,27:28,Equipado,0.047
2600006176,Araruna,-6.525,-35.803889,15.6,1,4,36:29,Equipado,0.301
2600006177,Araruna,-6.494444,-35.658333,21.3,1,2,37:33,Equipado,0.213
2600006180,Mulungu,-6.991666,-35.495833,126.9,1,5,25:37,,0.165
2600006184,Solânea,-6.705555,-35.7125,15.1,1,2,32:32,Equipado,0.15
2600006194,Damião,-6.619444,-35.908333,50,1,5,34:27,,0.012
2600006195,Tacima,-6.591666,-35.515277,66.8,1,4,35:37,Equipado,0.021
2600006196,Tacima,-6.591666,-35.516666,56.8,1,4,35:37,Equipado,0.028
2600006203,Campina Grande,-7.220833,-35.879166,31,1,2,19:28,,0.662
2600006207,Campina Grande,-7.221944,-35.879166,62,1,2,19:28,,0.034
2600006208,Campina Grande,-7.25,-35.883333,67,1,3,18:27,,0.042
2600006209,Campina Grande,-7.248889,-35.883333,43.5,1,3,18:27,,0.139
2600006211,Campina Grande,-7.249444,-35.883333,61.5,1,3,18:27,,0.04
2600006212,Campina Grande,-7.258889,-35.883333,86.6,1,3,18:27,,0.049
2600006213,Campina Grande,-7.256944,-35.883333,59,1,3,18:27,,0.066
2600006214,Campina Grande,-7.248056,-35.883333,52.5,1,3,18:27,,0.033
2600006215,Queimadas,-7.2875,-35.895833,46,1,3,17:27,,0.023
2600006216,Campina Grande,-7.272222,-35.916666,24,1,3,18:27,,0.798
2600006218,Campina Grande,-7.272777,-35.916666,42,1,3,18:27,,0.045
2600006221,Campina Grande,-7.273611,-35.916666,50.6,1,3,18:27,,0.398
2600006223,Campina Grande,-7.170833,-35.890277,29,1,4,20:27,,0.049
2600006226,Campina Grande,-7.171666,-35.890277,45,1,4,20:27,,0.004
2600006228,Campina Grande,-7.221111,-35.866667,40,1,2,19:28,Equipado,0.248
2600006229,Campina Grande,-7.228889,-35.866667,84,1,2,19:28,,0.011
2600006230,Campina Grande,-7.231944,-35.866667,35,1,2,19:28,,0.018
2600006232,Campina Grande,-7.253056,-35.858333,35,1,2,18:28,,0.887
2600006233,Campina Grande,-7.258056,-35.858333,40,1,2,18:28,,0.198
2600006240,Campina Grande,-7.212777,-35.908333,181,1,3,19:27,,0.117
2600006242,Campina Grande,-7.183333,-35.972222,65,1,2,20:25,,0.024
2600006243,Campina Grande,-7.183611,-35.972222,60,1,2,20:25,,0.02
2600006244,Campina Grande,-7.243055,-35.845833,39,1,2,18:28,,0.013
2600006245,Campina Grande,-7.243333,-35.845833,41,1,2,18:28,,0.038
2600006246,Campina Grande,-7.243611,-35.845833,40,1,2,18:28,,0.6
2600006247,Massaranduba,-7.256944,-35.8125,20,1,4,18:29,,1.24
2600006249,Campina Grande,-7.279166,-35.829166,27.5,1,4,18:29,,1.368
2600006250,Campina Grande,-7.279166,-35.733333,57,1,2,18:31,,0.012
2600006251,Campina Grande,-7.279444,-35.733333,73,1,2,18:31,,0.014
2600006252,Campina Grande,-7.279722,-35.733333,15.3,1,2,18:31,,2.663
2600006253,Guarabira,-6.854166,-35.491666,30,1,1,28:37,Equipado,0.03
2600006254,Guarabira,-6.891666,-35.470833,16,1,3,27:38,Precário,0.434
2600006257,Guarabira,-6.925,-35.4,60,1,5,26:40,Obstruído,0.463
2600006258,Mulungu,-6.941666,-35.422222,94,1,4,26:39,,0.027
2600006259,Mulungu,-6.941944,-35.422222,66,1,4,26:39,,0.063
2600006260,Guarabira,-6.856944,-35.440277,34,1,3,28:38,Equipado,0.105
2600006261,Guarabira,-6.857222,-35.440277,27,1,3,28:38,,0.725
2600006264,Casserengue,-6.854166,-35.811111,53,1,2,28:29,,0.11
2600006276,Baía da Traição,-6.6925,-34.934722,42,1,1,32:51,Equipado,0.599
2600006279,Rio Tinto,-6.8,-35.054166,114,1,5,30:48,Equipado,1.523
2600006280,Rio Tinto,-6.800277,-35.054166,115,1,4,29:48,Equipado,1.313
2600006283,Santa Rita,-6.966666,-34.895833,120,1,5,25:52,Equipado,4.76
2600006287,Araçagi,-6.901944,-35.316666,61.5,1,1,27:42,Equipado,0.041
2600006341,Solânea,-6.742222,-35.705833,41,1,4,31:32,Equipado,2.327
2600006376,Queimadas,-7.495833,-35.853056,35,1,5,12:28,,0.082
2600006378,Queimadas,-7.4125,-35.891666,120,1,2,14:27,,0.013
2600006379,Serra Redonda,-7.183333,-35.7,105,1,4,20:32,,0.089
2600006380,Gurinhém,-7.2,-35.416666,60,1,5,19:39,,0.241
2600006381,Gurinhém,-7.200277,-35.416666,40,1,5,19:39,,0.042
2600006382,Gurinhém,-7.1875,-35.375,46,1,1,20:40,,0.885
2600006385,Alhandra,-7.35,-34.951111,92,1,3,16:51,,0.061
2600006464,Juripiranga,-7.376388,-35.2375,84.7,1,2,15:44,Equipado,0.107
2600006465,Juripiranga,-7.375555,-35.232777,103,1,2,15:44,Equipado,0.105
2600006476,Pitimbu,-7.475,-34.813888,51,1,2,13:54,Equipado,0.107
2600006477,Caaporã,-7.5,-34.858333,80,1,3,12:53,,0.206
2600006478,Caaporã,-7.525,-34.9125,62.5,1,5,11:52,Equipado,0.156
2600006479,Caaporã,-7.525277,-34.9125,104,1,5,11:52,Equipado,0.072
2600006481,Alhandra,-7.441666,-34.916666,36,1,5,13:52,Equipado,0.289
2600006482,Alhandra,-7.441944,-34.916666,107,1,5,13:52,Equipado,0.162
2600006485,João Pessoa,-7.177777,-34.908333,56,1,2,20:52,,0.99
2600006486,João Pessoa,-7.178055,-34.908333,45,1,2,20:52,,0.201
2600006487,Santa Rita,-7.172222,-35.008333,116,1,4,20:49,,1.074
2600006493,João Pessoa,-7.115833,-34.886944,82.9,1,3,22:52,Equipado,0.428
2600006495,João Pessoa,-7.116388,-34.887222,56,1,3,22:52,Equipado,2.251
2600006496,João Pessoa,-7.115,-34.887222,97.5,1,3,22:52,Equipado,1.761
2600006497,João Pessoa,-7.115277,-34.887222,71,1,3,22:52,,0.709
2600006500,Bayeux,-7.133611,-34.920833,146,1,2,21:51,,0.279
2600006501,Bayeux,-7.133889,-34.926111,65,1,2,21:51,,6.656
2600006502,Bayeux,-7.134167,-34.93,112,1,2,21:51,,1.598
2600006503,Bayeux,-7.134444,-34.933889,110,1,2,21:51,,1.998
2600006504,Bayeux,-7.134722,-34.921944,170,1,2,21:51,,1.832
2600006505,Bayeux,-7.135,-34.936111,224,1,2,21:51,,3.568
2600006506,Bayeux,-7.135278,-34.943056,206,1,2,21:51,,3.645
2600006507,Santa Rita,-7.125,-34.975,55,1,4,21:50,,0.749
2600006508,Santa Rita,-7.125277,-34.975,142,1,4,21:50,,1.99
2600006509,Santa Rita,-7.125555,-34.975,76,1,4,21:50,,2.611
2600006510,Santa Rita,-7.125833,-34.975,170,1,4,21:50,,0.622
2600006511,Santa Rita,-7.126111,-34.975,112,1,4,21:50,,1.272
2600006512,Santa Rita,-7.126388,-34.975,61.5,1,4,21:50,Equipado,0.363
2600006515,Cruz do Espírito Santo,-7.142222,-35.088333,113,1,3,21:47,,0.463
2600006516,Cruz do Espírito Santo,-7.1425,-35.088333,33,1,3,21:47,,0.12
2600006676,Monteiro,-7.991666,-37.160833,50,1,2,0:-5,Equipado,0.012
2600006684,Monteiro,-7.970555,-37.3275,40,0,2,0:-9,Seco,
2600007072,Alagoa Grande,-7.091944,-35.630555,33,1,3,22:34,Equipado,0.25
2600007073,Alagoa Grande,-7.062222,-35.62,33,1,2,23:34,Equipado,0.51
2600007074,Alagoa Grande,-7.104166,-35.639722,30,1,3,22:34,Fechado,0.34
2600007075,Algodão de Jandaíra,-6.945833,-36.015,45,1,3,26:24,Equipado,0.01
2600007076,Algodão de Jandaíra,-6.876111,-35.961666,51,1,1,28:25,Equipado,0.03
2600007077,Araçagi,-6.8225,-35.385833,39,1,5,29:40,Equipado,0.54
2600007078,Araçagi,-6.967777,-35.304444,50,0,2,25:42,Seco,
2600007079,Araçagi,-6.826388,-35.416944,42,1,1,29:39,Equipado,0.03
2600007080,Araçagi,-6.824166,-35.394444,50,1,5,29:40,Equipado,0.01
2600007081,Araçagi,-6.885,-35.367777,42,1,2,27:40,Equipado,0.16
2600007082,Arara,-6.857222,-35.732222,42,1,2,28:31,Parado,0.05
2600007083,Areia,-6.868055,-35.795833,50,0,2,28:30,Seco,
2600007084,Araruna,-6.589166,-35.762777,50,0,5,35:30,Seco,
2600007085,Arara,-6.846666,-35.766944,51,0,2,28:30,Seco,
2600007086,Areia,-6.8775,-35.768611,42,1,2,28:30,Equipado,0.01
2600007087,Arara,-6.825277,-35.727777,40,1,2,29:31,Equipado,0.02
2600007088,Arara,-6.835833,-35.718888,42,1,2,29:32,Equipado,0.02
2600007089,Arara,-6.854444,-35.806388,50,1,2,28:29,Fechado,0.01
2600007090,Araruna,-6.536666,-35.850555,50,0,4,36:28,Seco,
2600007091,Montadas,-7.080277,-35.9,51,0,2,22:27,Seco,
2600007092,Areial,-7.068611,-35.921944,51,0,1,23:26,Seco,
2600007093,Aroeiras,-7.515555,-35.722777,45,0,3,12:31,Seco,
2600007094,Aroeiras,-7.513055,-35.690833,45,0,3,12:32,Seco,
2600007095,Assunção,-7.014722,-36.685277,50,0,1,24:7,Seco,
2600007096,Baraúna,-6.652222,-36.249722,50,0,5,33:18,Seco,
2600007097,Baraúna,-6.6,-36.245555,50,0,5,35:18,Seco,
2600007098,Baraúna,-6.6375,-36.246944,50,0,3,34:18,Seco,
2600007099,Baraúna,-6.577777,-36.275,50,0,5,35:18,Seco,
2600007100,Queimadas,-7.498611,-35.944444,50,1,1,12:26,Equipado,0.06
2600007102,Araruna,-6.540833,-35.771944,50,1,5,36:30,Parado,0.01
2600007103,Araruna,-6.548055,-35.803611,36,1,4,36:29,Equipado,0.87
2600007137,Araruna,-6.551388,-35.766666,50,1,5,36:30,Parado,0.005
2600007138,Araruna,-6.577777,-35.769722,50,1,5,35:30,Equipado,0.02
2600007139,Araruna,-6.552777,-35.791944,50,1,5,36:30,Fechado,0.04
2600007140,Araruna,-6.553888,-35.786111,50,1,5,36:30,Equipado,0.04
2600007143,Aroeiras,-7.616388,-35.7275,45,1,1,9:31,Equipado,0.03
2600007144,Aroeiras,-7.511944,-35.615277,37,1,1,12:34,Parado,0.45
2600007146,Assunção,-7.059722,-36.747777,50,1,3,23:6,Parado,0.03
2600007148,Barra de Santana,-7.553055,-35.871111,50,0,2,11:28,Seco,
2600007149,Barra de Santana,-7.56,-36.090555,50,0,1,11:22,Seco,
2600007150,Barra de Santana,-7.656388,-35.911944,51,0,1,8:27,Seco,
2600007151,Barra de Santana,-7.525277,-35.996111,45,0,3,11:25,Seco,
2600007152,Barra de São Miguel,-7.568333,-36.275,50,0,4,10:18,Seco,
2600007153,Boa Vista,-7.21,-36.17,50,0,3,19:20,Seco,
2600007154,Cacimba de Dentro,-6.615555,-35.783055,50,0,5,34:30,Seco,
2600007155,Cacimba de Dentro,-6.638888,-35.791666,50,0,5,34:30,Seco,
2600007156,Cacimba de Dentro,-6.671944,-35.814722,48,1,3,33:29,Equipado,0.04
2600007157,Queimadas,-7.466666,-35.991944,50,1,1,13:25,Equipado,0.02
2600007158,Barra de Santana,-7.601666,-35.936666,40,1,4,9:26,Equipado,0.07
2600007159,Barra de Santana,-7.580555,-36.0675,40,1,5,10:23,Equipado,0.34
2600007160,Barra de Santana,-7.5225,-36.056111,45,1,5,11:23,Equipado,0.05
2600007192,Barra de São Miguel,-7.5975,-36.29,50,1,3,10:17,Equipado,0.09
2600007195,Boa Vista,-7.233056,-36.133611,50,1,5,19:21,Equipado,0.02
2600007196,Boa Vista,-7.220277,-36.248333,45,1,2,19:18,Parado,1.316
2600007197,Boa Vista,-7.26,-36.247777,50,1,4,18:18,Equipado,0.19
2600007198,Cabaceiras,-7.413611,-36.368888,36,1,2,14:15,Equipado,0.37
2600007199,Cabaceiras,-7.3975,-36.282777,45,1,4,15:17,Equipado,0.42
2600007200,Cabaceiras,-7.514722,-36.271944,50,1,5,12:18,Equipado,0.03
2600007201,Cabaceiras,-7.562777,-36.295277,50,1,3,10:17,Equipado,1.53
2600007202,Cabaceiras,-7.426666,-36.363333,50,1,2,14:15,Equipado,0.04
2600007203,Caiçara,-6.611111,-35.376944,50,0,3,34:40,Seco,
2600007205,Campina Grande,-7.304166,-35.826111,50,0,2,17:29,Seco,
2600007206,Tacima,-6.542222,-35.551111,50,0,2,36:36,Seco,
2600007207,Tacima,-6.610277,-35.5175,50,0,1,34:37,Seco,
2600007208,Caiçara,-6.637222,-35.399444,50,1,3,34:40,Parado,0.01
2600007209,Caiçara,-6.594722,-35.340833,35,1,3,35:41,Equipado,0.09
2600007210,Lagoa de Dentro,-6.620555,-35.334722,42,1,5,34:41,Parado,0.2
2600007211,Caiçara,-6.6125,-35.410833,34,1,2,34:39,Parado,0.04
2600007212,Caiçara,-6.636666,-35.489722,50,1,1,34:37,Equipado,0.01
2600007213,Caiçara,-6.636666,-35.422777,50,1,2,34:39,Parado,0.01
2600007214,Caiçara,-6.605277,-35.390555,50,1,3,34:40,Parado,0.01
2600007215,Camalaú,-7.909166,-36.7075,37,1,5,2:7,Equipado,0.65
2600007217,São João do Tigre,-7.958888,-36.812222,50,1,1,1:4,Equipado,0.05
2600007218,Camalaú,-7.926666,-36.778055,42,1,5,1:5,Equipado,0.2
2600007219,Camalaú,-7.912222,-36.7925,42,1,5,2:5,Equipado,0.15
2600007221,Ingá,-7.303055,-35.720277,40,1,2,17:31,Equipado,0.27
2600007222,Campina Grande,-7.206666,-36.0175,31,1,3,19:24,Equipado,0.19
2600007223,Campina Grande,-7.226944,-36.005833,50,1,3,19:24,Equipado,0.01
2600007224,Tacima,-6.582777,-35.476666,50,1,5,35:38,Equipado,0.02
2600007225,Tacima,-6.485277,-35.616388,50,1,4,37:34,Fechado,0.361
2600007226,Caraúbas,-7.761944,-36.4225,30,1,3,5:14,Equipado,0.78
2600007227,Caraúbas,-7.732222,-36.515,50,1,1,6:12,Equipado,0.03
2600007228,Solânea,-6.767222,-35.805,51,0,3,30:29,Seco,
2600007230,Cubati,-6.885555,-36.353055,50,0,1,27:16,Seco,
2600007231,Cuité,-6.593055,-36.139444,50,0,3,35:21,Seco,
2600007242,Barra de Santa Rosa,-6.607222,-35.98,50,0,1,34:25,Seco,
2600007243,Cuité,-6.595,-36.022777,50,0,2,35:24,Seco,
2600007244,Cuité,-6.581944,-36.080833,50,0,1,35:22,Seco,
2600007245,Cuité,-6.439444,-36.135555,50,0,2,39:21,Seco,
2600007246,Cuité,-6.6375,-36.213888,50,0,5,34:19,Seco,
2600007247,Cuité,-6.614166,-36.155277,50,0,2,34:21,Seco,
2600007250,Cuité,-6.493611,-36.070833,36,1,2,37:23,Equipado,2.61
2600007251,Cuité,-6.522777,-36.061111,42,1,1,36:23,Equipado,0.2
2600007252,Cuité,-6.517222,-35.988611,42,1,3,37:25,Parado,0.13
2600007254,Cuité,-6.629444,-36.185,42,1,3,34:20,Parado,0.11
2600007255,Cuité,-6.568055,-36.173611,50,1,2,35:20,Equipado,0.04
2600007256,Cuité,-6.569166,-36.1975,50,1,2,35:20,Equipado,0.01
2600007257,Cuité,-6.528333,-36.078055,36,1,1,36:23,Equipado,1.27
2600007258,Cuitegi,-6.887222,-35.513888,50,0,4,27:37,Seco,
2600007260,Casserengue,-6.731944,-35.8675,34,1,2,31:28,Equipado,0.08
2600007262,Casserengue,-6.683611,-35.868888,31,1,3,32:28,Equipado,0.13
2600007263,Caturité,-7.39,-36.086388,50,1,1,15:22,Equipado,1.76
2600007264,Caturité,-7.4575,-36.024722,50,1,2,13:24,Equipado,0.27
2600007265,Caturité,-7.452222,-36.038611,50,1,2,13:24,Equipado,0.07
2600007266,Serra Branca,-7.685833,-36.732777,45,1,5,7:6,Equipado,0.85
2600007267,Congo,-7.698055,-36.650277,40,1,5,7:8,Equipado,0.23
2600007273,Cubati,-6.8225,-36.364166,46,1,5,29:15,Equipado,0.02
2600007274,Cubati,-6.866111,-36.383888,50,1,2,28:15,Não instalado,0.004
2600007275,Dona Inês,-6.635277,-35.678055,50,0,4,34:33,Seco,
2600007276,Dona Inês,-6.615555,-35.681666,50,0,5,34:32,Seco,
2600007278,Dona Inês,-6.587777,-35.564722,50,1,2,35:35,Equipado,0.02
2600007280,Dona Inês,-6.614722,-35.596944,50,1,5,34:35,Equipado,0.02
2600007281,Duas Estradas,-6.709444,-35.411111,30,1,1,32:39,Equipado,0.23
2600007283,Fagundes,-7.419722,-35.765555,45,0,4,14:30,Seco,
2600007285,Gado Bravo,-7.570555,-35.7625,52.8,0,1,10:30,Seco,
2600007286,Gado Bravo,-7.626944,-35.817222,50,0,2,9:29,Seco,
2600007287,Gado Bravo,-7.576111,-35.775833,51,0,1,10:30,Seco,
2600007288,Gado Bravo,-7.596388,-35.857222,50,0,3,10:28,Seco,
2600007291,Caiçara,-6.664166,-35.422777,50,1,5,33:39,Equipado,0.01
2600007292,Duas Estradas,-6.731111,-35.378888,36,1,4,31:40,Fechado,0.6
2600007294,Esperança,-6.981666,-35.9275,50,1,3,25:26,Abandonado,0.023
2600007295,Esperança,-7.015833,-35.8875,50,1,3,24:27,Fechado,0.002
2600007296,Duas Estradas,-6.685555,-35.407222,50,1,1,32:39,Fechado,0.004
2600007297,Esperança,-6.991111,-35.880277,50,1,2,25:27,Fechado,0.001
2600007298,Fagundes,-7.357777,-35.791666,45,1,3,16:30,Parado,0.09
2600007299,Fagundes,-7.364166,-35.784166,24,1,2,15:30,Equipado,3.15
2600007300,Gado Bravo,-7.559166,-35.785833,50,1,1,11:30,Equipado,0.03
2600007301,Gado Bravo,-7.619722,-35.790277,50,1,2,9:30,Equipado,0.28
2600007302,Gado Bravo,-7.600833,-35.747777,50,1,1,9:31,Equipado,0.01
2600007303,Barra de Santana,-7.576388,-35.848333,50,1,3,10:28,Equipado,0.82
2600007304,Gado Bravo,-7.608888,-35.874444,50,1,3,9:28,Equipado,0.13
2600007305,Gado Bravo,-7.621666,-35.833055,50,1,2,9:29,Equipado,0.14
2600007306,Guarabira,-6.877222,-35.429444,50,0,3,28:39,Seco,
2600007307,Guarabira,-6.876388,-35.436944,50,0,3,28:39,Seco,
2600007308,Gurinhém,-7.191666,-35.45,50,0,5,20:38,Seco,
2600007309,Gurinhém,-7.131666,-35.373333,50,0,4,21:40,Seco,
2600007311,Gurjão,-7.274166,-36.458333,50,0,1,18:13,Seco,
2600007313,Itabaiana,-7.320277,-35.319166,50,0,3,16:42,Seco,
2600007316,Itatuba,-7.405277,-35.545277,50,0,2,14:36,Seco,
2600007317,Itatuba,-7.398888,-35.64,45,0,2,15:33,Seco,
2600007318,Juazeirinho,-7.128611,-36.559722,50,0,3,21:11,Seco,
2600007319,Tenório,-6.958611,-36.571666,50,0,1,26:10,Seco,
2600007320,Junco do Seridó,-7.000555,-36.7325,50,0,4,24:6,Seco,
2600007321,Fagundes,-7.356666,-35.770555,31,1,3,16:30,Equipado,1.69
2600007322,Guarabira,-6.833055,-35.417777,36,1,1,29:39,Equipado,0.22
2600007342,Lagoa Seca,-7.125833,-35.917777,51,0,5,21:27,Seco,
2600007345,Logradouro,-6.521944,-35.420555,45,0,5,36:39,Seco,
2600007348,Guarabira,-6.848333,-35.404444,30,1,3,28:39,Equipado,0.86
2600007349,Guarabira,-6.915555,-35.435,50,1,4,27:39,Equipado,0.05
2600007350,Guarabira,-6.82,-35.427777,40,1,1,29:39,Equipado,0.14
2600007351,Gurinhém,-7.191666,-35.455,42,1,5,20:38,Parado,0.28
2600007352,Gurinhém,-7.093888,-35.445833,50,1,2,22:38,Equipado,0.02
2600007353,Gurjão,-7.216666,-36.496666,40,1,5,19:12,Equipado,0.51
2600007354,Santo André,-7.26,-36.585555,50,1,2,18:10,Equipado,0.05
2600007355,Mogeiro,-7.213888,-35.506944,50,1,3,19:37,Equipado,0.01
2600007356,Gurinhém,-7.186111,-35.513333,45.5,1,2,20:37,Parado,0.052
2600007357,Ingá,-7.325555,-35.668333,40,1,3,16:33,Equipado,0.1
2600007358,Ingá,-7.213055,-35.655833,42,1,5,19:33,Equipado,0.25
2600007359,Itabaiana,-7.405,-35.340833,50,1,1,14:41,Equipado,0.22
2600007360,Itabaiana,-7.331388,-35.363611,46,1,5,16:40,Fechado,0.11
2600007361,Itatuba,-7.432777,-35.729166,45,1,4,14:31,Equipado,0.34
2600007362,Itatuba,-7.350833,-35.692222,40,1,1,16:32,Equipado,0.47
2600007363,Itatuba,-7.430555,-35.548611,45,1,2,14:36,Equipado,0.12
2600007364,Itatuba,-7.451111,-35.665,45,1,3,13:33,Equipado,0.1
2600007365,Itatuba,-7.398055,-35.541944,32,1,4,15:36,Equipado,0.3
2600007366,Natuba,-7.445833,-35.573888,33,1,2,13:35,Equipado,1.79
2600007367,Juarez Távora,-7.125833,-35.579166,40,1,2,21:35,Equipado,0.84
2600007368,Juazeirinho,-7.090277,-36.588611,45,1,2,22:10,Equipado,0.14
2600007369,Gurjão,-7.189166,-36.513611,45,1,5,20:12,Parado,0.23
2600007370,Juazeirinho,-7.035555,-36.568611,52,1,1,24:10,Equipado,0.04
2600007371,Soledade,-7.020277,-36.48,50,1,3,24:13,Equipado,0.01
2600007372,Junco do Seridó,-6.972777,-36.775833,50,1,1,25:5,Equipado,0.03
2600007373,Lagoa de Dentro,-6.666944,-35.360277,42,1,4,33:40,Equipado,0.13
2600007374,Lagoa de Dentro,-6.666388,-35.329166,42,1,1,33:41,Parado,0.14
2600007375,Lagoa de Dentro,-6.694444,-35.393611,50,1,5,32:40,Equipado,0.02
2600007376,Lagoa de Dentro,-6.643888,-35.377222,36,1,4,33:40,Equipado,0.16
2600007377,Lagoa de Dentro,-6.705,-35.350833,50,1,4,32:41,Equipado,0.11
2600007378,Lagoa Seca,-7.165555,-35.906666,42,1,4,20:27,Equipado,0.04
2600007379,Livramento,-7.300555,-36.953055,50,1,4,17:1,Equipado,0.004
2600007380,Livramento,-7.344444,-36.916111,50,1,4,16:2,Equipado,0.05
2600007381,Livramento,-7.343888,-37.003333,50,1,1,16:-1,Equipado,0.34
2600007382,Livramento,-7.346111,-36.940833,49,1,4,16:1,Equipado,0.39
2600007383,Livramento,-7.331111,-36.945555,50,0,4,16:1,Seco,
2600007385,Caiçara,-6.583888,-35.424166,50,1,4,35:39,Equipado,0.01
2600007387,Massaranduba,-7.182222,-35.74,50,0,3,20:31,Seco,
2600007389,Matinhas,-7.130277,-35.788055,45,0,4,21:30,Seco,
2600007390,Mogeiro,-7.257222,-35.484722,51,0,3,18:37,Seco,
2600007394,Mulungu,-6.966666,-35.435555,50,0,5,25:39,Seco,
2600007395,Natuba,-7.624166,-35.619166,45,0,1,9:34,Seco,
2600007396,Natuba,-7.585,-35.573055,45,0,3,10:35,Seco,
2600007397,Salgado de São Félix,-7.471111,-35.506111,45,0,1,13:37,Seco,
2600007398,Natuba,-7.645,-35.623056,45,0,3,8:34,Seco,
2600007400,Ouro Velho,-7.655277,-37.164444,50,0,2,8:-5,Seco,
2600007401,Massaranduba,-7.19,-35.739444,31,1,3,20:31,Fechado,0.81
2600007402,Massaranduba,-7.144166,-35.764722,40,1,4,21:30,Equipado,0.03
2600007403,Massaranduba,-7.166666,-35.740277,37,1,3,20:31,Fechado,0.11
2600007404,Massaranduba,-7.160555,-35.705277,50,1,4,20:32,Fechado,0.01
2600007405,Massaranduba,-7.223333,-35.773333,42,1,2,19:30,Não instalado,0.08
2600007406,Massaranduba,-7.213333,-35.755277,46,1,1,19:31,Parado,0.125
2600007407,Mogeiro,-7.272777,-35.5425,45,1,5,18:36,Equipado,0.07
2600007408,Mogeiro,-7.287777,-35.491666,30,1,5,17:37,Equipado,4.05
2600007409,Mogeiro,-7.296944,-35.529722,40,1,1,17:36,Equipado,0.38
2600007410,Mogeiro,-7.350277,-35.461944,37,1,1,16:38,Equipado,0.06
2600007411,Montadas,-7.099722,-35.95,42,1,2,22:26,Equipado,0.25
2600007412,Monteiro,-7.994722,-37.048888,40,1,1,0:-2,Equipado,0.12
2600007413,Monteiro,-8.018888,-36.978055,30,1,3,-1:0,Equipado,1.17
2600007414,Monteiro,-7.995833,-37.136111,45,1,3,0:-4,Equipado,0.38
2600007415,Monteiro,-7.916388,-37.192777,40,1,1,2:-5,Equipado,0.9
2600007416,Guarabira,-6.963055,-35.456666,40,1,3,25:38,Equipado,0.06
2600007417,Gurinhém,-7.093888,-35.480833,30,1,5,22:37,Fechado,0.63
2600007418,Mulungu,-7.0625,-35.491666,48,1,3,23:37,Equipado,0.02
2600007419,Mulungu,-6.976666,-35.456388,45,1,3,25:38,Equipado,0.12
2600007420,Mulungu,-7.013055,-35.496111,45,1,2,24:37,Equipado,0.01
2600007421,Natuba,-7.644722,-35.622222,45,1,3,8:34,Equipado,0.02
2600007423,Parari,-7.306666,-36.678333,50,0,3,17:8,Seco,
2600007424,Parari,-7.324444,-36.712222,50,0,5,16:7,Seco,
2600007425,Nova Palmeira,-6.712777,-36.470277,45,0,4,32:13,Seco,
2600007426,Pedra Lavrada,-6.756388,-36.471111,45,0,3,31:13,Seco,
2600007428,Picuí,-6.545555,-36.299166,50,0,4,36:17,Seco,
2600007429,Pocinhos,-7.0725,-36.116111,50,0,4,23:22,Seco,
2600007430,Pocinhos,-7.065555,-35.996388,50,0,3,23:25,Seco,
2600007481,Pocinhos,-7.056111,-35.975833,50,0,3,23:25,Seco,
2600007482,Remígio,-6.961666,-35.785833,50,0,1,25:30,Seco,
2600007483,Remígio,-7.009444,-35.791111,50,0,2,24:30,Seco,
2600007484,Remígio,-6.969444,-35.843055,50,0,1,25:28,Seco,
2600007485,Riachão,-6.551388,-35.625,46,0,3,36:34,Seco,
2600007506,Parari,-7.338055,-36.743888,43,1,3,16:6,Equipado,0.04
2600007507,Parari,-7.328055,-36.718333,50,1,5,16:7,Equipado,0.02
2600007508,Parari,-7.305,-36.75,45,1,2,17:6,Equipado,0.24
2600007509,Parari,-7.33,-36.706111,42,1,5,16:7,Equipado,0.59
2600007510,Parari,-7.291666,-36.6575,50,1,3,17:8,Equipado,0.01
2600007511,Pedra Lavrada,-6.748611,-36.446111,33,1,3,31:13,Equipado,0.031
2600007512,Pedra Lavrada,-6.771111,-36.358888,50,1,3,30:16,Equipado,0.01
2600007513,Pedra Lavrada,-6.733055,-36.27,50,1,1,31:18,Equipado,0.02
2600007514,Pedra Lavrada,-6.753888,-36.466388,40,1,3,31:13,Equipado,0.04
2600007515,Pedra Lavrada,-6.752222,-36.398333,40,1,1,31:15,Equipado,0.26
2600007516,Nova Palmeira,-6.641944,-36.338333,39,1,5,33:16,Equipado,0.08
2600007517,Nova Palmeira,-6.675277,-36.298888,52,1,4,33:17,Equipado,0.004
2600007518,Nova Palmeira,-6.658055,-36.319722,50,1,4,33:17,Equipado,0.004
2600007519,Picuí,-6.323888,-36.320833,30,1,2,41:16,Equipado,0.04
2600007521,Pirpirituba,-6.778611,-35.443611,33,1,2,30:38,Equipado,1.52
2600007522,Pirpirituba,-6.793333,-35.496666,50,1,5,30:37,Equipado,0.31
2600007523,Pirpirituba,-6.791944,-35.489722,36,1,5,30:37,Equipado,0.6
2600007524,Pocinhos,-7.016388,-36.063888,30,1,4,24:23,Equipado,1.12
2600007525,Pocinhos,-6.978611,-36.035833,42,1,5,25:24,Equipado,0.03
2600007526,Pocinhos,-7.044722,-36.180555,47,1,4,23:20,Equipado,0.01
2600007527,Soledade,-7.148888,-36.222777,47,1,4,21:19,Equipado,0.03
2600007528,Pocinhos,-7.036111,-36.039722,45,1,5,24:24,Equipado,0.17
2600007529,Prata,-7.648888,-37.052222,30,1,4,8:-2,Equipado,2.76
2600007530,Prata,-7.651944,-37.028333,50,1,3,8:-1,Equipado,0.12
2600007531,Prata,-7.700833,-37.110833,50,1,4,7:-3,Equipado,1.18
2600007532,Prata,-7.694722,-37.1025,45,1,4,7:-3,Equipado,0.01
2600007533,Remígio,-6.921111,-35.849722,42,1,5,26:28,Parado,0.2
2600007534,Riachão,-6.550833,-35.670277,30,1,3,36:33,Equipado,0.83
2600007535,Riachão,-6.548888,-35.621111,36,1,3,36:34,Equipado,0.82
2600007536,Riacho de Santo Antônio,-7.719722,-36.117777,50,0,5,7:22,Seco,
2600007537,Salgado de São Félix,-7.368055,-35.49,37,1,5,15:37,Equipado,0.23
2600007538,Salgado de São Félix,-7.399444,-35.534166,45,0,4,15:36,Seco,
2600007539,Santa Cecília,-7.783055,-35.923888,50,0,5,5:26,Seco,
2600007546,Santa Luzia,-6.936388,-36.870277,50,0,1,26:3,Seco,
2600007549,Taperoá,-7.172222,-36.665833,50,0,5,20:8,Seco,
2600007551,São João do Cariri,-7.393333,-36.544166,50,0,4,15:11,Seco,
2600007552,Riachão,-6.518889,-35.659167,45,1,2,37:33,Equipado,0.06
2600007553,Alcantil,-7.674166,-36.120277,50,1,5,8:21,Equipado,0.03
2600007554,Riacho de Santo Antônio,-7.630833,-36.117222,50,1,5,9:22,Equipado,0.72
2600007555,São Sebastião de Lagoa de Roça,-7.067778,-35.836667,45,1,5,23:29,Parado,0.01
2600007556,São Sebastião de Lagoa de Roça,-7.084722,-35.840278,45,1,1,22:28,Parado,0.01
2600007557,Salgadinho,-7.063333,-36.814722,50,1,2,23:4,Equipado,0.09
2600007558,Salgadinho,-7.079722,-36.765,50,1,1,23:5,Equipado,0.02
2600007559,Salgadinho,-7.073888,-36.833055,50,1,2,23:4,Equipado,0.04
2600007560,Salgadinho,-7.116388,-36.9075,50,1,5,22:2,Equipado,0.85
2600007561,Taperoá,-7.149444,-36.858888,50,1,1,21:3,Parado,0.01
2600007562,Salgado de São Félix,-7.431944,-35.408611,45,1,3,14:39,Equipado,0.02
2600007665,Salgado de São Félix,-7.363055,-35.464166,31,1,3,15:38,Equipado,2.18
2600007666,Salgado de São Félix,-7.366666,-35.473611,35,1,3,15:38,Equipado,0.25
2600007667,Salgado de São Félix,-7.357222,-35.439166,45,1,4,16:39,Equipado,0.02
2600007668,Santa Cecília,-7.753333,-35.895555,50,1,2,6:27,Equipado,0.09
2600007669,Santa Luzia,-6.895,-36.886944,50,1,1,27:2,Equipado,0.04
2600007670,Santa Luzia,-6.8375,-36.969722,50,1,2,29:0,Equipado,0.04
2600007671,Santa Luzia,-6.9175,-36.940555,40,1,3,27:1,Equipado,0.48
2600007672,Santa Luzia,-6.943611,-36.922777,50,1,2,26:1,Equipado,0.16
2600007673,Santo André,-7.169722,-36.606666,45,1,1,20:9,Equipado,0.12
2600007674,São João do Cariri,-7.3175,-36.437777,36,1,2,17:14,Equipado,0.14
2600007675,Cabaceiras,-7.492777,-36.4075,40,1,4,12:14,Equipado,0.37
2600007676,Parari,-7.340833,-36.602777,40,1,4,16:9,Equipado,0.12
2600007677,São João do Cariri,-7.377222,-36.570833,40,1,5,15:10,Equipado,0.34
2600007678,Gurjão,-7.345,-36.578333,40,1,1,16:10,Equipado,0.84
2600007679,São João do Cariri,-7.475,-36.446111,40,1,4,13:13,Equipado,2.29
2600007681,São José do Sabugi,-6.826388,-36.779722,50,0,5,29:5,Seco,
2600007682,São José do Sabugi,-6.766388,-36.8025,50,0,1,30:4,Seco,
2600007683,Serra Branca,-7.496666,-36.845833,50,0,4,12:3,Seco,
2600007684,São José dos Cordeiros,-7.439722,-36.980833,50,0,2,14:0,Seco,
2600007685,São Mamede,-6.906388,-37.133611,50,0,4,27:-4,Seco,
2600007686,São Mamede,-6.925555,-37.088055,45,0,5,26:-3,Seco,
2600007687,São Mamede,-6.938055,-37.098611,45,0,5,26:-3,Seco,
2600007688,São Mamede,-7.024722,-37.039444,50,0,3,24:-1,Seco,
2600007692,São Mamede,-6.938611,-37.104444,50,0,5,26:-3,Seco,
2600007696,São Mamede,-6.939722,-37.0975,50,0,5,26:-3,Seco,
2600007697,Santa Luzia,-6.921388,-37.004444,50,0,3,26:-1,Seco,
2600007699,São Mamede,-6.981666,-37.109444,50,0,3,25:-3,Seco,
2600007704,São Mamede,-6.888611,-37.073611,45,1,3,27:-2,Equipado,0.14
2600007705,São José do Sabugi,-6.785555,-36.794722,40,1,4,30:5,Equipado,1.44
2600007706,São José do Sabugi,-6.803888,-36.881944,50,1,3,29:2,Equipado,0.01
2600007707,São José do Sabugi,-6.824166,-36.839166,42,1,3,29:4,Parado,0.2
2600007708,São José do Sabugi,-6.841944,-36.778055,45,1,5,28:5,Parado,0.02
2600007709,São José dos Cordeiros,-7.373611,-36.733611,40,1,4,15:6,Fechado,0.13
2600007710,São José dos Cordeiros,-7.397222,-36.958611,50,1,5,15:1,Equipado,0.01
2600007711,São José dos Cordeiros,-7.435555,-36.953888,50,1,1,14:1,Equipado,0.07
2600007712,São José dos Cordeiros,-7.425277,-36.790833,40,1,5,14:5,Equipado,0.06
2600007713,São José dos Cordeiros,-7.416111,-36.824166,50,1,4,14:4,Equipado,0.02
2600007714,São José dos Cordeiros,-7.391111,-36.887222,45,1,4,15:2,Equipado,0.02
2600007715,São Mamede,-6.955277,-37.155833,50,1,2,26:-4,Parado,0.06
2600007717,São Mamede,-6.918333,-37.068888,50,1,3,27:-2,Equipado,0.13
2600007718,São Mamede,-6.933055,-37.155277,50,1,2,26:-4,Equipado,0.04
2600007719,São Mamede,-6.968888,-37.0625,42,1,5,25:-2,Equipado,0.13
2600007720,São Mamede,-6.926944,-37.085833,40,1,5,26:-3,Equipado,0.03
2600007723,São Mamede,-6.956666,-37.143611,50,1,2,26:-4,Parado,0.14
2600007724,São Mamede,-6.921388,-37.100555,50,1,5,26:-3,Equipado,0.05
2600007725,São Mamede,-7.015277,-37.047777,50,1,4,24:-2,Equipado,0.06
2600007726,São Vicente do Seridó,-6.924722,-36.389166,50,0,3,26:15,Seco,
2600007727,São Vicente do Seridó,-6.934166,-36.402222,45,0,1,26:14,Seco,
2600007728,Serra Branca,-7.493611,-36.828888,50,0,4,12:4,Seco,
2600007730,Serra Branca,-7.486666,-36.805833,50,0,4,12:4,Seco,
2600007731,Serra da Raiz,-6.672222,-35.424722,50,0,5,33:39,Seco,
2600007733,Alagoa Grande,-7.139166,-35.646944,45,0,4,21:33,Seco,
2600007738,Serra Redonda,-7.191388,-35.681111,45,0,4,20:32,Seco,
2600007740,Sertãozinho,-6.756388,-35.438333,50,0,3,31:39,Seco,
2600007742,Soledade,-7.1225,-36.260833,50,0,3,21:18,Seco,
2600007743,Pocinhos,-7.128888,-36.223611,50,0,4,21:19,Seco,
2600007755,Sumé,-7.7025,-37.013055,50,0,5,7:-1,Seco,
2600007758,Umbuzeiro,-7.717222,-35.818611,45,0,5,7:29,Seco,
2600007759,Várzea,-6.771944,-36.991388,50,0,5,30:0,Seco,
2600007763,São Vicente do Seridó,-6.945,-36.408888,30,1,1,26:14,Parado,0.03
2600007764,São Vicente do Seridó,-6.934722,-36.430833,45,1,1,26:14,Equipado,0.04
2600007765,São Vicente do Seridó,-6.984722,-36.4425,36,1,3,25:13,Equipado,0.02
2600007766,Serra Branca,-7.486388,-36.576944,37,1,4,12:10,Equipado,0.71
2600007767,Serra Branca,-7.690555,-36.7675,40,1,2,7:5,Equipado,2.77
2600007768,Serra Branca,-7.638888,-36.745833,50,1,1,9:6,Equipado,0.39
2600007769,Sertãozinho,-6.746388,-35.388055,30,1,4,31:40,Parado,4.62
2600007770,Sertãozinho,-6.752777,-35.403055,42,1,3,31:39,Obstruído,0.1
2600007771,Soledade,-7.119166,-36.371944,48,1,4,22:15,Obstruído,0.01
2600007772,Soledade,-7.164722,-36.435555,42,1,2,20:14,Parado,0.67
2600007773,Boa Vista,-7.215277,-36.319444,40,1,2,19:17,Equipado,0.43
2600007774,Soledade,-6.988888,-36.384444,42,1,2,25:15,Não instalado,0.03
2600007776,Soledade,-7.140555,-36.331388,40,1,2,21:16,Equipado,0.07
2600007777,Soledade,-7.187777,-36.376388,42,1,4,20:15,Equipado,1.56
2600007778,Sossêgo,-6.676388,-36.2275,50,1,3,33:19,Equipado,0.03
2600007779,Sossêgo,-6.680833,-36.158333,50,1,3,32:21,Parado,0.04
2600007780,Sossêgo,-6.658611,-36.2225,50,1,3,33:19,Equipado,0.01
2600007781,Sumé,-7.605833,-36.936111,40,1,1,9:1,Equipado,0.04
2600007782,Serra Branca,-7.647777,-36.784722,40,1,4,8:5,Fechado,1.84
2600007783,Sumé,-7.802222,-36.786388,30,1,3,4:5,Equipado,0.49
2600007784,Sumé,-7.672777,-36.867777,40,1,4,8:3,Fechado,0.35
2600007786,Parari,-7.305833,-36.756388,50,1,2,17:6,Parado,0.06
2600007787,Tenório,-6.950555,-36.626111,50,1,4,26:9,Equipado,0.02
2600007788,Umbuzeiro,-7.690555,-35.7725,43,1,4,7:30,Equipado,0.22
2600007789,Umbuzeiro,-7.674444,-35.711111,45,1,4,8:32,Equipado,0.16
2600007790,Umbuzeiro,-7.703611,-35.754444,34,1,3,7:31,Equipado,0.02
2600007791,Várzea,-6.7975,-37.033055,50,1,4,30:-1,Equipado,0.4
2600007793,Várzea,-6.811944,-37.0475,50,1,3,29:-2,Equipado,0.02
2600007794,Várzea,-6.780555,-36.994166,44,1,5,30:0,Equipado,0.16
2600007795,Várzea,-6.850833,-37.015,50,1,4,28:-1,Equipado,0.07
2600007796,Zabelê,-8.07,-37.098055,50,1,1,-2:-3,Equipado,0.19
2600007813,Camalaú,-7.956388,-36.923611,50,1,2,1:1,Equipado,0.086
2600007815,Cuité,-6.668611,-36.180833,42,1,2,33:20,Equipado,0.28
2600007828,Ouro Velho,-7.675555,-37.152777,50,1,1,8:-4,Equipado,0.021
2600007829,Ouro Velho,-7.640277,-37.182777,48,1,2,8:-5,Equipado,0.25
2600007832,Água Branca,-7.456666,-37.585555,48,0,5,13:-15,Seco,
2600007833,Água Branca,-7.491388,-37.691666,48,0,3,12:-18,Seco,
2600007834,Água Branca,-7.480833,-37.666111,30,1,1,12:-17,Parado,0.22
2600007836,Boa Ventura,-7.452777,-38.219166,45,0,5,13:-31,Seco,
2600007837,Bom Sucesso,-6.452777,-37.92,48,0,4,38:-24,Seco,
2600007838,Bom Sucesso,-6.520555,-37.933611,48,0,2,36:-24,Seco,
2600007839,Cacimba de Areia,-7.137222,-37.148055,52,0,1,21:-4,Seco,
2600007840,Cacimbas,-7.217222,-37.159166,51.7,0,4,19:-4,Seco,
2600007841,Cacimbas,-7.227777,-37.133611,50,0,4,19:-4,Seco,
2600007842,Diamante,-7.387222,-38.304722,48,0,3,15:-33,Seco,
2600007843,Manaíra,-7.685833,-38.241388,42,0,1,7:-32,Seco,
2600007844,Aguiar,-7.097777,-38.151944,50,1,5,22:-29,Equipado,0.43
2600007854,Areia de Baraúnas,-7.117777,-36.993055,36,1,2,22:0,Parado,0.08
2600007855,Areia de Baraúnas,-7.174722,-36.990833,24,1,2,20:0,Fechado,0.38
2600007856,Boa Ventura,-7.470833,-38.224444,50,1,5,13:-31,Equipado,0.85
2600007857,Brejo do Cruz,-6.361111,-37.558888,50,1,3,40:-14,Equipado,0.05
2600007858,Brejo do Cruz,-6.31,-37.489444,50,1,5,42:-13,Não instalado,0.22
2600007859,Cacimba de Areia,-7.0775,-37.161388,42,1,1,23:-5,Equipado,0.01
2600007860,Catolé do Rocha,-6.434722,-37.7675,50,1,3,39:-20,Equipado,0.02
2600007861,Santa Inês,-7.600555,-38.628888,50,1,2,9:-41,Fechado,0.371
2600007862,Conceição,-7.486944,-38.490277,50,1,1,12:-38,Equipado,0.06
2600007865,Teixeira,-7.271388,-37.149722,36,1,2,18:-4,Equipado,0.056
2600007866,Desterro,-7.285555,-37.119722,33,1,5,17:-3,Parado,0.13
2600007867,Diamante,-7.388611,-38.276111,46,1,2,15:-32,Equipado,0.162
2600007869,Ibiara,-7.564444,-38.401388,50,1,4,10:-36,Fechado,0.034
2600007870,Aguiar,-7.156944,-38.201111,50,1,5,21:-31,Equipado,0.391
2600007872,Igaracy,-7.117777,-38.143611,50,1,5,22:-29,Equipado,0.445
2600007873,Itaporanga,-7.266111,-38.257777,46,1,4,18:-32,Equipado,1.09
2600007874,Juru,-7.455833,-37.802777,42,1,4,13:-21,Equipado,0.64
2600007875,Juru,-7.518055,-37.884722,42.7,1,2,12:-23,Equipado,1.43
2600007876,Manaíra,-7.760555,-38.157777,50,1,1,5:-29,Equipado,0.096
2600007878,Maturéia,-7.345555,-37.383333,36,1,5,16:-10,Equipado,0.02
2600007880,Patos,-6.950555,-37.392222,36,1,1,26:-10,Equipado,0.01
2600007881,Patos,-6.953055,-37.210555,18,1,4,26:-6,Equipado,0.304
2600007884,Nova Olinda,-7.41,-38.0675,50,1,5,14:-27,Fechado,0.429
2600007885,Pedra Branca,-7.4425,-38.064166,50,1,4,13:-27,Equipado,0.73
2600007886,Piancó,-7.169444,-37.971388,50,1,4,20:-25,Equipado,0.03
2600007887,Coremas,-7.133055,-38.004166,50,1,1,21:-26,Fechado,0.014
2600007889,Princesa Isabel,-7.763333,-37.970555,48,1,2,5:-25,Equipado,0.01
2600007890,Princesa Isabel,-7.752777,-37.953888,49,1,2,6:-24,Parado,0.01
2600007891,Princesa Isabel,-7.706666,-37.924166,50,1,3,7:-24,Fechado,0.131
2600007893,Princesa Isabel,-7.645,-37.966388,50,1,1,8:-25,Equipado,0.078
2600007894,Santana de Mangueira,-7.683333,-38.2975,58,1,5,7:-33,Parado,0.362
2600007895,Santa Teresinha,-7.073611,-37.401388,38,1,4,23:-11,Equipado,0.12
2600007896,Santa Teresinha,-7.089444,-37.443333,57,1,2,22:-12,Fechado,0.47
2600007897,São Bento,-6.427222,-37.4025,50,1,4,39:-11,Fechado,0.011
2600007898,São José de Espinharas,-6.913333,-37.425833,42,1,3,27:-11,Equipado,0.034
2600007900,São José de Princesa,-7.686666,-38.096944,50,1,5,7:-28,Equipado,0.024
2600007901,São José de Princesa,-7.7,-38.089722,50,1,5,7:-28,Parado,0.03
2600007902,São José de Princesa,-7.77,-38.104166,50,1,2,5:-28,Equipado,0.989
2600007904,São José de Princesa,-7.789444,-38.095277,44,1,2,5:-28,Equipado,0.031
2600007905,Tavares,-7.673888,-37.901944,50,1,2,8:-23,Equipado,0.139
2600007906,Tavares,-7.613611,-37.8225,45,1,5,9:-21,Equipado,0.075
2600007909,Bernardino Batista,-6.518888,-38.593055,52,0,3,37:-40,Seco,
2600007912,Cajazeiras,-7.046388,-38.608055,48,0,3,23:-41,Seco,
2600007915,Carrapateira,-7.044444,-38.3425,50,0,5,23:-34,Seco,
2600007917,Lastro,-6.520555,-38.173055,49,0,4,36:-30,Seco,
2600007918,Condado,-6.921111,-37.571111,48,0,4,26:-15,Seco,
2600007919,Marizópolis,-6.830277,-38.318333,47,0,4,29:-33,Seco,
2600007920,Marizópolis,-6.8775,-38.356666,49,0,5,28:-34,Seco,
2600007921,Nazarezinho,-6.932222,-38.308611,48,0,3,26:-33,Seco,
2600007928,Paulista,-6.564722,-37.701944,47.5,0,4,35:-18,Seco,
2600007929,Paulista,-6.601111,-37.52,50,0,2,34:-14,Seco,
2600007937,São Bentinho,-6.866388,-37.783611,37,0,2,28:-20,Seco,
2600007939,São Bentinho,-6.8775,-37.749444,44,0,3,28:-19,Seco,
2600007943,São Domingos,-6.798888,-37.912777,50,0,1,30:-23,Seco,
2600007944,São Domingos,-6.848055,-37.9225,56,0,5,28:-24,Seco,
2600007951,São Francisco,-6.641111,-38.024166,50,0,5,33:-26,Seco,
2600007956,São José da Lagoa Tapada,-6.939722,-38.181944,45,0,5,26:-30,Seco,
2600007961,Sousa,-6.796111,-38.284166,50,0,2,30:-33,Seco,
2600007971,Aparecida,-6.817222,-38.123055,31,1,5,29:-29,Equipado,0.08
2600007972,Aparecida,-6.795,-38.119166,25,1,3,30:-28,Equipado,0.04
2600007973,Bernardino Batista,-6.460833,-38.559444,36,1,3,38:-39,Fechado,0.03
2600007974,Bonito de Santa Fé,-7.295277,-38.433333,36,1,2,17:-36,Fechado,0.07
2600007975,Cachoeira dos Índios,-6.878333,-38.6675,30,1,2,28:-42,Abandonado,0.17
2600007976,Cajazeiras,-6.808611,-38.495555,42,1,1,29:-38,Equipado,0.11
2600007977,Cajazeiras,-6.960833,-38.534444,36,1,3,25:-39,Equipado,0.25
2600007978,Cajazeiras,-6.849166,-38.596944,30,1,3,28:-40,Equipado,0.04
2600007979,Cajazeiras,-6.978333,-38.583888,36,1,5,25:-40,Equipado,0.05
2600007980,Cajazeiras,-7.011944,-38.634166,31,1,1,24:-41,Parado,0.02
2600007981,Cajazeirinhas,-6.941944,-37.865,36,1,4,26:-22,Fechado,0.077
2600007982,Cajazeirinhas,-6.956388,-37.86,50,1,4,26:-22,Equipado,0.016
2600007983,Cajazeirinhas,-6.903055,-37.806666,30,1,2,27:-21,Fechado,0.03
2600007984,Cajazeirinhas,-6.994166,-37.679722,30,1,1,25:-17,Fechado,0.25
2600007985,São Bentinho,-6.955833,-37.699444,28,1,4,26:-18,Fechado,0.28
2600007986,Malta,-6.934444,-37.499722,39,1,5,26:-13,Fechado,0.29
2600007987,Malta,-6.887777,-37.499722,32,1,2,27:-13,Não instalado,0.14
2600007988,Malta,-6.898888,-37.54,38,1,4,27:-14,Equipado,0.03
2600007990,Poço Dantas,-6.404444,-38.498888,31,1,1,39:-38,Fechado,0.45
2600007991,Poço Dantas,-6.393888,-38.508055,31,1,2,40:-38,Fechado,0.16
2600007992,Pombal,-6.774722,-37.744166,42,1,1,30:-19,Equipado,0.06
2600007994,Santa Helena,-6.698055,-38.666111,36,1,5,32:-42,Equipado,0.12
2600007995,São Bentinho,-6.878333,-37.705555,48,1,5,28:-18,Equipado,0.024
2600007996,Cajazeirinhas,-6.960277,-37.814722,37,1,1,25:-21,Fechado,0.03
2600007997,São Domingos,-6.792222,-37.919166,37,1,1,30:-23,Fechado,0.12
2600007998,São Domingos,-6.849166,-37.958333,34,1,5,28:-24,Fechado,0.03
2600007999,São João do Rio do Peixe,-6.699444,-38.516388,42,1,4,32:-38,Equipado,0.03
2600008000,São João do Rio do Peixe,-6.628611,-38.3575,42,1,5,34:-34,Fechado,0.01
2600008001,São José da Lagoa Tapada,-6.878611,-38.172222,36,1,1,28:-30,Fechado,0.04
2600008002,São José de Piranhas,-7.116388,-38.485833,50,1,4,22:-38,Parado,0.01
2600008003,Uiraúna,-6.547222,-38.349166,37,1,2,36:-34,Fechado,0.01
2600008004,Vieirópolis,-6.505,-38.245833,31,1,3,37:-32,Equipado,0.11
2600008005,Vieirópolis,-6.585555,-38.316666,40,1,2,35:-33,Equipado,0.02
2600008006,Vieirópolis,-6.613333,-38.298333,31,1,3,34:-33,Equipado,0.776
2600008007,Vieirópolis,-6.613055,-38.303888,36,1,3,34:-33,Não instalado,0.017
2600008008,Vieirópolis,-6.6025,-38.285555,36,1,3,34:-33,Não instalado,0.05
2600008009,Vista Serrana,-6.733333,-37.555277,50,1,2,31:-14,Equipado,0.18
2600008010,Vista Serrana,-6.780555,-37.582222,30,1,4,30:-15,Fechado,0.13
2600008335,Umbuzeiro,-7.706111,-35.6825,52,1,3,7:32,Obstruído,0.002
2600008431,Conde,-7.227777,-34.911111,112,1,5,19:52,Equipado,1.1
2600008432,Lucena,-6.8975,-34.873055,121,1,5,27:53,Abandonado,5.294
2600008433,Baía da Traição,-6.688055,-34.935,58,1,1,32:51,Abandonado,4.31
2600008434,Baía da Traição,-6.671944,-34.956111,60,1,4,33:51,Abandonado,3.29
2600008435,Baía da Traição,-6.599722,-35.005555,50,1,2,35:49,Equipado,2.75
2600008437,Marcação,-6.756388,-35.020555,72,1,3,31:49,Equipado,160
2600008438,Marcação,-6.756388,-35.020555,70,1,3,31:49,Abandonado,6.67
2600008439,Lucena,-6.966944,-34.856666,120,1,4,25:53,Equipado,4.771
2600008440,João Pessoa,-7.133611,-34.9175,300,1,2,21:52,Equipado,1.848
2600008441,João Pessoa,-7.121666,-34.842222,148,1,3,21:53,Equipado,2.46
2600008442,Baía da Traição,-6.69,-34.948333,60,1,1,32:51,Abandonado,0.28
2600008443,João Pessoa,-7.133611,-34.828333,300,1,1,21:54,Equipado,0.98
2600008445,João Pessoa,-7.120555,-34.863055,315,1,3,21:53,Abandonado,2.59
2600008446,João Pessoa,-7.135555,-34.861388,373,1,3,21:53,Abandonado,4.13
2600008447,João Pessoa,-7.177777,-34.891944,288,1,2,20:52,Abandonado,0.52
2600008448,João Pessoa,-7.176388,-34.883611,303,1,2,20:52,Equipado,0.67
2600008449,João Pessoa,-7.155,-34.873888,350,1,3,21:53,Equipado,3.17
2600008450,João Pessoa,-7.114444,-34.835277,386,1,3,22:54,Equipado,2.92
2600008451,João Pessoa,-7.173611,-34.9125,322,1,2,20:52,Equipado,1.32
2600008452,João Pessoa,-7.203333,-34.91,286,1,5,19:52,Abandonado,1.6
2600008453,João Pessoa,-7.2075,-34.911111,26,1,5,19:52,Equipado,10.97
2600008454,João Pessoa,-7.199444,-34.909444,285,1,2,20:52,Equipado,1.94
2600008455,João Pessoa,-7.207777,-34.910833,24.5,1,5,19:52,Equipado,16.18
2600008456,Santa Rita,-7.137222,-34.968888,200.5,1,4,21:50,Equipado,0.81
2600008457,Caaporã,-7.509722,-34.926388,243,1,4,12:51,Equipado,1.37
2600008459,Cabedelo,-6.97,-34.831388,235,1,2,25:54,Abandonado,3.639
2600008460,João Pessoa,-7.16,-34.830833,160,1,2,20:54,Equipado,0.32
2600008461,Conde,-7.286388,-34.804722,150.3,1,3,17:54,Abandonado,0.81
2600008463,João Pessoa,-7.116944,-34.867777,150,1,1,22:53,Equipado,0.74
2600008464,Baía da Traição,-6.671389,-34.956944,58,1,4,33:51,Abandonado,0.12
2600008465,Baía da Traição,-6.601666,-34.997777,60,1,4,34:50,Equipado,3.02
2600008466,Pitimbu,-7.472777,-34.808611,150,1,2,13:54,Abandonado,1.8
2600008467,João Pessoa,-7.129444,-34.87,144,1,3,21:53,Equipado,10.2
2600008468,João Pessoa,-7.182777,-34.903611,300,1,2,20:52,Equipado,0.99
2600008469,Cruz do Espírito Santo,-7.141944,-35.094166,33,1,3,21:47,Equipado,0.12
2600008470,Bayeux,-7.1525,-34.911388,292,1,2,21:52,Equipado,2.62
2600008471,João Pessoa,-7.130833,-34.913055,58,1,2,21:52,Equipado,1.6
2600008675,Itabaiana,-7.283333,-35.399444,42,1,5,17:40,Equipado,0.32
2600008676,Camalaú,-7.913333,-36.703333,50,1,5,2:7,Equipado,0.031
2600008748,Uiraúna,-6.519722,-38.411944,115,1,1,37:-36,,0.7
2600008749,Emas,-7.113611,-37.7775,70,1,1,22:-20,,0.05
2600008750,Emas,-7.112777,-37.776388,70,1,1,22:-20,,0.24
2600008752,Paulista,-6.594166,-37.625,50,0,3,35:-16,Seco,
2600008753,Conceição,-7.558055,-38.505833,50,1,2,11:-38,,0.2
2600008754,Quixaba,-7.031944,-37.150277,50,1,3,24:-4,,0.15
2600008756,Catingueira,-7.118611,-37.607222,50,1,3,22:-16,,0.04
2600008757,Catingueira,-7.126666,-37.604444,50,1,1,21:-16,,0.17
2600008758,Catingueira,-7.126666,-37.604166,50,1,1,21:-16,,3.93
2600008761,Santa Rita,-7.133611,-34.98,214,1,4,21:50,,1.2
2600008763,Bayeux,-7.124722,-34.928611,252,1,2,21:51,,1.67
2600008764,Mogeiro,-7.268611,-35.471111,40,1,2,18:38,,0.51
2600008765,João Pessoa,-7.125,-34.883333,201,1,2,21:52,,1.15
2600008766,Bayeux,-7.123888,-34.9275,65,1,2,21:51,,1.23
2600008767,Santa Rita,-7.129166,-34.979166,275,1,4,21:50,,0.63
2600008768,Catolé do Rocha,-6.3375,-37.740555,11.6,1,4,41:-19,,7.33
2600008769,Catolé do Rocha,-6.338333,-37.741388,11.1,1,4,41:-19,,2.67
2600008770,Catolé do Rocha,-6.339444,-37.7425,10,1,4,41:-19,,6.11
2600008771,Catolé do Rocha,-6.340277,-37.743055,10.5,1,4,41:-19,,46.5
2600008772,Bayeux,-7.124722,-34.928333,47.5,1,2,21:51,,0.44
2600008774,Catolé do Rocha,-6.341944,-37.745,11.5,1,4,41:-19,,6.67
2600008775,João Pessoa,-7.123055,-34.882222,100,1,2,21:52,,2.16
2600008776,Araçagi,-6.851388,-35.379722,60,1,2,28:40,,0.01
2600008777,Araçagi,-6.813611,-35.367777,62,1,5,29:40,,0.003
2600008778,Sapé,-7.091666,-35.231388,60,1,1,22:44,,0.01
2600008779,Araçagi,-6.851388,-35.379444,60,0,2,28:40,Seco,
2600008780,Araçagi,-6.938611,-35.321111,60,1,5,26:41,,0.02
2600008781,Araçagi,-6.96,-35.317222,60,1,4,26:42,,0.03
2600008782,Lagoa Seca,-7.156111,-35.858055,60,1,3,21:28,,0.01
2600008783,Sapé,-7.096388,-35.230555,62,1,1,22:44,,0.21
2600008784,Picuí,-6.4975,-36.2875,60,1,4,37:17,Parado,0.01
2600008785,São José dos Cordeiros,-7.454444,-36.843333,68,1,4,13:3,,0.004
2600008786,São José dos Cordeiros,-7.4075,-36.819166,60,1,4,14:4,,0.08
2600008787,Lagoa Seca,-7.156111,-35.856111,36,1,3,21:28,,0.03
2600008788,Marcação,-6.708333,-35.026388,29.7,1,5,32:49,,2.01
2600008789,Rio Tinto,-6.807777,-35.080833,45,1,1,29:47,,0.81
2600008790,Rio Tinto,-6.726111,-35.098611,45,1,1,31:47,,0.53
2600008791,Marcação,-6.705833,-35.008055,57,1,5,32:49,,1.68
2600008792,Marcação,-6.732222,-34.990277,50,1,5,31:50,,0.25
2600008793,Marcação,-6.717777,-34.945,62,1,1,32:51,,2.7
2600008794,Sousa,-6.759166,-38.230833,63,1,4,31:-31,,0.08
2600008795,Sousa,-6.76,-38.230833,60,1,4,31:-31,,0.06
2600008796,Sousa,-6.754722,-38.275833,51,1,5,31:-32,,0.39
2600008797,Catingueira,-7.075555,-37.579166,50,1,1,23:-15,,0.07
2600008798,Emas,-7.136111,-37.705,40,1,3,21:-18,,0.05
2600008799,Catingueira,-7.133888,-37.592222,50,1,4,21:-15,,0.4
2600008800,Catingueira,-7.026388,-37.65,32,1,5,24:-17,,0.24
2600008832,São João do Cariri,-7.390555,-36.531388,62,1,4,15:11,,0.01
2600008833,Campina Grande,-7.228055,-35.896944,69,1,3,19:27,,0.01
2600008834,Pombal,-6.77,-37.800833,51,1,4,30:-21,,0.03
2600008835,Pombal,-6.885833,-37.904722,65,0,1,27:-23,Seco,
2600008836,Patos,-6.949722,-37.392222,65,0,1,26:-10,Seco,
2600008838,São Bentinho,-6.825555,-37.671388,65.5,0,5,29:-17,Seco,
2600008839,Cajazeirinhas,-6.964444,-37.800277,50,1,1,25:-21,,0.83
2600008840,Cajazeirinhas,-6.96,-37.797777,52,0,2,26:-20,Seco,
2600008841,Pombal,-6.770833,-37.800833,72,0,4,30:-21,Seco,
2600008842,São Bentinho,-6.826666,-37.671388,60,0,5,29:-17,Seco,
2600008845,Cachoeira dos Índios,-6.908889,-38.661111,69,1,5,27:-42,,0.01
2600008846,Bom Jesus,-6.808888,-38.630833,50,1,1,29:-41,Equipado,0.22
2600008847,Bom Jesus,-6.815833,-38.655555,72,0,5,29:-42,Seco,
2600008848,Bom Jesus,-6.816111,-38.649166,60,1,5,29:-42,Equipado,0.01
2600008849,Cajazeiras,-6.991666,-38.55,62,0,3,25:-39,Seco,
2600008850,Cajazeiras,-6.889722,-38.562777,54,1,1,27:-40,Equipado,0.005
2600008852,Sumé,-7.776944,-36.913888,52,1,4,5:2,Equipado,0.04
2600008853,Soledade,-7.058055,-36.363055,52,0,5,23:15,Seco,
2600008854,Cubati,-6.875555,-36.284722,36,1,1,28:17,Equipado,0.51
2600008855,Pilar,-7.231666,-35.259444,50,1,4,19:43,Equipado,0.06
2600008856,Cajazeiras,-6.827777,-38.546388,62,1,2,29:-39,Equipado,0.004
2600008857,Cajazeiras,-6.889722,-38.563611,55.3,1,1,27:-40,Equipado,0.005
2600008858,Cajazeiras,-6.889166,-38.563611,62,0,1,27:-40,Seco,
2600008859,Triunfo,-6.513888,-38.530277,49,1,5,37:-39,Equipado,0.05
2600008860,Lagoa,-6.591666,-37.904722,52,1,4,35:-23,Equipado,0.05
2600008861,Gado Bravo,-7.581111,-35.781944,54,1,1,10:30,,0.05
2600008862,Serraria,-6.808333,-35.639722,72,1,4,29:34,Equipado,0.06
2600008863,Serraria,-6.807777,-35.639722,81,1,4,29:34,Equipado,0.41
2600008936,Araruna,-6.519444,-35.734166,60,1,2,37:31,,0.01
2600008937,Arara,-6.863055,-35.780833,60,1,2,28:30,,0.001
2600008938,Algodão de Jandaíra,-6.863056,-35.816944,54,1,2,28:29,,2.17
2600008939,Bananeiras,-6.753333,-35.644444,50,0,2,31:33,Seco,
2600008940,Livramento,-7.361666,-36.881944,63,1,4,15:2,Equipado,0.01
2600008941,Livramento,-7.323333,-37.006944,60,1,1,16:-1,Equipado,0.05
2600008942,Catolé do Rocha,-6.346944,-37.755833,69,1,4,41:-19,Equipado,0.01
2600008943,Catolé do Rocha,-6.310555,-37.648333,60,1,4,42:-17,Equipado,0.01
2600008944,Massaranduba,-7.1925,-35.824722,60,1,5,20:29,Equipado,0.002
2600008945,Lagoa Seca,-7.156111,-35.855833,62,0,3,21:28,Seco,
2600008947,Puxinanã,-7.146388,-35.96,50,1,3,21:25,,0.01
2600008948,Puxinanã,-7.155277,-35.973611,60,0,3,21:25,Seco,
2600008949,Taperoá,-7.210277,-36.824722,50,1,1,19:4,Equipado,0.02
2600008950,Salgadinho,-7.076388,-36.7875,45,1,1,23:5,Equipado,0.11
2600008951,Salgadinho,-7.104166,-36.7875,50,1,4,22:5,Equipado,0.04
2600008952,Livramento,-7.336944,-36.988611,50,1,4,16:0,Equipado,0.05
2600008953,Livramento,-7.375555,-36.948055,63,1,5,15:1,Equipado,0.005
2600008954,Juazeirinho,-7.116944,-36.633333,50,1,5,22:9,Equipado,0.02
2600008955,Gurjão,-7.245,-36.492222,60,1,2,18:12,,0.004
2600008956,Araruna,-6.519444,-35.734166,70,1,2,37:31,,0.01
2600008957,Bananeiras,-6.749722,-35.620555,60,1,3,31:34,Equipado,0.09
2600008958,Taperoá,-7.188055,-36.89,48,1,4,20:2,Equipado,0.04
2600008959,Piancó,-7.218889,-37.978056,60,0,5,19:-25,Seco,
2600008960,Taperoá,-7.191388,-36.793888,39,1,3,20:5,Equipado,0.71
2600008961,Soledade,-7.136944,-36.438889,70,0,2,21:14,Seco,
2600008962,Soledade,-7.058055,-36.361388,50,1,5,23:15,Equipado,0.65
2600008963,Soledade,-7.011111,-36.422777,48,1,1,24:14,Fechado,0.02
2600008964,Caraúbas,-7.807777,-36.468888,50,1,4,4:13,Equipado,0.15
2600008965,Caraúbas,-7.774166,-36.506666,48,1,4,5:12,Equipado,0.07
2600008966,Caraúbas,-7.642222,-36.531388,50,1,5,8:11,Equipado,0.04
2600008967,Massaranduba,-7.183055,-35.748611,60,1,3,20:31,Equipado,0.04
2600008968,Massaranduba,-7.183888,-35.749444,70,0,3,20:31,Seco,
2600008969,Lagoa Seca,-7.139722,-35.860555,60,1,3,21:28,Equipado,0.02
2600008970,Bananeiras,-6.753611,-35.644444,62,1,2,31:33,Equipado,0.02
2600008971,São João do Tigre,-8.104444,-36.641666,50,1,2,-3:8,Equipado,0.02
2600008972,São João do Tigre,-8.110277,-36.673333,42,1,2,-3:8,Obstruído,0.02
2600008973,São João do Tigre,-8.080833,-36.848611,60,1,3,-3:3,Obstruído,0.01
2600008974,Caraúbas,-7.723888,-36.485555,55,1,1,6:12,Equipado,0.02
2600008975,Campina Grande,-7.164444,-35.986944,65,1,2,20:25,Equipado,0.02
2600009017,Conde,-7.263055,-34.906388,162,1,5,18:52,,0.27
2600009018,Pedras de Fogo,-7.399722,-35.113611,150,1,2,15:47,Parado,0.67
2600009019,Triunfo,-6.578611,-38.597222,63,1,4,35:-40,,0.1
2600009020,Esperança,-7.020555,-35.859722,62,1,5,24:28,,0.01
2600009021,São João do Rio do Peixe,-6.678055,-38.497777,42,1,4,33:-38,,0.02
2600009022,Santa Helena,-6.721388,-38.640833,60,1,1,31:-42,Equipado,0.09
2600009023,Tacima,-6.488611,-35.637222,65,1,4,37:34,,0.02
2600009024,São José de Espinharas,-6.845277,-37.325555,60,0,5,28:-9,Seco,
2600009025,Salgadinho,-7.103055,-36.846944,40,1,1,22:3,,1
2600009026,Quixaba,-7.031944,-37.148611,60.1,1,3,24:-4,,0.04
2600009028,Pedra Branca,-7.426388,-38.068333,60,1,5,14:-27,,0.11
2600009029,Tavares,-7.633888,-37.880277,45,1,1,9:-23,,0.04
2600009030,Malta,-6.910555,-37.555833,45,1,4,27:-14,,0.03
2600009031,Juazeirinho,-7.068055,-36.578333,55,1,1,23:10,,0.05
2600009032,Patos,-6.948611,-37.392222,28.5,1,1,26:-10,,0.75
2600009033,Prata,-7.646111,-37.041666,40,1,4,8:-2,,1.64
2600009034,Amparo,-7.609166,-37.041944,37,1,1,9:-2,,0.13
2600009035,Bayeux,-7.124722,-34.919166,170,1,2,21:52,,1.84
2600009036,Prata,-7.641944,-37.065277,60,1,4,8:-2,,0.24
2600009037,São João do Tigre,-8.079444,-36.845833,60,1,5,-2:3,Equipado,0.07
2600009038,Passagem,-7.137222,-37.050277,60,1,2,21:-2,,0.3
2600009039,Serra Branca,-7.676666,-36.788055,41,1,4,8:5,,0.1
2600009041,Pedra Lavrada,-6.7575,-36.470555,60,1,3,31:13,,0.31
2600009042,Alagoa Grande,-7.038055,-35.624722,50,1,1,24:34,,0.03
2600009043,Baraúna,-6.643611,-36.254166,70,1,5,33:18,,0.01
2600009044,Caldas Brandão,-7.103055,-35.326666,46,1,5,22:41,,0.78
2600009045,Conceição,-7.558055,-38.505555,60,1,2,11:-38,,0.08
2600009046,Curral Velho,-7.536944,-38.198611,60,1,1,11:-30,,0.66
2600009047,Diamante,-7.426666,-38.263055,60,1,4,14:-32,,0.1
2600009048,Rio Tinto,-6.813055,-35.079166,28,1,4,29:48,,2.63
2600009049,Mataraca,-6.591111,-34.971666,48,1,2,35:50,,7.5
2600009050,Rio Tinto,-6.808611,-35.076388,41,1,4,29:48,,0.1
2600009051,Itabaiana,-7.330833,-35.336666,60,1,5,16:41,,0.08
2600009052,João Pessoa,-7.125,-34.883333,250,1,2,21:52,,0.84
2600009053,Serra Branca,-7.490278,-36.8,60,1,5,12:5,,0.01
2600009054,João Pessoa,-7.125,-34.882777,201,1,2,21:52,,0.32
2600009055,Boa Ventura,-7.471666,-38.111666,52,1,3,13:-28,,0.03
2600009056,João Pessoa,-7.125,-34.883055,300,1,2,21:52,,1.81
2600009057,Juru,-7.565833,-37.765277,50,0,5,10:-20,Seco,
2600009058,Santa Rita,-7.124444,-34.982777,28,1,4,21:50,,4.774
2600009059,Piancó,-7.179722,-37.879444,50,1,5,20:-22,,0.02
2600009060,Imaculada,-7.333888,-37.396388,41,0,5,16:-10,Seco,
2600009061,Itaporanga,-7.37,-38.156944,50,0,5,15:-29,Seco,
2600009062,Boa Ventura,-7.372222,-38.213333,50,0,2,15:-31,Seco,
2600009063,Diamante,-7.422222,-38.351944,50,0,3,14:-34,Seco,
2600009064,Bom Sucesso,-6.507222,-37.963333,50,1,1,37:-25,,0.04
2600009065,Santa Cruz,-6.546111,-38.000277,50,1,1,36:-26,Equipado,0.16
2600009066,Santa Helena,-6.708333,-38.660833,50,1,5,32:-42,Parado,0.05
2600009067,Conceição,-7.558055,-38.505555,50,0,2,11:-38,Seco,
2600009068,Salgado de São Félix,-7.357222,-35.441111,50,1,1,16:38,,0.03
2600009069,Itabaiana,-7.425277,-35.386944,46,1,1,14:40,,0.82
2600009070,Barra de São Miguel,-7.762222,-36.271944,70,0,5,5:18,Seco,
2600009071,Barra de Santa Rosa,-6.721944,-36.060277,50,0,1,31:23,Seco,
2600009073,Bayeux,-7.124722,-34.919444,312,1,2,21:52,,1.6
2600009074,Bayeux,-7.124722,-34.919166,281.5,1,2,21:52,,6.61
2600009075,Cabaceiras,-7.421388,-36.338888,48,1,4,14:16,Equipado,0.47
2600009076,Campina Grande,-7.2275,-35.896666,66,1,3,19:27,Equipado,0.02
2600009077,São João do Tigre,-8.006111,-36.675555,42,1,3,-1:8,,0.03
2600009078,Fagundes,-7.356666,-35.784444,70,0,3,16:30,Seco,
2600009079,Fagundes,-7.357222,-35.785,70,0,3,16:30,Seco,
2600009080,Casserengue,-6.81,-35.833055,62,0,4,29:29,Seco,
2600009081,Congo,-7.716111,-36.708055,42,1,4,7:7,Equipado,1.38
2600009082,São Domingos do Cariri,-7.655277,-36.406388,70,0,2,8:14,Seco,
2600009083,Campina Grande,-7.2275,-35.896666,65,1,3,19:27,,0.04
2600009084,Campina Grande,-7.227222,-35.896388,66,1,3,19:27,Equipado,0.02
2600009085,Sumé,-7.817777,-36.760833,50,1,3,4:5,,0.01
2600009086,Camalaú,-7.888888,-36.822222,42,1,1,2:4,,0.43
2600009087,Cabaceiras,-7.425555,-36.254444,65,0,5,14:18,Seco,
2600009088,São Domingos do Cariri,-7.588611,-36.422777,48,1,5,10:14,Equipado,0.14
2600009089,Barra de São Miguel,-7.737222,-36.376944,50,1,5,6:15,,1.51
2600009090,Barra de São Miguel,-7.737778,-36.3775,48,1,5,6:15,Equipado,0.04
2600009091,Barra de Santa Rosa,-6.749722,-36.042777,70,0,1,31:23,Seco,
2600009092,Bananeiras,-6.744722,-35.644722,62,1,2,31:33,,0.01
2600009093,Boqueirão,-7.4825,-36.134722,66,1,3,12:21,Equipado,0.03
2600009094,Boqueirão,-7.4825,-36.134722,50,1,3,12:21,,2.82
2600009095,Boqueirão,-7.483055,-36.135277,60,1,3,12:21,Equipado,0.05
2600009096,Sumé,-7.584722,-36.847222,51,1,1,10:3,Equipado,0.03
2600009097,Sumé,-7.807222,-36.881111,50,1,3,4:2,Equipado,0.1
2600009098,São João do Cariri,-7.462222,-36.526388,51,1,1,13:11,Equipado,0.08
2600009099,São João do Cariri,-7.4925,-36.551666,58.5,1,1,12:11,Equipado,0.01
2600009100,São João do Cariri,-7.393333,-36.534166,70,1,4,15:11,Equipado,0.002
2600009101,Queimadas,-7.360833,-35.898055,63.5,1,4,15:27,,0.05
2600009102,Queimadas,-7.36,-35.897222,41,0,4,15:27,Seco,
2600009103,Queimadas,-7.360555,-35.897777,42,1,4,15:27,Equipado,0.93
2600009104,Prata,-7.694444,-37.084166,50,1,4,7:-3,Equipado,0.22
2600009105,Prata,-7.680833,-37.080277,50,1,4,7:-3,Equipado,0.02
2600009106,Sumé,-7.686666,-37.003888,50,0,5,7:-1,Seco,
2600009107,Prata,-7.721388,-37.041388,68,1,2,6:-2,Equipado,0.01
2600009108,Prata,-7.643888,-37.098611,71,0,4,8:-3,Seco,
2600009109,Prata,-7.671666,-37.102777,68,1,4,8:-3,Equipado,0.02
2600009110,Monteiro,-7.960833,-37.013055,50,1,4,0:-1,Equipado,0.14
2600009111,Monteiro,-7.980555,-37.173055,50,1,2,0:-5,Obstruído,0.07
2600009113,Cubati,-6.897777,-36.339444,60,0,1,27:16,Seco,
2600009115,Cubati,-6.816388,-36.319166,60,1,3,29:17,,0.02
2600009118,Pedra Lavrada,-6.7575,-36.470277,60,1,3,31:13,,0.09
2600009119,Santa Cruz,-6.528888,-38.055555,43,1,5,36:-27,Parado,0.06
2600009120,São Bentinho,-6.848333,-37.7075,60,0,5,28:-18,Seco,
2600009121,Lastro,-6.5975,-38.165555,55,0,3,35:-30,Seco,
2600009122,Pedra Lavrada,-6.812222,-36.3825,47,1,5,29:15,,0.03
2600009126,Passagem,-7.138333,-37.049444,55,1,2,21:-2,,0.08
2600009127,Pedra Lavrada,-6.785,-36.364722,50.6,1,1,30:15,,0.04
2600009128,Quixaba,-7.031111,-37.148611,58,1,3,24:-4,,0.18
2600009129,Sousa,-6.757222,-38.230833,50,1,4,31:-31,,0.05
2600009130,Cacimba de Areia,-7.129722,-37.157222,64,1,1,21:-4,,0.01
2600009132,Pombal,-6.749166,-37.846111,59,1,3,31:-22,,0.01
2600009134,Cacimba de Areia,-7.129722,-37.156944,52,1,1,21:-4,,0.41
2600009135,Cajazeiras,-6.888888,-38.560833,60,1,1,27:-40,,0.05
2600009136,Uiraúna,-6.522222,-38.411388,60,0,3,36:-36,Seco,
2600009138,Santa Rita,-7.124444,-34.98,343,1,4,21:50,,0.24
2600009140,Pitimbu,-7.473333,-34.808611,392,1,2,13:54,,1.25
2600009141,Catingueira,-7.021944,-37.651944,50,0,5,24:-17,Seco,
2600009142,São José da Lagoa Tapada,-6.941666,-38.163333,60,1,5,26:-30,,0.04
2600009143,São Mamede,-7.001944,-37.135,50,0,3,24:-4,Seco,
2600009161,Amparo,-7.567777,-37.062777,76,0,1,10:-2,Seco,
2600009173,Olho d'Água,-7.276388,-37.785,30,1,4,18:-20,,0.94
2600009174,Cabaceiras,-7.381111,-36.178056,22,1,2,15:20,,0.13
2600009175,Itaporanga,-7.304444,-38.152777,30,1,2,17:-29,,0.04
2600009176,Piancó,-7.268055,-38.036111,40,1,3,18:-26,,0.11
2600009177,Itaporanga,-7.281666,-38.1575,50,1,2,17:-29,,0.02
2600009178,Nova Olinda,-7.4875,-37.985,50,1,5,12:-25,,8
2600009179,Nova Olinda,-7.471388,-38.028333,50,1,4,13:-26,,2.31
2600009180,Santana dos Garrotes,-7.322222,-38.010555,51,1,5,16:-26,,0.33
2600009181,Piancó,-7.198888,-37.928333,50,1,5,20:-24,,0.41
2600009182,Piancó,-7.276944,-38.062777,50,1,5,18:-27,,0.06
2600009183,Santana dos Garrotes,-7.466666,-37.966666,50,1,3,13:-25,,0.09
2600009184,Santana dos Garrotes,-7.385277,-37.987777,50,1,4,15:-25,,0.01
2600009185,Piancó,-7.207222,-38.035277,50,1,1,19:-26,,0.48
2600009186,Nova Olinda,-7.480555,-38.042777,50,1,1,12:-27,,6
2600009187,Aroeiras,-7.572222,-35.752777,50,1,4,10:31,,0.17
2600009188,São José dos Cordeiros,-7.391111,-36.8075,60,0,4,15:4,Seco,
2600009189,Queimadas,-7.361666,-35.898055,70,1,4,15:27,,0.03
2600009191,Boqueirão,-7.375555,-36.125,60,1,1,15:21,,0.01
2600009192,Serra Branca,-7.465555,-36.610277,62,1,4,13:9,Equipado,0.006
2600009194,Boqueirão,-7.59,-36.108056,50,1,5,10:22,Equipado,0.03
2600009195,Serra Branca,-7.675,-36.795277,48,1,4,8:5,,0.57
2600009196,Aroeiras,-7.543611,-35.736388,67,1,5,11:31,,0.002
2600009197,Boqueirão,-7.481388,-36.135277,50,1,3,12:21,Equipado,0.04
2600009198,Serra Branca,-7.504722,-36.74,57.6,1,2,12:6,Equipado,0.02
2600009199,Sumé,-7.666388,-36.883055,50,1,1,8:2,,0.14
2600009200,Serra Branca,-7.445833,-36.718333,47,1,1,13:7,Equipado,0.04
2600009201,Serra Branca,-7.564444,-36.693055,60,1,2,10:7,Equipado,0.005
2600009202,Aroeiras,-7.543055,-35.703888,60,1,4,11:32,,0.004
2600009203,Sumé,-7.666388,-36.883055,50,1,1,8:2,,0.09
2600009204,Boqueirão,-7.580833,-36.168888,65,0,5,10:20,Seco,
2600009205,Queimadas,-7.362777,-35.899166,54,0,4,15:27,Seco,
2600009206,Queimadas,-7.361388,-35.897777,40,1,4,15:27,,6.79
2600009207,Queimadas,-7.360833,-35.897222,40,1,4,15:27,,11.19
2600009208,Aroeiras,-7.543611,-35.704722,57.3,0,4,11:32,Seco,
2600009209,Aroeiras,-7.543333,-35.704166,60,1,4,11:32,,0.02
2600009210,Aroeiras,-7.543055,-35.704166,50,1,4,11:32,,0.11
2600009211,Umbuzeiro,-7.695,-35.663055,60,1,3,7:33,,0.03
2600009212,Umbuzeiro,-7.735555,-35.791944,50,1,5,6:30,,0.07
2600009213,Camalaú,-7.942222,-36.900833,48,1,1,1:2,,0.03
2600009214,Patos,-7.080277,-37.234444,33,0,4,22:-6,Seco,
2600009215,Patos,-7.075833,-37.284166,50,0,5,23:-8,Seco,
2600009216,Patos,-6.985555,-37.358611,46,1,2,25:-9,,0.03
2600009217,Quixaba,-7.043888,-37.216388,50,1,2,23:-6,,0.06
2600009218,Cuité,-6.454166,-36.145,50,1,5,38:21,Equipado,0.05
2600009219,Sumé,-7.666388,-36.887777,50,1,1,8:2,,0.12
2600009220,São José de Espinharas,-6.745833,-37.330555,50,1,1,31:-9,,0.02
2600009221,São José de Espinharas,-6.896944,-37.293888,50,0,2,27:-8,Seco,
2600009222,São José de Espinharas,-6.741388,-37.326111,48,0,1,31:-9,Seco,
2600009223,São José de Espinharas,-6.846666,-37.325555,50,0,5,28:-9,Seco,
2600009224,São José de Espinharas,-6.900277,-37.478333,40,1,1,27:-12,,0.1
2600009225,Olivedos,-6.946388,-36.294166,45,1,4,26:17,,0.16
2600009226,Olivedos,-6.908888,-36.209166,30,1,3,27:19,,0.83
2600009227,Olivedos,-7.081944,-36.268888,50,1,4,22:18,,0.03
2600009228,Campina Grande,-7.209722,-36.066388,27,1,2,19:23,,0.06
2600009229,Campina Grande,-7.200555,-35.831111,50,0,3,19:29,Seco,
2600009230,Monteiro,-7.945277,-37.204444,25,1,5,1:-6,,0.08
2600009231,Patos,-7.021388,-37.258055,43,1,2,24:-7,,1.1
2600009232,Cacimba de Areia,-7.076388,-37.183611,45,1,1,23:-5,,0.03
2600009233,Cacimba de Dentro,-6.628333,-35.784722,50,1,5,34:30,,0.004
2600009234,Arara,-6.823333,-35.749722,60,0,2,29:31,Seco,
2600009235,Monteiro,-7.886388,-37.117777,50,0,5,2:-3,Seco,
2600009236,Caraúbas,-7.854166,-36.533333,52,1,4,3:11,,0.04
2600009237,Caraúbas,-7.904444,-36.478611,50,1,1,2:13,,0.39
2600009238,Queimadas,-7.361944,-35.898055,50,1,4,15:27,,0.18
2600009239,Boqueirão,-7.481388,-36.135,50,1,3,12:21,Equipado,0.22
2600009240,Cabaceiras,-7.409444,-36.228055,49,1,1,14:19,,0.1
2600009241,Cabaceiras,-7.486666,-36.285555,50,1,3,12:17,,0.88
2600009242,Cabaceiras,-7.485833,-36.286388,50,1,3,12:17,,0.06
2600009243,Boqueirão,-7.481388,-36.134722,50,1,3,12:21,,2.2
2600009244,Caturité,-7.417777,-36.101111,50,1,3,14:22,,0.08
2600009245,Boqueirão,-7.480277,-36.134722,48,1,3,12:21,,0.58
2600009246,Caturité,-7.462777,-36.069166,50,1,5,13:23,,0.35
2600009247,Barra de São Miguel,-7.596111,-36.2975,31,1,3,10:17,,21.18
2600009248,Barra de São Miguel,-7.751666,-36.316388,34,1,2,6:17,,3.94
2600009249,Riacho de Santo Antônio,-7.757777,-36.146111,48,1,1,6:21,,1.27
2600009250,Boqueirão,-7.436388,-36.191666,50,0,5,14:20,Seco,
2600009251,São João do Cariri,-7.391388,-36.532222,50,1,4,15:11,,0.34
2600009252,Cabaceiras,-7.48,-36.2275,50,1,3,12:19,,0.01
2600009253,Cabaceiras,-7.486666,-36.286388,50,1,3,12:17,,0.18
2600009254,Santo André,-7.219444,-36.632777,43,1,3,19:9,,1.96
2600009255,Gurjão,-7.259444,-36.355555,52,1,1,18:16,,0.01
2600009256,Santo André,-7.240833,-36.6,50,1,1,18:9,,0.22
2600009257,Santo André,-7.185555,-36.577777,44.5,1,5,20:10,,0.17
2600009258,Gurjão,-7.195277,-36.546111,50,1,1,20:11,Equipado,0.01
2600009259,Caraúbas,-7.867222,-36.460555,51,1,2,3:13,,0.26
2600009260,Caraúbas,-7.896388,-36.501111,50,1,1,2:12,,0.26
2600009261,São João do Cariri,-7.628056,-36.546667,51,1,4,9:11,,0.01
2600009262,Caraúbas,-7.845277,-36.560555,50,1,5,3:10,,0.09
2600009263,Caraúbas,-7.7275,-36.495833,51,1,1,6:12,,0.05
2600009264,Monteiro,-7.883888,-36.964444,50,1,3,2:0,Equipado,0.4
2600009265,Cacimba de Dentro,-6.628333,-35.788055,42,1,5,34:30,,0.14
2600009266,Barra de Santa Rosa,-6.745,-36.139722,42,1,2,31:21,,3.2
2600009267,Barra de Santa Rosa,-6.721111,-36.060277,48,1,1,31:23,,0.02
2600009269,Solânea,-6.753055,-35.796388,60,1,4,31:30,,0.09
2600009270,Dona Inês,-6.608055,-35.619722,52,1,1,34:34,,0.01
2600009271,Cacimba de Dentro,-6.603055,-35.809722,47,1,2,34:29,,0.32
2600009272,Araruna,-6.4525,-35.655,52,1,2,38:33,,0.01
2600009273,Cacimba de Dentro,-6.628055,-35.788055,52,1,5,34:30,,0.58
2600009274,Cacimba de Dentro,-6.628333,-35.788333,50,0,5,34:30,Seco,
2600009275,Tacima,-6.494444,-35.569444,50,1,4,37:35,,0.11
2600009276,Tacima,-6.486388,-35.638888,50,1,4,37:34,,0.08
2600009277,Araruna,-6.451388,-35.655555,55,1,2,38:33,,0.13
2600009278,Cacimba de Dentro,-6.603055,-35.809722,60,0,2,34:29,Seco,
2600009279,Cacimba de Dentro,-6.603055,-35.809722,50,1,2,34:29,,0.1
2600009280,Cacimba de Dentro,-6.602777,-35.809444,50,0,2,34:29,Seco,
2600009281,Cacimba de Dentro,-6.603055,-35.809722,41,1,2,34:29,,1.92
2600009282,Cacimba de Dentro,-6.628888,-35.787777,50,1,5,34:30,,0.05
2600009283,Arara,-6.828055,-35.749722,50,1,2,29:31,,0.02
2600009284,Barra de Santa Rosa,-6.72,-36.058888,50,1,1,32:23,,0.01
2600009285,Barra de Santa Rosa,-6.719444,-36.058888,48,1,1,32:23,,0.04
2600009286,Barra de Santa Rosa,-6.719444,-36.058888,50,1,1,32:23,,0.03
2600009287,Barra de Santa Rosa,-6.719722,-36.058888,52,0,1,32:23,Seco,
2600009288,Tacima,-6.486944,-35.64,42,1,2,37:33,,1.69
2600009289,Taperoá,-7.186388,-36.736111,70,1,1,20:6,Equipado,0.01
2600009290,Quixaba,-7.025277,-37.088055,60,1,1,24:-3,Equipado,0.01
2600009291,Joca Claudino,-6.500555,-38.481666,70,0,3,37:-38,Seco,
2600009292,Santa Luzia,-6.907222,-36.936388,60,1,3,27:1,,0.09
2600009293,Olho d'Água,-7.261111,-37.788888,50,1,4,18:-20,,2.17
2600009294,Serra Branca,-7.484444,-36.662222,70,0,3,12:8,Seco,
2600009295,Olivedos,-6.921666,-36.248888,50,0,4,26:18,Seco,
2600009297,Monteiro,-7.884444,-37.113333,64,1,5,2:-3,Obstruído,0.04
2600009298,Monteiro,-7.845,-37.193333,27,1,5,3:-5,Equipado,16.54
2600009300,Soledade,-7.008611,-36.456944,48,1,3,24:13,,0.04
2600009301,Monteiro,-7.953611,-37.212777,45,1,5,1:-6,,0.2
2600009302,Sumé,-7.768888,-36.956944,50,1,1,5:1,,0.04
2600009303,Barra de São Miguel,-7.663055,-36.307777,39,1,4,8:17,,0.36
2600009304,São João do Cariri,-7.582777,-36.457777,50,1,2,10:13,,0.09
2600009305,Soledade,-7.170555,-36.416388,69,1,2,20:14,,0.01
2600009306,Congo,-7.785833,-36.724444,48,1,3,5:6,,0.15
2600009307,Pocinhos,-7.076944,-36.058055,51,0,5,23:23,Seco,
2600009308,São José dos Cordeiros,-7.445277,-36.930277,52,1,2,13:1,,0.05
2600009309,Olivedos,-6.923055,-36.203888,43,1,4,26:19,,0.03
2600009310,Olivedos,-6.9875,-36.255555,70,1,3,25:18,,0.01
2600009311,Soledade,-7.180277,-36.460833,50,1,5,20:13,,0.07
2600009312,Pocinhos,-7.088888,-36.115277,62,0,1,22:22,Seco,
2600009313,Soledade,-7.1275,-36.258888,69,0,3,21:18,Seco,
2600009314,Olivedos,-6.949722,-36.253888,70,0,4,26:18,Seco,
2600009315,Congo,-7.783055,-36.595,59,1,4,5:10,,0.04
2600009316,Congo,-7.860277,-36.638611,52,1,1,3:9,,0.02
2600009317,Congo,-7.8675,-36.657777,50,1,5,3:8,,0.06
2600009318,Cabaceiras,-7.4875,-36.426666,55,1,4,12:14,,0.09
2600009319,Cajazeiras,-6.890555,-38.560833,70,0,1,27:-40,Seco,
2600009320,Monteiro,-7.884166,-37.076944,62,0,3,2:-2,Seco,
2600009321,Catingueira,-7.022777,-37.650833,52,1,5,24:-17,,0.83
2600009322,Monteiro,-7.883333,-37.076111,60,0,3,2:-2,Seco,
2600009323,São José do Bonfim,-7.162777,-37.309166,60,1,3,20:-8,,0.04
2600009324,São Sebastião do Umbuzeiro,-8.157777,-37.007222,48,1,5,-4:-1,Equipado,0.03
2600009325,São João do Tigre,-8.022777,-36.711944,48,1,4,-1:7,Parado,0.003
2600009326,Monteiro,-7.890833,-37.122222,48,1,3,2:-4,,0.02
2600009327,Camalaú,-7.8875,-36.823055,48,1,1,2:4,,0.01
2600009328,Aroeiras,-7.544722,-35.704166,70,0,4,11:32,Seco,
2600009329,Umbuzeiro,-7.678055,-35.773333,70.45,0,5,8:30,Seco,
2600009330,Uiraúna,-6.519444,-38.411944,60,1,1,37:-36,,0.01
2600009331,Uiraúna,-6.519166,-38.411388,60,1,1,37:-36,,0.02
2600009332,Cajazeiras,-7.02,-38.623333,55,1,1,24:-41,Equipado,0.06
2600009333,Pedra Lavrada,-6.761944,-36.276944,65,1,4,30:18,Equipado,0.01
2600009334,Cajazeiras,-6.857222,-38.475,70,1,3,28:-37,Equipado,0.004
2600009335,São José de Piranhas,-7.130278,-38.468056,60,1,5,21:-37,Parado,0.02
2600009336,Pedra Lavrada,-6.785833,-36.266111,70,1,4,30:18,Equipado,0.02
2600009337,Pedra Lavrada,-6.744444,-36.371944,72,0,1,31:15,Seco,
2600009339,Pocinhos,-7.076111,-36.058055,70,1,5,23:23,Equipado,0.01
2600009340,Pedra Lavrada,-6.755833,-36.471388,68,0,3,31:13,Seco,
2600009341,Pedra Lavrada,-6.785,-36.365555,70,1,1,30:15,Equipado,0.01
2600009342,Pocinhos,-6.996944,-36.126388,70,1,3,25:21,Equipado,0.004
2600009343,Junco do Seridó,-6.996666,-36.7125,50,1,5,25:7,,0.31
2600009344,Vieirópolis,-6.520833,-38.223888,70,1,3,36:-31,Obstruído,0.01
2600009345,Piancó,-7.292222,-37.953611,50,1,4,17:-24,,0.13
2600009346,Monte Horebe,-7.215277,-38.585833,60,1,4,19:-40,Equipado,0.01
2600009347,Catingueira,-7.126666,-37.608055,60,1,1,21:-16,,0.08
2600009349,Catingueira,-7.126111,-37.608333,50,1,1,21:-16,,1.04
2600009350,Junco do Seridó,-6.996111,-36.712222,60,1,5,25:7,Equipado,0.12
2600009351,Ingá,-7.293333,-35.608333,60,1,4,17:34,,0.28
2600009352,Santa Teresinha,-7.053888,-37.438055,50,1,4,23:-11,,0.08
2600009353,Santa Teresinha,-7.058611,-37.496944,60,1,4,23:-13,,0.21
2600009354,Patos,-6.981388,-37.429166,43,1,1,25:-11,,0.02
2600009355,Patos,-6.965833,-37.365,39,1,2,25:-10,,4.04
2600009356,Patos,-6.985555,-37.294444,49,0,3,25:-8,Seco,
2600009357,Patos,-7.025277,-37.278888,42,1,2,24:-7,,0.73
2600009358,Patos,-7.026111,-37.279722,50,0,2,24:-7,Seco,
2600009359,Patos,-6.953055,-37.249166,40,1,3,26:-7,Parado,0.13
2600009360,Patos,-6.918055,-37.443055,50,1,1,27:-12,,0.06
2600009361,São José do Bonfim,-7.0875,-37.289444,50,1,4,22:-8,,0.02
2600009362,Patos,-6.948333,-37.421388,40,1,2,26:-11,,0.13
2600009363,Patos,-6.949166,-37.259722,41,1,3,26:-7,Equipado,0.11
2600009365,Campina Grande,-7.228055,-35.897222,48.5,1,3,19:27,,0.02
2600009366,Campina Grande,-7.226666,-35.895833,50,0,3,19:27,Seco,
2600009367,Campina Grande,-7.227222,-35.896111,50,1,3,19:27,,0.01
2600009368,Campina Grande,-7.200833,-36.0575,50,1,2,19:23,,0.01
2600009370,Campina Grande,-7.226388,-35.895555,50,1,3,19:27,,0.01
2600009371,Boa Vista,-7.223056,-36.138889,50,1,5,19:21,,0.06
2600009372,Boa Vista,-7.301388,-36.283055,48,1,2,17:17,,0.24
2600009373,Boa Vista,-7.313611,-36.328055,50,1,3,17:16,,0.04
2600009374,Boa Vista,-7.260555,-36.240555,50,0,4,18:18,Seco,
2600009375,Pocinhos,-7.079166,-36.060277,50,1,5,23:23,,0.03
2600009376,Sumé,-7.666388,-36.896666,50,0,1,8:2,Seco,
2600009377,Sumé,-7.665555,-36.895833,50,1,1,8:2,,0.01
2600009378,Sumé,-7.665833,-36.896388,50,1,1,8:2,,0.02
2600009379,Alagoa Grande,-7.038055,-35.644722,50,1,4,24:33,,0.005
2600009380,Alagoa Grande,-7.038888,-35.645555,50,1,4,24:33,,0.01
2600009381,Monteiro,-7.791388,-37.088888,50,0,5,5:-3,Seco,
2600009382,Monteiro,-7.83,-37.158888,40,1,2,4:-4,,0.52
2600009383,Areial,-7.060833,-35.928333,50,0,1,23:26,Seco,
2600009384,Boa Vista,-7.310277,-36.242222,50,0,1,17:18,Seco,
2600009385,Cabaceiras,-7.369166,-36.246388,45,1,3,15:18,,1.95
2600009386,Campina Grande,-7.252778,-35.9025,50,1,3,18:27,,0.01
2600009387,Boa Vista,-7.2625,-36.244166,40,1,4,18:18,,0.57
2600009388,Fagundes,-7.346111,-35.825555,50,1,2,16:29,,0.29
2600009389,Pocinhos,-7.076111,-36.06,50,0,5,23:23,Seco,
2600009390,Soledade,-7.144166,-36.290833,48,1,5,21:17,Equipado,0.1
2600009391,Soledade,-7.1525,-36.309166,50,1,5,21:17,,0.02
2600009392,Queimadas,-7.494444,-35.917222,45,1,2,12:27,,1.76
2600009393,Queimadas,-7.363333,-35.976111,48,1,4,15:25,,0.88
2600009394,Ibiara,-7.507222,-38.355555,54,0,3,12:-34,Seco,
2600009395,Conceição,-7.558055,-38.505277,61,1,2,11:-38,,0.04
2600009396,Cabaceiras,-7.351944,-36.153889,51,1,1,16:21,,0.29
2600009398,Itaporanga,-7.381111,-38.148055,58,0,5,15:-29,Seco,
2600009399,Itaporanga,-7.363333,-38.251388,45,1,2,15:-32,,1.54
2600009400,Santa Teresinha,-7.028333,-37.438055,61,1,4,24:-11,Equipado,0.2
2600009402,Ibiara,-7.505,-38.401388,54,1,2,12:-36,Equipado,0.21
2600009403,Ibiara,-7.508333,-38.356388,60,0,3,12:-34,Seco,
2600009404,Nova Olinda,-7.489444,-37.989444,60,1,5,12:-25,,0.09
2600009405,Nova Olinda,-7.4625,-38.039166,41,1,4,13:-26,,2.44
2600009406,Olho d'Água,-7.308055,-37.838333,60,1,5,17:-21,,0.11
2600009407,Piancó,-7.270833,-38.035277,61,1,3,18:-26,,0.04
2600009408,Santa Teresinha,-7.085555,-37.445277,61,1,2,22:-12,,0.57
2600009409,São Mamede,-7.000277,-37.135,60,1,3,24:-4,,0.03
2600009410,Santana dos Garrotes,-7.471388,-37.966666,60,1,3,13:-25,,0.25
2600009411,Santana dos Garrotes,-7.371944,-38.0375,61,1,4,15:-26,,0.18
2600009413,Patos,-6.952222,-37.392222,48,1,1,26:-10,,0.44
2600009414,Patos,-7.016944,-37.279722,65,0,2,24:-7,Seco,
2600009415,Piancó,-7.208888,-37.925555,61,1,2,19:-24,,0.06
2600009417,São Vicente do Seridó,-6.856666,-36.410555,43,1,3,28:14,Equipado,0.39
2600009418,São Vicente do Seridó,-6.960555,-36.388055,60,0,2,25:15,Seco,
2600009419,Ibiara,-7.502777,-38.405277,60,0,2,12:-36,Seco,
2600009420,Quixaba,-7.036111,-37.078888,60,1,4,24:-2,,0.02
2600009421,Malta,-6.891388,-37.560833,56,1,5,27:-15,,0.05
2600009422,Malta,-6.904444,-37.5675,71,0,5,27:-15,Seco,
2600009423,Malta,-6.899722,-37.553888,61,1,4,27:-14,,0.24
2600009424,Malta,-6.9525,-37.475555,61,1,1,26:-12,,0.05
2600009425,Patos,-7.024722,-37.279722,61,1,2,24:-7,,0.06
2600009426,Patos,-7.021944,-37.279722,61,1,2,24:-7,,1.58
2600009428,São Domingos do Cariri,-7.627777,-36.380555,45,1,5,9:15,,0.56
2600009429,Queimadas,-7.360555,-35.8975,35,1,4,15:27,,5.02
2600009430,Pocinhos,-7.168056,-36.036944,50,1,1,20:24,,0.03
2600009431,Pocinhos,-7.193055,-36.209722,49,1,2,20:19,,0.01
2600009432,Barra de São Miguel,-7.595277,-36.2975,51,1,3,10:17,,0.01
2600009433,Queimadas,-7.364444,-35.898055,50,1,4,15:27,Equipado,0.02
2600009434,Queimadas,-7.362777,-35.897777,50,1,4,15:27,,0.26
2600009435,Queimadas,-7.361666,-35.897777,48,1,4,15:27,,0.03
2600009436,Pocinhos,-7.168056,-36.04,60,0,1,20:24,Seco,
2600009437,Congo,-7.889166,-36.623055,55,1,1,2:9,,0.03
2600009438,Congo,-7.874722,-36.626388,42,1,1,3:9,,0.59
2600009439,Uiraúna,-6.523333,-38.411111,65,1,3,36:-36,Equipado,0.004
2600009440,Uiraúna,-6.519722,-38.411666,45,1,1,37:-36,,0.22
2600009441,Uiraúna,-6.522222,-38.411666,60,1,3,36:-36,,0.04
2600009442,Nazarezinho,-6.940277,-38.296944,60,1,3,26:-33,Equipado,0.04
2600009443,Cajazeiras,-6.888888,-38.560555,70,0,1,27:-40,Seco,
2600009444,Joca Claudino,-6.485277,-38.486944,62,1,3,37:-38,Equipado,0.01
2600009445,Cajazeiras,-6.905,-38.456666,65,1,4,27:-37,Equipado,0.02
2600009446,Uiraúna,-6.522222,-38.411944,50,1,3,36:-36,,0.05
2600009447,Cajazeiras,-6.8875,-38.561944,70,1,1,27:-40,,0.005
2600009448,Cajazeiras,-6.8925,-38.563611,66,1,1,27:-40,Equipado,0.01
2600009449,Cajazeiras,-6.890555,-38.562777,62,1,1,27:-40,,0.11
2600009450,Uiraúna,-6.522222,-38.411666,50,1,3,36:-36,,0.03
2600009451,Cajazeiras,-6.888888,-38.560555,68.5,1,1,27:-40,Equipado,0.01
2600009452,Cajazeiras,-6.825555,-38.470555,46,1,1,29:-37,,0.16
2600009453,Pedra Lavrada,-6.736388,-36.325,68,1,5,31:16,,0.02
2600009454,Piancó,-7.2,-37.929444,45.5,1,2,19:-24,Equipado,0.06
2600009455,Olho d'Água,-7.348888,-37.834722,50,1,1,16:-21,,0.23
2600009456,Araçagi,-6.851388,-35.379166,55,1,2,28:40,,0.09
2600009613,Congo,-7.795277,-36.662222,50,1,1,5:8,Equipado,0.11
2600009614,Congo,-7.880277,-36.641388,21,1,5,2:8,Equipado,0.72
2600009615,Congo,-7.700833,-36.674444,30,1,5,7:8,Equipado,1.86
2600009616,Camalaú,-7.89,-36.824722,30,1,1,2:4,Não instalado,0.2
2600009617,Umbuzeiro,-7.695833,-35.663333,30,1,3,7:33,Equipado,0.25
2600009618,Cabaceiras,-7.49,-36.294166,30,1,3,12:17,Equipado,0.39
2600009619,Monteiro,-7.965833,-37.1825,50,1,2,0:-5,Equipado,0.017
2600009620,Monteiro,-7.969444,-37.138611,59,1,3,0:-4,Equipado,0.003
2600009621,Monteiro,-8.003055,-37.035,42,1,5,-1:-1,Equipado,0.03
2600009623,Camalaú,-7.900833,-36.646111,34,1,5,2:8,Equipado,0.09
2600009625,São José dos Cordeiros,-7.398888,-36.799444,30,1,5,15:5,Equipado,0.172
2600009626,Parari,-7.330278,-36.756111,30,1,3,16:6,Equipado,1.993
2600009627,Sumé,-7.545556,-36.978056,50,1,4,11:0,Equipado,0.157
2600009628,Sumé,-7.542777,-36.956666,43,1,2,11:1,,0.05
2600009629,Sumé,-7.542777,-36.956666,50,1,2,11:1,,0.05
2600009630,Amparo,-7.567777,-37.062777,43,1,1,10:-2,Equipado,0.396
2600009631,Amparo,-7.504166,-37.024444,50,1,5,12:-1,Equipado,0.011
2600009632,Amparo,-7.520555,-37.030555,100,1,5,11:-1,Equipado,0.001
2600009633,Sumé,-7.518888,-36.975,42,1,2,12:0,Equipado,0.091
2600009634,Sumé,-7.553888,-36.886388,60,0,1,11:2,Seco,
2600009635,Sumé,-7.585833,-36.969722,48,1,3,10:0,Equipado,0.08
2600009636,Amparo,-7.513333,-37.015277,48,1,5,12:-1,Equipado,0.058
2600009637,Amparo,-7.549444,-37.007777,50,1,5,11:-1,Equipado,0.012
2600009638,Prata,-7.695833,-37.130555,60,1,1,7:-4,Equipado,0.003
2600009639,Monteiro,-7.798888,-37.133055,80,1,5,5:-4,Abandonado,0.004
2600009640,Amparo,-7.621666,-36.991944,20,1,1,9:0,Equipado,0.67
2600009641,Monteiro,-7.8125,-37.147222,49,1,2,4:-4,Equipado,0.005
2600009642,Prata,-7.676666,-37.145833,50,1,1,8:-4,Equipado,0.021
2600009643,Prata,-7.739722,-37.1275,20,1,5,6:-4,Equipado,4
2600009644,Monteiro,-7.818055,-37.165277,60,1,2,4:-5,Equipado,0.204
2600009645,Monteiro,-7.826666,-37.185555,60,1,2,4:-5,Equipado,0.403
2600009646,Monteiro,-7.843055,-37.175833,55,1,5,3:-5,Equipado,0.03
2600009647,Monteiro,-7.948888,-37.280833,41,1,2,1:-8,Equipado,0.01
2600009648,Sumé,-7.693333,-36.990833,49,1,2,7:0,Equipado,0.563
2600009649,Monteiro,-7.921944,-37.285277,70,1,2,1:-8,Equipado,0.03
2600009650,Monteiro,-7.869444,-37.105277,70,1,2,3:-3,Equipado,0.013
2600009651,Monteiro,-7.918888,-37.262777,70,1,4,2:-7,Equipado,0.02
2600009652,Monteiro,-7.856111,-37.024722,70,1,2,3:-1,Equipado,0.029
2600009653,Monteiro,-7.923611,-37.208055,70,1,5,1:-6,Equipado,0.22
2600009654,Sumé,-7.828333,-36.958333,25,1,1,4:1,Obstruído,0.468
2600009655,Monteiro,-7.934722,-37.194444,50,1,4,1:-5,Parado,0.044
2600009656,Monteiro,-7.841111,-36.985,65,1,4,3:0,Equipado,0.01
2600009657,Monteiro,-7.922222,-37.162777,47,1,4,1:-5,Equipado,0.541
2600009658,Monteiro,-7.821388,-37.025555,50,1,2,4:-1,Equipado,1.467
2600009659,Monteiro,-7.9175,-37.185555,50,1,1,2:-5,Equipado,0.17
2600009660,Monteiro,-7.897777,-37.183055,50,1,1,2:-5,Equipado,0.149
2600009661,Monteiro,-7.856666,-37.131111,60,1,4,3:-4,Equipado,0.004
2600009662,Monteiro,-7.878055,-37.183055,60,1,5,3:-5,Equipado,0.017
2600009663,São José dos Cordeiros,-7.382222,-36.771944,50,0,5,15:5,Seco,
2600009665,Desterro,-7.289444,-37.091388,50,1,5,17:-3,,0.06
2600009666,Assunção,-7.073611,-36.732222,50,1,3,23:6,,0.05
2600009667,Juazeirinho,-7.175,-36.520277,50,1,1,20:11,,0.01
2600009668,Parari,-7.326666,-36.613888,40,1,4,16:9,,0.92
2600009669,Santo André,-7.215,-36.625833,40,1,3,19:9,,0.24
2600009670,São João do Cariri,-7.310833,-36.4,47,1,1,17:15,Equipado,0.23
2600009671,Serra Branca,-7.423889,-36.715,50,1,3,14:7,,0.003
2600009672,Taperoá,-7.282777,-36.748055,50,1,2,17:6,,0.01
2600009673,Parari,-7.308333,-36.690277,40,1,4,17:7,,0.39
2600009674,Serra Branca,-7.423889,-36.713889,50,1,3,14:7,,0.003
2600009675,São José dos Cordeiros,-7.45,-36.808888,50,1,3,13:4,,0.01
2600009676,Livramento,-7.333333,-36.766388,50,1,4,16:5,,0.02
2600009677,São José dos Cordeiros,-7.391666,-36.750555,42,1,4,15:6,,0.12
2600009678,Taperoá,-7.224166,-36.791666,36,1,1,19:5,,0.052
2600009679,São José dos Cordeiros,-7.383611,-36.850555,50,1,1,15:3,,0.012
2600009680,Taperoá,-7.184444,-36.800555,50,1,3,20:4,,0.74
2600009681,Livramento,-7.35,-36.933611,40,1,4,16:1,,0.02
2600009683,Taperoá,-7.2675,-36.908333,33,1,5,18:2,,0.13
2600009684,Teixeira,-7.213888,-37.266944,60,1,3,19:-7,,0.01
2600009685,Conceição,-7.558055,-38.505277,30,1,2,11:-38,,9
2600009686,Bayeux,-7.124722,-34.932222,206,1,2,21:51,,2.31
2600009687,Bayeux,-7.123888,-34.932222,224,1,2,21:51,,3.4
2600009688,Sapé,-7.096388,-35.236111,60,1,1,22:44,,0.154
2600009690,Uiraúna,-6.520833,-38.411944,62,1,3,36:-36,,0.566
2600009691,Emas,-7.108888,-37.715833,50,1,4,22:-18,,0.41
2600009692,Santa Rita,-7.123611,-34.979166,185,1,4,21:50,,2.33
2600009693,Santa Cruz,-6.533611,-38.062777,41.6,1,5,36:-27,,1.209
2600009694,Bom Sucesso,-6.446388,-37.929166,38,1,4,38:-24,,0.027
2600009696,Brejo do Cruz,-6.348611,-37.500833,54,1,3,41:-13,,1.35
2600009697,Uiraúna,-6.521388,-38.411944,135,1,3,36:-36,,2.941
2600009698,Desterro,-7.308888,-37.136666,51,1,1,17:-4,Equipado,0.066
2600009699,São João do Rio do Peixe,-6.843333,-38.391666,60,1,4,28:-35,,0.784
2600009701,Lastro,-6.516944,-38.180277,45,1,4,37:-30,Equipado,0.21
2600009702,Rio Tinto,-6.807222,-35.080833,115,1,1,29:47,,1.24
2600009703,Boqueirão,-7.491944,-36.056111,60,1,2,12:23,,0.45
2600009704,Cacimbas,-7.218055,-37.152222,60,1,4,19:-4,,0.002
2600009705,Olho d'Água,-7.228333,-37.75,50,1,2,19:-19,,0.013
2600009706,Rio Tinto,-6.808055,-35.080833,100,1,1,29:47,,4.66
2600009707,São José da Lagoa Tapada,-6.9425,-38.1625,40,1,5,26:-30,,0.05
2600009708,Cacimbas,-7.211388,-37.06,60,1,1,19:-2,,0.012
2600009710,Carrapateira,-7.037777,-38.343333,46,1,3,24:-34,,0.321
2600009711,Desterro,-7.260555,-37.035,60,1,3,18:-1,Obstruído,0.056
2600009712,Rio Tinto,-6.806944,-35.080833,114,1,1,29:47,,1.29
2600009713,Juru,-7.536944,-37.818888,47,1,2,11:-21,,0.005
2600009714,Soledade,-7.184166,-36.374166,40,1,4,20:15,,0.192
2600009715,Água Branca,-7.515555,-37.640277,50,1,1,12:-17,,4.74
2600009716,Aguiar,-7.091944,-38.172222,43,1,5,22:-30,,0.184
2600009717,Juru,-7.53,-37.900555,50,1,1,11:-23,,0.539
2600009718,Tavares,-7.576944,-37.916666,46,1,4,10:-23,,0.045
2600024655,São João do Tigre,-8.084444,-36.856388,55,1,3,-3:3,Equipado,0.128
2600024666,São João do Tigre,-7.99,-36.648055,8.2,1,4,0:8,Obstruído,0.938
2600024667,São João do Tigre,-7.988888,-36.648055,8,1,4,0:8,Obstruído,19.231
2600024688,São João do Tigre,-8.180277,-36.887777,31,1,1,-5:2,Parado,0.08
2600024697,Camalaú,-8.012222,-36.87,15,1,1,-1:3,Parado,2.182
2600024702,Camalaú,-7.901666,-36.748055,38,1,5,2:6,Equipado,0.105
2600024703,Camalaú,-7.912777,-36.744444,30,1,5,2:6,Equipado,0.222
2600024706,São João do Tigre,-7.979166,-36.694166,50,1,4,0:7,Equipado,0.013
2600024708,Camalaú,-7.876388,-36.721111,50,1,1,3:6,Equipado,0.4
2600024709,Camalaú,-7.876388,-36.695833,30,1,5,3:7,Equipado,0.115
2600024710,Congo,-7.908611,-36.606111,48,1,1,2:9,Parado,0.102
2600024713,Camalaú,-7.843611,-36.775277,40,1,3,3:5,Equipado,0.133
2600024716,Camalaú,-7.869722,-36.798055,50,1,3,3:5,Equipado,0.115
2600024719,Sumé,-7.833055,-36.82,48,1,4,4:4,Equipado,0.045
2600024720,Camalaú,-7.859166,-36.817222,40,1,2,3:4,Equipado,0.633
2600024723,Camalaú,-7.944166,-36.764166,50,1,5,1:5,Equipado,0.018
2600024726,Camalaú,-7.936666,-36.923333,45,1,2,1:1,Equipado,0.051
2600024730,Camalaú,-7.911944,-36.883333,30,1,1,2:2,Equipado,0.304
2600024734,Camalaú,-7.951944,-36.887777,48,1,1,1:2,Equipado,0.026
2600024740,Camalaú,-7.958333,-36.8525,22,1,3,1:3,Equipado,0.1
2600024755,Camalaú,-7.887777,-36.893611,24,1,1,2:2,Equipado,0.4
2600024759,Camalaú,-7.860277,-36.909444,50,1,5,3:2,Equipado,0.375
2600024761,Camalaú,-7.834722,-36.861111,20,1,3,4:3,Equipado,1.25
2600024762,Camalaú,-7.839722,-36.890555,40,1,3,4:2,Equipado,0.235
2600024768,Camalaú,-7.913611,-36.828055,50,1,1,2:4,Equipado,0.026
2600024769,Camalaú,-7.956388,-36.818611,36,1,1,1:4,Abandonado,0.081
2600024778,Camalaú,-7.915555,-36.651944,50,1,5,2:8,Equipado,0.058
2600024779,Camalaú,-7.939444,-36.896388,20,1,1,1:2,Equipado,0.542
2600024780,Camalaú,-7.972777,-36.876111,40,1,5,0:3,Parado,0.035
2600024818,Gurjão,-7.249444,-36.4975,50,0,2,18:12,Seco,
2600024819,Gurjão,-7.253611,-36.5025,50,0,2,18:12,Seco,
2600024877,Sumé,-7.780555,-36.789444,22,1,4,5:5,Equipado,1.25
2600024884,Sumé,-7.735555,-36.9625,24,1,4,6:0,Equipado,0.45
2600024886,Sumé,-7.75,-36.951388,52,1,3,6:1,Equipado,0.041
2600024887,Sumé,-7.823611,-36.92,35,1,1,4:1,Parado,2
2600024890,Sumé,-7.712222,-36.920833,30,1,5,7:1,Não instalado,1.4
2600024891,Sumé,-7.698055,-36.911666,42,1,3,7:2,Equipado,0.067
2600024892,Sumé,-7.753611,-36.955555,50,1,3,6:1,Equipado,0.04
2600024897,Sumé,-7.739166,-36.871666,48,1,1,6:3,Equipado,0.079
2600024904,Sumé,-7.822777,-36.806944,45,1,4,4:4,Equipado,0.092
2600024911,Sumé,-7.723333,-36.813611,20,1,1,6:4,Equipado,0.375
2600024954,Sumé,-7.783611,-36.915833,32,1,4,5:2,Equipado,1.5
2600026224,Sertãozinho,-6.751666,-35.441111,45,0,2,31:38,Seco,
2600026225,Sertãozinho,-6.750277,-35.435555,45,0,3,31:39,Seco,
2600026238,Monteiro,-8.041944,-37.0275,38,1,2,-2:-1,Não instalado,0.04
2600026283,São Sebastião do Umbuzeiro,-8.206944,-37.055555,50,1,4,-6:-2,Equipado,0.025
2600026284,São Sebastião do Umbuzeiro,-8.208611,-37.06,43,1,4,-6:-2,Não instalado,0.021
2600026285,São Sebastião do Umbuzeiro,-8.165833,-37.059166,51,1,2,-5:-2,Parado,0.007
2600026298,São Sebastião do Umbuzeiro,-8.156388,-37.135833,50,1,3,-4:-4,Equipado,0.011
2600026302,São Sebastião do Umbuzeiro,-8.153888,-37.010833,50,1,5,-4:-1,Equipado,0.036
2600026309,São Sebastião do Umbuzeiro,-8.2625,-36.971666,20,1,2,-7:0,Abandonado,0.182
2600026311,São Sebastião do Umbuzeiro,-8.255277,-37.016666,52,1,3,-7:-1,Parado,0.154
2600026312,São Sebastião do Umbuzeiro,-8.243888,-37.013888,35,1,3,-7:-1,Equipado,0.3
2600026313,São Sebastião do Umbuzeiro,-8.243888,-36.989166,50,1,2,-7:0,Parado,0.119
2600026315,São Sebastião do Umbuzeiro,-8.222777,-37.005277,20,1,5,-6:-1,Equipado,0.182
2600026318,São Sebastião do Umbuzeiro,-8.212777,-36.9875,30,1,4,-6:0,Obstruído,0.676
2600026324,Soledade,-7.071944,-36.359444,50,1,4,23:16,Obstruído,0.047
2600026334,Soledade,-7.056944,-36.368333,42.5,1,5,23:15,Obstruído,0.545
2600026344,Soledade,-7.0625,-36.358055,30,1,4,23:16,Parado,0.667
2600026353,Soledade,-7.130555,-36.38,48,1,3,21:15,Obstruído,0.012
2600026358,Soledade,-7.145555,-36.408611,36,1,2,21:14,Equipado,0.75
2600026362,Soledade,-7.058055,-36.355,42,1,4,23:16,Obstruído,0.094
2600026363,Soledade,-7.150833,-36.395555,36,1,3,21:15,Equipado,0.75
2600026375,Gurjão,-7.213333,-36.387777,50,1,3,19:15,Equipado,0.079
2600026381,Soledade,-7.143888,-36.454722,51,1,5,21:13,Parado,1
2600026382,Soledade,-7.137222,-36.449166,50,1,5,21:13,Equipado,0.008
2600026387,Soledade,-7.066388,-36.407222,36,1,2,23:14,Parado,0.15
2600026393,Soledade,-7.173888,-36.484444,50,1,5,20:12,Parado,0.011
2600026414,Soledade,-7.066944,-36.322222,30,1,4,23:16,Obstruído,0.1
2600026415,Soledade,-7.065555,-36.323888,50,0,4,23:16,Seco,
2600026427,Soledade,-7.169444,-36.254722,50,1,2,20:18,Parado,0.138
2600026448,Soledade,-6.979166,-36.371666,16,1,2,25:15,Equipado,0.357
2600026461,São Vicente do Seridó,-6.988611,-36.443055,40,1,3,25:13,Obstruído,0.047
2600026463,Soledade,-7.000277,-36.436666,21,1,1,24:14,Equipado,0.122
2600026464,Soledade,-7.011666,-36.441111,23,1,3,24:13,Equipado,0.367
2600026476,Soledade,-7.031666,-36.473888,45,1,3,24:13,Obstruído,0.028
2600026479,Soledade,-7.118333,-36.371666,36,1,4,22:15,Obstruído,0.068
2600026537,São Mamede,-6.951944,-36.991666,30,0,2,26:0,Seco,
2600027398,Taperoá,-7.212222,-36.687777,35,1,5,19:7,Equipado,0.214
2600027399,Taperoá,-7.213888,-36.69,50,1,5,19:7,Equipado,0.057
2600027465,Várzea,-6.796111,-36.996666,31,1,5,30:0,Equipado,0.193
2600029060,São José do Sabugi,-6.830555,-36.826666,50,1,3,29:4,Equipado,0.273
2600029119,São José de Espinharas,-6.825,-37.388333,25,1,4,29:-10,Equipado,0.265
2600029285,Prata,-7.69,-37.148611,33,1,1,7:-4,Equipado,0.1
2600029734,Monteiro,-7.883888,-37.060833,30,1,3,2:-2,Equipado,0.121
2600029771,Monteiro,-7.876111,-37.167222,24,1,5,3:-5,Equipado,3.333
2600029804,Monteiro,-7.926111,-37.176666,33,1,4,1:-5,Equipado,0.667
2600029808,Monteiro,-7.907222,-37.158055,50,1,3,2:-4,Equipado,0.035
2600029815,Monteiro,-7.845277,-37.027777,42,1,2,3:-1,Equipado,0.05
2600029865,Monteiro,-7.903055,-37.099166,60,1,5,2:-3,Equipado,0.077
2600029890,Monteiro,-7.848333,-37.214166,25,0,1,3:-6,Seco,
2600029916,Monteiro,-8.010277,-37.130555,48,1,4,-1:-4,Equipado,0.059
2600029926,Monteiro,-7.956944,-37.135,42,1,5,1:-4,Equipado,1.167
2600029927,Monteiro,-7.958333,-37.139166,48,1,5,1:-4,Equipado,0.15
2600029931,Monteiro,-7.975555,-37.157222,40,1,3,0:-4,Equipado,0.578
2600029935,Monteiro,-7.986388,-37.156666,50,1,3,0:-4,Equipado,0.15
2600029939,Monteiro,-7.969444,-37.169166,22,1,2,0:-5,Parado,0.045
2600029947,Monteiro,-7.905555,-37.115833,50,1,5,2:-3,Equipado,0.094
2600029953,Monteiro,-7.889722,-37.117222,42,1,5,2:-3,Equipado,0.08
2600029958,Camalaú,-7.830555,-36.938333,30,1,1,4:1,Equipado,0.378
2600029980,Monteiro,-7.9475,-37.051111,30,1,2,1:-2,Equipado,0.267
2600029983,Monteiro,-7.981388,-37.04,36,1,4,0:-1,Equipado,0.095
2600029997,Monteiro,-8.010555,-36.953611,50,1,2,-1:1,Equipado,0.079
2600030000,Monteiro,-7.946388,-36.984166,36,1,2,1:0,Equipado,0.6
2600030002,Monteiro,-7.959444,-37.018611,33,1,1,1:-1,Equipado,0.114
2600030004,Monteiro,-7.960833,-37.036666,18,1,4,0:-1,Equipado,0.5
2600030450,Belém do Brejo do Cruz,-6.117777,-37.373055,50,1,4,47:-10,Equipado,0.333
2600030451,Belém do Brejo do Cruz,-6.116944,-37.372222,50,1,4,47:-10,Equipado,0.329
2600030466,Mãe d'Água,-7.216666,-37.400555,45,0,4,19:-11,Seco,
2600030511,Monteiro,-7.874166,-36.987777,40,1,4,3:0,Equipado,0.476
2600030513,Monteiro,-7.854444,-37.024722,40,1,2,3:-1,Parado,0.325
2600030523,Monteiro,-7.894166,-37.042777,51,1,3,2:-2,Equipado,0.022
2600030538,Monteiro,-8.016666,-37.090555,48,1,5,-1:-3,Equipado,0.5
2600030561,Monteiro,-7.930833,-37.019166,30,1,1,1:-1,Equipado,0.686
2600030564,Monteiro,-7.960277,-37.065833,32,1,1,0:-2,Equipado,0.242
2600030565,Monteiro,-7.96,-37.064722,40,1,2,1:-2,Equipado,0.545
2600030569,Monteiro,-7.904444,-37.066666,50,1,3,2:-2,Equipado,0.009
2600030571,Monteiro,-7.923333,-36.968888,30,1,2,1:0,Equipado,2
2600030793,Cacimba de Areia,-7.136944,-37.147222,60,0,1,21:-4,Seco,
2600030796,Cacimba de Areia,-7.11,-37.103055,50,0,1,22:-3,Seco,
2600030841,Juazeirinho,-7.031944,-36.569166,50,0,1,24:10,Seco,
2600030862,Juazeirinho,-7.001944,-36.517777,45,0,5,24:12,Seco,
2600030878,Juazeirinho,-7.125,-36.541666,50,0,3,21:11,Seco,
2600030899,Juazeirinho,-7.122777,-36.581388,60,0,3,21:10,Seco,
2600030922,Emas,-7.1575,-37.739166,18,0,2,21:-19,Seco,
2600030964,Catolé do Rocha,-6.238611,-37.701388,7,0,5,44:-18,Seco,
2600030982,Catolé do Rocha,-6.236111,-37.687777,25,1,5,44:-18,Equipado,0.176
2600030994,Catolé do Rocha,-6.208333,-37.698333,40,1,5,44:-18,Equipado,0.029
2600031300,Nova Palmeira,-6.680277,-36.441111,50,0,4,32:13,Seco,
2600031318,Lastro,-6.503611,-38.1525,50,0,5,37:-29,Seco,
2600031322,Lastro,-6.498611,-38.209444,6,0,4,37:-31,Seco,
2600031469,Pedra Lavrada,-6.776388,-36.450555,50,1,4,30:13,Equipado,0.092
2600031474,Pedra Lavrada,-6.752777,-36.455277,50,1,3,31:13,Parado,0.024
2600031526,Conceição,-7.551666,-38.45,50,0,5,11:-37,Seco,
2600031527,Conceição,-7.552777,-38.455277,36,1,5,11:-37,Equipado,0.115
2600031530,Conceição,-7.548333,-38.462777,35,0,5,11:-37,Seco,
2600031588,Conceição,-7.514722,-38.505833,16,0,1,12:-38,Seco,
2600031612,Santa Helena,-6.724722,-38.643055,27,0,1,31:-42,Seco,
2600031671,Santa Helena,-6.704166,-38.6,54,1,2,32:-41,Equipado,0.078
2600031711,Santa Helena,-6.725833,-38.642777,30,0,1,31:-42,Seco,
2600031725,Santa Helena,-6.793888,-38.541388,60,0,5,30:-39,Seco,
2600031758,Santa Helena,-6.758611,-38.520277,34,1,4,31:-39,Não instalado,0.2
2600031786,São José de Piranhas,-7.118333,-38.501388,45,0,4,22:-38,Seco,
2600031802,São José de Piranhas,-7.123888,-38.468333,40,0,5,21:-37,Seco,
2600031810,São José de Piranhas,-7.1225,-38.485555,52,0,1,21:-38,Seco,
2600031880,São José de Piranhas,-7.013888,-38.397222,50,0,5,24:-35,Seco,
2600031919,Picuí,-6.597222,-36.288888,50,0,4,35:17,Seco,
2600031921,Picuí,-6.596111,-36.344166,50,0,5,35:16,Seco,
2600031947,Picuí,-6.524444,-36.306944,50,0,4,36:17,Seco,
2600031948,Picuí,-6.524722,-36.306388,50,0,4,36:17,Seco,
2600031972,Picuí,-6.567222,-36.304444,60,0,4,35:17,Seco,
2600032037,Nazarezinho,-6.947777,-38.283611,50,0,3,26:-33,Seco,
2600032040,Nazarezinho,-6.953888,-38.286388,48,0,3,26:-33,Seco,
2600032076,Nazarezinho,-6.93,-38.339444,19.5,1,5,26:-34,Equipado,1.5
2600032264,Assunção,-7.045555,-36.730833,18,1,3,23:6,Parado,0.071
2600032265,Assunção,-7.045833,-36.731111,30,1,3,23:6,Parado,0.1
2600032271,Assunção,-7.053888,-36.697222,50,0,5,23:7,Seco,
2600032273,Joca Claudino,-6.458333,-38.458055,46.7,0,4,38:-37,Seco,
2600032279,Joca Claudino,-6.446388,-38.479722,47.61,0,4,38:-37,Seco,
2600032281,Joca Claudino,-6.448888,-38.48,51.86,0,4,38:-37,Seco,
2600032291,Pombal,-6.793055,-37.668333,70,0,2,30:-17,Seco,
2600032391,São José de Caiana,-7.325555,-38.410833,53,0,2,16:-36,Seco,
2600032546,Aparecida,-6.815277,-38.119722,45,1,1,29:-28,Equipado,0.167
2600032685,Monteiro,-7.974166,-36.955555,32,1,1,0:1,Equipado,2.286
2600032764,São Domingos,-6.845,-37.929444,50,0,5,28:-24,Seco,
2600032769,São Domingos,-6.794722,-37.903333,37,0,1,30:-23,Seco,
2600032773,São Domingos,-6.821111,-37.891388,50,0,3,29:-23,Seco,
2600032778,São Domingos,-6.792222,-38.000277,37,1,4,30:-26,Equipado,0.116
2600032825,Santa Teresinha,-7.035555,-37.406944,30,0,4,24:-11,Seco,
2600032826,Santa Teresinha,-7.035,-37.4075,35,0,4,24:-11,Seco,
2600032827,Santa Teresinha,-7.035,-37.408888,40,0,4,24:-11,Seco,
2600032953,Baraúna,-6.63,-36.246111,50,0,3,34:18,Seco,
2600032970,Sousa,-6.689166,-38.335833,47,1,2,32:-34,Equipado,0.215
2600033219,Sousa,-6.7,-38.321944,42,1,2,32:-34,Equipado,1
2600033245,Sousa,-6.713055,-38.311111,36,1,3,32:-33,Equipado,0.8
2600033265,Sousa,-6.698888,-38.2875,50,0,3,32:-33,Seco,
2600033297,Livramento,-7.343055,-36.957222,36,1,4,16:1,Equipado,0.029
2600033298,Livramento,-7.344166,-36.994444,40,1,4,16:0,Equipado,0.022
2600033299,Livramento,-7.3375,-37.006111,36,1,1,16:-1,Equipado,0.12
2600033300,Livramento,-7.323333,-37.001944,44,1,1,16:-1,Equipado,0.015
2600033301,Livramento,-7.318888,-37.005833,40,1,1,17:-1,Equipado,0.017
2600033303,Livramento,-7.333055,-37.032222,36,1,1,16:-1,Equipado,0.011
2600033306,Taperoá,-7.285,-36.931666,34,1,4,17:1,Parado,0.254
2600033307,Livramento,-7.334166,-36.957777,36,1,4,16:1,Equipado,0.011
2600033309,Livramento,-7.339722,-36.9375,46,1,4,16:1,Equipado,0.014
2600033310,Livramento,-7.356388,-36.928611,40,1,4,16:1,Equipado,0.021
2600033311,Livramento,-7.371388,-36.944166,40,1,5,15:1,Parado,0.022
2600033314,Livramento,-7.335555,-36.878888,44,1,3,16:3,Equipado,0.015
2600033317,Livramento,-7.337777,-36.843055,40,1,3,16:3,Equipado,0.039
2600033318,Livramento,-7.363333,-36.895555,30,1,4,15:2,Equipado,0.2
2600033320,Livramento,-7.383888,-37.004444,36,1,1,15:-1,Parado,0.052
2600033322,Livramento,-7.3625,-36.978333,30,1,1,15:0,Equipado,0.2
2600033444,Poço de José de Moura,-6.631111,-38.514722,50,0,1,34:-38,Seco,
2600033445,Poço de José de Moura,-6.63,-38.513888,50,0,1,34:-38,Seco,
2600033535,Igaracy,-7.113055,-38.109444,52,0,2,22:-28,Seco,
2600033570,Monte Horebe,-7.191388,-38.560555,51,1,5,20:-40,Não instalado,0.009
2600033580,São José de Piranhas,-7.169166,-38.520277,49.14,0,1,20:-39,Seco,
2600033590,Monte Horebe,-7.193333,-38.507777,51.25,0,2,20:-38,Seco,
2600033597,Monte Horebe,-7.211388,-38.565555,58.55,0,4,19:-40,Seco,
2600033598,Monte Horebe,-7.21,-38.568611,44.16,0,4,19:-40,Seco,
2600033599,Monte Horebe,-7.206944,-38.566666,49.33,0,4,19:-40,Seco,
2600033602,Monte Horebe,-7.194722,-38.614166,53.35,0,4,20:-41,Seco,
2600033607,Monte Horebe,-7.235,-38.545277,30.56,0,4,19:-39,Seco,
2600033884,Santo André,-7.197222,-36.614444,50,1,1,20:9,Parado,0.15
2600033899,Santo André,-7.243888,-36.616388,45,1,1,18:9,Equipado,0.074
2600033900,Santo André,-7.241666,-36.612777,40,1,1,18:9,Equipado,0.15
2600033907,Santo André,-7.279722,-36.645,32,1,5,18:8,Equipado,0.1
2600033911,Santo André,-7.272777,-36.629166,50,1,1,18:9,Equipado,0.024
2600033923,Santo André,-7.244444,-36.640833,50,1,5,18:8,Não instalado,0.083
2600033924,Santo André,-7.233611,-36.6425,37,1,4,19:8,Equipado,0.08
2600033932,Santa Inês,-7.630833,-38.568888,4.69,0,3,9:-40,Seco,
2600034086,Santa Luzia,-6.870833,-36.921944,38,1,5,28:1,Equipado,0.171
2600034247,Catingueira,-7.071111,-37.548611,50,1,3,23:-14,Equipado,0.1
2600034280,Uiraúna,-6.576666,-38.388055,46,0,3,35:-35,Seco,
2600034290,Uiraúna,-6.540833,-38.395833,20,0,1,36:-35,Seco,
2600034312,Uiraúna,-6.522222,-38.414722,66,1,3,36:-36,Equipado,0.036
2600034584,Cajazeiras,-6.986111,-38.576388,33,1,5,25:-40,Equipado,0.115
2600034624,Princesa Isabel,-7.635555,-38.066666,53,0,4,9:-27,Seco,
2600034650,Sousa,-6.769444,-38.322222,58,0,2,30:-34,Seco,
2600034723,Triunfo,-6.633888,-38.606111,46,0,5,34:-41,Seco,
2600034961,Cajazeirinhas,-7.004444,-37.876111,32,0,2,24:-22,Seco,
2600035027,São João do Rio do Peixe,-6.721944,-38.388611,60,0,4,31:-35,Seco,
2600035031,São João do Rio do Peixe,-6.709167,-38.375,30,0,4,32:-35,Seco,
2600035041,Sousa,-6.671111,-38.333889,20,0,3,33:-34,Seco,
2600035063,São João do Rio do Peixe,-6.816667,-38.400556,50,1,2,29:-36,Equipado,2.25
2600035066,São João do Rio do Peixe,-6.807222,-38.363611,33,0,3,29:-35,Seco,
2600035070,São João do Rio do Peixe,-6.7975,-38.370556,50,0,1,30:-35,Seco,
2600035165,Sousa,-6.825277,-38.180277,51,0,5,29:-30,Seco,
2600035173,São João do Rio do Peixe,-6.671388,-38.367777,51,0,1,33:-35,Seco,
2600035197,Triunfo,-6.519166,-38.588333,2.3,0,3,37:-40,Seco,
2600035560,Cacimbas,-7.221111,-37.039722,60,0,1,19:-1,Seco,
2600035611,Cachoeira dos Índios,-6.931667,-38.641111,7,0,3,26:-42,Seco,
2600035617,Cajazeiras,-6.806944,-38.511389,6,0,1,29:-38,Seco,
2600035622,Cajazeiras,-6.936944,-38.458056,47,0,1,26:-37,Seco,
2600035677,Piancó,-7.189167,-38.045278,51,1,3,20:-27,Equipado,0.114
2600035687,Piancó,-7.201944,-38.036111,42,1,1,19:-26,Equipado,0.12
2600035724,Puxinanã,-7.148056,-35.935556,35,0,3,21:26,Seco,
2600035764,São Sebastião de Lagoa de Roça,-7.093056,-35.860556,50,0,1,22:28,Seco,
2600035791,Alagoinha,-6.943611,-35.541667,35,0,5,26:36,Seco,
2600035800,Alagoinha,-6.935833,-35.472222,50,0,2,26:38,Seco,
2600035813,Alagoinha,-6.979722,-35.486111,37,0,5,25:37,Seco,
2600035860,Alagoa Grande,-7.037222,-35.514722,61,0,2,24:37,Seco,
2600035867,Alagoa Nova,-7.060278,-35.757222,44,0,4,23:31,Seco,
2600035873,Algodão de Jandaíra,-6.857778,-35.870278,40,1,4,28:28,Não instalado,0.462
2600035875,Remígio,-6.900556,-35.909167,30.2,1,2,27:27,Parado,0.14
2600035876,Remígio,-6.884167,-35.861944,40,0,5,27:28,Seco,
2600035877,Algodão de Jandaíra,-6.875833,-35.895278,53,1,1,28:27,Equipado,0.11
2600035878,Remígio,-6.886389,-35.863889,50,0,5,27:28,Seco,
2600035880,Remígio,-6.883889,-35.856944,50,0,5,27:28,Seco,
2600035882,Casserengue,-6.802778,-35.844722,50,0,5,29:28,Seco,
2600035884,Algodão de Jandaíra,-6.875833,-35.961111,50,0,1,28:25,Seco,
2600035885,Arara,-6.845833,-35.8075,50,0,2,28:29,Seco,
2600035889,Algodão de Jandaíra,-6.935,-35.994444,50,0,4,26:25,Seco,
2600035890,Barra de Santa Rosa,-6.851667,-35.988056,60,0,1,28:25,Seco,
2600035892,Remígio,-6.900833,-35.878889,23.2,1,5,27:28,Parado,0.4
2600035893,Remígio,-6.898889,-35.876667,23.2,1,5,27:28,Equipado,0.4
2600035894,Algodão de Jandaíra,-6.875556,-35.808333,53,0,2,28:29,Seco,
2600035906,Alagoa Grande,-7.0425,-35.518333,48,0,3,23:37,Seco,
2600035907,Alagoa Grande,-7.035278,-35.519444,61,0,2,24:37,Seco,
2600035942,Alagoa Grande,-7.041667,-35.627222,60,0,2,23:34,Seco,
2600035984,Amparo,-7.561389,-37.005833,33,1,3,10:-1,Equipado,1.822
2600036015,Pocinhos,-7.034167,-35.954444,50,1,1,24:26,Obstruído,0.008
2600036020,Areial,-7.056111,-35.955,53,1,1,23:26,Obstruído,0.008
2600036046,Conde,-7.241944,-34.914444,19,0,5,18:52,Seco,
2600036072,Conde,-7.333056,-34.846667,45,0,2,16:53,Seco,
2600036155,Coxixola,-7.606667,-36.598333,48,1,5,9:10,Equipado,0.233
2600036376,Aroeiras,-7.554167,-35.657222,50,1,5,11:33,Parado,0.107
2600036383,Aroeiras,-7.5475,-35.742222,67,1,5,11:31,Equipado,0.002
2600036386,Aroeiras,-7.548889,-35.713056,60,1,4,11:32,Parado,0.016
2600036401,Aroeiras,-7.493056,-35.661667,60,1,2,12:33,Abandonado,0.004
2600036407,Aroeiras,-7.615278,-35.728056,45,1,1,9:31,Parado,0.027
2600036417,Aroeiras,-7.478889,-35.805833,56,1,5,13:29,Equipado,0.013
2600036576,Bayeux,-7.125278,-34.935,252,1,2,21:51,Parado,1.559
2600036579,Bayeux,-7.133056,-34.930556,127,1,2,21:51,Equipado,0.089
2600036606,Dona Inês,-6.615,-35.595833,50,1,5,34:35,Equipado,0.016
2600036732,Tacima,-6.484722,-35.585,50,1,4,37:35,Equipado,0.108
2600036735,Tacima,-6.560833,-35.521944,56.8,1,1,35:36,Parado,0.028
2600036756,Tacima,-6.484167,-35.614722,50,1,4,37:34,Equipado,0.361
2600036763,Tacima,-6.488611,-35.645,65,1,2,37:33,Parado,0.02
2600036781,Casserengue,-6.745833,-35.858889,49,1,2,31:28,Parado,0.308
2600036790,Casserengue,-6.6825,-35.868333,31,1,3,32:28,Equipado,0.125
2600036794,Casserengue,-6.813056,-35.796944,45,1,3,29:30,Abandonado,0.002
2600036969,Esperança,-7.019444,-35.859722,62,1,5,24:28,Equipado,0.006
2600036991,Fagundes,-7.345556,-35.745556,60,1,2,16:31,Abandonado,0.01
2600036992,Fagundes,-7.356944,-35.799167,45,1,3,16:30,Equipado,0.094
2600037021,Fagundes,-7.347222,-35.756667,15,1,2,16:31,Abandonado,0.002
2600037042,Fagundes,-7.374167,-35.7625,31,1,2,15:30,Parado,2.703
2600037056,Fagundes,-7.364167,-35.783056,24,1,2,15:30,Parado,3.147
2600037103,Logradouro,-6.558611,-35.434722,50,1,5,36:39,Abandonado,0.002
2600037204,Cabaceiras,-7.485,-36.296111,50,1,3,12:17,Equipado,0.315
2600037209,Cabaceiras,-7.509167,-36.375,35,1,1,12:15,Equipado,0.455
2600037615,Gurinhém,-7.243056,-35.447778,45,1,2,18:38,Equipado,0.087
2600037706,Remígio,-6.943333,-35.858889,40,1,5,26:28,Equipado,0.044
2600037712,Remígio,-6.941667,-35.808333,40,1,2,26:29,Parado,0.074
2600037717,Remígio,-6.978889,-35.780278,50,1,1,25:30,Equipado,0.047
2600037776,Itabaiana,-7.309167,-35.315556,50,1,4,17:42,Equipado,0.049
2600037780,Itabaiana,-7.274722,-35.360833,50,1,2,18:40,Equipado,0.16
2600037792,Itabaiana,-7.285,-35.406111,50,1,3,17:39,Equipado,0.073
2600037795,Itabaiana,-7.333333,-35.3925,63,1,5,16:40,Equipado,0.136
2600037797,Itabaiana,-7.328889,-35.333056,40,1,5,16:41,Equipado,0.147
2600037801,Itabaiana,-7.334167,-35.333611,50,1,5,16:41,Equipado,0.075
2600037802,Itabaiana,-7.333056,-35.325833,63,1,5,16:41,Equipado,0.086
2600037853,Itatuba,-7.375556,-35.628056,50,1,1,15:34,Equipado,0.044
2600037862,Ouro Velho,-7.619444,-37.171667,50,1,3,9:-5,Equipado,0.019
2600037869,Ouro Velho,-7.624722,-37.146944,50,1,1,9:-4,Equipado,0.024
2600037870,Ouro Velho,-7.610278,-37.148611,30,1,1,9:-4,Equipado,0.143
2600037871,Ouro Velho,-7.606667,-37.132778,22,1,1,9:-4,Equipado,0.2
2600037873,Ouro Velho,-7.630556,-37.089167,40,1,4,9:-3,Equipado,1
2600037874,Ouro Velho,-7.558889,-37.106944,51,1,2,11:-3,Equipado,0.013
2600037876,Ouro Velho,-7.610833,-37.151944,50,1,1,9:-4,Não instalado,0.421
2600037878,Ouro Velho,-7.613889,-37.152778,33,1,1,9:-4,Equipado,2
2600037886,Ouro Velho,-7.588889,-37.149167,38,1,3,10:-4,Equipado,0.536
2600037890,Ouro Velho,-7.629167,-37.163056,39,1,3,9:-5,Equipado,0.034
2600037899,Ouro Velho,-7.665,-37.177778,68,1,2,8:-5,Equipado,0.02
2600037904,Ouro Velho,-7.621944,-37.149722,48,1,1,9:-4,Parado,0.126
2600037906,Ouro Velho,-7.616111,-37.121944,26,1,1,9:-4,Equipado,0.6
2600037908,Ouro Velho,-7.626944,-37.146389,50,1,1,9:-4,Equipado,0.25
2600037910,Ouro Velho,-7.623889,-37.148056,48,1,1,9:-4,Parado,0.243
2600037912,Ouro Velho,-7.595,-37.150833,47,1,3,10:-4,Equipado,0.583
2600038082,Queimadas,-7.466389,-35.848889,45,1,2,13:28,Parado,1.76
2600038098,Queimadas,-7.463333,-35.846111,48,1,2,13:28,Equipado,0.75
2600038105,Queimadas,-7.4175,-35.890278,40,1,2,14:27,Equipado,0.063
2600038131,Queimadas,-7.502222,-35.916111,48,1,2,12:27,Equipado,0.03
2600038231,Serraria,-6.861667,-35.687222,60,1,1,28:32,Equipado,0.44
2600038288,Santa Rita,-7.137222,-34.980278,214,1,4,21:50,Abandonado,0.012
2600038293,Santa Rita,-7.153333,-35.0075,116,1,1,21:49,Equipado,1.074
2600038349,Santa Rita,-7.137222,-34.967778,200.5,1,4,21:50,Equipado,0.825
2600038514,Pocinhos,-7.187222,-36.184444,30,1,2,20:20,Equipado,0.043
2600038541,Boa Vista,-7.254444,-36.240833,30,1,4,18:18,Equipado,0.5
2600038542,Boa Vista,-7.259444,-36.257222,50,1,4,18:18,Equipado,0.188
2600038545,Boa Vista,-7.304722,-36.238611,39,1,3,17:19,Equipado,0.084
2600038578,Boa Vista,-7.265,-36.130556,50,1,4,18:21,Equipado,0.082
2600038633,Campina Grande,-7.302778,-35.7975,50,1,2,17:30,Equipado,0.086
2600038726,Campina Grande,-7.18,-36.048889,48,1,5,20:23,Equipado,0.227
2600038759,Campina Grande,-7.277778,-35.756667,65,1,2,18:31,Equipado,0.042
2600038764,Campina Grande,-7.316944,-35.748056,40,1,2,17:31,Equipado,0.4
2600038768,Campina Grande,-7.168333,-36.085556,58,1,1,20:22,Abandonado,0.028
2600038774,Campina Grande,-7.315556,-36.064444,20,1,1,17:23,Equipado,0.833
2600038776,Campina Grande,-7.322222,-36.012778,40,1,1,16:24,Equipado,0.292
2600038787,Campina Grande,-7.195833,-36.054167,55,1,5,20:23,Abandonado,0.014
2600038824,Campina Grande,-7.265833,-36.094722,29.85,1,2,18:22,Equipado,0.859
2600038826,Campina Grande,-7.341389,-36.092222,33,1,2,16:22,Equipado,5.581
2600038827,Campina Grande,-7.351111,-36.095556,48,1,2,16:22,Equipado,1.198
2600038842,Caturité,-7.370556,-36.066389,51.5,1,5,15:23,Parado,0.005
2600038845,Campina Grande,-7.210278,-36.063611,50,1,2,19:23,Equipado,0.014
2600038848,Campina Grande,-7.298611,-35.775,45,1,2,17:30,Equipado,2.457
2600038861,Campina Grande,-7.284167,-35.758056,45,1,2,17:31,Equipado,0.4
2600038867,Ingá,-7.290833,-35.620556,50.05,1,4,17:34,Parado,0.1
2600038868,Ingá,-7.290556,-35.620556,50.05,1,4,17:34,Equipado,1
2600038883,Ingá,-7.31,-35.703611,30,1,1,17:32,Parado,1.75
2600038900,Ingá,-7.2775,-35.681111,12.8,1,4,18:32,Parado,0.2
2600038907,Ingá,-7.328333,-35.668056,40,1,3,16:33,Equipado,0.146
2600038930,Juarez Távora,-7.140833,-35.565833,30,1,2,21:35,Equipado,0.475
2600038939,Gurinhém,-7.151667,-35.528889,30,1,1,21:36,Equipado,0.188
2600038943,Juarez Távora,-7.172222,-35.558611,24,1,5,20:36,Parado,0.077
2600038958,Lagoa Seca,-7.143056,-35.896389,24,1,5,21:27,Equipado,0.023
2600038964,Lagoa Seca,-7.171667,-35.869444,48,1,3,20:28,Equipado,0.038
2600038973,Lagoa Seca,-7.175,-35.852778,50,1,3,20:28,,0.036
2600038980,Lagoa Seca,-7.138333,-35.891944,49,1,5,21:27,Equipado,0.014
2600038981,Lagoa Seca,-7.132778,-35.843333,48,1,3,21:28,Parado,0.043
2600039023,Lagoa Seca,-7.140278,-35.848889,54,1,3,21:28,Parado,0.1
2600039027,Lagoa Seca,-7.163056,-35.836389,40,1,5,20:29,Equipado,0.032
2600039030,Lagoa Seca,-7.163333,-35.829722,42,1,5,20:29,Parado,0.035
2600039033,Lagoa Seca,-7.158611,-35.914167,53,1,5,21:27,Equipado,0.035
2600039039,Lagoa Seca,-7.161944,-35.854444,60,1,3,20:28,Equipado,0.013
2600039048,Lagoa Seca,-7.139167,-35.871111,50,1,3,21:28,Parado,0.008
2600039051,Lagoa Seca,-7.153333,-35.870278,43,1,3,21:28,Parado,0.019
2600039055,Lagoa Seca,-7.165278,-35.910556,42,1,4,20:27,Equipado,0.036
2600039062,Massaranduba,-7.241111,-35.708333,60,1,4,18:32,Equipado,0.036
2600039065,Massaranduba,-7.259444,-35.806667,39.5,1,4,18:29,Abandonado,0.167
2600039066,Massaranduba,-7.186389,-35.740556,31,1,3,20:31,Equipado,0.809
2600039067,Massaranduba,-7.125556,-35.730833,28.7,1,5,21:31,Não instalado,0.084
2600039078,Massaranduba,-7.160556,-35.704722,47.55,1,4,20:32,Não instalado,0.006
2600039079,Massaranduba,-7.1725,-35.718056,40,1,4,20:32,Parado,0.015
2600039083,Massaranduba,-7.144167,-35.763889,40,1,4,21:30,Parado,0.029
2600039084,Massaranduba,-7.191111,-35.716111,48,1,4,20:32,Parado,0.6
2600039141,Olivedos,-6.995278,-36.260833,50,1,3,25:18,Equipado,0.1
2600039142,Olivedos,-6.988611,-36.307778,15,1,4,25:17,Abandonado,0.147
2600039148,Olivedos,-6.890278,-36.240278,20,1,5,27:18,Equipado,1.99
2600039149,Olivedos,-6.990833,-36.241944,56,1,3,25:18,Parado,0.105
2600039153,Olivedos,-6.928611,-36.204167,43,1,4,26:19,Equipado,0.026
2600039154,Olivedos,-6.985556,-36.238333,70,1,2,25:19,Abandonado,0.013
2600039155,Olivedos,-6.892778,-36.235,12,1,3,27:19,Parado,0.667
2600039157,Olivedos,-6.945833,-36.321111,50,1,5,26:16,Equipado,0.017
2600039158,Olivedos,-6.906944,-36.268889,60,1,5,27:18,Abandonado,0.008
2600039160,Olivedos,-7.081389,-36.27,50,1,4,22:18,Equipado,0.028
2600039165,Olivedos,-6.909444,-36.208056,30,1,3,27:19,Equipado,0.83
2600039166,Olivedos,-6.985,-36.225833,25,1,2,25:19,Equipado,0.154
2600039233,Mogeiro,-7.2975,-35.485,39.6,1,5,17:37,Equipado,3.636
2600039234,Mogeiro,-7.3,-35.486944,58.8,1,5,17:37,Equipado,0.009
2600039267,Mogeiro,-7.269722,-35.541667,45,1,5,18:36,Parado,0.073
2600039281,Mogeiro,-7.214722,-35.509167,50,1,3,19:37,Equipado,0.006
2600039282,Mogeiro,-7.314722,-35.424167,48,1,3,17:39,Abandonado,0.044
2600039283,Itabaiana,-7.303611,-35.405833,40,1,3,17:39,Abandonado,0.026
2600039285,Mogeiro,-7.258056,-35.483611,50,1,3,18:37,Abandonado,0.023
2600039287,Mogeiro,-7.295,-35.506389,40,1,5,17:37,Equipado,0.514
2600039288,Mogeiro,-7.329444,-35.495556,30,1,5,16:37,Equipado,0.68
2600039301,Mogeiro,-7.271944,-35.528611,28,1,5,18:36,Equipado,0.636
2600039421,Arara,-6.841944,-35.724444,40,1,2,28:31,Parado,0.048
2600039430,Arara,-6.867222,-35.726667,50,1,2,28:31,Parado,0.018
2600039491,Pocinhos,-7.115833,-36.095833,50,1,1,22:22,Parado,0.006
2600039498,Pocinhos,-6.996944,-36.096667,100,1,4,25:22,Equipado,0.276
2600039502,Algodão de Jandaíra,-6.966389,-36.074167,50,1,2,25:23,Equipado,0.017
2600039509,Pocinhos,-7.001389,-36.124444,30,1,2,24:21,Equipado,0.453
2600039510,Pocinhos,-6.9375,-35.9925,70,1,4,26:25,Equipado,0.009
2600039523,Pocinhos,-7.072222,-36.1625,73.85,1,4,23:20,Parado,0.307
2600039526,Pocinhos,-7.086389,-36.059167,50,1,4,22:23,Equipado,0.035
2600039539,Pocinhos,-7.044722,-36.180278,47,1,4,23:20,Parado,0.007
2600039543,Pocinhos,-7.068056,-36.168611,110,1,4,23:20,Parado,0.16
2600039556,Pocinhos,-7.071944,-36.061667,50,1,5,23:23,Abandonado,0.028
2600039567,Pocinhos,-6.978333,-36.035278,42,1,5,25:24,Equipado,0.074
2600039571,Pocinhos,-7.04,-36.028889,26,1,5,24:24,Equipado,0.55
2600039575,Pocinhos,-7.076944,-36.068333,105,1,5,23:23,Equipado,0.085
2600039576,Pocinhos,-7.139444,-36.035556,50,1,4,21:24,Abandonado,0.04
2600039577,Pocinhos,-7.077778,-36.066389,50,1,5,23:23,Equipado,0.017
2600039578,Pocinhos,-7.068056,-36.202778,110,1,5,23:19,Equipado,0.264
2600039581,Pocinhos,-7.050833,-36.054722,35,1,5,23:23,Equipado,3
2600039585,Pocinhos,-6.995,-36.045833,30,1,2,25:23,Parado,1.122
2600039589,Pocinhos,-7.118611,-36.148889,30,1,4,22:21,Abandonado,0.18
2600039592,Pocinhos,-7.071389,-36.045833,43,1,5,23:23,Abandonado,0.854
2600039593,Pocinhos,-7.076944,-36.177222,70,1,4,23:20,Parado,0.079
2600040400,Barra de São Miguel,-7.719722,-36.258333,54,1,5,7:18,Abandonado,0.67
2600040404,Barra de São Miguel,-7.703333,-36.274166,50,1,5,7:18,Parado,0.44
2600040405,Barra de São Miguel,-7.725833,-36.274166,39,1,4,6:18,Abandonado,1.85
2600040406,Barra de São Miguel,-7.548333,-36.238055,40,1,3,11:19,Abandonado,1.14
2600040407,Barra de São Miguel,-7.773611,-36.151388,50,1,2,5:21,Parado,0.62
2600040435,Barra de São Miguel,-7.712778,-36.242778,51,1,5,7:18,Abandonado,0.058
2600040436,Barra de São Miguel,-7.71,-36.256389,57,1,5,7:18,Parado,0.023
2600040439,Barra de São Miguel,-7.768333,-36.183056,25,1,3,5:20,Equipado,0.551
2600040440,Barra de São Miguel,-7.645556,-36.203056,30,1,2,8:19,Abandonado,0.171
2600040444,Barra de São Miguel,-7.744167,-36.234722,35.4,1,5,6:19,Equipado,0.648
2600040450,Barra de São Miguel,-7.716667,-36.245278,48,1,5,7:18,Parado,0.589
2600040451,Barra de São Miguel,-7.708333,-36.249722,48,1,5,7:18,Equipado,0.96
2600040452,Barra de São Miguel,-7.695556,-36.278889,45,1,5,7:18,Equipado,0.827
2600040473,Barra de São Miguel,-7.699444,-36.219444,35,1,2,7:19,Parado,0.596
2600040489,Riacho de Santo Antônio,-7.759167,-36.146944,48,1,1,6:21,Parado,1.267
2600040498,Barra de São Miguel,-7.808333,-36.256389,42,1,5,4:18,Equipado,2.88
2600040502,Barra de São Miguel,-7.733889,-36.28,45,1,2,6:17,Equipado,0.071
2600042347,Belém do Brejo do Cruz,-6.118888,-37.368333,48,1,4,47:-10,,0.25
2600042350,Belém do Brejo do Cruz,-6.193611,-37.434166,42,1,5,45:-11,,0.833
2600042351,Belém do Brejo do Cruz,-6.196944,-37.618055,51,1,1,45:-16,,0.034
2600042352,Belém do Brejo do Cruz,-6.210277,-37.474722,54,1,3,44:-12,,0.05
2600045261,Água Branca,-7.580277,-37.736111,25,1,2,10:-19,,0.429
2600046540,Zabelê,-8.101111,-37.082222,30,1,4,-3:-3,,0.235
2600046541,Zabelê,-8.121111,-37.101388,50,1,4,-4:-3,,0.1
2600047475,João Pessoa,-7.171944,-34.841111,222,1,3,20:53,Parado,2.957
2600054923,Sousa,-6.773056,-38.238056,971,0,2,30:-31,Seco,
2600054930,Triunfo,-6.605277,-38.611944,498,1,5,34:-41,Equipado,0.112
2600056763,Bayeux,-7.141944,-34.928056,76,1,2,21:51,,0.855
2600056804,Puxinanã,-7.154444,-35.924167,48,1,3,21:26,,0.333
2600056805,Quixaba,-7.035278,-37.151389,50,1,3,24:-4,,0.083
2600056807,Monteiro,-7.934722,-36.998889,50,1,2,1:0,,0.161
2600056808,Monteiro,-7.935,-37.101944,43,1,3,1:-3,,0.04
2600056826,Sousa,-6.648611,-38.118333,50,1,4,33:-28,,0.118
2600056827,São José da Lagoa Tapada,-6.928889,-38.044444,46,1,3,26:-27,,0.143
2600056831,Bananeiras,-6.636389,-35.538333,61,1,3,34:36,,0.091
2600056832,Pilões,-6.871667,-35.632222,58,1,2,28:34,,0.1
2600056833,Solânea,-6.681944,-35.693889,62,1,2,32:32,,0.077
2600056834,Araçagi,-6.970556,-35.307222,50,1,2,25:42,,0.082
2600056835,Dona Inês,-6.610556,-35.601389,60,1,1,34:34,,0.085
2600056836,Belém,-6.662222,-35.503056,48,1,4,33:37,,0.231
2600056837,Araruna,-6.515556,-35.731944,40,1,2,37:31,,0.08
2600056843,Algodão de Jandaíra,-6.862222,-35.912222,48,1,1,28:27,,0.167
2600056844,Arara,-6.865,-35.740556,60,1,2,28:31,,1
2600056852,Soledade,-7.069722,-36.297222,50,1,1,23:17,,0.333
2600056853,Juazeirinho,-7.186389,-36.519722,55,1,5,20:12,,0.071
2600056854,Assunção,-7.055556,-36.747222,44,1,3,23:6,,0.143
2600056855,Camalaú,-7.865833,-36.782222,50,1,3,3:5,,0.083
2600056856,Monteiro,-7.943889,-36.982222,60,1,2,1:0,,0.093
2600056857,Congo,-7.815556,-36.572778,36,1,5,4:10,,0.042
2600056858,Camalaú,-7.8425,-36.737778,32,1,1,3:6,,0.044
2600056859,Areia de Baraúnas,-7.165556,-36.949444,50,1,1,20:1,,0.133
2600056860,Taperoá,-7.282222,-36.919722,66,1,2,17:2,,0.027
2600056861,Camalaú,-7.882778,-36.745556,60,1,5,2:6,,0.048
2600056862,Sumé,-7.649444,-36.899722,60,1,1,8:2,,0.333
2600056869,Barra de Santa Rosa,-6.769722,-36.037222,36,1,4,30:24,,0.333
2600056870,Barra de Santa Rosa,-6.880556,-36.142222,45,1,4,27:21,,0.625
2600056871,Barra de Santa Rosa,-6.719444,-36.122222,24,1,3,32:21,,0.286
2600056872,Olivedos,-6.921389,-36.248889,50,1,4,26:18,,0.077
2600056873,Sossêgo,-6.754167,-36.216111,60,1,5,31:19,,0.053
2600056874,Pedra Lavrada,-6.775833,-36.37,20,1,1,30:15,,0.167
2600056875,Pedra Lavrada,-6.748611,-36.359167,40,1,5,31:16,,0.023
2600056876,Cuité,-6.636389,-36.240278,16,1,3,34:18,,0.1
2600056877,Barra de Santa Rosa,-6.752778,-36.010833,30,1,4,31:24,,0.075
2600056878,Barra de Santa Rosa,-6.755278,-36.043611,35,1,1,31:23,,0.016
2600056879,Barra de Santa Rosa,-6.745278,-36.159167,35,1,2,31:21,,0.313
2600056880,Cuité,-6.5375,-36.136389,40,1,1,36:21,,0.036
2600056881,Cuité,-6.654722,-36.121111,40,1,4,33:21,,0.033
2600056882,Cuité,-6.553611,-36.1925,36,1,5,36:20,,0.056
2600056883,Barra de Santa Rosa,-6.755556,-36.013611,35,1,4,31:24,,0.056
2600056884,Santa Cruz,-6.525556,-38.096944,43,1,5,36:-28,,0.08
2600056885,Cuité,-6.525556,-36.096944,67,1,5,36:22,,0.043
2600056886,Picuí,-6.515278,-36.276389,37,1,3,37:18,,0.007
2600056887,Barra de Santa Rosa,-6.760833,-36.173333,35,1,1,30:20,,0.04
2600056888,Barra de Santa Rosa,-6.758333,-36.016389,26,1,4,31:24,,0.029
2600056889,Barra de Santa Rosa,-6.752778,-36.144444,39,1,2,31:21,,0.016
2600056890,Santa Cruz,-6.531667,-38.058333,57,1,5,36:-27,,0.063
2600056891,Barra de Santa Rosa,-6.758333,-36.141667,70,1,2,31:21,,0.041
2600056892,Barra de Santa Rosa,-6.838889,-36.178333,46,1,2,29:20,,0.042
2600056893,Barra de Santa Rosa,-6.752778,-36.011111,76,1,4,31:24,,0.09
2600056895,Barra de Santa Rosa,-6.819444,-36.180556,34,1,2,29:20,,0.044
2600056896,Picuí,-6.388611,-36.329167,95,1,4,40:16,,0.034
2600056897,Barra de Santa Rosa,-6.652778,-36.047222,70,1,2,33:23,,0.05
2600056898,Cubati,-6.871667,-36.276111,20,1,2,28:18,,0.15
2600056899,Picuí,-6.355,-36.286389,40,1,1,41:17,,0.057
2600056900,Barra de Santa Rosa,-6.719722,-36.123611,40,1,3,32:21,,0.15
2600056901,Barra de Santa Rosa,-6.732222,-36.093056,19,1,3,31:22,,0.02
2600056902,Picuí,-6.388611,-36.315278,50,1,3,40:17,,0.043
2600056903,Barra de Santa Rosa,-6.733611,-36.1375,60,1,2,31:21,,0.043
2600056904,Santa Cruz,-6.531667,-38.061111,38,1,5,36:-27,,0.024
2600056905,Barra de Santa Rosa,-6.919444,-36.166389,45,1,5,27:20,,0.1
2600056906,Barra de Santa Rosa,-6.908333,-36.109722,51,1,3,27:22,,0.116
2600057008,Monteiro,-7.889444,-37.019167,47,1,4,2:-1,,0.063
2600057009,Amparo,-7.571389,-37.045278,32,1,1,10:-2,,0.25
2600057010,Monteiro,-7.8525,-37.060556,80,1,1,3:-2,,0.062
2600057011,Monteiro,-7.851389,-37.051944,50,1,1,3:-2,,0.026
2600057012,Monteiro,-7.935,-37.056111,19,1,2,1:-2,,0.043
2600057013,Monteiro,-7.983611,-37.0025,20,1,4,0:-1,,0.067
2600057014,Monteiro,-7.919167,-37.060556,76,1,3,2:-2,,0.074
2600057015,Monteiro,-7.928889,-37.060556,76,1,2,1:-2,,0.045
2600057016,Monteiro,-7.9575,-37.066111,20,1,2,1:-2,,0.113
2600057017,Monteiro,-7.854444,-37.071389,50,1,1,3:-2,,0.084
2600057018,Monteiro,-7.925833,-37.039444,50,1,1,1:-1,,0.2
2600057019,Taperoá,-7.219722,-36.9925,51,1,1,19:0,,0.083
2600057020,Livramento,-7.328889,-36.999167,50,1,4,16:0,,0.111
2600057021,Amparo,-7.570556,-37.065556,40,1,1,10:-2,,0.091
2600057022,Boa Vista,-7.2825,-36.191944,39,1,1,17:20,,0.05
2600057024,Amparo,-7.517778,-37.027778,14,1,5,12:-1,,0.3
2600057025,Olho d'Água,-7.273056,-37.603056,50,1,1,18:-16,,0.067
2600057026,Amparo,-7.548611,-37.029722,48,1,5,11:-1,,0.091
2600057027,Belém,-6.667778,-35.500556,60,1,4,33:37,,0.036
2600057028,Belém,-6.736389,-35.503056,56,1,5,31:37,,0.046
2600057029,Serra da Raiz,-6.734722,-35.486389,50,1,5,31:37,,0.05
2600057030,Belém do Brejo do Cruz,-6.185556,-37.565833,48,1,5,45:-15,,0.25
2600057031,Belém do Brejo do Cruz,-6.196667,-37.605556,50,1,1,45:-16,,0.286
2600057032,Belém do Brejo do Cruz,-6.19,-37.423889,50,1,5,45:-11,,0.045
2600057033,Belém do Brejo do Cruz,-6.118056,-37.373333,54,1,4,47:-10,,0.1
2600057034,Belém do Brejo do Cruz,-6.196389,-37.6175,50,1,1,45:-16,,0.063
2600057035,Belém do Brejo do Cruz,-6.132222,-37.410278,42,1,1,46:-11,,0.25
2600057036,Brejo do Cruz,-6.262222,-37.478889,51,1,3,43:-12,,0.034
2600057037,São José do Brejo do Cruz,-6.190833,-37.403333,54,1,5,45:-11,,0.025
2600057038,São José do Brejo do Cruz,-6.207778,-37.420556,60,1,4,44:-11,,0.067
2600057039,São Bento,-6.3925,-37.422778,54,1,4,40:-11,,0.034
2600057040,Belém do Brejo do Cruz,-6.163056,-37.303056,60,1,2,45:-8,,0.071
2600057041,Belém do Brejo do Cruz,-6.193333,-37.434722,58,1,5,45:-11,,0.06
2600057042,Belém do Brejo do Cruz,-6.196667,-37.601389,60,1,1,45:-16,,0.106
2600057043,Belém do Brejo do Cruz,-6.196111,-37.584722,46,1,5,45:-15,,0.115
2600057044,Bernardino Batista,-6.519444,-38.5925,50,1,3,37:-40,,0.067
2600057045,Bernardino Batista,-6.460278,-38.542778,38,1,3,38:-39,,0.035
2600057046,Bernardino Batista,-6.479722,-38.537778,40,1,3,38:-39,,0.019
2600057047,Bernardino Batista,-6.453611,-38.561944,30,1,5,38:-40,,0.041
2600057048,Bernardino Batista,-6.459444,-38.558889,45,1,3,38:-39,,0.067
2600057049,Bernardino Batista,-6.4575,-38.561667,30,1,5,38:-40,,0.075
2600057050,Bernardino Batista,-6.465,-38.559722,40,1,3,38:-39,,0.059
2600057051,Barra de São Miguel,-7.638611,-36.251667,30,1,1,9:18,,0.118
2600057052,Riacho de Santo Antônio,-7.756944,-36.145278,21,1,1,6:21,,0.7
2600057053,Barra de São Miguel,-7.621667,-36.225833,26,1,3,9:19,,0.182
2600057054,Riacho de Santo Antônio,-7.757222,-36.1475,25,1,1,6:21,,0.13
2600057055,Gurjão,-7.278889,-36.422778,24,1,1,18:14,,0.333
2600057056,Gurjão,-7.281944,-36.465278,21,1,3,17:13,,1.35
2600057057,São Domingos do Cariri,-7.670833,-36.371389,30,1,4,8:15,,0.233
2600057058,Boa Vista,-7.309167,-36.291111,25,1,2,17:17,,0.2
2600057059,São João do Cariri,-7.372778,-36.469722,33,1,1,15:13,,0.257
2600057060,Gurjão,-7.255,-36.424167,21,1,1,18:14,,0.233
2600057061,Parari,-7.2875,-36.608333,40,1,5,17:9,,0.154
2600057062,São João do Cariri,-7.621667,-36.519444,48,1,1,9:12,,0.56
2600057063,Gurjão,-7.288333,-36.409167,45,1,2,17:14,,0.25
2600057064,Barra de São Miguel,-7.690278,-36.183333,40,1,2,7:20,,0.08
2600057065,Boa Vista,-7.245556,-36.229167,33,1,1,18:19,,0.178
2600057066,Gurjão,-7.298611,-36.555,60,1,5,17:11,,0.158
2600057067,Gurjão,-7.269722,-36.536667,30,1,1,18:11,,0.167
2600057068,Gurjão,-7.237778,-36.386944,35,1,3,19:15,,0.17
2600057069,Gurjão,-7.271389,-36.556944,28,1,1,18:11,,0.175
2600057248,Boa Ventura,-7.388611,-38.210833,40,1,2,15:-31,,0.2
2600057249,Boa Ventura,-7.408056,-38.244444,38,1,4,14:-32,,0.08
2600057250,Boa Ventura,-7.453333,-38.219444,28,1,5,13:-31,,0.163
2600057251,Boa Ventura,-7.470278,-38.224167,41,1,5,13:-31,,0.238
2600057252,Boa Ventura,-7.471944,-38.111944,25,1,3,13:-28,,0.056
2600057253,Boa Ventura,-7.3725,-38.213056,21,1,2,15:-31,,0.125
2600057254,Boa Ventura,-7.373889,-38.203889,50,1,2,15:-31,,0.059
2600057255,Boa Ventura,-7.395,-38.245278,48,1,2,15:-32,,0.065
2600057256,Boa Ventura,-7.393889,-38.236111,60,1,2,15:-31,,0.079
2600057257,Boa Ventura,-7.384722,-38.231111,52,1,2,15:-31,,0.061
2600057258,Boa Ventura,-7.388056,-38.231389,40,1,2,15:-31,,0.057
2600057259,Boa Ventura,-7.481389,-38.219722,52,1,4,12:-31,,0.026
2600057260,Boa Ventura,-7.463611,-38.236667,50,1,5,13:-31,,0.105
2600057261,Boa Ventura,-7.375556,-38.19,50,1,4,15:-30,,0.036
2600057262,Itaporanga,-7.359444,-38.189722,40,1,4,16:-30,,0.5
2600057263,Boa Ventura,-7.419444,-38.211667,30,1,1,14:-31,,0.133
2600057264,Boa Ventura,-7.388889,-38.187222,57,1,4,15:-30,,0.063
2600057265,Boa Ventura,-7.395556,-38.181667,43,1,4,15:-30,,0.167
2600057266,Boa Ventura,-7.458056,-38.106111,50,1,3,13:-28,,0.091
2600057267,Curral Velho,-7.493333,-38.11,50,1,5,12:-28,,0.045
2600057268,Boa Ventura,-7.475833,-38.109722,50,1,3,13:-28,,0.091
2600057446,Boa Ventura,-7.375278,-38.19,50,1,4,15:-30,,0.045
2600057447,Boa Ventura,-7.420833,-38.219722,50,1,1,14:-31,,0.275
2600057448,Boa Ventura,-7.396111,-38.219444,50,1,2,15:-31,,0.086
2600057449,Boa Ventura,-7.388889,-38.1875,50,1,4,15:-30,,0.059
2600057450,Boa Ventura,-7.4325,-38.229444,50,1,1,14:-31,,0.4
2600057451,Boa Ventura,-7.475,-38.223889,50,1,5,13:-31,,0.053
2600057452,Boa Ventura,-7.426667,-38.2275,54,1,1,14:-31,,0.071
2600057453,Boa Ventura,-7.425,-38.225833,40,1,1,14:-31,,0.064
2600057454,Boa Ventura,-7.375833,-38.203056,50,1,2,15:-31,,0.053
2600057455,Boa Ventura,-7.381389,-38.181944,46,1,4,15:-30,,0.227
2600057456,Itaporanga,-7.348611,-38.277222,50,1,3,16:-32,,0.036
2600057457,Boa Ventura,-7.408333,-38.227222,40,1,1,14:-31,,0.083
2600057458,Boa Ventura,-7.374722,-38.226944,50,1,2,15:-31,,0.069
2600057459,Boa Ventura,-7.437778,-38.203333,40,1,1,14:-31,,0.09
2600057460,Boa Ventura,-7.475278,-38.212222,60,1,5,13:-31,,0.037
2600057461,Itaporanga,-7.376389,-38.269444,50,1,2,15:-32,,0.067
2600057462,Curral Velho,-7.491944,-38.223611,50,1,4,12:-31,,0.059
2600057463,Bom Sucesso,-6.440556,-37.930833,42,1,4,38:-24,,0.044
2600057602,Bonito de Santa Fé,-7.275833,-38.42,65,1,3,18:-36,,0.04
2600057604,Bonito de Santa Fé,-7.357222,-38.487222,50,1,1,16:-38,,0.067
2600057606,Bonito de Santa Fé,-7.355278,-38.516111,50,1,1,16:-38,,0.038
2600057608,Bonito de Santa Fé,-7.320833,-38.543056,50,1,2,16:-39,,0.067
2600057609,Bonito de Santa Fé,-7.326667,-38.530833,50,1,2,16:-39,,0.047
2600057610,Cabaceiras,-7.3875,-36.1925,35,1,2,15:20,,0.05
2600057611,Cabaceiras,-7.419722,-36.312778,32,1,2,14:17,,0.03
2600057612,Boqueirão,-7.5525,-36.2075,40,1,3,11:19,,0.113
2600057613,Boqueirão,-7.408611,-36.186111,50,1,5,14:20,,0.125
2600057614,Boqueirão,-7.594722,-36.187222,50,1,5,10:20,,0.05
2600057615,Cabaceiras,-7.406944,-36.202778,25,1,1,14:19,,0.025
2600057616,Cabaceiras,-7.376944,-36.175556,42,1,2,15:20,,0.075
2600057617,Cabaceiras,-7.409167,-36.206111,40,1,1,14:19,,0.043
2600057618,Cabaceiras,-7.398889,-36.239722,30,1,2,15:19,,0.062
2600057619,Boqueirão,-7.408889,-36.190278,28,1,5,14:20,,0.125
2600057620,Boqueirão,-7.441667,-36.206667,10,1,3,13:19,,0.06
2600057621,Cabaceiras,-7.424444,-36.222778,20,1,1,14:19,,0.091
2600057622,Cabaceiras,-7.442778,-36.272222,25,1,1,13:18,,0.167
2600057623,Cabaceiras,-7.426111,-36.255833,60,1,5,14:18,,0.1
2600057624,Cabaceiras,-7.408611,-36.273333,28,1,5,14:18,,0.667
2600057755,Boqueirão,-7.5625,-36.175556,40,1,5,10:20,,0.071
2600057756,Barra de São Miguel,-7.595556,-36.274722,16,1,4,10:18,,0.133
2600057757,Barra de São Miguel,-7.661944,-36.322778,18,1,3,8:16,,0.5
2600057758,Barra de São Miguel,-7.628333,-36.209444,50,1,3,9:19,,0.094
2600057759,Barra de São Miguel,-7.661944,-36.259167,16,1,4,8:18,,0.043
2600057760,Barra de São Miguel,-7.677222,-36.2575,60,1,4,8:18,,0.028
2600057761,Cabaceiras,-7.562222,-36.291944,30,1,3,10:17,,0.08
2600057762,Barra de São Miguel,-7.725,-36.269444,66,1,4,6:18,,0.05
2600057763,Boqueirão,-7.586389,-36.175556,28,1,5,10:20,,0.045
2600057764,Barra de São Miguel,-7.691944,-36.253056,26,1,5,7:18,,0.021
2600057765,Barra de São Miguel,-7.705,-36.209167,30,1,2,7:19,,0.01
2600057766,Boqueirão,-7.592778,-36.204167,34,1,4,10:19,,0.1
2600057767,Caturité,-7.403333,-36.086389,26,1,3,14:22,,0.071
2600057768,Caturité,-7.456111,-36.054444,42,1,5,13:23,,0.048
2600057769,Boqueirão,-7.441111,-36.169722,50,1,1,13:20,,0.045
2600057770,Boqueirão,-7.423611,-36.171111,30,1,5,14:20,,0.071
2600057771,Riacho de Santo Antônio,-7.706111,-36.141389,12,1,1,7:21,,0.04
2600057772,Riacho de Santo Antônio,-7.653056,-36.174167,50,1,3,8:20,,0.15
2600057773,Barra de São Miguel,-7.5625,-36.255556,21,1,4,10:18,,0.125
2600057774,Cabaceiras,-7.381667,-36.1725,13,1,2,15:20,,0.14
2600057775,Boqueirão,-7.430278,-36.189444,40,1,5,14:20,,0.053
2600057776,Riacho de Santo Antônio,-7.653333,-36.174444,24,1,3,8:20,,0.058
2600057777,Boqueirão,-7.409444,-36.1525,50,1,5,14:21,,0.048
2600057778,Boqueirão,-7.580278,-36.159722,16,1,3,10:21,,0.16
2600057779,Boqueirão,-7.555,-36.195556,19,1,4,11:20,,0.333
2600057780,Boqueirão,-7.555278,-36.196111,14,1,4,11:20,,0.067
2600057781,Boqueirão,-7.569722,-36.213056,9,1,4,10:19,,0.067
2600057782,Barra de São Miguel,-7.570278,-36.275833,40,1,4,10:18,,0.033
2600057783,Barra de São Miguel,-7.589444,-36.243333,20,1,4,10:18,,0.05
2600057784,Barra de São Miguel,-7.573611,-36.243611,65,1,4,10:18,,0.087
2600057785,Cabaceiras,-7.519722,-36.248611,26,1,5,12:18,,0.067
2600057786,Boqueirão,-7.588056,-36.1525,25,1,3,10:21,,0.182
2600057787,Boqueirão,-7.548611,-36.174444,27,1,4,11:20,,0.059
2600057788,Boqueirão,-7.569722,-36.207222,22,1,4,10:19,,0.043
2600057789,Boqueirão,-7.404167,-36.176389,22,1,5,14:20,,0.015
2600057790,Boqueirão,-7.531667,-36.173889,20,1,4,11:20,,0.089
2600057791,Barra de São Miguel,-7.588333,-36.275833,25,1,4,10:18,,0.067
2600057792,Barra de São Miguel,-7.640833,-36.258889,35,1,4,8:18,,0.143
2600057793,Boqueirão,-7.546389,-36.193611,22,1,4,11:20,,0.125
2600057794,Cabaceiras,-7.571389,-36.319444,15,1,3,10:17,,0.225
2600057795,Boqueirão,-7.403056,-36.103333,50,1,3,14:22,,0.087
2600057796,Boqueirão,-7.414722,-36.117778,50,1,3,14:22,,0.078
2600057797,Boqueirão,-7.409444,-36.135556,50,1,5,14:21,,0.04
2600057798,Boqueirão,-7.609444,-36.157222,50,1,4,9:21,,0.033
2600057799,Caaporã,-7.496111,-34.914167,120,1,2,12:52,,0.516
2600057800,Caaporã,-7.445,-34.913333,110,1,5,13:52,,0.882
2600057801,Caaporã,-7.465,-34.928333,32,1,3,13:51,,0.214
2600057802,Caaporã,-7.515,-34.921667,104,1,4,12:51,,0.786
2600057803,Caaporã,-7.479722,-34.948889,108,1,3,13:51,,1.098
2600057804,Caaporã,-7.478889,-34.949444,106,1,3,13:51,,2
2600057805,Caaporã,-7.436389,-34.935,183,1,4,14:51,,2.222
2600057806,Pedras de Fogo,-7.498889,-34.985278,150,1,3,12:50,,2.08
2600057807,Caaporã,-7.499167,-34.984722,142,1,3,12:50,,0.818
2600057808,Caaporã,-7.4575,-34.902778,100,1,5,13:52,,0.78
2600057809,Caaporã,-7.5275,-34.916944,125,1,5,11:52,,1.288
2600057810,Caaporã,-7.514444,-34.902778,160,1,2,12:52,,0.389
2600057811,Caaporã,-7.513333,-34.9025,180,1,2,12:52,,0.862
2600057812,Caaporã,-7.529444,-34.860556,128,1,1,11:53,,0.652
2600057813,Caaporã,-7.528889,-34.860278,140,1,1,11:53,,0.839
2600057814,Caaporã,-7.514444,-34.931111,128,1,4,12:51,,0.75
2600057815,Caaporã,-7.515278,-34.931944,100,1,4,12:51,,0.971
2600057816,Caaporã,-7.515,-34.905,60,1,2,12:52,,0.15
2600057817,Caaporã,-7.530278,-34.905278,25,1,5,11:52,,0.188
2600057818,Caaporã,-7.513333,-34.928056,50,1,4,12:51,,0.179
2600057819,Caaporã,-7.508333,-34.926667,68,1,4,12:51,,0.079
2600057820,Caaporã,-7.508889,-34.926944,95,1,4,12:51,,0.567
2600057821,Caaporã,-7.509167,-34.924722,263,1,4,12:51,,5
2600057822,Caaporã,-7.509444,-34.925278,220,1,4,12:51,,3.269
2600057823,Caaporã,-7.525833,-34.912778,83,1,5,11:52,,0.323
2600057824,Caaporã,-7.525,-34.913056,88,1,5,11:52,,0.667
2600057825,Caaporã,-7.524722,-34.912778,125,1,5,11:52,,0.197
2600057826,Caaporã,-7.524722,-34.913333,25,1,5,11:52,,0.367
2600057827,Caaporã,-7.523889,-34.912778,50,1,5,11:52,,0.75
2600057828,Caaporã,-7.523611,-34.9125,106,1,5,11:52,,0.384
2600057829,Caaporã,-7.502778,-34.912222,238,1,2,12:52,,4.583
2600057830,Caaporã,-7.503333,-34.9125,246,1,2,12:52,,3.583
2600057831,Cabaceiras,-7.430278,-36.271389,30,1,5,14:18,,0.067
2600057832,Cabaceiras,-7.491944,-36.245556,20,1,5,12:18,,0.143
2600057833,Cabaceiras,-7.365,-36.238333,22,1,2,15:19,,0.15
2600057834,Cabaceiras,-7.410833,-36.303611,40,1,2,14:17,,0.083
2600057835,Cabaceiras,-7.427222,-36.363056,50,1,2,14:15,,0.1
2600057836,Cabaceiras,-7.515278,-36.270833,50,1,5,12:18,,0.125
2600057837,Cabaceiras,-7.432778,-36.240833,50,1,5,14:18,,0.074
2600057838,Cabaceiras,-7.492222,-36.245556,50,1,5,12:18,,0.059
2600057839,Cabaceiras,-7.391944,-36.326111,40,1,1,15:16,,0.133
2600057840,Cabaceiras,-7.378889,-36.218056,40,1,2,15:19,,0.095
2600057841,Cabaceiras,-7.4325,-36.241111,50,1,5,14:18,,0.095
2600057842,Cabaceiras,-7.387222,-36.193056,48,1,2,15:20,,0.071
2600057843,Cabaceiras,-7.420556,-36.3125,48,1,2,14:17,,0.071
2600057844,Cabaceiras,-7.393889,-36.194722,50,1,2,15:20,,0.043
2600057845,Cabaceiras,-7.406389,-36.203056,50,1,1,14:19,,0.167
2600057846,Cabaceiras,-7.531944,-36.3625,60,1,3,11:15,,0.133
2600057977,Cabedelo,-6.9725,-34.839167,123,1,2,25:54,,0.739
2600057978,Cabedelo,-7.043333,-34.853611,115,1,3,23:53,,0.737
2600057979,Cabedelo,-7.021389,-34.834167,58,1,5,24:54,,1.895
2600057980,Cabedelo,-7.086667,-34.849722,96,1,1,22:53,,1.212
2600057981,Cabedelo,-7.043889,-34.853889,100,1,3,23:53,,1.448
2600057982,Cabedelo,-7.096111,-34.848611,104,1,1,22:53,,3.929
2600057983,Cabedelo,-6.971111,-34.830278,228,1,2,25:54,,2.121
2600057985,Cabedelo,-6.970556,-34.829722,138,1,2,25:54,,1.056
2600057986,Cabedelo,-7.030278,-34.830556,70,1,5,24:54,,0.16
2600057987,Cabedelo,-7.087222,-34.848611,90,1,1,22:53,,5.938
2600057988,Cabedelo,-7.096389,-34.848056,120,1,1,22:53,,2.813
2600057989,Cabedelo,-7.090833,-34.848889,68,1,1,22:53,,0.467
2600057990,Cabedelo,-7.076389,-34.850833,100,1,3,23:53,,0.5
2600057991,Cabedelo,-6.971667,-34.832778,300,1,2,25:54,,2.414
2600057992,Cabedelo,-7.023611,-34.8375,230,1,5,24:54,,1.053
2600057993,Cabedelo,-7.024167,-34.838333,250,1,5,24:54,,1.667
2600057994,Cabedelo,-7.024722,-34.838056,220,1,5,24:54,,1.462
2600057995,Cabedelo,-7.074444,-34.849167,100,1,3,23:53,,1.92
2600057996,Cabedelo,-7.043611,-34.853611,40,1,3,23:53,,1.923
2600057997,Cachoeira dos Índios,-7.024167,-38.668333,98,1,3,24:-42,,0.023
2600057998,Cachoeira dos Índios,-6.928889,-38.674167,20,1,3,26:-42,,0.167
2600057999,Cachoeira dos Índios,-6.928056,-38.673889,40,1,3,26:-42,,0.111
2600058000,Cachoeira dos Índios,-6.987222,-38.660556,80,1,2,25:-42,,0.133
2600058001,Cachoeira dos Índios,-6.970833,-38.736667,50,1,1,25:-44,,0.056
2600058002,Cachoeira dos Índios,-6.994722,-38.755833,30,1,1,25:-44,,0.091
2600058003,Cachoeira dos Índios,-6.940833,-38.730833,60,1,1,26:-44,,0.048
2600058004,Cachoeira dos Índios,-6.880833,-38.706667,45,1,3,27:-43,,0.056
2600058005,Cachoeira dos Índios,-6.924167,-38.6725,50,1,3,26:-42,,0.053
2600058006,Cachoeira dos Índios,-6.961111,-38.718889,40,1,4,25:-43,,0.12
2600058007,Cachoeira dos Índios,-7.024167,-38.668611,40,1,3,24:-42,,0.143
2600058008,Cachoeira dos Índios,-6.961389,-38.718889,30,1,4,25:-43,,0.064
2600058009,Cachoeira dos Índios,-6.971667,-38.7375,25,1,1,25:-44,,0.063
2600058010,Cachoeira dos Índios,-6.902222,-38.654167,40,1,5,27:-42,,0.25
2600058011,Cachoeira dos Índios,-6.923889,-38.6725,50,1,3,26:-42,,0.091
2600058012,Cachoeira dos Índios,-6.915,-38.647222,60,1,5,27:-42,,0.08
2600058013,Cachoeira dos Índios,-6.978889,-38.656944,60,1,2,25:-42,,0.04
2600058014,Cachoeira dos Índios,-7.032222,-38.672222,60,1,3,24:-42,,0.059
2600058015,Cachoeira dos Índios,-6.961667,-38.721667,60,1,1,25:-44,,0.056
2600058016,Cachoeira dos Índios,-6.937778,-38.739444,58,1,1,26:-44,,0.143
2600058017,Cachoeira dos Índios,-6.926389,-38.675833,45,1,3,26:-42,,0.071
2600058018,Cachoeira dos Índios,-6.923056,-38.646111,60,1,3,26:-42,,0.071
2600058019,Cachoeira dos Índios,-6.978889,-38.656667,60,1,2,25:-42,,0.048
2600058020,Cachoeira dos Índios,-6.989167,-38.663333,50,1,2,25:-42,,0.02
2600058021,Cachoeira dos Índios,-6.922222,-38.757222,50,1,1,26:-44,,0.067
2600058022,Cachoeira dos Índios,-6.878056,-38.668056,50,1,2,28:-42,,0.091
2600058023,Cachoeira dos Índios,-6.971667,-38.656944,50,1,2,25:-42,,0.167
2600058024,Cacimba de Areia,-7.1275,-37.156667,50,1,1,21:-4,,0.045
2600058025,Cacimba de Areia,-7.111667,-37.148333,60,1,3,22:-4,,0.037
2600058026,Cacimba de Areia,-7.122222,-37.195,48,1,4,21:-5,,0.077
2600058027,Cacimba de Areia,-7.085,-37.174167,40,1,3,22:-5,,0.075
2600058028,Cacimba de Areia,-7.1575,-37.196389,45,1,4,21:-5,,0.063
2600058029,Cacimba de Areia,-7.104167,-37.141944,50,1,3,22:-4,,0.048
2600058030,Cacimba de Areia,-7.086111,-37.155,60,1,3,22:-4,,0.066
2600058031,Cacimba de Areia,-7.080833,-37.191389,60,1,3,22:-5,,0.111
2600058032,Cacimba de Areia,-7.076389,-37.190278,50,1,1,23:-5,,0.024
2600058033,Cacimba de Areia,-7.137778,-37.148611,50,1,1,21:-4,,0.077
2600058034,Caiçara,-6.619444,-35.470556,30,1,5,34:38,,0.091
2600058036,Caiçara,-6.620833,-35.471389,45,1,5,34:38,,0.067
2600058037,Cajazeiras,-6.895278,-38.481667,58,1,3,27:-38,,0.112
2600058038,Cajazeiras,-6.905833,-38.457222,50,1,4,27:-37,,0.063
2600058039,Cajazeiras,-6.957222,-38.565,45,1,4,26:-40,,0.074
2600058040,Cajazeiras,-7.002222,-38.534722,50,1,4,24:-39,,0.04
2600058041,Cajazeiras,-6.878611,-38.521944,40,1,4,28:-39,,0.112
2600058042,Cajazeiras,-6.960278,-38.535,50,1,3,25:-39,,0.081
2600058043,Cajazeiras,-6.882222,-38.491667,50,1,3,27:-38,,0.11
2600058044,Cajazeiras,-6.910833,-38.569444,50,1,1,27:-40,,0.093
2600058045,Cajazeiras,-6.896944,-38.522222,45,1,4,27:-39,,0.1
2600058046,Cajazeiras,-6.839444,-38.544167,50,1,2,29:-39,,0.062
2600058047,Cajazeiras,-6.854167,-38.623056,45,1,2,28:-41,,0.08
2600058048,Cajazeiras,-6.898333,-38.531944,50,1,4,27:-39,,0.321
2600058049,Cajazeiras,-6.890833,-38.485,60,1,3,27:-38,,0.12
2600058050,Cajazeiras,-6.889722,-38.561944,60,1,1,27:-40,,0.04
2600058051,Cajazeiras,-6.879444,-38.546667,60,1,4,28:-39,,0.076
2600058052,Cajazeiras,-6.899167,-38.564722,40,1,1,27:-40,,0.069
2600058053,Cajazeiras,-6.896389,-38.578611,45,1,1,27:-40,,0.357
2600058054,Cajazeiras,-6.893056,-38.564167,50,1,1,27:-40,,0.04
2600058055,Cajazeiras,-6.889722,-38.561111,50,1,1,27:-40,,0.066
2600058056,Cajazeiras,-6.905556,-38.457222,60,1,4,27:-37,,0.043
2600058057,Cajazeiras,-6.820833,-38.4675,50,1,1,29:-37,,0.051
2600058058,Cajazeiras,-6.915278,-38.482778,50,1,3,27:-38,,0.041
2600058059,Cajazeiras,-6.885,-38.554722,50,1,4,27:-39,,0.113
2600058060,Cajazeiras,-6.861667,-38.525833,40,1,4,28:-39,,0.098
2600058061,Cajazeiras,-6.895833,-38.529722,45,1,4,27:-39,,0.076
2600058062,Cajazeiras,-6.924167,-38.443611,45,1,1,26:-37,,0.067
2600058063,Cajazeiras,-6.939167,-38.504167,50,1,5,26:-38,,0.075
2600058064,Cajazeiras,-6.982222,-38.538889,50,1,3,25:-39,,0.121
2600058065,Cajazeiras,-6.863056,-38.536667,45,1,4,28:-39,,0.059
2600058066,Cajazeiras,-6.911111,-38.569444,60,1,1,27:-40,,0.072
2600058067,Cajazeiras,-6.830278,-38.608333,50,1,1,29:-41,,0.083
2600058068,Cajazeiras,-6.889722,-38.5875,30,1,1,27:-40,,0.08
2600058069,Cajazeiras,-6.978056,-38.623333,50,1,2,25:-41,,0.066
2600058070,Cajazeiras,-6.915278,-38.571389,40,1,1,27:-40,,0.101
2600058071,Cajazeiras,-6.881667,-38.556111,50,1,4,27:-39,,0.091
2600058072,Cajazeiras,-6.927222,-38.561667,50,1,4,26:-40,,0.076
2600058073,Cajazeiras,-6.926944,-38.562778,30,1,4,26:-40,,0.067
2600058074,Cajazeiras,-6.925556,-38.562222,40,1,4,26:-40,,0.083
2600058075,Cajazeiras,-6.952778,-38.501944,50,1,5,26:-38,,0.062
2600058076,Camalaú,-7.876389,-36.674167,40,1,5,3:8,,0.077
2600058077,Camalaú,-7.840278,-36.695278,50,1,5,3:7,,0.059
2600058079,Camalaú,-7.939444,-36.895,60,1,1,1:2,,0.125
2600058080,Camalaú,-7.940833,-36.895,50,1,1,1:2,,0.059
2600058081,Camalaú,-7.942778,-36.896111,50,1,1,1:2,,0.05
2600058082,Camalaú,-7.909722,-36.708056,50,1,5,2:7,,0.102
2600058083,Camalaú,-7.889167,-36.823611,50,1,1,2:4,,0.058
2600058084,Camalaú,-7.844167,-36.775833,50,1,3,3:5,,0.107
2600058085,Camalaú,-7.910833,-36.709167,40,1,5,2:7,,0.125
2600058086,Camalaú,-7.841944,-36.775,50,1,3,3:5,,0.053
2600058087,Camalaú,-7.859722,-36.818056,50,1,2,3:4,,0.093
2600058088,Camalaú,-7.976944,-36.909722,40,1,5,0:2,,0.077
2600058089,Camalaú,-7.976389,-36.909722,50,1,5,0:2,,0.059
2600058090,Camalaú,-7.954444,-36.911389,60,1,1,1:2,,0.041
2600058091,Camalaú,-7.886667,-36.823056,50,1,1,2:4,,0.091
2600058092,Camalaú,-7.876667,-36.802778,50,1,2,3:4,,0.182
2600058093,Camalaú,-7.843056,-36.738333,36,1,1,3:6,,0.067
2600058097,Campina Grande,-7.278056,-36.054167,50,1,4,18:23,,0.056
2600058098,Campina Grande,-7.289722,-36.059167,60,1,1,17:23,,0.074
2600058099,Campina Grande,-7.274444,-36.046389,40,1,4,18:23,,0.125
2600058100,Campina Grande,-7.275,-36.046944,50,1,4,18:23,,0.045
2600058101,Campina Grande,-7.275833,-36.112222,60,1,2,18:22,,0.118
2600058102,Campina Grande,-7.276389,-36.1125,50,1,2,18:22,,0.042
2600058103,Campina Grande,-7.275833,-36.113611,50,1,2,18:22,,0.091
2600058104,Campina Grande,-7.3525,-36.089444,50,1,2,16:22,,0.067
2600058105,Campina Grande,-7.340556,-36.0925,40,1,2,16:22,,0.182
2600058106,Campina Grande,-7.296944,-36.108056,60,1,5,17:22,,0.133
2600058107,Campina Grande,-7.196389,-36.065556,45,1,5,20:23,,0.063
2600058108,Campina Grande,-7.278333,-36.114722,40,1,2,18:22,,0.071
2600058109,Campina Grande,-7.311111,-36.095,30,1,5,17:22,,0.082
2600058110,Campina Grande,-7.355,-36.044722,40,1,1,16:23,,0.071
2600058111,Boa Vista,-7.169444,-36.094167,50,1,1,20:22,,0.116
2600058112,Campina Grande,-7.195833,-36.053611,40,1,5,20:23,,0.077
2600058113,Campina Grande,-7.276389,-36.022222,50,1,1,18:24,,0.056
2600058114,Campina Grande,-7.184444,-36.015833,60,1,1,20:24,,0.087
2600058115,Campina Grande,-7.3125,-36.063056,30,1,1,17:23,,0.053
2600058116,Campina Grande,-7.341111,-36.046389,30,1,1,16:23,,0.167
2600058117,Campina Grande,-7.274167,-36.071667,50,1,4,18:23,,0.048
2600058118,Campina Grande,-7.26,-35.913333,30,1,3,18:27,,0.063
2600058119,Campina Grande,-7.273056,-35.911667,45,1,3,18:27,,0.091
2600058120,Campina Grande,-7.259167,-35.858056,50,1,2,18:28,,0.059
2600058121,Campina Grande,-7.32,-36.046389,35,1,1,16:23,,0.09
2600058122,Campina Grande,-7.260556,-35.859167,28,1,2,18:28,,0.063
2600058123,Campina Grande,-7.344167,-36.065278,60,1,1,16:23,,0.105
2600058124,Campina Grande,-7.315556,-36.096111,30,1,5,17:22,,0.091
2600058125,Campina Grande,-7.169167,-36.0875,40,1,1,20:22,,0.1
2600058126,Campina Grande,-7.23,-35.866944,50,1,2,19:28,,0.063
2600058127,Campina Grande,-7.230556,-35.8675,45,1,2,19:28,,0.056
2600058128,Campina Grande,-7.279167,-36.053333,40,1,4,18:23,,0.25
2600058129,Campina Grande,-7.278611,-36.031389,50,1,1,18:24,,0.1
2600058130,Campina Grande,-7.275,-35.858889,40,1,2,18:28,,0.125
2600058131,Campina Grande,-7.271667,-35.958889,50,1,4,18:26,,0.056
2600058132,Queimadas,-7.306111,-35.958333,40,1,4,17:26,,0.057
2600058133,Campina Grande,-7.357222,-36.046944,40,1,1,16:23,,0.111
2600058134,Boa Vista,-7.169167,-36.094167,25,1,1,20:22,,0.111
2600058304,Caraúbas,-7.724444,-36.486111,60,1,1,6:12,,0.048
2600058305,Caraúbas,-7.745833,-36.480278,45,1,1,6:12,,0.053
2600058306,Caraúbas,-7.804167,-36.498056,40,1,5,4:12,,0.039
2600058307,Caraúbas,-7.779444,-36.458611,50,1,2,5:13,,0.034
2600058308,Caraúbas,-7.870556,-36.455,50,1,2,3:13,,0.143
2600058309,Caraúbas,-7.7925,-36.461667,30,1,2,5:13,,0.091
2600058310,Caraúbas,-7.781944,-36.4325,30,1,3,5:14,,0.1
2600058311,Caraúbas,-7.904722,-36.475556,40,1,1,2:13,,0.037
2600058312,Caraúbas,-7.806944,-36.542778,50,1,1,4:11,,0.056
2600058313,Caraúbas,-7.789444,-36.448611,45,1,2,5:13,,0.063
2600058314,Caraúbas,-7.868333,-36.496111,50,1,1,3:12,,0.048
2600058315,Caraúbas,-7.66,-36.455278,30,1,5,8:13,,0.071
2600058316,Caraúbas,-7.750833,-36.4675,30,1,2,6:13,,0.2
2600058317,Caraúbas,-7.860556,-36.506389,40,1,1,3:12,,0.074
2600058318,Caraúbas,-7.893333,-36.470833,50,1,1,2:13,,0.07
2600058319,Caraúbas,-7.894444,-36.471389,60,1,1,2:13,,0.063
2600058320,Caraúbas,-7.793056,-36.4125,50,1,3,5:14,,0.133
2600058321,Caraúbas,-7.860556,-36.506111,50,1,1,3:12,,0.067
2600058322,Caraúbas,-7.72,-36.524167,50,1,4,7:11,,0.043
2600058323,Caraúbas,-7.905278,-36.476111,60,1,1,2:13,,0.017
2600058324,Caraúbas,-7.884167,-36.548611,50,1,2,2:11,,0.038
2600058325,Caraúbas,-7.774722,-36.507222,60,1,4,5:12,,0.038
2600058326,Caraúbas,-7.731667,-36.514444,50,1,1,6:12,,0.067
2600058327,Caraúbas,-7.732778,-36.513889,60,1,1,6:12,,0.027
2600058328,Carrapateira,-7.039167,-38.346111,50,1,3,24:-34,,0.1
2600058329,Carrapateira,-7.040833,-38.346389,50,1,5,23:-34,,0.114
2600058330,Carrapateira,-7.023611,-38.3375,60,1,3,24:-34,,0.08
2600058331,Carrapateira,-7.043056,-38.323889,50,1,5,23:-34,,0.067
2600058332,Carrapateira,-7.036667,-38.358056,50,1,3,24:-34,,0.102
2600058333,Carrapateira,-7.038333,-38.346667,45,1,3,24:-34,,0.2
2600058334,Carrapateira,-7.037222,-38.343333,50,1,3,24:-34,,0.091
2600058335,Carrapateira,-7.023889,-38.335278,60,1,3,24:-34,,0.105
2600058336,Catingueira,-7.209167,-37.667222,50,1,4,19:-17,,0.048
2600058337,Catingueira,-7.172778,-37.647778,40,1,1,20:-17,,0.091
2600058338,Catingueira,-7.121944,-37.608333,60,1,1,21:-16,,0.125
2600058339,Catingueira,-7.078611,-37.672778,40,1,4,23:-17,,0.091
2600058340,Catingueira,-7.127222,-37.605,60,1,1,21:-16,,0.111
2600058341,Catingueira,-7.119167,-37.607778,45,1,3,22:-16,,0.135
2600058342,Catingueira,-7.122222,-37.609444,50,1,1,21:-16,,0.045
2600058343,Catingueira,-7.001111,-37.544722,50,1,3,24:-14,,0.077
2600058344,Catingueira,-7.118056,-37.610278,45,1,3,22:-16,,0.067
2600058345,Catingueira,-7.136944,-37.601667,60,1,1,21:-16,,0.154
2600058346,Catingueira,-7.057222,-37.562778,40,1,1,23:-15,,0.071
2600058347,Catingueira,-7.201667,-37.5925,50,1,3,19:-15,,0.125
2600058348,Catingueira,-7.172778,-37.639722,40,1,1,20:-16,,0.091
2600058349,Catingueira,-7.127222,-37.606667,50,1,1,21:-16,,0.123
2600058350,Catingueira,-7.076111,-37.579722,60,1,1,23:-15,,0.238
2600058351,Conceição,-7.343889,-38.548889,50,1,2,16:-39,,0.053
2600058352,Conceição,-7.561389,-38.511667,40,1,2,10:-38,,0.05
2600058353,Conceição,-7.5325,-38.565556,50,1,4,11:-40,,0.182
2600058354,Conceição,-7.548611,-38.486111,50,1,2,11:-38,,0.063
2600058355,Conceição,-7.5225,-38.526944,40,1,3,11:-39,,0.079
2600058356,Conceição,-7.532222,-38.563889,50,1,4,11:-40,,0.2
2600058357,Conceição,-7.530556,-38.563889,60,1,4,11:-40,,0.182
2600058358,Conceição,-7.553056,-38.498611,60,1,2,11:-38,,0.222
2600058359,Conceição,-7.544444,-38.569444,40,1,4,11:-40,,0.111
2600058360,Conceição,-7.554167,-38.456944,50,1,5,11:-37,,0.033
2600058361,Conceição,-7.552778,-38.4575,50,1,5,11:-37,,0.105
2600058362,Conceição,-7.551667,-38.531944,60,1,3,11:-39,,0.083
2600058363,Conceição,-7.586111,-38.4525,50,1,1,10:-37,,0.077
2600058364,Conceição,-7.581667,-38.500833,50,1,2,10:-38,,0.063
2600058365,Conceição,-7.586389,-38.452778,40,1,1,10:-37,,0.182
2600058366,Conceição,-7.552778,-38.5025,60,1,2,11:-38,,0.095
2600058367,Conceição,-7.586667,-38.568056,60,1,2,10:-40,,0.169
2600058368,Conceição,-7.543056,-38.543889,50,1,3,11:-39,,0.071
2600058369,Conceição,-7.535,-38.568611,40,1,4,11:-40,,0.03
2600058370,Conceição,-7.570278,-38.56,40,1,2,10:-40,,0.059
2600058371,Conceição,-7.543333,-38.543889,60,1,3,11:-39,,0.111
2600058372,Conceição,-7.364444,-38.436111,40,1,2,15:-36,,0.132
2600058373,Conceição,-7.5625,-38.5075,50,1,2,10:-38,,0.143
2600058374,Conceição,-7.4625,-38.510278,60,1,3,13:-38,,0.182
2600058375,Santana de Mangueira,-7.547222,-38.362778,50,1,5,11:-35,,0.105
2600058376,Conceição,-7.544444,-38.444444,40,1,5,11:-37,,0.077
2600058377,Conceição,-7.545556,-38.455,60,1,5,11:-37,,0.136
2600058378,Conceição,-7.552222,-38.462778,50,1,5,11:-37,,0.045
2600058799,Condado,-6.938056,-37.637778,48,1,4,26:-16,,0.125
2600058800,Condado,-6.942778,-37.596944,40,1,4,26:-15,,0.083
2600058801,Condado,-6.946111,-37.594444,30,1,4,26:-15,,0.083
2600058802,Condado,-6.936111,-37.6375,60,1,4,26:-16,,0.143
2600058803,Condado,-6.949444,-37.596667,50,1,4,26:-15,,0.033
2600058804,Condado,-6.797222,-37.602778,40,1,3,30:-16,,0.171
2600058805,Condado,-6.871389,-37.585,50,1,4,28:-15,,0.038
2600058806,Condado,-6.936667,-37.593889,60,1,4,26:-15,,0.199
2600058807,Condado,-6.899444,-37.602778,50,1,4,27:-16,,0.25
2600058808,Condado,-6.948333,-37.596111,40,1,4,26:-15,,0.143
2600058809,Condado,-6.939167,-37.638611,60,1,4,26:-16,,0.154
2600058810,Condado,-6.8925,-37.607222,50,1,4,27:-16,,0.112
2600058815,Conde,-7.298056,-34.807222,160,1,3,17:54,,1
