id,municipality,latitude,longitude,depth_m,label,fold,group,ce_us_cm
2600000608,Poço de José de Moura,-6.624166,-38.524166,33,0,3,34:-39,750
2600000612,São João do Rio do Peixe,-6.679166,-38.501111,42,0,2,33:-38,710
2600000613,Poço de José de Moura,-6.588055,-38.523333,37,0,1,35:-39,672
2600000615,Poço de José de Moura,-6.559166,-38.528888,18,0,5,36:-39,2130
2600000618,Poço de José de Moura,-6.608055,-38.524444,35,0,3,34:-39,967
2600000623,São João do Rio do Peixe,-6.718333,-38.463056,50,0,3,32:-37,2910
2600000634,São João do Rio do Peixe,-6.821944,-38.412777,50,0,2,29:-36,1144
2600000635,Poço de José de Moura,-6.606666,-38.477777,52,0,1,34:-37,1421
2600000641,Poço de José de Moura,-6.579166,-38.488055,50,0,1,35:-38,1558
2600000668,Poço de José de Moura,-6.653055,-38.483611,21,0,2,33:-38,1419
2600000670,Triunfo,-6.6625,-38.503888,50,0,2,33:-38,1665
2600001641,Cajazeirinhas,-6.981111,-37.914166,50,0,2,25:-23,703
2600001652,Pombal,-6.869166,-37.875,45,0,1,28:-22,1555
2600002265,Uiraúna,-6.458056,-38.442222,30,0,2,38:-37,317
2600002283,Joca Claudino,-6.489722,-38.489444,43.7,1,5,37:-38,3590
2600002285,Joca Claudino,-6.447777,-38.485277,50,0,2,38:-38,1174
2600003205,Gurjão,-7.258611,-36.486111,17,1,4,18:12,3310
2600003206,Gurjão,-7.213888,-36.427777,18,1,2,19:14,8620
2600003212,Boa Vista,-7.2175,-36.330555,45,1,1,19:16,14780
2600003213,Soledade,-7.165555,-36.305277,43,1,5,20:17,24200
2600003214,Boa Vista,-7.203888,-36.317777,60,1,5,19:17,10360
2600003215,Soledade,-7.121944,-36.380277,36,1,5,21:15,3960
2600003216,Soledade,-7.1725,-36.417222,15,1,1,20:14,3999
2600003217,Soledade,-7.135555,-36.316388,40,1,3,21:17,6999
2600003218,Soledade,-7.138888,-36.341944,34,1,1,21:16,3460
2600003220,Soledade,-7.178055,-36.395555,32,1,1,20:15,6160
2600003222,Soledade,-7.02,-36.479722,50,1,2,24:13,18500
2600003225,Soledade,-7.11,-36.361944,60,1,4,22:15,12600
2600003230,Soledade,-7.055833,-36.360277,35,0,4,23:15,1667
2600003231,Soledade,-7.125,-36.455,40,1,1,21:13,4550
2600003236,Soledade,-7.099722,-36.372222,54,1,4,22:15,8590
2600003237,Soledade,-7.033611,-36.424444,60,1,2,24:14,5870
2600003238,Soledade,-7.146944,-36.261111,66,1,1,21:18,17880
2600003239,Soledade,-7.064722,-36.447222,51,1,1,23:13,6160
2600003242,Soledade,-7.180555,-36.481666,32.5,1,2,20:12,25700
2600003249,Soledade,-7.031666,-36.398888,32,1,1,24:15,13360
2600003253,Olivedos,-7.092777,-36.276388,26,1,1,22:18,25300
2600003254,Soledade,-7.158055,-36.359444,17,0,1,21:16,2540
2600003262,Soledade,-7.1075,-36.307777,78,1,4,22:17,5830
2600003269,São João do Cariri,-7.3075,-36.390555,47,1,2,17:15,3280
2600003280,Soledade,-7.180833,-36.459722,50,1,3,20:13,10000
2600003281,Soledade,-7.181111,-36.240555,49,1,4,20:18,5530
2600003282,Soledade,-7.008611,-36.457222,48,1,2,24:13,22220
2600003283,Soledade,-7.170833,-36.416666,69,1,1,20:14,6670
2600003287,Cabaceiras,-7.405277,-36.237222,53,1,5,14:19,3564.04
2600003308,Campina Grande,-7.269444,-36.101666,50,1,3,18:22,17543.86
2600003312,Pocinhos,-7.076388,-36.059444,52,0,4,23:23,909.09
2600003317,Gurjão,-7.234722,-36.448055,50,1,2,19:13,5000
2600003318,Soledade,-7.187222,-36.479444,30,1,3,20:13,6000.24
2600003319,Gurjão,-7.228055,-36.454166,42.4,0,2,19:13,1234
2600003320,Gurjão,-7.213333,-36.428888,50,1,2,19:14,6000.24
2600003321,Juazeirinho,-7.024444,-36.499444,50,0,1,24:12,1630.01
2600003322,Boa Vista,-7.246944,-36.1325,40,1,4,18:21,16000
2600003323,Campina Grande,-7.268888,-36.1,50,1,3,18:22,30003
2600003326,Soledade,-7.199444,-36.225,40,1,4,20:19,10800.3
2600003327,Boa Vista,-7.2175,-36.233333,50,1,4,19:19,10800
2600003328,Boa Vista,-7.356388,-36.233333,40,1,3,16:19,8000.2
2600003329,Campina Grande,-7.351666,-36.088888,48,0,3,16:22,2000
2600003330,Boa Vista,-7.323888,-36.259166,40,1,4,16:18,3200
2600003331,Campina Grande,-7.34,-36.091944,33,0,3,16:22,2500
2600003332,Campina Grande,-7.283333,-36.095833,50,1,4,17:22,7000.35
2600003334,Boa Vista,-7.255,-36.120277,50,1,4,18:21,14001.68
2600003335,Cabaceiras,-7.406666,-36.319444,40,1,4,14:17,7000.35
2600003336,Boqueirão,-7.442777,-36.221388,50,1,5,13:19,11001.1
2600003337,Cabaceiras,-7.373055,-36.215555,40,1,3,15:19,6000.24
2600003338,Cabaceiras,-7.436944,-36.278888,50,1,1,14:18,5500.25
2600003339,Cabaceiras,-7.486111,-36.251944,50,0,1,12:18,2400.04
2600003340,Cabaceiras,-7.460833,-36.260277,42,1,5,13:18,9000.09
2600003341,São Domingos do Cariri,-7.498888,-36.406111,30,1,3,12:14,9501.18
2600003342,Cabaceiras,-7.468055,-36.3225,40,1,5,13:16,3700
2600003343,Cabaceiras,-7.481944,-36.281111,8,0,3,12:17,1250
2600003344,Caturité,-7.381666,-36.1,40,0,3,15:22,145.01
2600003345,Boqueirão,-7.45,-36.202777,50,1,5,13:19,7100.26
2600003346,Soledade,-7.156111,-36.297777,50,1,3,21:17,12500
2600003347,Soledade,-7.147222,-36.231388,50,1,2,21:19,22300
2600003348,Soledade,-7.191111,-36.425555,40,1,1,20:14,15001.5
2600003349,Soledade,-7.164166,-36.413888,45,0,1,20:14,1410.02
2600003350,Soledade,-7.076111,-36.39,50,1,4,23:15,6670
2600003351,Soledade,-7.103611,-36.3775,50,1,4,22:15,6700
2600003352,Soledade,-7.087777,-36.397222,30,1,4,22:15,21500.75
2600003353,Soledade,-7.036666,-36.331111,50,0,3,24:16,900
2600003354,São João do Cariri,-7.425,-36.459444,50,1,1,14:13,4000
2600003355,Pocinhos,-7.141944,-36.1875,50,1,5,21:20,19011.4
2600003356,Pocinhos,-7.136944,-36.040833,50,1,1,21:23,16000
2600003357,Pocinhos,-7.0225,-36.052777,60,1,1,24:23,26041.66
2600003358,Pocinhos,-7.073888,-36.064722,50,0,4,23:23,500
2600003359,Pocinhos,-7.094722,-36.123055,50,1,4,22:21,38022.81
2600003364,Alcantil,-7.703611,-36.061388,30,1,1,7:23,8500
2600003366,Barra de São Miguel,-7.693055,-36.184166,27,1,4,7:20,7692.3
2600003369,Boqueirão,-7.645555,-36.195833,17,1,2,8:20,7692.3
2600003382,Riacho de Santo Antônio,-7.669444,-36.165833,25,1,2,8:20,10900
2600003387,Alcantil,-7.672222,-36.037222,43,1,4,8:24,15490
2600003388,Boqueirão,-7.608888,-36.156388,50,0,2,9:21,496.1
2600003397,Riacho de Santo Antônio,-7.650555,-36.151944,35,1,5,8:21,9090.9
2600003398,Alcantil,-7.621111,-36.036111,28,1,1,9:24,4000
2600003400,Boqueirão,-7.4775,-36.131944,36,1,3,13:21,8333.33
2600003402,Barra de Santana,-7.573888,-36.102222,42,0,5,10:22,2857.14
2600003612,Boqueirão,-7.538888,-36.169166,28,1,3,11:20,8333.33
2600003616,Barra de Santana,-7.595277,-36.018611,30,0,5,10:24,2500
2600003645,Alcantil,-7.708333,-36.036944,25,1,1,7:24,10460
2600003646,Boqueirão,-7.543888,-36.211944,15.5,0,4,11:19,2857.11
2600003647,São Domingos do Cariri,-7.5925,-36.426111,48,0,5,10:14,2222
2600003649,São Domingos do Cariri,-7.628611,-36.395277,40,0,3,9:15,1300
2600003650,São Domingos do Cariri,-7.586944,-36.393611,40,1,1,10:15,4200.09
2600003651,São Domingos do Cariri,-7.668055,-36.365833,50,1,1,8:15,3800.11
2600003654,São Domingos do Cariri,-7.5425,-36.366666,60,0,1,11:15,1314
2600003655,Cabaceiras,-7.531666,-36.362222,30,0,1,11:15,2200.02
2600003656,Barra de São Miguel,-7.676388,-36.403611,40,1,5,8:14,5400.15
2600003657,Cabaceiras,-7.501666,-36.341111,21,0,5,12:16,2478
2600003658,São Domingos do Cariri,-7.641944,-36.396944,50,1,1,8:15,5580
2600003664,São Domingos do Cariri,-7.6725,-36.434722,50,1,5,8:14,3800.11
2600003665,Barra de São Miguel,-7.698333,-36.424722,53,1,3,7:14,8910.27
2600003667,São Domingos do Cariri,-7.650277,-36.431388,40,0,5,8:14,600
2600003669,São Domingos do Cariri,-7.644444,-36.435833,30,0,5,8:14,2272.72
2600003672,São Domingos do Cariri,-7.638611,-36.41,40,0,1,9:14,2857.14
2600003674,São Domingos do Cariri,-7.516388,-36.384166,31,1,3,12:15,3448.27
2600003675,São João do Cariri,-7.578888,-36.484166,32,1,1,10:12,5882.35
2600003676,São João do Cariri,-7.577222,-36.497222,30,1,1,10:12,7410
2600003678,São João do Cariri,-7.549444,-36.491388,22,1,4,11:12,7740
2600003680,Caraúbas,-7.772222,-36.415277,27,1,2,5:14,6500
2600003685,São João do Cariri,-7.631944,-36.498333,40,1,5,9:12,14005.6
2600003686,Caraúbas,-7.659166,-36.460555,40,1,4,8:13,4562.04
2600003694,Caraúbas,-7.769722,-36.413888,26,0,2,5:14,1123.59
2600003695,São João do Cariri,-7.503333,-36.456944,22,0,5,12:13,2173.91
2600003698,Caraúbas,-7.744722,-36.479722,50,1,3,6:13,7142.86
2600003755,Barra de São Miguel,-7.768888,-36.180555,60,1,3,5:20,13860
2600003766,Barra de São Miguel,-7.688888,-36.222222,25,1,4,7:19,10000
2600003771,Barra de São Miguel,-7.715555,-36.279166,48,0,2,7:18,1428.57
2600003776,Barra de São Miguel,-7.799444,-36.290833,14,1,4,5:17,4761.9
2600003777,Barra de São Miguel,-7.765555,-36.365,24,0,1,5:15,1112
2600003786,Barra de São Miguel,-7.727777,-36.280555,32,1,1,6:17,5555.55
2600003801,Barra de São Miguel,-7.768055,-36.333333,26,1,1,5:16,8500
2600003808,Barra de São Miguel,-7.6325,-36.363888,45,0,3,9:15,2083
2600003809,Barra de São Miguel,-7.71,-36.289722,22,1,5,7:17,5555.55
2600003810,Barra de São Miguel,-7.797222,-36.369444,27,0,1,5:15,2222.22
2600003811,Barra de São Miguel,-7.738333,-36.378333,30,1,1,6:15,19950
2600003814,Barra de São Miguel,-7.775,-36.2875,40,1,4,5:17,3200
2600003818,Barra de São Miguel,-7.725,-36.363888,30,1,1,6:15,16000
2600003822,Barra de São Miguel,-7.680555,-36.353888,50,1,1,7:16,3333.33
2600003831,Barra de São Miguel,-7.788888,-36.36,32,0,1,5:16,800
2600003833,Barra de São Miguel,-7.797777,-36.324722,20,1,1,5:16,6250
2600003838,Barra de São Miguel,-7.750555,-36.189722,28,1,3,6:20,6666.66
2600003845,Barra de São Miguel,-7.591666,-36.281388,16,0,4,10:17,2857.14
2600003846,Barra de São Miguel,-7.597222,-36.293333,51,0,4,10:17,2440
2600003852,Barra de São Miguel,-7.752222,-36.3175,8.87,1,1,6:17,3571.43
2600003853,Barra de São Miguel,-7.752222,-36.3175,60,1,1,6:17,6870
2600003856,Barra de São Miguel,-7.624166,-36.313611,24.5,1,3,9:17,8333.33
2600003867,Barra de São Miguel,-7.781666,-36.185,20,1,3,5:20,6666.66
2600003871,Barra de São Miguel,-7.685,-36.322222,24,0,1,7:16,2941.17
2600003872,Barra de São Miguel,-7.745555,-36.264444,40,1,5,6:18,4347.83
2600003873,Barra de São Miguel,-7.660277,-36.271111,21,0,1,8:18,2857.14
2600004663,Sossêgo,-6.768888,-36.252777,60,1,3,30:18,7266
2600004703,Lagoa Seca,-7.136111,-35.833333,60,0,3,21:29,1646.09
2600004706,Monteiro,-7.831666,-36.963611,60,1,5,4:0,7000
2600004718,Pedra Lavrada,-6.753055,-36.373333,60,0,3,31:15,2249.72
2600004719,Pedra Lavrada,-6.746944,-36.415277,60,1,1,31:14,3410
2600004723,Pilar,-7.24,-35.255555,53.8,0,4,18:43,1234.56
2600004726,Pilar,-7.298889,-35.301667,55,0,2,17:42,983
2600004727,Pilar,-7.305277,-35.264444,56.5,0,3,17:43,2444.98
2600004742,Taperoá,-7.182222,-36.821111,25,0,5,20:4,875.6
2600004744,Sumé,-7.797222,-36.954166,21.1,0,3,5:1,980
2600004754,São João do Cariri,-7.488611,-36.534166,31,0,1,12:11,646
2600004759,Gurjão,-7.323055,-36.516111,20,0,1,16:12,2750
2600004762,Soledade,-7.15,-36.361111,17.1,0,5,21:15,67
2600004764,Gurjão,-7.246111,-36.565,21.6,1,5,18:10,9600
2600004767,Campina Grande,-7.337777,-36.027777,13.3,0,1,16:24,117
2600004780,Soledade,-7.058333,-36.425,31,0,2,23:14,140.4
2600005176,Monteiro,-7.901388,-37.118333,51,1,2,2:-3,3080
2600005178,Monteiro,-7.7975,-37.132222,40,1,1,5:-4,6410
2600005181,Monteiro,-7.895555,-37.130555,34,0,4,2:-4,1923
2600005182,Monteiro,-7.841944,-37.020833,45,0,1,3:-1,1375
2600005183,Monteiro,-7.836388,-37.182222,36,0,1,4:-5,1017
2600005184,Monteiro,-7.879166,-37.162777,50,0,3,3:-5,2140
2600005185,Monteiro,-8.006944,-37.097222,50,1,2,-1:-3,3050
2600005186,Monteiro,-7.904444,-37.204166,50,0,3,2:-6,1321
2600005187,Monteiro,-7.906666,-37.198333,51,0,5,2:-5,1651
2600005188,Monteiro,-7.895833,-37.115833,37,0,2,2:-3,2580
2600005189,Monteiro,-7.918611,-37.168888,35,1,5,2:-5,5720
2600005191,Monteiro,-7.935833,-37.197222,30,1,4,1:-5,4330
2600005192,Camalaú,-7.834722,-36.954722,34,0,1,4:1,2440
2600005195,Monteiro,-7.913611,-37.253888,42,0,3,2:-7,1721
2600005197,Monteiro,-7.874722,-36.991388,39,1,4,3:0,12360
2600005201,Congo,-7.872222,-36.641666,30,0,1,3:8,143.52
2600005202,Congo,-7.715,-36.674444,30,0,5,7:8,234
2600005203,Camalaú,-7.889722,-36.823055,30,0,3,2:4,533.5
2600005205,Monteiro,-7.996666,-37.033611,61,0,3,0:-1,1889
2600005206,Monteiro,-7.944166,-37.052222,41,0,1,1:-2,900
2600005207,Camalaú,-7.905277,-36.642222,34,1,1,2:8,8610
2600005208,Monteiro,-7.900277,-37.174444,30,1,5,2:-5,3780
2600005209,São José dos Cordeiros,-7.398888,-36.799166,30,0,4,15:5,200
2600005210,Boa Vista,-7.330277,-36.166666,30,0,3,16:20,2000
2600005211,São José dos Cordeiros,-7.382222,-36.771944,50,0,4,15:5,382.4
2600005212,Livramento,-7.361666,-36.940277,50,0,4,15:1,2000
2600005216,Gurjão,-7.246666,-36.486944,40,0,4,18:12,2000
2600005217,Parari,-7.323888,-36.613888,40,0,5,16:9,596
2600005218,Santo André,-7.2125,-36.575833,40,0,5,19:10,2000
2600005219,Taperoá,-7.283055,-36.748333,50,0,1,17:6,2000
2600005220,São José dos Cordeiros,-7.423888,-36.785833,50,0,2,14:5,562
2600005221,São José dos Cordeiros,-7.451388,-36.806111,50,0,4,13:4,424
2600005222,Livramento,-7.333611,-36.766666,50,0,4,16:5,186.7
2600005223,São José dos Cordeiros,-7.417222,-36.750833,42,0,5,14:6,65.4
2600005224,Taperoá,-7.224444,-36.791666,36,0,5,19:5,68.4
2600005225,São José dos Cordeiros,-7.383611,-36.850833,56,0,1,15:3,66.3
2600005226,Livramento,-7.35,-36.933888,40,0,5,16:1,369.4
2600005228,Taperoá,-7.2675,-36.908333,23,0,5,18:2,337.8
2600005229,Taperoá,-7.184444,-36.808888,50,0,5,20:4,424.2
2600005230,Catingueira,-7.213889,-37.613333,60,0,2,19:-16,72.2
2600005231,Santa Inês,-7.629444,-38.595,30,0,2,9:-40,1265.8
2600005235,Boqueirão,-7.552777,-36.141666,21.45,0,2,11:21,116
2600005237,Boa Vista,-7.225,-36.170833,17,0,2,19:20,257.4
2600005241,Alcantil,-7.602222,-36.018055,35,0,1,9:24,300
2600005243,Caraúbas,-7.841666,-36.441666,40,0,3,3:13,300
2600005244,Caraúbas,-7.720833,-36.470833,32.5,0,3,6:13,175
2600005271,Taperoá,-7.208333,-36.825,36,0,4,19:4,700
2600005272,Monteiro,-7.883888,-37.126944,43,1,4,2:-4,3440
2600005281,Soledade,-7.170555,-36.414166,14,1,1,20:14,8650
2600005286,Cuité,-6.583333,-36.083333,41,0,5,35:22,1228
2600005305,Santo André,-7.233333,-36.5625,30.8,0,5,19:10,520
2600005307,Santo André,-7.283333,-36.6,25,0,4,17:9,195
2600005308,Barra de Santa Rosa,-6.716944,-36.120833,36.5,0,5,32:21,130
2600005312,Parari,-7.280555,-36.666666,33,0,2,17:8,2000
2600005314,Assunção,-7.054166,-36.75,43.5,0,3,23:6,180
2600005317,Assunção,-7.098611,-36.720833,25,0,4,22:6,613.5
2600005336,Santa Luzia,-6.873055,-36.99,48,0,5,28:0,2380
2600005337,Pedra Lavrada,-6.775,-36.316666,90,0,3,30:17,250
2600005338,São José do Sabugi,-6.776111,-36.799166,35,0,4,30:5,470
2600005361,Riacho de Santo Antônio,-7.670833,-36.155555,21,0,5,8:21,60
2600005365,Queimadas,-7.445833,-36.016666,66,0,3,13:24,280.8
2600005370,São Vicente do Seridó,-6.915277,-36.45,78,0,4,27:13,244.92
2600005375,Pocinhos,-7.127777,-36.208333,35,0,2,21:19,31.2
2600005380,Sumé,-7.814444,-36.900555,41.5,0,2,4:2,1893
2600005381,Sumé,-7.508333,-36.961111,32,0,3,12:0,2924
2600005389,Junco do Seridó,-6.975,-36.733333,126,0,4,25:6,1100
2600005399,Juazeirinho,-7.0125,-36.563888,51,0,3,24:10,2000
2600005400,Juazeirinho,-7.133333,-36.536111,25,0,3,21:11,485.4
2600005419,Monteiro,-7.853055,-37.159722,33,0,3,3:-4,2120
2600005436,Ouro Velho,-7.616666,-37.175,50,0,4,9:-5,144.7
2600005439,Várzea,-6.771666,-36.990277,40,0,4,30:0,880
2600005448,Monteiro,-7.891666,-37.116666,63,0,2,2:-3,512.4
2600005449,Monteiro,-7.891388,-37.1275,31,0,4,2:-4,292.2
2600005525,Picuí,-6.43,-36.286666,35,1,2,39:17,5120
2600005526,Picuí,-6.666667,-36.278056,36,0,3,33:18,707.6
2600005527,Picuí,-6.555277,-36.306111,39,1,4,36:17,8100
2600005531,Picuí,-6.545833,-36.383333,40,1,3,36:15,6170
2600005534,Picuí,-6.621111,-36.408611,55,1,4,34:14,6070
2600005558,Cuité,-6.61,-36.1525,50,1,5,34:21,21200
2600005561,Cuité,-6.644444,-36.126388,30,1,2,33:21,6000
2600005563,Cuité,-6.648611,-36.155555,31,0,2,33:21,1650
2600005564,Cuité,-6.575,-36.106944,61,0,5,35:22,150
2600005565,Picuí,-6.555,-36.306111,60,1,4,36:17,8270
2600005566,Picuí,-6.583333,-36.338888,60,1,4,35:16,4020
2600005567,Picuí,-6.606944,-36.356944,64,1,3,34:16,7000
2600005568,Picuí,-6.607222,-36.356944,45,0,3,34:16,880
2600005571,Pedra Lavrada,-6.767777,-36.307222,50,1,3,30:17,8670
2600005572,Pedra Lavrada,-6.767777,-36.306944,48,1,3,30:17,5280
2600005591,Diamante,-7.441667,-38.266944,60,0,3,13:-32,2000
2600005602,Boa Vista,-7.266666,-36.138888,12,0,4,18:21,1216
2600005616,Água Branca,-7.516666,-37.641666,32,0,3,12:-17,475
2600005617,Boa Vista,-7.21,-36.316111,27,0,5,19:17,40.56
2600005629,Olivedos,-7.066666,-36.216666,37.3,0,5,23:19,78
2600005646,Catingueira,-7.133333,-37.6,87,0,4,21:-16,1300
2600005656,São José do Bonfim,-7.154166,-37.3,40.2,0,3,21:-8,350
2600005657,Santa Teresinha,-7.091666,-37.375,132,0,3,22:-10,1400
2600005734,São José de Espinharas,-6.759444,-37.393611,20,0,4,31:-10,1680
2600005741,Serra Branca,-7.455555,-36.666666,25,0,2,13:8,1100
2600005793,Boa Vista,-7.333333,-36.233333,33,0,3,16:19,90.48
2600006253,Guarabira,-6.854166,-35.491666,30,0,4,28:37,1000
2600006265,Cabedelo,-7.050278,-34.85,184,0,3,23:53,1300
2600006267,Cabedelo,-7.043889,-34.854167,226,0,3,23:53,1300
2600006268,Cabedelo,-7.041667,-34.853611,174,0,3,23:53,1500
2600006269,Cabedelo,-7.054444,-34.851389,130,0,3,23:53,1400
2600006270,Cabedelo,-7.053333,-34.850556,140,0,3,23:53,1300
2600006271,Cabedelo,-7.05,-34.85,130,0,3,23:53,1800
2600006276,Baía da Traição,-6.6925,-34.934722,42,1,1,32:51,7000
2600006277,Marcação,-6.758333,-35.008333,76,0,5,31:49,2600
2600006279,Rio Tinto,-6.8,-35.054166,114,0,4,30:48,1300
2600006282,Rio Tinto,-6.821666,-35.108333,27.8,1,2,29:47,5000
2600006283,Santa Rita,-6.966666,-34.895833,120,0,5,25:52,2300
2600006288,Araçagi,-6.854166,-35.366666,66,0,2,28:40,850
2600006289,Capim,-6.918888,-35.170833,17.07,0,5,27:45,2800
2600006290,Pilõezinhos,-6.823889,-35.527778,41,0,3,29:36,1500
2600006295,Mataraca,-6.6,-35.044444,49,0,4,35:48,2352.9
2600006381,Gurinhém,-7.200277,-35.416666,40,0,4,19:39,2480
2600006476,Pitimbu,-7.475,-34.813888,51,0,3,13:54,2000
2600006477,Caaporã,-7.5,-34.858333,80,1,3,12:53,12500
2600006478,Caaporã,-7.525,-34.9125,62.5,0,1,11:52,2800
2600006479,Caaporã,-7.525277,-34.9125,104,1,1,11:52,19500
2600006481,Alhandra,-7.441666,-34.916666,36,1,2,13:52,6400
2600006482,Alhandra,-7.441944,-34.916666,107,1,2,13:52,8400
2600006606,Zabelê,-8.121666,-37.133055,48,0,4,-4:-4,851
2600006676,Monteiro,-7.991666,-37.160833,50,0,2,0:-5,591
2600006678,Monteiro,-7.980277,-37.175,50,0,2,0:-5,1352
2600006685,Monteiro,-7.971111,-37.327778,54,0,1,0:-9,2870
2600006686,Monteiro,-7.966944,-37.281111,24,0,3,0:-8,987
2600006687,Monteiro,-7.965555,-37.1825,50,0,2,0:-5,1488
2600006689,Monteiro,-7.948611,-37.279722,45,0,2,1:-7,2270
2600006691,Monteiro,-7.944722,-37.195555,48,1,4,1:-5,8140
2600006692,Monteiro,-7.943055,-37.220555,43,0,3,1:-6,2440
2600006693,Monteiro,-7.938333,-37.233055,25,0,3,1:-6,1884
2600006695,Monteiro,-7.918333,-37.262222,60,0,3,2:-7,2180
2600007073,Alagoa Grande,-7.062222,-35.62,33,0,3,23:34,2670
2600007074,Alagoa Grande,-7.104166,-35.639722,30,0,2,22:34,2870
2600007075,Algodão de Jandaíra,-6.945833,-36.015,45,1,2,26:24,15910
2600007077,Araçagi,-6.8225,-35.385833,39,1,1,29:40,8070
2600007079,Araçagi,-6.826388,-35.416944,42,0,2,29:39,749
2600007080,Araçagi,-6.824166,-35.394444,50,1,1,29:40,8900
2600007082,Arara,-6.857222,-35.732222,42,1,1,28:31,10120
2600007086,Areia,-6.8775,-35.768611,42,1,4,28:30,8920
2600007087,Arara,-6.825277,-35.727777,40,1,4,29:31,8920
2600007089,Arara,-6.854444,-35.806388,50,1,2,28:29,24060
2600007100,Queimadas,-7.498611,-35.944444,50,1,5,12:26,10910
2600007102,Araruna,-6.540833,-35.771944,50,1,1,36:30,11220
2600007103,Araruna,-6.548055,-35.803611,36,1,1,36:29,17930
2600007137,Araruna,-6.551388,-35.766666,50,1,1,36:30,10750
2600007138,Araruna,-6.577777,-35.769722,50,1,5,35:30,8400
2600007139,Araruna,-6.552777,-35.791944,50,1,1,36:30,11950
2600007140,Araruna,-6.553888,-35.786111,50,1,1,36:30,8120
2600007142,Areia,-6.947222,-35.766388,50,0,1,26:30,1060
2600007143,Aroeiras,-7.616388,-35.7275,45,1,1,9:31,11050
2600007144,Aroeiras,-7.511944,-35.615277,37,0,3,12:34,1338
2600007145,Assunção,-7.025555,-36.714166,50,0,2,24:7,1387
2600007147,Cuité,-6.613055,-36.234722,50,1,2,34:19,6650
2600007155,Cacimba de Dentro,-6.638888,-35.791666,50,1,2,34:30,6850
2600007156,Cacimba de Dentro,-6.671944,-35.814722,48,1,5,33:29,3970
2600007158,Barra de Santana,-7.601666,-35.936666,40,1,5,9:26,8110
2600007159,Barra de Santana,-7.580555,-36.0675,40,0,1,10:23,2900
2600007192,Barra de São Miguel,-7.5975,-36.29,50,0,4,10:17,1495
2600007195,Boa Vista,-7.233056,-36.133611,50,1,4,19:21,5670
2600007196,Boa Vista,-7.220277,-36.248333,45,0,5,19:18,1930
2600007197,Boa Vista,-7.26,-36.247777,50,0,3,18:18,1987
2600007198,Cabaceiras,-7.413611,-36.368888,36,1,4,14:15,8790
2600007199,Cabaceiras,-7.3975,-36.282777,45,1,4,15:17,5830
2600007201,Cabaceiras,-7.562777,-36.295277,50,0,4,10:17,2330
2600007202,Cabaceiras,-7.426666,-36.363333,50,1,4,14:15,9450
2600007208,Caiçara,-6.637222,-35.399444,50,1,5,34:40,6010
2600007209,Caiçara,-6.594722,-35.340833,35,1,2,35:41,5790
2600007210,Lagoa de Dentro,-6.620555,-35.334722,42,1,1,34:41,6980
2600007211,Caiçara,-6.6125,-35.410833,34,1,1,34:39,19060
2600007212,Caiçara,-6.636666,-35.489722,50,1,2,34:37,12730
2600007213,Caiçara,-6.636666,-35.422777,50,1,1,34:39,9020
2600007214,Caiçara,-6.605277,-35.390555,50,1,5,34:40,6340
2600007215,Camalaú,-7.909166,-36.7075,37,1,4,2:7,5790
2600007216,São João do Tigre,-7.953055,-36.698611,50,0,3,1:7,1336
2600007217,São João do Tigre,-7.958888,-36.812222,50,1,3,1:4,3190
2600007218,Camalaú,-7.926666,-36.778055,42,1,2,1:5,4540
2600007219,Camalaú,-7.912222,-36.7925,42,1,1,2:5,5630
2600007222,Campina Grande,-7.206666,-36.0175,31,1,3,19:24,7220
2600007227,Caraúbas,-7.732222,-36.515,50,0,4,6:12,2940
2600007250,Cuité,-6.493611,-36.070833,36,0,3,37:23,2110
2600007251,Cuité,-6.522777,-36.061111,42,1,2,36:23,5310
2600007252,Cuité,-6.517222,-35.988611,42,1,1,37:25,9960
2600007253,Cuité,-6.569166,-36.217222,50,1,5,35:19,9240
2600007254,Cuité,-6.629444,-36.185,42,0,1,34:20,1315
2600007255,Cuité,-6.568055,-36.173611,50,1,1,35:20,12200
2600007256,Cuité,-6.569166,-36.1975,50,1,1,35:20,8780
2600007257,Cuité,-6.528333,-36.078055,36,1,2,36:23,9270
2600007260,Casserengue,-6.731944,-35.8675,34,1,1,31:28,9800
2600007262,Casserengue,-6.683611,-35.868888,31,1,5,32:28,7960
2600007263,Caturité,-7.39,-36.086388,50,1,3,15:22,6310
2600007264,Caturité,-7.4575,-36.024722,50,1,3,13:24,5412
2600007265,Caturité,-7.452222,-36.038611,50,0,3,13:24,819
2600007266,Serra Branca,-7.685833,-36.732777,45,0,4,7:6,1958
2600007267,Congo,-7.698055,-36.650277,40,0,5,7:8,2450
2600007268,Cubati,-6.873611,-36.324166,53,1,1,28:16,5030
2600007270,Cubati,-6.861944,-36.301944,50,1,5,28:17,4780
2600007271,Cubati,-6.8925,-36.333055,50,1,5,27:16,9600
2600007274,Cubati,-6.866111,-36.383888,50,1,5,28:15,4320
2600007278,Dona Inês,-6.587777,-35.564722,50,1,5,35:35,3020
2600007279,Dona Inês,-6.570277,-35.565833,50,1,5,35:35,7780
2600007281,Duas Estradas,-6.709444,-35.411111,30,1,5,32:39,13460
2600007291,Caiçara,-6.664166,-35.422777,50,1,3,33:39,9360
2600007292,Duas Estradas,-6.731111,-35.378888,36,1,5,31:40,6910
2600007294,Esperança,-6.981666,-35.9275,50,1,3,25:26,11370
2600007295,Esperança,-7.015833,-35.8875,50,1,3,24:27,12480
2600007296,Duas Estradas,-6.685555,-35.407222,50,1,5,32:39,4220
2600007297,Esperança,-6.991111,-35.880277,50,1,3,25:27,12290
2600007298,Fagundes,-7.357777,-35.791666,45,1,4,16:30,3410
2600007299,Fagundes,-7.364166,-35.784166,24,1,2,15:30,3410
2600007300,Gado Bravo,-7.559166,-35.785833,50,1,3,11:30,4970
2600007301,Gado Bravo,-7.619722,-35.790277,50,0,2,9:30,527
2600007302,Gado Bravo,-7.600833,-35.747777,50,1,1,9:31,13930
2600007303,Barra de Santana,-7.576388,-35.848333,50,1,4,10:28,6520
2600007304,Gado Bravo,-7.608888,-35.874444,50,1,5,9:28,17220
2600007305,Gado Bravo,-7.621666,-35.833055,50,1,4,9:29,6590
2600007310,Gurjão,-7.318333,-36.511111,45,0,5,17:12,2960
2600007322,Guarabira,-6.833055,-35.417777,36,1,2,29:39,3980
2600007349,Guarabira,-6.915555,-35.435,50,1,4,27:39,4990
2600007350,Guarabira,-6.82,-35.427777,40,1,2,29:39,3080
2600007351,Gurinhém,-7.191666,-35.455,42,0,5,20:38,2430
2600007352,Gurinhém,-7.093888,-35.445833,50,1,5,22:38,19470
2600007353,Gurjão,-7.216666,-36.496666,40,0,1,19:12,2810
2600007354,Santo André,-7.26,-36.585555,50,1,5,18:10,5290
2600007355,Mogeiro,-7.213888,-35.506944,50,1,5,19:37,7980
2600007356,Gurinhém,-7.186111,-35.513333,45.5,1,1,20:37,6240
2600007357,Ingá,-7.325555,-35.668333,40,1,1,16:33,4540
2600007358,Ingá,-7.213055,-35.655833,42,0,4,19:33,1526
2600007359,Itabaiana,-7.405,-35.340833,50,1,4,14:41,4470
2600007361,Itatuba,-7.432777,-35.729166,45,1,5,14:31,5660
2600007362,Itatuba,-7.350833,-35.692222,40,1,1,16:32,6150
2600007363,Itatuba,-7.430555,-35.548611,45,1,3,14:36,5900
2600007364,Itatuba,-7.451111,-35.665,45,1,5,13:33,5680
2600007365,Itatuba,-7.398055,-35.541944,32,1,2,15:36,3320
2600007366,Natuba,-7.445833,-35.573888,33,1,5,13:35,4590
2600007367,Juarez Távora,-7.125833,-35.579166,40,1,4,21:35,5830
2600007368,Juazeirinho,-7.090277,-36.588611,45,0,3,22:10,842
2600007370,Juazeirinho,-7.035555,-36.568611,52,0,3,24:10,874
2600007371,Soledade,-7.020277,-36.48,50,0,2,24:13,720
2600007372,Junco do Seridó,-6.972777,-36.775833,50,0,1,25:5,2890
2600007373,Lagoa de Dentro,-6.666944,-35.360277,42,0,2,33:40,1682
2600007374,Lagoa de Dentro,-6.666388,-35.329166,42,0,2,33:41,390
2600007375,Lagoa de Dentro,-6.694444,-35.393611,50,1,2,32:40,11090
2600007376,Lagoa de Dentro,-6.643888,-35.377222,36,1,2,33:40,5710
2600007377,Lagoa de Dentro,-6.705,-35.350833,50,1,1,32:41,6300
2600007378,Lagoa Seca,-7.165555,-35.906666,42,1,5,20:27,3220
2600007379,Livramento,-7.300555,-36.953055,50,1,2,17:1,6390
2600007380,Livramento,-7.344444,-36.916111,50,1,2,16:2,9140
2600007382,Livramento,-7.346111,-36.940833,49,0,5,16:1,1375
2600007385,Caiçara,-6.583888,-35.424166,50,1,2,35:39,8290
2600007401,Massaranduba,-7.19,-35.739444,31,0,3,20:31,752
2600007402,Massaranduba,-7.144166,-35.764722,40,0,2,21:30,1094
2600007404,Massaranduba,-7.160555,-35.705277,50,0,2,20:32,2470
2600007408,Mogeiro,-7.287777,-35.491666,30,1,1,17:37,4190
2600007409,Mogeiro,-7.296944,-35.529722,40,0,4,17:36,2850
2600007410,Mogeiro,-7.350277,-35.461944,37,1,3,16:38,19390
2600007411,Montadas,-7.099722,-35.95,42,1,1,22:26,4870
2600007412,Monteiro,-7.994722,-37.048888,40,1,2,0:-2,3130
2600007413,Monteiro,-8.018888,-36.978055,30,0,1,-1:0,1765
2600007414,Monteiro,-7.995833,-37.136111,45,0,3,0:-4,2380
2600007415,Monteiro,-7.916388,-37.192777,40,0,5,2:-5,2670
2600007416,Guarabira,-6.963055,-35.456666,40,0,1,25:38,1241
2600007418,Mulungu,-7.0625,-35.491666,48,1,1,23:37,12670
2600007420,Mulungu,-7.013055,-35.496111,45,1,3,24:37,8410
2600007421,Natuba,-7.644722,-35.622222,45,1,2,8:34,3640
2600007422,Ouro Velho,-7.641111,-37.140555,50,0,3,8:-4,2930
2600007427,Baraúna,-6.584444,-36.285277,52,1,4,35:17,7680
2600007487,Pedra Lavrada,-6.745277,-36.268888,50,1,4,31:18,9260
2600007489,Pedra Lavrada,-6.809722,-36.396388,47,1,4,29:15,10200
2600007503,Picuí,-6.600555,-36.428333,50,1,4,34:14,5280
2600007504,Picuí,-6.530833,-36.268333,55,1,1,36:18,3700
2600007506,Parari,-7.338055,-36.743888,43,1,2,16:6,3220
2600007507,Parari,-7.328055,-36.718333,50,1,2,16:7,7460
2600007508,Parari,-7.305,-36.75,45,1,1,17:6,7290
2600007509,Parari,-7.33,-36.706111,42,0,2,16:7,1120
2600007510,Parari,-7.291666,-36.6575,50,1,2,17:8,4560
2600007511,Pedra Lavrada,-6.748611,-36.446111,33,0,5,31:13,2300
2600007512,Pedra Lavrada,-6.771111,-36.358888,50,0,4,30:16,810
2600007513,Pedra Lavrada,-6.733055,-36.27,50,1,4,31:18,8890
2600007517,Nova Palmeira,-6.675277,-36.298888,52,1,4,33:17,6140
2600007518,Nova Palmeira,-6.658055,-36.319722,50,0,4,33:17,2330
2600007520,Picuí,-6.588611,-36.299166,42,1,4,35:17,7450
2600007521,Pirpirituba,-6.778611,-35.443611,33,0,2,30:38,1520
2600007522,Pirpirituba,-6.793333,-35.496666,50,1,4,30:37,11560
2600007525,Pocinhos,-6.978611,-36.035833,42,1,5,25:24,9370
2600007526,Pocinhos,-7.044722,-36.180555,47,1,5,23:20,12430
2600007527,Soledade,-7.148888,-36.222777,47,1,2,21:19,16710
2600007528,Pocinhos,-7.036111,-36.039722,45,1,5,24:24,17070
2600007529,Prata,-7.648888,-37.052222,30,0,1,8:-2,1494
2600007530,Prata,-7.651944,-37.028333,50,0,3,8:-1,2910
2600007531,Prata,-7.700833,-37.110833,50,0,2,7:-3,1008
2600007532,Prata,-7.694722,-37.1025,45,1,2,7:-3,5920
2600007533,Remígio,-6.921111,-35.849722,42,1,5,26:28,18310
2600007534,Riachão,-6.550833,-35.670277,30,1,2,36:33,5710
2600007535,Riachão,-6.548888,-35.621111,36,1,3,36:34,13660
2600007537,Salgado de São Félix,-7.368055,-35.49,37,1,4,15:37,4980
2600007545,Santa Luzia,-6.9725,-36.922777,35,0,3,25:1,1142
2600007547,Santa Luzia,-6.869444,-36.958888,50,1,5,28:1,6700
2600007552,Riachão,-6.518889,-35.659167,45,0,1,37:33,1230
2600007553,Alcantil,-7.674166,-36.120277,50,1,5,8:21,5320
2600007554,Riacho de Santo Antônio,-7.630833,-36.117222,50,1,1,9:22,5370
2600007556,São Sebastião de Lagoa de Roça,-7.084722,-35.840278,45,1,2,22:28,8050
2600007557,Salgadinho,-7.063333,-36.814722,50,1,5,23:4,3200
2600007558,Salgadinho,-7.079722,-36.765,50,1,4,23:5,7700
2600007559,Salgadinho,-7.073888,-36.833055,50,1,5,23:4,5300
2600007665,Salgado de São Félix,-7.363055,-35.464166,31,1,1,15:38,17590
2600007666,Salgado de São Félix,-7.366666,-35.473611,35,1,1,15:38,5290
2600007668,Santa Cecília,-7.753333,-35.895555,50,1,2,6:27,5280
2600007669,Santa Luzia,-6.895,-36.886944,50,1,4,27:2,3840
2600007671,Santa Luzia,-6.9175,-36.940555,40,0,4,27:1,2460
2600007672,Santa Luzia,-6.943611,-36.922777,50,1,4,26:1,14850
2600007673,Santo André,-7.169722,-36.606666,45,1,2,20:9,10730
2600007674,São João do Cariri,-7.3175,-36.437777,36,1,3,17:14,10920
2600007675,Cabaceiras,-7.492777,-36.4075,40,1,3,12:14,7320
2600007677,São João do Cariri,-7.377222,-36.570833,40,1,1,15:10,6350
2600007678,Gurjão,-7.345,-36.578333,40,1,3,16:10,3760
2600007679,São João do Cariri,-7.475,-36.446111,40,1,5,13:13,8900
2600007694,São Mamede,-6.933333,-37.152777,50,1,2,26:-4,3800
2600007704,São Mamede,-6.888611,-37.073611,45,1,5,27:-2,3840
2600007706,São José do Sabugi,-6.803888,-36.881944,50,0,2,29:2,943
2600007707,São José do Sabugi,-6.824166,-36.839166,42,0,2,29:4,2180
2600007708,São José do Sabugi,-6.841944,-36.778055,45,0,1,28:5,834
2600007710,São José dos Cordeiros,-7.397222,-36.958611,50,0,4,15:1,2890
2600007711,São José dos Cordeiros,-7.435555,-36.953888,50,0,2,14:1,1516
2600007712,São José dos Cordeiros,-7.425277,-36.790833,40,1,2,14:5,8510
2600007713,São José dos Cordeiros,-7.416111,-36.824166,50,0,2,14:4,1960
2600007716,São Mamede,-6.96,-37.065555,50,1,5,26:-2,3220
2600007717,São Mamede,-6.918333,-37.068888,50,0,5,27:-2,842
2600007721,São Mamede,-6.881944,-37.080555,48,1,2,27:-3,11720
2600007722,São Mamede,-6.949722,-37.073333,50,1,5,26:-2,3500
2600007723,São Mamede,-6.956666,-37.143611,50,0,2,26:-4,1185
2600007724,São Mamede,-6.921388,-37.100555,50,1,1,26:-3,3720
2600007725,São Mamede,-7.015277,-37.047777,50,0,4,24:-2,513
2600007762,Zabelê,-8.125555,-37.118888,50,0,3,-4:-3,1533
2600007764,São Vicente do Seridó,-6.934722,-36.430833,45,1,3,26:14,12860
2600007765,São Vicente do Seridó,-6.984722,-36.4425,36,1,2,25:13,13440
2600007766,Serra Branca,-7.486388,-36.576944,37,0,3,12:10,2810
2600007768,Serra Branca,-7.638888,-36.745833,50,0,1,9:6,2090
2600007769,Sertãozinho,-6.746388,-35.388055,30,1,5,31:40,7730
2600007770,Sertãozinho,-6.752777,-35.403055,42,1,5,31:39,8320
2600007772,Soledade,-7.164722,-36.435555,42,1,1,20:14,24200
2600007773,Boa Vista,-7.215277,-36.319444,40,1,5,19:17,10850
2600007774,Soledade,-6.988888,-36.384444,42,1,4,25:15,13400
2600007776,Soledade,-7.140555,-36.331388,40,1,1,21:16,7870
2600007778,Sossêgo,-6.676388,-36.2275,50,1,4,33:19,4850
2600007779,Sossêgo,-6.680833,-36.158333,50,1,5,32:21,7790
2600007781,Sumé,-7.605833,-36.936111,40,1,1,9:1,7890
2600007782,Serra Branca,-7.647777,-36.784722,40,1,3,8:5,9120
2600007783,Sumé,-7.802222,-36.786388,30,0,2,4:5,2263
2600007784,Sumé,-7.672777,-36.867777,40,1,4,8:3,3290
2600007786,Parari,-7.305833,-36.756388,50,0,1,17:6,2220
2600007787,Tenório,-6.950555,-36.626111,50,1,4,26:9,3080
2600007788,Umbuzeiro,-7.690555,-35.7725,43,1,3,7:30,21940
2600007791,Várzea,-6.7975,-37.033055,50,1,3,30:-1,22600
2600007792,Várzea,-6.7675,-36.989722,50,0,4,30:0,688
2600007793,Várzea,-6.811944,-37.0475,50,0,1,29:-2,2210
2600007796,Zabelê,-8.07,-37.098055,50,1,1,-2:-3,3180
2600007797,Zabelê,-8.083611,-37.101666,50,1,2,-3:-3,5320
2600007805,Areia,-6.889166,-35.758055,50,1,5,27:31,5970
2600007806,Assunção,-7.088888,-36.737222,23,0,4,22:6,1080
2600007812,Cabaceiras,-7.410833,-36.315,46,1,4,14:17,7720
2600007813,Camalaú,-7.956388,-36.923611,50,0,1,1:1,2760
2600007815,Cuité,-6.668611,-36.180833,42,1,3,33:20,12850
2600007825,Livramento,-7.335277,-37.0275,50,0,2,16:-1,2750
2600007827,Logradouro,-6.558333,-35.426666,50,1,5,36:39,13270
2600007828,Ouro Velho,-7.675555,-37.152777,50,0,3,8:-4,1771
2600007829,Ouro Velho,-7.640277,-37.182777,48,1,3,8:-5,4730
2600007830,Ouro Velho,-7.589722,-37.169444,25,0,5,10:-5,2600
2600007855,Areia de Baraúnas,-7.174722,-36.990833,24,0,3,20:0,2190
2600007857,Brejo do Cruz,-6.361111,-37.558888,50,0,1,40:-14,1940
2600007858,Brejo do Cruz,-6.31,-37.489444,50,0,3,42:-13,715
2600007860,Catolé do Rocha,-6.434722,-37.7675,50,0,5,39:-20,693
2600007863,Curral Velho,-7.511111,-38.156388,45,0,1,12:-29,1196
2600007864,Curral Velho,-7.598055,-38.156111,50,0,5,10:-29,672
2600007867,Diamante,-7.388611,-38.276111,46,0,4,15:-32,1648
2600007870,Aguiar,-7.156944,-38.201111,50,0,1,21:-31,1076
2600007871,Igaracy,-7.111666,-38.110833,50,0,4,22:-28,1418
2600007873,Itaporanga,-7.266111,-38.257777,46,0,2,18:-32,889
2600007874,Juru,-7.455833,-37.802777,42,0,2,13:-21,1027
2600007878,Maturéia,-7.345555,-37.383333,36,1,4,16:-10,4950
2600007880,Patos,-6.950555,-37.392222,36,0,4,26:-10,1739
2600007889,Princesa Isabel,-7.763333,-37.970555,48,0,5,5:-25,2260
2600007891,Princesa Isabel,-7.706666,-37.924166,50,1,1,7:-24,6210
2600007893,Princesa Isabel,-7.645,-37.966388,50,0,2,8:-25,328
2600007894,Santana de Mangueira,-7.683333,-38.2975,58,0,4,7:-33,1574
2600007895,Santa Teresinha,-7.073611,-37.401388,38,0,2,23:-11,1382
2600007896,Santa Teresinha,-7.089444,-37.443333,57,1,4,22:-12,7880
2600007898,São José de Espinharas,-6.913333,-37.425833,42,0,4,27:-11,927
2600007900,São José de Princesa,-7.686666,-38.096944,50,0,5,7:-28,2900
2600007904,São José de Princesa,-7.789444,-38.095277,44,0,5,5:-28,1537
2600007905,Tavares,-7.673888,-37.901944,50,0,4,8:-23,621
2600007908,Aparecida,-6.796944,-38.121666,50,1,4,30:-29,3280
2600007911,Cajazeiras,-6.8075,-38.511944,50,0,3,29:-38,923
2600007912,Cajazeiras,-7.046388,-38.608055,48,0,5,23:-41,1049
2600007916,Lastro,-6.516666,-38.172777,50,0,5,37:-30,1057
2600007925,Nazarezinho,-6.923333,-38.324444,42,0,3,26:-34,501
2600007926,Nazarezinho,-6.942777,-38.253333,50,0,2,26:-32,603
2600007927,Sousa,-6.8975,-38.310833,50,0,3,27:-33,360
2600007932,Santa Cruz,-6.546388,-37.998888,50,1,1,36:-25,3540
2600007933,Santa Helena,-6.698888,-38.666944,22,1,5,32:-42,8630
2600007934,Santa Helena,-6.699166,-38.632777,151,1,4,32:-41,4050
2600007935,Santa Helena,-6.691111,-38.653333,45,0,5,32:-42,1054
2600007937,São Bentinho,-6.866388,-37.783611,37,1,5,28:-20,4080
2600007938,Condado,-6.9625,-37.686111,50,0,5,25:-18,870
2600007940,São Bentinho,-6.886666,-37.725277,12,0,3,27:-19,1682
2600007946,São Domingos,-6.761944,-37.903055,36,0,5,30:-23,1215
2600007948,São Domingos,-6.783055,-37.945277,35,0,3,30:-24,514
2600007950,São Francisco,-6.661389,-38.03,50,0,2,33:-26,760
2600007953,São João do Rio do Peixe,-6.8825,-38.403611,37,0,4,27:-36,2309
2600007955,São João do Rio do Peixe,-6.67,-38.494722,45,0,2,33:-38,1837
2600007957,São José da Lagoa Tapada,-6.966944,-38.12,50,0,4,25:-28,732
2600007962,Triunfo,-6.636388,-38.549166,60,0,3,34:-39,1093
2600007964,Triunfo,-6.663055,-38.533888,45,0,5,33:-39,992
2600007971,Aparecida,-6.817222,-38.123055,31,1,4,29:-29,3910
2600007972,Aparecida,-6.795,-38.119166,25,0,1,30:-28,1425
2600007977,Cajazeiras,-6.960833,-38.534444,36,0,1,25:-39,1071
2600007978,Cajazeiras,-6.849166,-38.596944,30,0,1,28:-40,278
2600007979,Cajazeiras,-6.978333,-38.583888,36,0,2,25:-40,820
2600007980,Cajazeiras,-7.011944,-38.634166,31,0,5,24:-41,474
2600007982,Cajazeirinhas,-6.956388,-37.86,50,0,4,26:-22,710
2600007984,Cajazeirinhas,-6.994166,-37.679722,30,0,1,25:-17,726
2600007987,Malta,-6.887777,-37.499722,32,0,4,27:-13,612
2600007989,Nazarezinho,-6.944444,-38.281388,50,0,3,26:-33,526
2600007990,Poço Dantas,-6.404444,-38.498888,31,0,4,39:-38,820
2600007993,Santa Cruz,-6.522777,-38.094166,50,0,4,36:-28,926
2600007995,São Bentinho,-6.878333,-37.705555,48,0,4,28:-18,1012
2600007998,São Domingos,-6.849166,-37.958333,34,0,5,28:-24,480
2600007999,São João do Rio do Peixe,-6.699444,-38.516388,42,0,1,32:-38,830
2600008001,São José da Lagoa Tapada,-6.878611,-38.172222,36,0,2,28:-30,776
2600008004,Vieirópolis,-6.505,-38.245833,31,0,4,37:-32,1009
2600008005,Vieirópolis,-6.585555,-38.316666,40,0,1,35:-33,1206
2600008006,Vieirópolis,-6.613333,-38.298333,31,0,2,34:-33,732
2600008007,Vieirópolis,-6.613055,-38.303888,36,0,2,34:-33,1091
2600008008,Vieirópolis,-6.6025,-38.285555,36,0,2,34:-33,1780
2600008009,Vista Serrana,-6.733333,-37.555277,50,0,4,31:-14,872.95
2600008335,Umbuzeiro,-7.706111,-35.6825,52,0,3,7:32,2085.3
2600008431,Conde,-7.227777,-34.911111,112,0,3,19:52,339
2600008433,Baía da Traição,-6.688055,-34.935,58,0,1,32:51,217.39
2600008434,Baía da Traição,-6.671944,-34.956111,60,0,3,33:51,185.18
2600008435,Baía da Traição,-6.599722,-35.005555,50,0,2,35:49,58.82
2600008436,Caaporã,-7.513888,-34.927777,220,0,5,12:51,595
2600008440,João Pessoa,-7.133611,-34.9175,300,0,2,21:52,555.55
2600008441,João Pessoa,-7.121666,-34.842222,148,0,4,21:53,403
2600008442,Baía da Traição,-6.69,-34.948333,60,0,1,32:51,109.89
2600008443,João Pessoa,-7.133611,-34.828333,300,0,2,21:54,480
2600008448,João Pessoa,-7.176388,-34.883611,303,0,1,20:52,320
2600008449,João Pessoa,-7.155,-34.873888,350,0,4,21:53,526.3
2600008450,João Pessoa,-7.114444,-34.835277,386,0,4,22:54,380
2600008451,João Pessoa,-7.173611,-34.9125,322,0,1,20:52,434.7
2600008453,João Pessoa,-7.2075,-34.911111,26,0,3,19:52,250
2600008456,Santa Rita,-7.137222,-34.968888,200.5,0,4,21:50,534
2600008457,Caaporã,-7.509722,-34.926388,243,0,5,12:51,565
2600008460,João Pessoa,-7.16,-34.830833,160,0,2,20:54,454
2600008463,João Pessoa,-7.116944,-34.867777,150,0,5,22:53,422
2600008464,Baía da Traição,-6.671389,-34.956944,58,0,3,33:51,2040.8
2600008465,Baía da Traição,-6.601666,-34.997777,60,0,2,34:50,62.5
2600008466,Pitimbu,-7.472777,-34.808611,150,0,3,13:54,600
2600008467,João Pessoa,-7.129444,-34.87,144,0,4,21:53,369
2600008469,Cruz do Espírito Santo,-7.141944,-35.094166,33,0,2,21:47,1228
2600008675,Itabaiana,-7.283333,-35.399444,42,1,1,17:40,7840
2600008676,Camalaú,-7.913333,-36.703333,50,1,4,2:7,5710
2600008751,Soledade,-7.184444,-36.374166,50,0,1,20:15,90
2600008753,Conceição,-7.558055,-38.505833,50,0,3,11:-38,1800
2600008754,Quixaba,-7.031944,-37.150277,50,0,1,24:-4,230
2600008764,Mogeiro,-7.268611,-35.471111,40,1,2,18:38,10150
2600008765,João Pessoa,-7.125,-34.883333,201,0,2,21:52,820
2600008766,Bayeux,-7.123888,-34.9275,65,0,1,21:51,340
2600008776,Araçagi,-6.851388,-35.379722,60,1,2,28:40,4348
2600008777,Araçagi,-6.813611,-35.367777,62,0,1,29:40,625
2600008778,Sapé,-7.091666,-35.231388,60,1,5,22:44,3225
2600008780,Araçagi,-6.938611,-35.321111,60,1,1,26:41,12195
2600008781,Araçagi,-6.96,-35.317222,60,1,5,26:42,9090
2600008782,Lagoa Seca,-7.156111,-35.858055,60,0,5,21:28,588
2600008783,Sapé,-7.096388,-35.230555,62,0,5,22:44,1492
2600008785,São José dos Cordeiros,-7.454444,-36.843333,68,1,1,13:3,12987
2600008786,São José dos Cordeiros,-7.4075,-36.819166,60,1,2,14:4,5000
2600008787,Lagoa Seca,-7.156111,-35.856111,36,0,5,21:28,555
2600008788,Marcação,-6.708333,-35.026388,29.7,0,5,32:49,58.82
2600008789,Rio Tinto,-6.807777,-35.080833,45,0,2,29:47,66.66
2600008791,Marcação,-6.705833,-35.008055,57,0,5,32:49,55.55
2600008792,Marcação,-6.732222,-34.990277,50,0,1,31:50,62.5
2600008793,Marcação,-6.717777,-34.945,62,0,1,32:51,109.89
2600008795,Sousa,-6.76,-38.230833,60,0,5,31:-31,1219
2600008796,Sousa,-6.754722,-38.275833,51,0,4,31:-32,1000
2600008832,São João do Cariri,-7.390555,-36.531388,62,1,4,15:11,3300
2600008833,Campina Grande,-7.228055,-35.896944,69,0,1,19:27,2777.7
2600008844,Cachoeira dos Índios,-6.999722,-38.668055,59,0,1,25:-42,710
2600008845,Cachoeira dos Índios,-6.908889,-38.661111,69,0,3,27:-42,500
2600008846,Bom Jesus,-6.808888,-38.630833,50,0,3,29:-41,650
2600008848,Bom Jesus,-6.816111,-38.649166,60,0,5,29:-42,1350
2600008850,Cajazeiras,-6.889722,-38.562777,54,0,3,27:-40,430
2600008852,Sumé,-7.776944,-36.913888,52,0,4,5:2,1298.7
2600008853,Soledade,-7.058055,-36.363055,52,1,4,23:15,17543.8
2600008854,Cubati,-6.875555,-36.284722,36,1,5,28:17,8320
2600008855,Pilar,-7.231666,-35.259444,50,0,1,19:43,833.3
2600008856,Cajazeiras,-6.827777,-38.546388,62,0,4,29:-39,650
2600008857,Cajazeiras,-6.889722,-38.563611,55.3,0,3,27:-40,525
2600008859,Triunfo,-6.513888,-38.530277,49,0,3,37:-39,1550
2600008860,Lagoa,-6.591666,-37.904722,52,0,5,35:-23,1100
2600008861,Gado Bravo,-7.581111,-35.781944,54,0,1,10:30,2900
2600008862,Serraria,-6.808333,-35.639722,72,0,4,29:34,333.3
2600008863,Serraria,-6.807777,-35.639722,81,0,4,29:34,170
2600008936,Araruna,-6.519444,-35.734166,60,0,1,37:31,476.1
2600008937,Arara,-6.863055,-35.780833,60,0,4,28:30,2000
2600008938,Algodão de Jandaíra,-6.863056,-35.816944,54,1,2,28:29,11764.7
2600008940,Livramento,-7.361666,-36.881944,63,1,1,15:2,6200
2600008941,Livramento,-7.323333,-37.006944,60,1,2,16:-1,3700
2600008942,Catolé do Rocha,-6.346944,-37.755833,69,1,2,41:-19,5400
2600008943,Catolé do Rocha,-6.310555,-37.648333,60,1,3,42:-17,4800
2600008944,Massaranduba,-7.1925,-35.824722,60,1,4,20:29,5600
2600008947,Puxinanã,-7.146388,-35.96,50,1,5,21:25,22727.27
2600008949,Taperoá,-7.210277,-36.824722,50,1,4,19:4,5000
2600008950,Salgadinho,-7.076388,-36.7875,45,1,4,23:5,9090.9
2600008951,Salgadinho,-7.104166,-36.7875,50,1,5,22:5,4166.6
2600008952,Livramento,-7.336944,-36.988611,50,0,2,16:0,900
2600008953,Livramento,-7.375555,-36.948055,63,0,4,15:1,1200
2600008954,Juazeirinho,-7.116944,-36.633333,50,1,4,22:9,12500
2600008955,Gurjão,-7.245,-36.492222,60,1,4,18:12,22727.2
2600008956,Araruna,-6.519444,-35.734166,70,0,1,37:31,1020.4
2600008957,Bananeiras,-6.749722,-35.620555,60,1,2,31:34,10000
2600008958,Taperoá,-7.188055,-36.89,48,1,3,20:2,7692.3
2600008960,Taperoá,-7.191388,-36.793888,39,1,1,20:5,3645.15
2600008962,Soledade,-7.058055,-36.361388,50,1,4,23:15,18518.52
2600008963,Soledade,-7.011111,-36.422777,48,1,2,24:14,4050
2600008965,Caraúbas,-7.774166,-36.506666,48,0,4,5:12,2631.58
2600008966,Caraúbas,-7.642222,-36.531388,50,1,5,8:11,3571.43
2600008968,Massaranduba,-7.183888,-35.749444,70,1,3,20:31,6250
2600008969,Lagoa Seca,-7.139722,-35.860555,60,1,5,21:28,5555.56
2600008970,Bananeiras,-6.753611,-35.644444,62,1,1,31:33,14285.71
2600008971,São João do Tigre,-8.104444,-36.641666,50,1,4,-3:8,4040
2600008973,São João do Tigre,-8.080833,-36.848611,60,1,2,-3:3,4545.45
2600008974,Caraúbas,-7.723888,-36.485555,55,0,4,6:12,1250
2600008975,Campina Grande,-7.164444,-35.986944,65,0,1,20:25,2222.22
2600009018,Pedras de Fogo,-7.399722,-35.113611,150,0,1,15:47,932
2600009022,Santa Helena,-6.721388,-38.640833,60,0,5,31:-42,1220
2600009027,Cabaceiras,-7.428611,-36.363611,60,1,4,14:15,4166.6
2600009028,Pedra Branca,-7.426388,-38.068333,60,1,2,14:-27,4347.8
2600009035,Bayeux,-7.124722,-34.919166,170,0,2,21:52,460
2600009037,São João do Tigre,-8.079444,-36.845833,60,1,2,-2:3,6200
2600009040,Soledade,-7.186666,-36.368888,40,1,1,20:15,11570
2600009041,Pedra Lavrada,-6.7575,-36.470555,60,1,5,31:13,11235.9
2600009052,João Pessoa,-7.125,-34.883333,250,0,2,21:52,476.1
2600009053,Serra Branca,-7.490278,-36.8,60,0,1,12:5,1470.5
2600009054,João Pessoa,-7.125,-34.882777,201,0,2,21:52,416.6
2600009055,Boa Ventura,-7.471666,-38.111666,52,1,2,13:-28,3030.3
2600009058,Santa Rita,-7.124444,-34.982777,28,0,4,21:50,285.7
2600009059,Piancó,-7.179722,-37.879444,50,0,3,20:-22,909
2600009064,Bom Sucesso,-6.507222,-37.963333,50,0,1,37:-25,1030.9
2600009065,Santa Cruz,-6.546111,-38.000277,50,0,5,36:-26,1360
2600009066,Santa Helena,-6.708333,-38.660833,50,0,5,32:-42,478
2600009068,Salgado de São Félix,-7.357222,-35.441111,50,1,3,16:38,3448.2
2600009069,Itabaiana,-7.425277,-35.386944,46,1,4,14:40,3125
2600009075,Cabaceiras,-7.421388,-36.338888,48,0,1,14:16,2439
2600009076,Campina Grande,-7.2275,-35.896666,66,1,1,19:27,14492.7
2600009077,São João do Tigre,-8.006111,-36.675555,42,1,4,-1:8,20000
2600009081,Congo,-7.716111,-36.708055,42,1,3,7:7,7142.8
2600009083,Campina Grande,-7.2275,-35.896666,65,1,1,19:27,5555.5
2600009084,Campina Grande,-7.227222,-35.896388,66,1,1,19:27,4347.8
2600009085,Sumé,-7.817777,-36.760833,50,1,2,4:5,10101
2600009086,Camalaú,-7.888888,-36.822222,42,1,3,2:4,5263.1
2600009088,São Domingos do Cariri,-7.588611,-36.422777,48,0,5,10:14,2222
2600009089,Barra de São Miguel,-7.737222,-36.376944,50,1,1,6:15,3333
2600009090,Barra de São Miguel,-7.737778,-36.3775,48,1,1,6:15,9090.9
2600009092,Bananeiras,-6.744722,-35.644722,62,1,1,31:33,4166.6
2600009093,Boqueirão,-7.4825,-36.134722,66,0,1,12:21,2777.7
2600009094,Boqueirão,-7.4825,-36.134722,50,1,1,12:21,4347.8
2600009095,Boqueirão,-7.483055,-36.135277,60,1,1,12:21,7142.8
2600009096,Sumé,-7.584722,-36.847222,51,0,5,10:3,1282
2600009097,Sumé,-7.807222,-36.881111,50,1,2,4:2,7692.3
2600009098,São João do Cariri,-7.462222,-36.526388,51,1,1,13:11,15170
2600009099,São João do Cariri,-7.4925,-36.551666,58.5,1,1,12:11,16129
2600009100,São João do Cariri,-7.393333,-36.534166,70,1,4,15:11,12820.5
2600009101,Queimadas,-7.360833,-35.898055,63.5,1,4,15:27,10000
2600009103,Queimadas,-7.360555,-35.897777,42,1,4,15:27,11764.7
2600009104,Prata,-7.694444,-37.084166,50,1,2,7:-3,3448.2
2600009105,Prata,-7.680833,-37.080277,50,0,2,7:-3,1265.8
2600009107,Prata,-7.721388,-37.041388,68,0,5,6:-2,1754.3
2600009109,Prata,-7.671666,-37.102777,68,0,2,8:-3,909
2600009110,Monteiro,-7.960833,-37.013055,50,0,3,0:-1,1075.2
2600009111,Monteiro,-7.980555,-37.173055,50,0,2,0:-5,1150
2600009112,Conceição,-7.550833,-38.491388,49,0,3,11:-38,1096
2600009119,Santa Cruz,-6.528888,-38.055555,43,0,4,36:-27,327
2600009123,Santa Luzia,-6.892777,-36.827222,70,0,4,27:4,762
2600009150,Monteiro,-7.8425,-37.169444,48,0,3,3:-5,2600
2600009159,Monteiro,-7.878611,-37.047777,50,0,1,3:-2,2941.1
2600009163,Camalaú,-7.83,-36.951111,40,1,1,4:1,5660
2600009164,Congo,-7.796111,-36.660555,54.5,1,4,5:8,5263.1
2600009165,Congo,-7.796388,-36.659722,50,1,4,5:8,5555.5
2600009166,Congo,-7.796388,-36.656111,51,1,4,5:8,3846.1
2600009173,Olho d'Água,-7.276388,-37.785,30,0,5,18:-20,1351.3
2600009190,São José de Caiana,-7.249166,-38.277777,50,0,2,18:-32,1375
2600009197,Boqueirão,-7.481388,-36.135277,50,1,1,12:21,9090.9
2600009200,Serra Branca,-7.445833,-36.718333,47,0,2,13:7,2173.9
2600009206,Queimadas,-7.361388,-35.897777,40,1,4,15:27,5000
2600009207,Queimadas,-7.360833,-35.897222,40,1,4,15:27,11904.7
2600009210,Aroeiras,-7.543055,-35.704166,50,1,2,11:32,21276.5
2600009213,Camalaú,-7.942222,-36.900833,48,0,3,1:2,2500
2600009216,Patos,-6.985555,-37.358611,46,1,4,25:-9,4000
2600009230,Monteiro,-7.945277,-37.204444,25,0,3,1:-6,2857.1
2600009231,Patos,-7.021388,-37.258055,43,1,2,24:-7,4000
2600009232,Cacimba de Areia,-7.076388,-37.183611,45,0,1,23:-5,2857.1
2600009258,Gurjão,-7.195277,-36.546111,50,0,3,20:11,2330
2600009264,Monteiro,-7.883888,-36.964444,50,1,2,2:0,4830
2600009268,Barra de Santa Rosa,-6.791944,-36.04,48,1,4,30:24,25100
2600009281,Cacimba de Dentro,-6.603055,-35.809722,41,1,5,34:29,25000
2600009289,Taperoá,-7.186388,-36.736111,70,1,1,20:6,4761.9
2600009290,Quixaba,-7.025277,-37.088055,60,1,5,24:-3,4000
2600009292,Santa Luzia,-6.907222,-36.936388,60,1,4,27:1,7692.3
2600009293,Olho d'Água,-7.261111,-37.788888,50,0,5,18:-20,769.2
2600009297,Monteiro,-7.884444,-37.113333,64,0,2,2:-3,1098.9
2600009298,Monteiro,-7.845,-37.193333,27,1,3,3:-5,3520
2600009299,Monteiro,-7.873611,-36.964444,48,1,4,3:0,10150
2600009300,Soledade,-7.008611,-36.456944,48,1,2,24:13,22222.2
2600009303,Barra de São Miguel,-7.663055,-36.307777,39,0,2,8:17,2702.7
2600009304,São João do Cariri,-7.582777,-36.457777,50,1,2,10:13,4545.4
2600009305,Soledade,-7.170555,-36.416388,69,1,1,20:14,6250
2600009306,Congo,-7.785833,-36.724444,48,1,5,5:6,6666.6
2600009309,Olivedos,-6.923055,-36.203888,43,1,4,26:19,17857.1
2600009310,Olivedos,-6.9875,-36.255555,70,1,4,25:18,14705.8
2600009311,Soledade,-7.180277,-36.460833,50,1,3,20:13,10000
2600009315,Congo,-7.783055,-36.595,59,1,5,5:10,3174.6
2600009316,Congo,-7.860277,-36.638611,52,1,5,3:9,10638.2
2600009317,Congo,-7.8675,-36.657777,50,1,1,3:8,3846.1
2600009323,São José do Bonfim,-7.162777,-37.309166,60,0,2,20:-8,2300
2600009324,São Sebastião do Umbuzeiro,-8.157777,-37.007222,48,1,5,-4:-1,4460
2600009325,São João do Tigre,-8.022777,-36.711944,48,1,5,-1:7,13000
2600009326,Monteiro,-7.890833,-37.122222,48,0,4,2:-4,1900
2600009327,Camalaú,-7.8875,-36.823055,48,1,3,2:4,5500
2600009330,Uiraúna,-6.519444,-38.411944,60,0,5,37:-36,1754.3
2600009331,Uiraúna,-6.519166,-38.411388,60,0,5,37:-36,1041.6
2600009332,Cajazeiras,-7.02,-38.623333,55,0,5,24:-41,909
2600009333,Pedra Lavrada,-6.761944,-36.276944,65,0,3,30:18,2272.7
2600009334,Cajazeiras,-6.857222,-38.475,70,0,1,28:-37,625
2600009335,São José de Piranhas,-7.130278,-38.468056,60,0,3,21:-37,2325.5
2600009336,Pedra Lavrada,-6.785833,-36.266111,70,1,3,30:18,5555.5
2600009338,Lastro,-6.590277,-38.164166,70,0,4,35:-30,714.2
2600009339,Pocinhos,-7.076111,-36.058055,70,1,4,23:23,12987
2600009341,Pedra Lavrada,-6.785,-36.365555,70,0,1,30:15,2439
2600009342,Pocinhos,-6.996944,-36.126388,70,1,3,25:21,21739.1
2600009343,Junco do Seridó,-6.996666,-36.7125,50,1,2,25:7,5555.5
2600009344,Vieirópolis,-6.520833,-38.223888,70,0,1,36:-31,1190.4
2600009345,Piancó,-7.292222,-37.953611,50,0,4,17:-24,666.6
2600009346,Monte Horebe,-7.215277,-38.585833,60,0,2,19:-40,333.3
2600009347,Catingueira,-7.126666,-37.608055,60,0,4,21:-16,769.2
2600009348,Monte Horebe,-7.190833,-38.549166,60,0,5,20:-39,515
2600009349,Catingueira,-7.126111,-37.608333,50,0,4,21:-16,769.2
2600009350,Junco do Seridó,-6.996111,-36.712222,60,0,2,25:7,526.3
2600009351,Ingá,-7.293333,-35.608333,60,1,2,17:34,5263.1
2600009352,Santa Teresinha,-7.053888,-37.438055,50,0,2,23:-11,689.6
2600009353,Santa Teresinha,-7.058611,-37.496944,60,0,3,23:-13,588.2
2600009354,Patos,-6.981388,-37.429166,43,1,2,25:-11,3333.3
2600009355,Patos,-6.965833,-37.365,39,0,3,25:-10,1428.5
2600009357,Patos,-7.025277,-37.278888,42,0,2,24:-7,2000
2600009359,Patos,-6.953055,-37.249166,40,0,4,26:-7,2857.1
2600009360,Patos,-6.918055,-37.443055,50,0,3,27:-12,2857.1
2600009361,São José do Bonfim,-7.0875,-37.289444,50,1,2,22:-8,4000
2600009362,Patos,-6.948333,-37.421388,40,0,2,26:-11,1176.4
2600009363,Patos,-6.949166,-37.259722,41,0,4,26:-7,2660
2600009365,Campina Grande,-7.228055,-35.897222,48.5,1,1,19:27,8333.3
2600009367,Campina Grande,-7.227222,-35.896111,50,1,1,19:27,10000
2600009370,Campina Grande,-7.226388,-35.895555,50,1,1,19:27,10000
2600009372,Boa Vista,-7.301388,-36.283055,48,1,2,17:17,25000
2600009375,Pocinhos,-7.079166,-36.060277,50,0,4,23:23,1666.6
2600009377,Sumé,-7.665555,-36.895833,50,1,1,8:2,8333.3
2600009378,Sumé,-7.665833,-36.896388,50,0,1,8:2,2857.1
2600009380,Alagoa Grande,-7.038888,-35.645555,50,1,1,24:33,4000
2600009385,Cabaceiras,-7.369166,-36.246388,45,1,1,15:18,3333.3
2600009388,Fagundes,-7.346111,-35.825555,50,1,5,16:29,8333.3
2600009390,Soledade,-7.144166,-36.290833,48,1,3,21:17,32400
2600009391,Soledade,-7.1525,-36.309166,50,1,3,21:17,20000
2600009392,Queimadas,-7.494444,-35.917222,45,1,1,12:27,3333.3
2600009393,Queimadas,-7.363333,-35.976111,48,1,1,15:25,3333.3
2600009394,Ibiara,-7.507222,-38.355555,54,0,1,12:-34,1250
2600009395,Conceição,-7.558055,-38.505277,61,0,3,11:-38,750
2600009396,Cabaceiras,-7.351944,-36.153889,51,0,1,16:21,1000
2600009397,São José do Bonfim,-7.143611,-37.270277,40,1,5,21:-7,4000
2600009398,Itaporanga,-7.381111,-38.148055,58,0,3,15:-29,1500
2600009399,Itaporanga,-7.363333,-38.251388,45,0,4,15:-32,1150
2600009400,Santa Teresinha,-7.028333,-37.438055,61,0,1,24:-11,1667
2600009401,Ibiara,-7.472222,-38.404444,65,0,4,13:-36,3000
2600009403,Ibiara,-7.508333,-38.356388,60,0,1,12:-34,860
2600009404,Nova Olinda,-7.489444,-37.989444,60,0,4,12:-25,700
2600009405,Nova Olinda,-7.4625,-38.039166,41,0,1,13:-26,1600
2600009406,Olho d'Água,-7.308055,-37.838333,60,0,1,17:-21,825
2600009407,Piancó,-7.270833,-38.035277,61,0,3,18:-26,1025
2600009408,Santa Teresinha,-7.085555,-37.445277,61,0,4,22:-12,600
2600009409,São Mamede,-7.000277,-37.135,60,0,1,24:-4,1200
2600009410,Santana dos Garrotes,-7.471388,-37.966666,60,0,5,13:-25,850
2600009411,Santana dos Garrotes,-7.371944,-38.0375,61,0,5,15:-26,1700
2600009412,Emas,-7.039166,-37.726944,61,0,1,24:-19,900
2600009413,Patos,-6.952222,-37.392222,48,0,4,26:-10,950
2600009415,Piancó,-7.208888,-37.925555,61,0,3,19:-24,550
2600009417,São Vicente do Seridó,-6.856666,-36.410555,43,0,2,28:14,2366
2600009420,Quixaba,-7.036111,-37.078888,60,1,4,24:-2,8000
2600009421,Malta,-6.891388,-37.560833,56,0,3,27:-15,600
2600009423,Malta,-6.899722,-37.553888,61,0,2,27:-14,840
2600009424,Malta,-6.9525,-37.475555,61,0,3,26:-12,1350
2600009425,Patos,-7.024722,-37.279722,61,0,2,24:-7,1580
2600009426,Patos,-7.021944,-37.279722,61,0,2,24:-7,860
2600009427,Quixaba,-7.031111,-37.148611,64,1,1,24:-4,11000
2600009428,São Domingos do Cariri,-7.627777,-36.380555,45,0,3,9:15,2083.3
2600009429,Queimadas,-7.360555,-35.8975,35,1,4,15:27,10000
2600009430,Pocinhos,-7.168056,-36.036944,50,1,3,20:24,10000
2600009431,Pocinhos,-7.193055,-36.209722,49,1,4,20:19,16949.1
2600009432,Barra de São Miguel,-7.595277,-36.2975,51,0,4,10:17,2439
2600009433,Queimadas,-7.364444,-35.898055,50,1,4,15:27,6250
2600009434,Queimadas,-7.362777,-35.897777,50,1,4,15:27,10000
2600009435,Queimadas,-7.361666,-35.897777,48,0,4,15:27,2000
2600009437,Congo,-7.889166,-36.623055,55,1,2,2:9,15873
2600009438,Congo,-7.874722,-36.626388,42,1,5,3:9,5263.1
2600009440,Uiraúna,-6.519722,-38.411666,45,0,5,37:-36,666.6
2600009444,Joca Claudino,-6.485277,-38.486944,62,0,5,37:-38,1408.4
2600009445,Cajazeiras,-6.905,-38.456666,65,0,3,27:-37,625
2600009446,Uiraúna,-6.522222,-38.411944,50,0,4,36:-36,2631.5
2600009447,Cajazeiras,-6.8875,-38.561944,70,0,3,27:-40,555.5
2600009448,Cajazeiras,-6.8925,-38.563611,66,0,3,27:-40,1041.6
2600009449,Cajazeiras,-6.890555,-38.562777,62,0,3,27:-40,1639.3
2600009450,Uiraúna,-6.522222,-38.411666,50,0,4,36:-36,2380.9
2600009451,Cajazeiras,-6.888888,-38.560555,68.5,0,3,27:-40,909
2600009452,Cajazeiras,-6.825555,-38.470555,46,0,1,29:-37,1176.4
2600009453,Pedra Lavrada,-6.736388,-36.325,68,1,5,31:16,16666.6
2600009454,Piancó,-7.2,-37.929444,45.5,0,3,19:-24,666.6
2600009455,Olho d'Água,-7.348888,-37.834722,50,0,3,16:-21,1000
2600009456,Araçagi,-6.851388,-35.379166,55,0,2,28:40,1562.5
2600009616,Camalaú,-7.89,-36.824722,30,0,3,2:4,1258
2600009619,Monteiro,-7.965833,-37.1825,50,0,2,0:-5,1367
2600009621,Monteiro,-8.003055,-37.035,42,1,5,-1:-1,4920
2600009622,Monteiro,-7.934444,-37.065833,30,0,1,1:-2,1322
2600009624,Monteiro,-7.912777,-37.088333,45,0,2,2:-3,990
2600009641,Monteiro,-7.8125,-37.147222,49,1,2,4:-4,4520
2600009644,Monteiro,-7.818055,-37.165277,60,0,1,4:-5,2050
2600009645,Monteiro,-7.826666,-37.185555,60,0,1,4:-5,1198
2600009646,Monteiro,-7.843055,-37.175833,55,1,3,3:-5,3410
2600009649,Monteiro,-7.921944,-37.285277,70,0,2,1:-8,2750
2600009651,Monteiro,-7.918888,-37.262777,70,0,3,2:-7,1754
2600009656,Monteiro,-7.841111,-36.985,65,0,4,3:0,2510
2600009657,Monteiro,-7.922222,-37.162777,47,1,4,1:-5,5660
2600009659,Monteiro,-7.9175,-37.185555,50,1,5,2:-5,4280
2600009660,Monteiro,-7.897777,-37.183055,50,0,5,2:-5,985
2600009662,Monteiro,-7.878055,-37.183055,60,0,3,3:-5,1346
2600009682,Livramento,-7.326944,-36.869444,46,1,5,16:3,5940
2600009698,Desterro,-7.308888,-37.136666,51,1,3,17:-4,8040
2600009701,Lastro,-6.516944,-38.180277,45,1,5,37:-30,4770
2600009709,Nazarezinho,-6.916666,-38.325833,44,0,1,27:-34,828
2600015985,Natuba,-7.54,-35.528333,42,0,2,11:36,2050
2600015992,Natuba,-7.553055,-35.522222,82,0,2,11:36,654
2600019108,Itabaiana,-7.448055,-35.375555,60,1,3,13:40,4370
2600024655,São João do Tigre,-8.084444,-36.856388,55,1,2,-3:3,3210
2600024656,São João do Tigre,-8.083888,-36.857222,47,0,2,-3:3,1484
2600024657,São João do Tigre,-8.100277,-36.861944,32,1,2,-3:3,3170
2600024658,São João do Tigre,-8.145555,-36.878055,50,0,2,-4:3,1987
2600024659,São João do Tigre,-8.146388,-36.878333,25,0,2,-4:3,1456
2600024661,São João do Tigre,-8.021944,-36.680833,34.5,0,5,-1:7,1141
2600024662,São João do Tigre,-8.019444,-36.674444,48,1,4,-1:8,14030
2600024663,São João do Tigre,-7.973611,-36.628611,28,1,4,0:9,9860
2600024664,São João do Tigre,-7.984444,-36.636944,30,1,4,0:9,4000
2600024668,São João do Tigre,-7.991666,-36.646111,34,0,5,0:8,1859
2600024669,São João do Tigre,-7.977777,-36.712222,80,1,4,0:7,4930
2600024671,São João do Tigre,-8.075,-36.85,45,1,2,-2:3,6200
2600024672,São João do Tigre,-8.080833,-36.835,33,1,4,-3:4,4880
2600024673,São João do Tigre,-8.081666,-36.834722,30,1,4,-3:4,9460
2600024674,São João do Tigre,-8.038611,-36.830277,50,0,1,-1:4,2370
2600024675,São João do Tigre,-8.206388,-36.865833,35,1,3,-6:3,10850
2600024676,São João do Tigre,-8.222777,-36.872777,40,1,3,-6:3,10790
2600024677,São João do Tigre,-8.189444,-36.873611,45,1,1,-5:3,3330
2600024678,São João do Tigre,-8.136666,-36.831111,60,1,1,-4:4,4830
2600024679,São João do Tigre,-8.124444,-36.826388,30,1,1,-4:4,5840
2600024687,São João do Tigre,-8.1425,-36.890833,31,1,4,-4:2,7680
2600024689,São João do Tigre,-8.165277,-36.9225,34,1,4,-5:1,5460
2600024691,São Sebastião do Umbuzeiro,-8.100555,-36.918055,39,0,3,-3:2,2600
2600024693,São João do Tigre,-8.119444,-36.887222,26,1,3,-3:2,3050
2600024694,São João do Tigre,-8.081111,-36.847777,23,1,2,-3:3,5810
2600024695,São João do Tigre,-7.978333,-36.826944,37,0,1,0:4,1413
2600024696,São João do Tigre,-8.005,-36.831666,47,0,1,-1:4,2600
2600024698,São João do Tigre,-8.028055,-36.87,50,0,3,-1:3,2910
2600024699,São João do Tigre,-8.104722,-36.811666,30,1,4,-3:4,4950
2600024701,São João do Tigre,-8.088333,-36.853333,24.2,1,2,-3:3,6570
2600024702,Camalaú,-7.901666,-36.748055,38,0,2,2:6,2700
2600024703,Camalaú,-7.912777,-36.744444,30,0,2,2:6,2200
2600024704,Camalaú,-7.923333,-36.722222,35,1,3,1:6,6140
2600024705,Camalaú,-7.941944,-36.671388,40,1,3,1:8,3340
2600024706,São João do Tigre,-7.979166,-36.694166,50,1,4,0:7,3410
2600024707,Camalaú,-7.889722,-36.790277,50,0,1,2:5,779
2600024708,Camalaú,-7.876388,-36.721111,50,0,1,3:6,1170
2600024709,Camalaú,-7.876388,-36.695833,30,1,5,3:7,7080
2600024711,Camalaú,-7.916388,-36.613333,48,1,2,2:9,3240
2600024712,Camalaú,-7.832777,-36.743055,52,0,1,4:6,693
2600024713,Camalaú,-7.843611,-36.775277,40,1,3,3:5,4800
2600024714,Camalaú,-7.876111,-36.7775,27,0,3,3:5,531
2600024715,Camalaú,-7.86,-36.789444,29,1,3,3:5,9060
2600024716,Camalaú,-7.869722,-36.798055,50,1,3,3:5,3190
2600024717,Camalaú,-7.866388,-36.794444,40,0,3,3:5,2550
2600024718,Camalaú,-7.832222,-36.780833,40,0,2,4:5,2160
2600024719,Sumé,-7.833055,-36.82,48,0,1,4:4,1731
2600024720,Camalaú,-7.859166,-36.817222,40,0,1,3:4,1243
2600024721,São João do Tigre,-7.976388,-36.771111,40,0,5,0:5,2130
2600024722,Camalaú,-7.939722,-36.791388,50,0,2,1:5,2080
2600024723,Camalaú,-7.944166,-36.764166,50,0,2,1:5,2020
2600024724,Camalaú,-7.924166,-36.760277,45,1,2,1:5,3020
2600024725,Camalaú,-7.953888,-36.910555,42,0,3,1:2,1657
2600024726,Camalaú,-7.936666,-36.923333,45,0,1,1:1,2650
2600024727,Camalaú,-7.9275,-36.923333,49,1,1,1:1,4080
2600024728,Camalaú,-7.949166,-36.9,50,1,3,1:2,5020
2600024729,Camalaú,-7.946388,-36.899722,50,1,3,1:2,5330
2600024730,Camalaú,-7.911944,-36.883333,30,1,1,2:2,5540
2600024731,Camalaú,-7.921944,-36.880277,34,0,3,1:2,633
2600024732,Camalaú,-7.925555,-36.900555,48,0,3,1:2,971
2600024733,Camalaú,-7.945,-36.896666,50,0,3,1:2,2160
2600024734,Camalaú,-7.951944,-36.887777,48,0,3,1:2,982
2600024735,Camalaú,-7.957777,-36.893055,48,1,3,1:2,4600
2600024736,Camalaú,-7.966666,-36.894722,52,1,4,0:2,4290
2600024737,Camalaú,-7.9725,-36.901388,40,1,4,0:2,3090
2600024738,Camalaú,-7.981388,-36.880277,50,0,4,0:2,990
2600024739,Camalaú,-7.964166,-36.856388,38,0,4,0:3,1923
2600024740,Camalaú,-7.958333,-36.8525,22,0,4,1:3,324
2600024742,Camalaú,-7.9025,-36.716388,35,1,4,2:7,6710
2600024743,São João do Tigre,-7.958611,-36.7475,35,0,3,1:6,2500
2600024744,São João do Tigre,-7.988333,-36.7975,37,0,5,0:5,2980
2600024745,Camalaú,-7.971666,-36.886666,44,1,4,0:2,3690
2600024746,Camalaú,-7.9725,-36.898611,48,0,4,0:2,1675
2600024747,Camalaú,-7.966111,-36.865,40,0,4,0:3,2160
2600024748,Camalaú,-7.964722,-36.863888,49,1,4,0:3,4590
2600024750,Camalaú,-7.949444,-36.849722,47,1,4,1:3,4300
2600024751,Camalaú,-7.948888,-36.846944,50,1,4,1:3,4280
2600024752,Camalaú,-7.9075,-36.860555,45,0,2,2:3,1499
2600024753,Camalaú,-7.898611,-36.836111,35,1,3,2:4,11340
2600024754,Camalaú,-7.893055,-36.884166,52,0,1,2:2,812
2600024755,Camalaú,-7.887777,-36.893611,24,0,1,2:2,1160
2600024756,Camalaú,-7.895833,-36.921111,36,1,3,2:1,4860
2600024757,Camalaú,-7.876388,-36.920277,45,0,5,3:1,2820
2600024758,Camalaú,-7.868333,-36.915555,40,1,2,3:2,7260
2600024759,Camalaú,-7.860277,-36.909444,50,1,2,3:2,5940
2600024761,Camalaú,-7.834722,-36.861111,20,0,2,4:3,673
2600024762,Camalaú,-7.839722,-36.890555,40,0,2,4:2,1744
2600024763,Camalaú,-7.867222,-36.870833,30,0,1,3:3,1315
2600024764,Camalaú,-7.944722,-36.841111,50,1,4,1:3,5740
2600024765,Camalaú,-7.940277,-36.836666,50,1,3,1:4,5550
2600024766,Camalaú,-7.937222,-36.834444,36,1,3,1:4,7490
2600024767,Camalaú,-7.921111,-36.828888,55,0,3,1:4,2180
2600024768,Camalaú,-7.913611,-36.828055,50,1,3,2:4,3130
2600024770,Camalaú,-7.908333,-36.929166,29.71,1,3,2:1,5890
2600024771,Camalaú,-7.9,-36.929444,28,0,3,2:1,1640
2600024772,Camalaú,-7.9775,-36.909166,30,0,4,0:2,1338
2600024774,Camalaú,-8.0275,-36.92,32.67,0,2,-1:1,1629
2600024775,Camalaú,-7.910277,-36.775555,50,0,1,2:5,1845
2600024776,Camalaú,-7.926666,-36.655,50,0,3,1:8,816
2600024777,Camalaú,-7.929166,-36.655,50,1,3,1:8,9510
2600024778,Camalaú,-7.915555,-36.651944,50,1,1,2:8,6090
2600024779,Camalaú,-7.939444,-36.896388,20,1,3,1:2,3050
2600024780,Camalaú,-7.972777,-36.876111,40,0,4,0:3,1278
2600024781,Camalaú,-7.878888,-36.808611,36,0,1,3:4,1775
2600024782,Camalaú,-7.890277,-36.823611,36,0,3,2:4,445
2600024787,Belém,-6.759722,-35.481944,50,1,5,31:37,6750
2600024788,Belém,-6.764444,-35.473888,50,1,2,30:38,3820
2600024789,Belém,-6.755,-35.4725,50,1,2,31:38,4540
2600024792,Gurjão,-7.218888,-36.504166,26,0,1,19:12,1771
2600024794,Gurjão,-7.208333,-36.512222,30,0,1,19:12,1322
2600024795,Juazeirinho,-7.178611,-36.513333,30,1,2,20:12,13200
2600024798,Gurjão,-7.208055,-36.505555,37,1,1,19:12,3790
2600024799,Juazeirinho,-7.179166,-36.541666,37,1,3,20:11,4430
2600024800,Juazeirinho,-7.18,-36.543888,50,0,3,20:11,1072
2600024801,Juazeirinho,-7.180833,-36.543888,50,0,3,20:11,1457
2600024803,Juazeirinho,-7.160555,-36.578333,50,1,5,20:10,14710
2600024804,Juazeirinho,-7.157222,-36.583333,20,0,3,21:10,874
2600024805,Gurjão,-7.188888,-36.550555,30,1,3,20:11,4860
2600024806,Santo André,-7.199166,-36.556944,50,1,3,20:11,4940
2600024808,Gurjão,-7.215277,-36.530833,35,0,1,19:11,743
2600024809,Santo André,-7.229444,-36.527777,43,1,1,19:11,11940
2600024810,Gurjão,-7.232777,-36.51,45,0,1,19:12,1596
2600024811,Gurjão,-7.233611,-36.510555,12.6,1,1,19:12,10510
2600024813,Gurjão,-7.231111,-36.503333,50,1,1,19:12,13050
2600024815,Gurjão,-7.249444,-36.492222,22,1,4,18:12,4540
2600024816,Gurjão,-7.249444,-36.491944,47,1,4,18:12,4370
2600024817,Gurjão,-7.249722,-36.492222,19,1,4,18:12,13700
2600024821,Gurjão,-7.254722,-36.514444,50,0,4,18:12,1773
2600024824,Gurjão,-7.258055,-36.513333,50,1,4,18:12,9850
2600024825,Gurjão,-7.261111,-36.520555,31.8,1,4,18:11,13360
2600024826,Gurjão,-7.250833,-36.539166,32,1,4,18:11,9450
2600024827,Gurjão,-7.245,-36.551388,33,1,4,18:11,5790
2600024828,Gurjão,-7.233888,-36.545833,21.4,1,1,19:11,16890
2600024829,Gurjão,-7.237777,-36.545277,50,0,1,19:11,2490
2600024830,Gurjão,-7.238333,-36.543333,15,1,1,19:11,3090
2600024831,Santo André,-7.232222,-36.535,30,0,1,19:11,2660
2600024832,Santo André,-7.235277,-36.556388,22,1,1,19:11,3610
2600024833,Gurjão,-7.2425,-36.533611,31,1,4,18:11,6470
2600024835,Gurjão,-7.2425,-36.525555,30,1,4,18:11,16020
2600024836,Gurjão,-7.240555,-36.509166,25,1,4,18:12,6380
2600024837,Gurjão,-7.246666,-36.496111,30.5,0,4,18:12,2340
2600024838,Gurjão,-7.246944,-36.495555,31.5,0,4,18:12,2440
2600024841,Gurjão,-7.236111,-36.483055,24,1,1,19:12,7210
2600024842,Gurjão,-7.227777,-36.489722,19,1,1,19:12,3140
2600024843,Gurjão,-7.220555,-36.487777,48,1,1,19:12,7020
2600024844,Gurjão,-7.216944,-36.4975,20,1,1,19:12,9420
2600024845,Gurjão,-7.195277,-36.49,42,1,2,20:12,4940
2600024846,Gurjão,-7.200833,-36.426111,46,0,2,19:14,2530
2600024847,Gurjão,-7.223611,-36.455277,28,1,2,19:13,7170
2600024848,Gurjão,-7.218888,-36.458611,50,1,2,19:13,6480
2600024849,Gurjão,-7.261944,-36.495,55,1,4,18:12,9370
2600024850,Gurjão,-7.2625,-36.495,40,1,4,18:12,11140
2600024851,Gurjão,-7.304722,-36.529444,30,1,4,17:11,13850
2600024852,Gurjão,-7.304444,-36.532222,40,1,4,17:11,18090
2600024853,Gurjão,-7.299166,-36.545555,30,1,4,17:11,4590
2600024854,Gurjão,-7.308611,-36.537222,17,0,4,17:11,1427
2600024855,Gurjão,-7.314444,-36.542222,50,1,4,17:11,9490
2600024856,Gurjão,-7.331944,-36.534444,35,1,5,16:11,3110
2600024858,Gurjão,-7.323333,-36.516111,50,1,1,16:12,3050
2600024859,Gurjão,-7.315833,-36.486111,48,0,5,17:12,1800
2600024860,Gurjão,-7.257777,-36.486944,45,0,4,18:12,2230
2600024861,Gurjão,-7.251666,-36.487222,40,1,4,18:12,18640
2600024862,Gurjão,-7.248888,-36.480277,45,1,4,18:12,14160
2600024863,Gurjão,-7.198055,-36.516944,60,1,2,20:12,9710
2600024865,Juazeirinho,-7.157777,-36.585277,50,0,3,21:10,370
2600024866,Gurjão,-7.246388,-36.496666,28,1,4,18:12,7180
2600024868,Gurjão,-7.246111,-36.479166,53,1,1,18:13,5010
2600024869,Sumé,-7.782222,-36.734444,30,1,5,5:6,5070
2600024870,Sumé,-7.780277,-36.731111,20,0,5,5:6,2760
2600024872,Sumé,-7.771111,-36.7375,37,0,5,5:6,2750
2600024873,Sumé,-7.776944,-36.755833,30,0,5,5:6,2280
2600024874,Sumé,-7.801666,-36.764166,27,1,2,4:5,6360
2600024875,Sumé,-7.807777,-36.765,50,0,2,4:5,850
2600024876,Sumé,-7.787222,-36.74,23,0,5,5:6,2630
2600024877,Sumé,-7.780555,-36.789444,22,0,4,5:5,2770
2600024878,Sumé,-7.783333,-36.784166,32,0,4,5:5,1044
2600024879,Sumé,-7.778611,-36.806944,30,0,2,5:4,715
2600024880,Sumé,-7.784166,-36.801111,30,0,2,5:4,1065
2600024881,Sumé,-7.782777,-36.802777,40,0,2,5:4,1189
2600024882,Sumé,-7.768888,-36.818333,38,1,2,5:4,3580
2600024883,Sumé,-7.777222,-36.825833,50,0,2,5:4,1189
2600024884,Sumé,-7.735555,-36.9625,24,0,1,6:0,1157
2600024885,Sumé,-7.7375,-36.961111,40,0,1,6:0,1442
2600024886,Sumé,-7.75,-36.951388,52,0,5,6:1,2050
2600024888,Sumé,-7.771666,-36.903888,50,0,4,5:2,807
2600024889,Sumé,-7.761944,-36.921388,32,0,3,5:1,1551
2600024891,Sumé,-7.698055,-36.911666,42,0,2,7:2,1259
2600024892,Sumé,-7.753611,-36.955555,50,0,5,6:1,2070
2600024893,Sumé,-7.761388,-36.955277,51,0,3,5:1,1652
2600024895,Sumé,-7.766666,-36.87,27,1,3,5:3,12290
2600024896,Sumé,-7.751944,-36.873333,50,1,1,6:3,3650
2600024897,Sumé,-7.739166,-36.871666,48,0,1,6:3,2360
2600024898,Sumé,-7.6925,-36.865555,23,0,5,7:3,937
2600024899,Sumé,-7.716666,-36.846388,28,0,5,7:3,869
2600024900,Sumé,-7.709166,-36.843333,45,0,5,7:3,2590
2600024901,Sumé,-7.711666,-36.848055,50,0,5,7:3,838
2600024902,Sumé,-7.737777,-36.877777,25,0,1,6:3,2720
2600024903,Sumé,-7.749166,-36.894444,60,0,2,6:2,1504
2600024904,Sumé,-7.822777,-36.806944,45,0,1,4:4,1143
2600024905,Sumé,-7.789166,-36.769166,50,0,4,5:5,2880
2600024906,Sumé,-7.805555,-36.802222,46,0,1,4:4,1475
2600024907,Sumé,-7.761666,-36.782777,18,0,4,5:5,392
2600024908,Sumé,-7.728611,-36.801111,18,0,2,6:4,1515
2600024909,Sumé,-7.711388,-36.802777,28,0,5,7:4,1444
2600024910,Sumé,-7.718055,-36.797222,30,0,1,7:5,1368
2600024911,Sumé,-7.723333,-36.813611,20,0,2,6:4,761
2600024912,Sumé,-7.710277,-36.8325,27,1,5,7:4,4330
2600024913,Sumé,-7.703055,-36.829444,50,0,5,7:4,2470
2600024914,Sumé,-7.705833,-36.843888,30,0,5,7:3,877
2600024915,Sumé,-7.675555,-36.882777,17,0,1,8:2,1188
2600024916,Sumé,-7.644444,-36.886944,38,0,1,8:2,373
2600024917,Sumé,-7.5625,-36.916666,50,0,3,10:2,2250
2600024918,Sumé,-7.544722,-36.931666,36,0,2,11:1,1106
2600024919,Sumé,-7.5375,-36.934722,33,1,2,11:1,3780
2600024920,Sumé,-7.536944,-36.934166,14,0,2,11:1,2980
2600024921,Sumé,-7.537222,-36.934166,30,1,2,11:1,3290
2600024922,Sumé,-7.510277,-36.961944,30,1,3,12:0,3970
2600024924,Sumé,-7.513333,-36.980833,40,1,3,12:0,7590
2600024926,Sumé,-7.548055,-36.974722,32,0,5,11:0,2810
2600024927,Sumé,-7.551666,-36.975555,40,1,5,11:0,3010
2600024928,Sumé,-7.535,-36.975,80,1,5,11:0,3480
2600024929,Sumé,-7.594166,-36.898611,50,0,3,10:2,3000
2600024930,Sumé,-7.564166,-36.993055,60,0,4,10:0,1784
2600024931,Sumé,-7.501944,-37.004722,50,0,5,12:-1,1950
2600024932,Sumé,-7.598611,-36.900833,18,1,3,10:2,8080
2600024933,Sumé,-7.553611,-36.938333,5,0,2,11:1,1164
2600024934,Sumé,-7.558333,-36.937777,13,1,2,11:1,3450
2600024935,Sumé,-7.562222,-36.932777,23,1,1,10:1,5960
2600024936,Sumé,-7.579166,-36.960277,45,1,4,10:0,3500
2600024938,Sumé,-7.573333,-36.918333,50,0,3,10:2,1027
2600024939,Sumé,-7.634722,-36.903611,36,0,1,9:2,2310
2600024940,Sumé,-7.641666,-36.928888,50,1,3,8:1,5180
2600024941,Sumé,-7.6325,-36.931388,35,0,1,9:1,2090
2600024942,Sumé,-7.615833,-36.931111,32,0,1,9:1,1073
2600024943,Sumé,-7.631111,-36.93,28,0,1,9:1,1182
2600024945,Sumé,-7.7425,-36.771111,50,1,3,6:5,4920
2600024946,Sumé,-7.741111,-36.771666,45,0,3,6:5,2570
2600024947,Sumé,-7.521111,-36.938333,48,1,2,11:1,3110
2600024948,Sumé,-7.511944,-36.928888,48,0,2,12:1,2080
2600024949,Sumé,-7.509166,-36.961666,48,1,3,12:0,4500
2600024950,Sumé,-7.567777,-36.967222,70,0,4,10:0,2360
2600024951,Sumé,-7.563611,-36.965277,18,0,4,10:0,1630
2600024952,Sumé,-7.505,-36.947222,36,0,2,12:1,2010
2600024953,Sumé,-7.548888,-36.937777,50,1,2,11:1,7390
2600024954,Sumé,-7.783611,-36.915833,32,0,4,5:2,2130
2600024955,Sumé,-7.81,-36.930833,16,1,1,4:1,6800
2600024956,Sumé,-7.814722,-36.961111,18,0,5,4:0,2860
2600026150,Zabelê,-8.073611,-37.086944,27,1,1,-2:-3,11390
2600026151,Zabelê,-8.064444,-37.101666,28,0,1,-2:-3,2710
2600026152,Zabelê,-8.055277,-37.106944,44,0,1,-2:-3,2030
2600026153,Zabelê,-8.056944,-37.111388,45,1,1,-2:-3,4210
2600026154,Zabelê,-8.071666,-37.113611,40,0,1,-2:-3,2530
2600026155,Zabelê,-8.069166,-37.116666,40,0,1,-2:-3,1625
2600026156,Zabelê,-8.043055,-37.128611,50,0,1,-2:-4,2220
2600026157,Zabelê,-8.043333,-37.137222,31,0,1,-2:-4,1702
2600026158,Zabelê,-8.067222,-37.135555,40,0,1,-2:-4,1554
2600026159,Zabelê,-8.072222,-37.122222,50,1,1,-2:-4,4300
2600026160,Zabelê,-8.0725,-37.117222,45,0,1,-2:-3,1721
2600026161,Zabelê,-8.071111,-37.120277,40,0,1,-2:-4,1384
2600026162,Zabelê,-8.0775,-37.108333,22.5,1,1,-2:-3,3770
2600026163,Zabelê,-8.093888,-37.132222,72,0,2,-3:-4,2820
2600026164,Zabelê,-8.098611,-37.128333,38,0,2,-3:-4,1956
2600026165,Zabelê,-8.102222,-37.122777,54,0,2,-3:-4,2560
2600026166,Zabelê,-8.108611,-37.126111,33,1,2,-3:-4,4080
2600026167,Zabelê,-8.126388,-37.123333,40,0,4,-4:-4,1889
2600026168,Zabelê,-8.122777,-37.124444,33,0,4,-4:-4,2530
2600026169,Zabelê,-8.125277,-37.116944,40,0,3,-4:-3,2800
2600026170,São Sebastião do Umbuzeiro,-8.126944,-37.111666,48,0,3,-4:-3,2930
2600026171,Zabelê,-8.120277,-37.098055,50,1,3,-4:-3,5190
2600026172,Zabelê,-8.121388,-37.103055,55,0,3,-4:-3,2450
2600026173,Zabelê,-8.105833,-37.113333,45,1,2,-3:-3,3020
2600026174,Zabelê,-8.098055,-37.094166,30,0,2,-3:-3,2590
2600026175,Zabelê,-8.098055,-37.095555,40,0,2,-3:-3,2840
2600026176,Zabelê,-8.084722,-37.103333,51.3,1,2,-3:-3,5730
2600026177,Zabelê,-8.0825,-37.1,52,1,2,-3:-3,5720
2600026179,Zabelê,-8.076666,-37.103888,42,1,1,-2:-3,5580
2600026180,Zabelê,-8.077222,-37.100277,40,1,1,-2:-3,6220
2600026181,Zabelê,-8.077777,-37.099444,37,1,1,-2:-3,3160
2600026182,Zabelê,-8.093055,-37.095833,21,0,2,-3:-3,1118
2600026183,Zabelê,-8.099166,-37.085833,40,1,2,-3:-3,6810
2600026184,Zabelê,-8.100277,-37.086388,40,1,2,-3:-3,6860
2600026185,Zabelê,-8.100833,-37.087777,25,1,2,-3:-3,3610
2600026186,Zabelê,-8.113888,-37.0875,50,1,2,-3:-3,4330
2600026187,Zabelê,-8.104444,-37.077777,50,1,3,-3:-2,3430
2600026188,Zabelê,-8.044444,-37.038611,36,0,4,-2:-1,1904
2600026189,Zabelê,-8.091666,-37.026111,42,1,5,-3:-1,4160
2600026190,Zabelê,-8.096111,-37.040833,40,1,3,-3:-2,9380
2600026191,Zabelê,-8.095555,-37.047777,50,0,3,-3:-2,1829
2600026192,Zabelê,-8.089444,-37.053888,50,1,3,-3:-2,4760
2600026193,Zabelê,-8.082222,-37.055277,40,0,3,-3:-2,2610
2600026194,Zabelê,-8.077222,-37.076111,45,1,3,-2:-2,8730
2600026195,Zabelê,-8.075555,-37.08,54,0,3,-2:-2,1970
2600026196,Zabelê,-8.076388,-37.101666,45,1,1,-2:-3,3800
2600026219,Sertãozinho,-6.758055,-35.3975,46,1,5,31:40,4390
2600026220,Sertãozinho,-6.743055,-35.408055,45,0,5,31:39,509
2600026223,Sertãozinho,-6.750555,-35.441111,45,0,2,31:38,1912
2600026226,Monteiro,-8.052777,-36.981111,50,0,5,-2:0,2360
2600026227,São Sebastião do Umbuzeiro,-8.054444,-36.98,48,0,5,-2:0,2380
2600026228,Monteiro,-8.028888,-36.991111,40,0,1,-1:0,882
2600026229,Monteiro,-8.016111,-36.991388,50,0,1,-1:0,1949
2600026230,Monteiro,-8.0425,-36.992777,50,0,5,-2:0,1102
2600026231,Monteiro,-8.049722,-36.987777,21.5,0,5,-2:0,1069
2600026232,São Sebastião do Umbuzeiro,-8.058611,-37.011388,50,0,4,-2:-1,1315
2600026233,São Sebastião do Umbuzeiro,-8.055,-37.013055,50,0,4,-2:-1,1536
2600026234,São Sebastião do Umbuzeiro,-8.06,-37.014444,30,1,4,-2:-1,4190
2600026235,São Sebastião do Umbuzeiro,-8.043333,-37.022777,32,1,4,-2:-1,8550
2600026237,Monteiro,-8.0425,-37.031944,36,0,4,-2:-1,1885
2600026238,Monteiro,-8.041944,-37.0275,38,1,4,-2:-1,6830
2600026239,São Sebastião do Umbuzeiro,-8.091111,-37.006944,22,1,5,-3:-1,5950
2600026240,São Sebastião do Umbuzeiro,-8.09,-37.011666,35,0,5,-3:-1,2680
2600026241,São Sebastião do Umbuzeiro,-8.101111,-37.027777,26,1,5,-3:-1,4850
2600026242,São Sebastião do Umbuzeiro,-8.116666,-37.011666,29,0,5,-3:-1,2910
2600026243,São Sebastião do Umbuzeiro,-8.115833,-37.008611,37,1,5,-3:-1,5080
2600026244,São Sebastião do Umbuzeiro,-8.118333,-37.015,40,1,5,-3:-1,3060
2600026245,São Sebastião do Umbuzeiro,-8.117222,-37.035,25,0,5,-3:-1,1563
2600026246,São Sebastião do Umbuzeiro,-8.102777,-37.040833,21,1,3,-3:-2,13490
2600026247,São Sebastião do Umbuzeiro,-8.104444,-37.041944,17,1,3,-3:-2,5960
2600026248,São Sebastião do Umbuzeiro,-8.104722,-37.040555,23,1,3,-3:-2,8640
2600026249,São Sebastião do Umbuzeiro,-8.117777,-37.043611,33,1,3,-3:-2,7540
2600026251,São Sebastião do Umbuzeiro,-8.124722,-37.048055,45,1,4,-4:-2,7450
2600026252,São Sebastião do Umbuzeiro,-8.130555,-37.018055,40,0,5,-4:-1,2210
2600026253,São Sebastião do Umbuzeiro,-8.142777,-37.013055,42,1,5,-4:-1,3470
2600026254,Camalaú,-8.028055,-36.913333,19,1,4,-1:2,4030
2600026255,São Sebastião do Umbuzeiro,-8.055833,-36.95,40,1,3,-2:1,6380
2600026256,São Sebastião do Umbuzeiro,-8.052777,-36.946666,33,1,3,-2:1,7200
2600026257,Monteiro,-8.0575,-36.968888,58,1,5,-2:0,5110
2600026258,São Sebastião do Umbuzeiro,-8.0575,-36.960555,45,1,5,-2:0,3380
2600026259,São Sebastião do Umbuzeiro,-8.068055,-36.9575,45,1,3,-2:1,5810
2600026260,São Sebastião do Umbuzeiro,-8.073611,-36.965277,28,0,5,-2:0,1635
2600026261,São Sebastião do Umbuzeiro,-8.080277,-36.974444,25,0,5,-3:0,1917
2600026262,São Sebastião do Umbuzeiro,-8.087777,-36.975555,28,1,5,-3:0,5760
2600026264,São Sebastião do Umbuzeiro,-8.1025,-36.9675,37,1,5,-3:0,5340
2600026265,São Sebastião do Umbuzeiro,-8.098333,-36.981388,60,1,5,-3:0,3020
2600026266,São Sebastião do Umbuzeiro,-8.118333,-36.993333,23,1,5,-3:0,5950
2600026267,São Sebastião do Umbuzeiro,-8.126111,-36.993888,27,1,5,-4:0,6130
2600026268,São João do Tigre,-8.158611,-36.938055,43,1,2,-4:1,4160
2600026269,São João do Tigre,-8.150277,-36.935833,47,1,2,-4:1,5160
2600026270,São Sebastião do Umbuzeiro,-8.148333,-36.970555,39,1,5,-4:0,8530
2600026271,São Sebastião do Umbuzeiro,-8.145,-36.986388,25,1,5,-4:0,3830
2600026273,São Sebastião do Umbuzeiro,-8.121111,-36.978888,46,1,5,-4:0,9040
2600026274,São Sebastião do Umbuzeiro,-8.118333,-36.988333,39,1,5,-3:0,15890
2600026275,São Sebastião do Umbuzeiro,-8.130555,-36.996111,21,1,5,-4:0,5800
2600026276,São Sebastião do Umbuzeiro,-8.128055,-37.003333,38,1,5,-4:-1,5810
2600026277,São Sebastião do Umbuzeiro,-8.242777,-37.053055,47,1,5,-7:-2,3020
2600026278,São Sebastião do Umbuzeiro,-8.244722,-37.055555,18,1,5,-7:-2,5370
2600026280,São Sebastião do Umbuzeiro,-8.221388,-37.047222,28,1,3,-6:-2,4070
2600026281,São Sebastião do Umbuzeiro,-8.217222,-37.049444,50,1,3,-6:-2,3790
2600026283,São Sebastião do Umbuzeiro,-8.206944,-37.055555,50,1,3,-6:-2,3150
2600026284,São Sebastião do Umbuzeiro,-8.208611,-37.06,43,1,3,-6:-2,5670
2600026286,São Sebastião do Umbuzeiro,-8.218888,-37.091111,33,1,1,-6:-3,6870
2600026287,São Sebastião do Umbuzeiro,-8.2,-37.086944,30,1,1,-5:-3,5110
2600026288,São Sebastião do Umbuzeiro,-8.184444,-37.088888,30,1,1,-5:-3,3950
2600026289,São Sebastião do Umbuzeiro,-8.143611,-37.104444,45,0,3,-4:-3,2810
2600026290,São Sebastião do Umbuzeiro,-8.136111,-37.098611,35,1,3,-4:-3,3440
2600026291,São Sebastião do Umbuzeiro,-8.148611,-37.116944,50,1,3,-4:-3,3250
2600026292,São Sebastião do Umbuzeiro,-8.144444,-37.133611,35,1,4,-4:-4,4450
2600026293,São Sebastião do Umbuzeiro,-8.1375,-37.0675,27,0,4,-4:-2,620
2600026294,São Sebastião do Umbuzeiro,-8.155555,-37.070277,42,1,4,-4:-2,5730
2600026295,São Sebastião do Umbuzeiro,-8.161388,-37.081666,30,1,1,-5:-3,4650
2600026296,São Sebastião do Umbuzeiro,-8.172222,-37.085,36,1,1,-5:-3,5720
2600026297,São Sebastião do Umbuzeiro,-8.169444,-37.143055,45,1,3,-5:-4,3700
2600026298,São Sebastião do Umbuzeiro,-8.156388,-37.135833,50,0,4,-4:-4,1797
2600026299,São Sebastião do Umbuzeiro,-8.15,-37.131388,36,1,4,-4:-4,4570
2600026300,São Sebastião do Umbuzeiro,-8.155277,-37.009444,48,1,5,-4:-1,4260
2600026301,São Sebastião do Umbuzeiro,-8.154444,-37.006666,18,1,5,-4:-1,3730
2600026302,São Sebastião do Umbuzeiro,-8.153888,-37.010833,50,1,5,-4:-1,5030
2600026303,São Sebastião do Umbuzeiro,-8.150277,-37.0075,32,1,5,-4:-1,4300
2600026304,São Sebastião do Umbuzeiro,-8.15,-37.009722,30.7,1,5,-4:-1,5680
2600026305,São Sebastião do Umbuzeiro,-8.146666,-37.069166,43,1,4,-4:-2,3440
2600026306,São Sebastião do Umbuzeiro,-8.182222,-37.011666,42,0,4,-5:-1,1404
2600026308,São João do Tigre,-8.256111,-36.964444,45,1,4,-7:0,16640
2600026311,São Sebastião do Umbuzeiro,-8.255277,-37.016666,52,1,2,-7:-1,4930
2600026312,São Sebastião do Umbuzeiro,-8.243888,-37.013888,35,1,2,-7:-1,5450
2600026313,São Sebastião do Umbuzeiro,-8.243888,-36.989166,50,0,4,-7:0,1413
2600026314,São Sebastião do Umbuzeiro,-8.223888,-37.004722,26,1,5,-6:-1,6120
2600026315,São Sebastião do Umbuzeiro,-8.222777,-37.005277,20,1,5,-6:-1,4400
2600026316,São Sebastião do Umbuzeiro,-8.220555,-36.997777,36,1,4,-6:0,8880
2600026317,São Sebastião do Umbuzeiro,-8.217777,-36.998055,34,1,4,-6:0,8360
2600026319,São João do Tigre,-8.178055,-36.951111,19,1,4,-5:1,6820
2600026320,São João do Tigre,-8.178055,-36.951388,53,1,4,-5:1,5350
2600026321,São João do Tigre,-8.178611,-36.900277,54,1,2,-5:2,7020
2600026322,São Sebastião do Umbuzeiro,-8.134166,-37.003611,45,1,5,-4:-1,7700
2600026323,São Sebastião do Umbuzeiro,-8.145277,-37.005555,40,1,5,-4:-1,8620
2600026325,Soledade,-7.082222,-36.364722,50,1,4,22:15,16500
2600026326,Soledade,-7.083888,-36.358888,50,1,1,22:16,35300
2600026327,Soledade,-7.091111,-36.361666,50,1,4,22:15,6410
2600026329,Soledade,-7.056944,-36.36,50,0,3,23:16,1751
2600026331,Soledade,-7.051388,-36.362777,40,1,4,23:15,9554
2600026332,Soledade,-7.051944,-36.362222,30,1,4,23:15,8770
2600026333,Soledade,-7.055555,-36.369444,50,0,4,23:15,1990
2600026335,Soledade,-7.059444,-36.371666,50,1,4,23:15,6930
2600026337,Soledade,-7.099166,-36.388888,42,1,4,22:15,20700
2600026338,Soledade,-7.105,-36.365833,50,1,4,22:15,11040
2600026340,Soledade,-7.115833,-36.381111,30,0,4,22:15,2460
2600026341,Soledade,-7.116111,-36.382222,50,1,4,22:15,6060
2600026342,Soledade,-7.116388,-36.381666,50,1,4,22:15,10180
2600026343,Soledade,-7.118333,-36.368888,40,1,4,22:15,6340
2600026348,Soledade,-7.135833,-36.376388,35,1,5,21:15,16390
2600026349,Soledade,-7.138333,-36.385277,30,0,5,21:15,2420
2600026350,Soledade,-7.138611,-36.368333,30,0,5,21:15,1287
2600026351,Soledade,-7.125,-36.379722,51,1,5,21:15,9130
2600026352,Soledade,-7.132777,-36.365277,48,1,5,21:15,16600
2600026354,Soledade,-7.132777,-36.386111,50,0,5,21:15,1370
2600026355,Soledade,-7.135,-36.390277,50,1,5,21:15,6670
2600026356,Soledade,-7.1275,-36.396388,50,1,5,21:15,6450
2600026357,Soledade,-7.149444,-36.403888,50,1,4,21:14,23400
2600026358,Soledade,-7.145555,-36.408611,36,1,4,21:14,8650
2600026359,Soledade,-7.155833,-36.413888,25,1,4,21:14,12110
2600026360,Soledade,-7.170833,-36.417777,26,1,1,20:14,8650
2600026361,Soledade,-7.061111,-36.356111,30,1,3,23:16,11650
2600026363,Soledade,-7.150833,-36.395555,36,1,5,21:15,16400
2600026364,Soledade,-7.150277,-36.368055,40,1,5,21:15,4730
2600026365,Soledade,-7.1575,-36.368888,19,1,5,21:15,9900
2600026366,Soledade,-7.156944,-36.372777,9,0,5,21:15,1783
2600026367,Soledade,-7.170555,-36.37,36,1,1,20:15,11260
2600026369,Soledade,-7.1825,-36.360555,22,0,1,20:15,2600
2600026370,Soledade,-7.176111,-36.398333,34,1,1,20:15,7330
2600026372,Soledade,-7.195277,-36.377222,36,1,1,20:15,14490
2600026373,Soledade,-7.205555,-36.394722,44,1,3,19:15,14010
2600026374,Soledade,-7.215,-36.404166,40,1,2,19:14,3070
2600026375,Gurjão,-7.213333,-36.387777,50,1,3,19:15,5960
2600026376,Gurjão,-7.22,-36.387777,50,1,3,19:15,6280
2600026377,Soledade,-7.160277,-36.422777,37,0,1,20:14,2000
2600026378,Soledade,-7.170555,-36.434444,27,1,1,20:14,9870
2600026379,Soledade,-7.1575,-36.432777,38,1,4,21:14,8180
2600026380,Soledade,-7.153888,-36.449444,50,1,1,21:13,4390
2600026382,Soledade,-7.137222,-36.449166,50,1,1,21:13,3470
2600026383,Soledade,-7.082777,-36.376666,38,1,4,22:15,5420
2600026384,Gurjão,-7.253888,-36.385,16,1,5,18:15,4560
2600026388,Soledade,-7.114722,-36.456666,50,1,5,22:13,13450
2600026389,Soledade,-7.139722,-36.460555,26,0,1,21:13,655
2600026391,Soledade,-7.166944,-36.475277,36,1,3,20:13,12980
2600026392,Soledade,-7.169444,-36.478611,39,1,3,20:13,6120
2600026393,Soledade,-7.173888,-36.484444,50,1,2,20:12,6070
2600026394,Soledade,-7.173888,-36.475555,32,1,3,20:13,15660
2600026395,Soledade,-7.186666,-36.485555,50,1,2,20:12,16630
2600026396,Soledade,-7.187222,-36.483888,35,0,2,20:12,2200
2600026398,Soledade,-7.087222,-36.405555,59,1,4,22:14,11410
2600026399,Soledade,-7.086666,-36.406111,49,1,4,22:14,11940
2600026400,Soledade,-7.082222,-36.413333,50,1,4,22:14,14670
2600026401,Soledade,-7.081944,-36.413055,50,1,4,22:14,14650
2600026402,Soledade,-7.065833,-36.354444,50,1,3,23:16,4810
2600026405,Soledade,-7.116666,-36.288888,48,0,4,22:17,2250
2600026406,Soledade,-7.108333,-36.327777,51.8,1,1,22:16,14400
2600026407,Soledade,-7.172777,-36.286666,36,1,5,20:17,22600
2600026408,Soledade,-7.0825,-36.316666,50,1,4,22:17,22700
2600026409,Soledade,-7.105,-36.340277,53,1,1,22:16,14420
2600026410,Soledade,-7.110555,-36.340277,30,1,1,22:16,10600
2600026412,Soledade,-7.074166,-36.338333,47,1,3,23:16,13540
2600026413,Soledade,-7.069722,-36.320277,55,1,3,23:16,15330
2600026418,Soledade,-7.046944,-36.343055,50,1,3,23:16,7550
2600026420,Soledade,-7.136111,-36.2375,35,1,2,21:19,14980
2600026421,Soledade,-7.1475,-36.235555,45,1,2,21:19,9220
2600026422,Soledade,-7.148611,-36.222222,50,1,2,21:19,20600
2600026423,Soledade,-7.135,-36.260833,48,1,1,21:18,36800
2600026424,Soledade,-7.161944,-36.269444,36,1,4,20:18,30500
2600026425,Soledade,-7.060555,-36.356388,40,1,3,23:16,19690
2600026426,Soledade,-7.167777,-36.251111,32,1,4,20:18,7350
2600026429,Soledade,-7.139444,-36.326388,42,1,1,21:16,3310
2600026430,Soledade,-7.142222,-36.331666,50,1,1,21:16,8420
2600026433,Soledade,-7.186388,-36.252777,30,1,4,20:18,3850
2600026434,Soledade,-7.187222,-36.318888,30,1,5,20:17,24400
2600026435,Soledade,-7.080833,-36.331944,50,1,1,22:16,8320
2600026436,Boa Vista,-7.206388,-36.323333,38,1,1,19:16,9280
2600026437,Soledade,-7.012777,-36.341944,36,1,3,24:16,7660
2600026438,Soledade,-7.000833,-36.336111,23,1,3,24:16,11540
2600026441,Soledade,-7.027777,-36.321944,32,1,3,24:16,7550
2600026442,Soledade,-7.031666,-36.324444,24,1,3,24:16,16050
2600026443,Soledade,-7.018888,-36.320555,48,1,3,24:16,15100
2600026444,Soledade,-6.976388,-36.350833,43,1,4,25:16,13560
2600026445,Soledade,-7.011666,-36.366111,27,1,1,24:15,11200
2600026447,Soledade,-7.006666,-36.367777,45,1,1,24:15,5100
2600026448,Soledade,-6.979166,-36.371666,16,1,4,25:15,3880
2600026449,Soledade,-6.980555,-36.379166,36,1,4,25:15,7400
2600026450,Soledade,-6.980555,-36.379444,40,0,4,25:15,2850
2600026451,Soledade,-6.998611,-36.382222,46,1,4,25:15,20200
2600026452,Soledade,-6.985833,-36.391666,64,1,4,25:15,3860
2600026453,São Vicente do Seridó,-6.983888,-36.415833,25,1,2,25:14,14700
2600026455,Soledade,-7.026111,-36.365277,33,1,1,24:15,6150
2600026456,Soledade,-7.018611,-36.367222,51,1,1,24:15,8640
2600026457,Soledade,-6.991111,-36.416111,50,1,2,25:14,16800
2600026458,São Vicente do Seridó,-6.984444,-36.445,25,1,2,25:13,11100
2600026459,São Vicente do Seridó,-6.985277,-36.442222,51,1,2,25:13,9140
2600026462,Soledade,-6.994444,-36.4275,53,0,2,25:14,2410
2600026463,Soledade,-7.000277,-36.436666,21,1,2,24:14,15140
2600026464,Soledade,-7.011666,-36.441111,23,1,2,24:13,10320
2600026465,Soledade,-7.024722,-36.460555,22,1,2,24:13,16230
2600026466,Soledade,-7.008333,-36.4225,36,1,2,24:14,10560
2600026467,Soledade,-7.049166,-36.361666,50,1,4,23:15,8530
2600026469,Soledade,-7.044166,-36.382777,32,1,4,23:15,6270
2600026473,Soledade,-7.063333,-36.473611,30,1,1,23:13,5360
2600026476,Soledade,-7.031666,-36.473888,45,1,2,24:13,13850
2600026477,Soledade,-7.031111,-36.486666,25,0,1,24:12,1330
2600026478,Soledade,-7.034166,-36.415277,42,1,2,24:14,6590
2600026480,Soledade,-7.132777,-36.236111,68.5,1,2,21:19,17620
2600026483,São Mamede,-6.968055,-37.060277,43,1,3,25:-2,4850
2600026487,São Mamede,-7.025,-37.026111,43,0,4,24:-1,881
2600026488,São Mamede,-7.026111,-37.0175,35,0,4,24:-1,1604
2600026489,São Mamede,-7.026111,-37.017777,38,0,4,24:-1,1309
2600026491,São Mamede,-6.962222,-37.065,50,1,3,25:-2,4260
2600026492,São Mamede,-6.962777,-37.042777,37,0,3,25:-2,1840
2600026493,São Mamede,-6.966111,-37.041666,48,0,3,25:-2,2270
2600026494,São Mamede,-6.973055,-37.030833,45,0,4,25:-1,2520
2600026495,São Mamede,-6.974444,-37.001111,35,1,4,25:-1,10380
2600026496,São Mamede,-6.976944,-36.994444,32,1,3,25:0,8650
2600026499,São Mamede,-7.029444,-37.029166,50,0,4,24:-1,959
2600026500,São Mamede,-7.0225,-37.017777,50,0,4,24:-1,2460
2600026501,São Mamede,-7.015277,-37.046111,49,0,4,24:-2,486
2600026504,São Mamede,-6.981666,-37.169444,40,1,4,25:-5,3460
2600026505,São Mamede,-6.98,-37.156111,44,1,2,25:-4,14230
2600026506,São Mamede,-6.981666,-37.140555,50,0,2,25:-4,1670
2600026507,São Mamede,-6.974722,-37.124444,48,1,2,25:-4,5340
2600026508,São Mamede,-6.985,-37.129444,45,0,2,25:-4,2170
2600026509,Quixaba,-7.018888,-37.128333,50,1,1,24:-4,4460
2600026510,São Mamede,-7.009166,-37.103055,43,0,5,24:-3,2110
2600026512,São Mamede,-7.014444,-37.078888,60,0,4,24:-2,639
2600026513,São Mamede,-7.002777,-37.075277,45,0,4,24:-2,2860
2600026514,São Mamede,-7.008611,-37.064722,50,0,4,24:-2,2920
2600026515,São Mamede,-7.01,-37.063611,49,1,4,24:-2,3100
2600026516,São Mamede,-7.024444,-37.027777,40,0,4,24:-1,2360
2600026517,São Mamede,-7.046111,-36.989444,30,0,3,23:0,991
2600026522,São Mamede,-6.948333,-37.106666,50,1,1,26:-3,3820
2600026523,São Mamede,-6.947222,-37.105833,25,1,1,26:-3,3560
2600026524,São Mamede,-6.951666,-37.108055,30,0,1,26:-3,1124
2600026525,São Mamede,-6.971388,-37.108888,35,0,4,25:-3,3000
2600026526,São Mamede,-6.947222,-37.063333,35,0,5,26:-2,1497
2600026527,São Mamede,-6.949722,-37.065555,50,1,5,26:-2,7230
2600026528,São Mamede,-6.943888,-37.030555,36,1,5,26:-1,9640
2600026529,São Mamede,-6.944722,-37.030277,50,1,5,26:-1,3010
2600026530,São Mamede,-6.943055,-37.031388,36,1,5,26:-1,7040
2600026531,Santa Luzia,-6.908888,-37.009444,50,1,4,27:-1,4980
2600026532,São Mamede,-6.94,-37.037222,50,1,5,26:-1,6660
2600026533,São Mamede,-6.945833,-37.027777,50,1,5,26:-1,6580
2600026534,São Mamede,-6.948611,-37.013055,50,0,5,26:-1,2110
2600026535,São Mamede,-6.972777,-37.007222,45,1,4,25:-1,15450
2600026536,São Mamede,-6.953888,-37.004166,34,0,5,26:-1,1830
2600026537,São Mamede,-6.951944,-36.991666,30,0,2,26:0,1330
2600027183,São Mamede,-6.94,-36.985555,50,0,2,26:0,1710
2600027184,São Mamede,-6.928055,-37.074722,70,0,5,26:-2,2190
2600027186,São Mamede,-6.93,-37.073888,50,1,5,26:-2,7490
2600027187,São Mamede,-6.943333,-37.168888,50,1,5,26:-5,3460
2600027189,São Mamede,-6.941944,-37.172777,40,0,5,26:-5,687
2600027190,São Mamede,-6.956666,-37.171944,40,0,5,26:-5,1140
2600027191,São Mamede,-6.943055,-37.154722,48,1,2,26:-4,6380
2600027193,São Mamede,-6.938333,-37.15,25,0,2,26:-4,2700
2600027199,São Mamede,-6.922222,-37.011111,40,1,5,26:-1,6840
2600027200,São Mamede,-6.922777,-37.009444,45,0,5,26:-1,2470
2600027201,São Mamede,-6.965555,-37.000555,50,1,4,25:-1,3900
2600027202,Quixaba,-7.004722,-37.145,35,0,1,24:-4,1176
2600027203,São Mamede,-6.97,-37.125277,45,0,2,25:-4,2530
2600027204,São Mamede,-6.928888,-37.026944,50,1,5,26:-1,6530
2600027207,São Mamede,-6.918888,-37.061666,49.5,0,5,27:-2,720
2600027208,São Mamede,-6.975833,-37.0875,50,1,4,25:-3,3670
2600027212,São Mamede,-6.996111,-37.053055,41,0,3,25:-2,685
2600027214,São Mamede,-6.979166,-37.061111,51,0,3,25:-2,790
2600027215,São Mamede,-6.955,-37.147222,44,0,2,26:-4,984
2600027217,São Mamede,-6.959166,-37.142777,40,0,2,26:-4,1263
2600027218,São Mamede,-6.963055,-37.071388,50,1,3,25:-2,3230
2600027219,São Mamede,-6.870833,-37.036666,50,0,4,28:-1,1479
2600027221,São Mamede,-6.878055,-37.042777,50,0,5,28:-2,1262
2600027222,Várzea,-6.871666,-37.016666,32,1,4,28:-1,3100
2600027223,São Mamede,-6.875555,-37.024166,27,0,4,28:-1,668
2600027224,São Mamede,-6.9025,-37.068611,35,0,5,27:-2,2240
2600027225,São Mamede,-6.904722,-37.068888,50,0,5,27:-2,1448
2600027226,São Mamede,-6.941944,-37.128888,50,1,2,26:-4,10900
2600027227,São Mamede,-6.929166,-37.102222,50,1,1,26:-3,5690
2600027228,São Mamede,-6.864166,-37.185,50,0,5,28:-5,1811
2600027229,São Mamede,-6.870833,-37.2125,48,0,4,28:-6,919
2600027230,São Mamede,-6.843055,-37.218333,50,0,4,28:-6,1668
2600027231,São Mamede,-6.843333,-37.218611,50,0,4,28:-6,816
2600027232,São Mamede,-6.902222,-37.145833,45,0,2,27:-4,1135
2600027233,São Mamede,-6.858055,-37.173333,43,0,5,28:-5,844
2600027234,São Mamede,-6.859166,-37.173333,35,0,5,28:-5,478
2600027235,São Mamede,-6.858333,-37.171388,56,0,5,28:-5,645
2600027236,São Mamede,-6.849166,-37.092777,30,0,3,28:-3,651
2600027237,São Mamede,-6.844722,-37.093888,28,0,3,28:-3,573
2600027241,São Mamede,-6.889166,-37.055833,30,1,5,27:-2,8500
2600027244,São Mamede,-6.885555,-37.052777,20,0,5,27:-2,460
2600027246,São Mamede,-6.896388,-37.066388,50,1,5,27:-2,4020
2600027247,São Mamede,-6.889444,-37.063888,50,1,5,27:-2,3980
2600027248,São Mamede,-6.876944,-37.0625,50,1,5,28:-2,9450
2600027249,São Mamede,-6.883611,-37.08,42,0,5,27:-2,2640
2600027250,São Mamede,-6.881388,-37.081944,35,1,2,27:-3,5730
2600027251,São Mamede,-6.871388,-37.075,34,0,5,28:-2,936
2600027252,São Mamede,-6.843333,-37.087222,58,0,3,28:-3,1990
2600027255,São Mamede,-6.911666,-37.077222,40,0,5,27:-2,1048
2600027256,São Mamede,-6.926388,-37.099166,36,1,1,26:-3,6700
2600027259,São Mamede,-6.926666,-37.095277,31,1,1,26:-3,5140
2600027260,São Mamede,-6.915833,-37.114166,45,0,2,27:-3,505
2600027261,São Mamede,-6.906111,-37.109166,48,1,2,27:-3,14630
2600027262,São Mamede,-6.8975,-37.113055,46,1,2,27:-3,9040
2600027263,São Mamede,-6.895277,-37.1,46,0,2,27:-3,1362
2600027265,São Mamede,-6.889166,-37.1275,42,0,2,27:-4,583
2600027268,São Mamede,-6.885,-37.107222,55,0,2,27:-3,2980
2600027271,São Mamede,-6.842222,-37.120833,38,0,3,28:-4,1270
2600027274,São Mamede,-6.987222,-37.109166,41,0,4,25:-3,2210
2600027276,São Mamede,-6.885833,-37.208888,68,0,1,27:-6,1795
2600027277,São Mamede,-6.845555,-37.208055,54,0,4,28:-6,1050
2600027279,São Vicente do Seridó,-6.964444,-36.386666,50,0,4,25:15,2750
2600027280,São Vicente do Seridó,-6.973611,-36.389722,32,0,4,25:15,1099
2600027282,São Vicente do Seridó,-6.950555,-36.368611,50,1,5,26:15,11210
2600027283,São Vicente do Seridó,-6.950833,-36.364722,25,0,5,26:15,1506
2600027284,São Vicente do Seridó,-6.943055,-36.361666,50,1,5,26:15,20000
2600027285,Cubati,-6.844722,-36.352777,45,0,1,28:16,1670
2600027286,São Vicente do Seridó,-6.943055,-36.342777,50,0,3,26:16,462
2600027288,São Vicente do Seridó,-6.920277,-36.355,50,1,3,26:16,19610
2600027290,São Vicente do Seridó,-6.930277,-36.358333,45,1,3,26:16,20000
2600027291,São Vicente do Seridó,-6.933611,-36.356944,45,1,3,26:16,19700
2600027292,São Vicente do Seridó,-6.924444,-36.369166,34,1,5,26:15,6610
2600027293,São Vicente do Seridó,-6.931944,-36.361111,32,1,5,26:15,20000
2600027296,São Vicente do Seridó,-6.931388,-36.376666,40,1,5,26:15,20000
2600027298,São Vicente do Seridó,-6.945555,-36.451388,50,1,1,26:13,12010
2600027302,São Vicente do Seridó,-6.965,-36.472777,50,1,2,25:13,7160
2600027303,Juazeirinho,-6.97,-36.475555,50,1,2,25:13,10180
2600027305,São Vicente do Seridó,-6.9375,-36.480833,60,1,5,26:12,3740
2600027308,São Vicente do Seridó,-6.914166,-36.478333,52,1,4,27:13,5370
2600027310,São Vicente do Seridó,-6.883888,-36.515,48,1,4,27:12,4090
2600027311,São Vicente do Seridó,-6.898333,-36.491111,50,1,4,27:12,4530
2600027313,São Vicente do Seridó,-6.874444,-36.446666,50,1,1,28:13,4810
2600027314,São Vicente do Seridó,-6.885,-36.430833,50,1,1,27:14,5680
2600027315,São Vicente do Seridó,-6.904444,-36.437777,55,1,1,27:14,6620
2600027316,São Vicente do Seridó,-6.909166,-36.440833,40,1,4,27:13,7050
2600027317,São Vicente do Seridó,-6.914166,-36.459722,50,1,4,27:13,9370
2600027318,São Vicente do Seridó,-6.918333,-36.452777,22,1,4,27:13,12210
2600027322,São Vicente do Seridó,-6.868611,-36.415555,50,1,2,28:14,4190
2600027323,São Vicente do Seridó,-6.874166,-36.414444,50,1,2,28:14,5990
2600027324,Pedra Lavrada,-6.851666,-36.413888,60,1,2,28:14,5190
2600027330,São Vicente do Seridó,-6.947222,-36.423055,50,0,3,26:14,1830
2600027331,São Vicente do Seridó,-6.968611,-36.405277,50,1,2,25:14,8550
2600027333,Sossêgo,-6.767777,-36.224722,50,1,5,30:19,6850
2600027334,Sossêgo,-6.779444,-36.219444,50,1,5,30:19,8320
2600027336,Pedra Lavrada,-6.761111,-36.33,50,1,4,30:16,10380
2600027337,Sossêgo,-6.7625,-36.247777,50,1,3,30:18,13150
2600027338,Pedra Lavrada,-6.763333,-36.328055,50,1,4,30:16,13480
2600027339,Sossêgo,-6.751111,-36.224444,50,1,3,31:19,5430
2600027342,Sossêgo,-6.735277,-36.204166,50,1,3,31:19,10240
2600027344,Sossêgo,-6.734722,-36.223611,50,1,3,31:19,8960
2600027345,Sossêgo,-6.696111,-36.161388,50,1,1,32:20,17570
2600027346,Sossêgo,-6.692222,-36.161388,50,1,1,32:20,8630
2600027347,Sossêgo,-6.683333,-36.156111,50,0,5,32:21,2230
2600027348,Sossêgo,-6.676944,-36.225277,50,1,4,33:19,8150
2600027349,Sossêgo,-6.689722,-36.210555,50,1,1,32:19,15040
2600027353,Sossêgo,-6.738055,-36.215,44,1,3,31:19,10850
2600027354,Sossêgo,-6.685277,-36.246666,56,1,5,32:18,10390
2600027355,Taperoá,-7.210555,-36.785,50,1,5,19:5,5640
2600027357,Taperoá,-7.221944,-36.791666,45,1,5,19:5,5580
2600027358,Salgadinho,-7.138611,-36.830833,50,1,3,21:4,3950
2600027362,Taperoá,-7.164722,-36.913888,50,1,3,20:2,5300
2600027364,Taperoá,-7.189166,-36.968611,60,1,3,20:0,3880
2600027367,Taperoá,-7.207222,-37.007222,50,1,4,19:-1,13790
2600027368,Taperoá,-7.213333,-36.986666,50,0,2,19:0,437
2600027371,Taperoá,-7.196944,-36.9075,50,1,3,20:2,34700
2600027376,Taperoá,-7.165277,-36.778888,50,1,1,20:5,3960
2600027377,Taperoá,-7.171388,-36.703055,35,1,1,20:7,3570
2600027380,Taperoá,-7.286388,-36.902777,50,1,1,17:2,3140
2600027381,Taperoá,-7.256111,-36.8925,54,0,5,18:2,1289
2600027382,Taperoá,-7.264444,-36.885555,50,0,5,18:2,2400
2600027383,Taperoá,-7.251388,-36.883888,50,0,5,18:2,939
2600027384,Taperoá,-7.234722,-36.831111,35,0,4,19:4,1056
2600027385,Livramento,-7.305,-36.763611,50,1,1,17:5,4140
2600027386,Taperoá,-7.273611,-36.774166,50,1,4,18:5,7670
2600027387,Taperoá,-7.258333,-36.786666,30,1,4,18:5,6860
2600027389,Taperoá,-7.206666,-36.827777,22,0,4,19:4,2830
2600027390,Taperoá,-7.301666,-36.846111,50,1,3,17:3,4230
2600027391,Taperoá,-7.313333,-36.857222,50,1,3,17:3,5800
2600027392,Taperoá,-7.314722,-36.847222,30,1,3,17:3,5500
2600027393,Taperoá,-7.273888,-36.819444,50,1,1,18:4,8080
2600027395,Taperoá,-7.206111,-36.828611,40,1,4,19:4,15550
2600027396,Taperoá,-7.240833,-36.868333,25,1,5,18:3,4150
2600027398,Taperoá,-7.212222,-36.687777,35,1,5,19:7,11030
2600027399,Taperoá,-7.213888,-36.69,50,0,5,19:7,2610
2600027400,Taperoá,-7.209166,-36.821666,30,0,4,19:4,2450
2600027401,Taperoá,-7.189722,-36.769722,50,1,1,20:5,5800
2600027402,Taperoá,-7.188888,-36.785833,50,1,1,20:5,6060
2600027403,Tenório,-6.945555,-36.608888,45,1,4,26:9,3600
2600027405,Tenório,-6.963055,-36.620555,52,1,2,25:9,4560
2600027407,Tenório,-6.949166,-36.632222,45,1,4,26:9,10800
2600027408,Tenório,-6.9625,-36.648888,50,0,3,25:8,1626
2600027410,Tenório,-6.938888,-36.654722,50,0,5,26:8,1930
2600027413,Tenório,-6.95,-36.658055,50,0,5,26:8,985
2600027423,Várzea,-6.786666,-37.009444,31,0,3,30:-1,1243
2600027424,Várzea,-6.831111,-36.981111,60,1,1,29:0,6560
2600027425,Várzea,-6.828611,-36.981944,50,1,1,29:0,8210
2600027426,Várzea,-6.833055,-36.979444,40,1,1,29:0,8680
2600027427,Várzea,-6.848611,-36.995555,50,1,5,28:0,5880
2600027429,Várzea,-6.8375,-36.993888,52,1,1,29:0,3290
2600027431,Várzea,-6.848611,-37.014444,36,0,4,28:-1,1914
2600027432,Várzea,-6.843055,-37.001388,50,1,4,28:-1,3790
2600027433,Várzea,-6.818888,-36.9875,45,1,1,29:0,3300
2600027434,Várzea,-6.816111,-36.985555,46,0,1,29:0,2600
2600027435,Várzea,-6.828888,-36.973055,50,1,1,29:0,3230
2600027438,Várzea,-6.818333,-37.011944,50,0,5,29:-1,1002
2600027439,Várzea,-6.826111,-36.989722,50,1,1,29:0,5570
2600027440,Várzea,-6.7675,-37.015833,42,1,3,30:-1,3260
2600027441,Várzea,-6.800833,-37.033055,50,1,5,29:-1,4310
2600027444,Várzea,-6.823611,-37.045833,40,1,1,29:-2,4010
2600027445,Várzea,-6.817222,-37.053888,50,1,1,29:-2,3870
2600027446,Várzea,-6.831666,-37.056666,50,1,1,29:-2,5420
2600027447,Várzea,-6.820277,-37.059166,46,0,1,29:-2,640
2600027448,Várzea,-6.816111,-37.075833,50,0,1,29:-2,1135
2600027449,Várzea,-6.786944,-37.049166,50,0,2,30:-2,884
2600027451,Várzea,-6.781666,-37.030833,50,0,3,30:-1,1219
2600027453,Várzea,-6.787777,-37.033888,50,0,3,30:-1,1118
2600027454,Várzea,-6.779166,-36.991111,28,1,4,30:0,4840
2600027456,Várzea,-6.781944,-36.9875,50,0,4,30:0,840
2600027458,Várzea,-6.794444,-36.986944,47,0,4,30:0,2550
2600027460,Várzea,-6.808055,-36.993333,50,1,1,29:0,3270
2600027461,Várzea,-6.788888,-36.994444,48,0,4,30:0,2410
2600027462,Várzea,-6.807777,-37.009722,50,0,5,29:-1,777
2600027463,Várzea,-6.809444,-37.011666,50,0,5,29:-1,1096
2600027464,Várzea,-6.7975,-36.9975,40,0,4,30:0,979
2600027465,Várzea,-6.796111,-36.996666,31,0,4,30:0,1101
2600027466,Várzea,-6.795277,-36.996388,51,0,4,30:0,1880
2600027468,Várzea,-6.769722,-37.045,35,1,2,30:-2,3830
2600027469,Várzea,-6.77,-37.045,40,1,2,30:-2,4780
2600027471,Várzea,-6.757777,-37.048611,27,1,2,31:-2,4940
2600027472,Várzea,-6.758611,-37.058888,55,0,2,31:-2,866
2600027473,Várzea,-6.760555,-37.040833,50,0,2,30:-2,1806
2600027474,Várzea,-6.763611,-37.034444,50,0,3,30:-1,539
2600027476,Várzea,-6.734166,-37.029166,24,1,5,31:-1,24200
2600027477,Várzea,-6.736666,-37.020277,39,0,5,31:-1,1980
2600027478,Várzea,-6.768055,-36.998611,42,1,4,30:0,6190
2600027479,Várzea,-6.769444,-36.993611,55,0,4,30:0,1838
2600027480,Várzea,-6.773055,-36.991944,50,1,4,30:0,8480
2600027482,Várzea,-6.77,-36.990277,50,1,4,30:0,3770
2600027483,Várzea,-6.770833,-36.992222,50,1,4,30:0,4590
2600027484,Várzea,-6.769444,-36.991388,50,1,4,30:0,3890
2600027485,Várzea,-6.7725,-36.990278,56,1,4,30:0,3600
2600027487,Várzea,-6.734444,-36.977222,50,0,2,31:0,914
2600027488,Várzea,-6.728888,-36.979722,50,0,2,31:0,1408
2600027489,Várzea,-6.728333,-36.980833,50,0,2,31:0,2220
2600027491,Várzea,-6.83,-36.974167,18,0,1,29:0,843
2600027492,Várzea,-6.719722,-36.979722,42,0,5,32:0,854
2600027493,Várzea,-6.761944,-36.976666,50,0,4,30:0,703
2600027494,Várzea,-6.758333,-36.975277,50,0,2,31:0,916
2600027495,Várzea,-6.7575,-36.974166,50,0,2,31:0,796
2600027496,Várzea,-6.830556,-36.975,50,0,1,29:0,521
2600027497,Várzea,-6.768055,-36.987777,38,0,4,30:0,2710
2600027498,Várzea,-6.774444,-36.985555,50,0,4,30:0,876
2600027499,Várzea,-6.773888,-36.983888,50,0,4,30:0,1889
2600027500,Várzea,-6.774444,-36.986944,50,0,4,30:0,2050
2600027501,Várzea,-6.780277,-36.989444,47,0,4,30:0,817
2600027502,Vista Serrana,-6.729444,-37.597222,50,0,1,31:-15,1470
2600027504,Vista Serrana,-6.738611,-37.566111,42,0,1,31:-15,1583
2600027509,Vista Serrana,-6.742777,-37.571944,26,0,1,31:-15,1766
2600028967,São José do Brejo do Cruz,-6.229722,-37.345833,15,0,2,44:-9,2020
2600028970,São José do Brejo do Cruz,-6.231388,-37.367222,50,1,5,44:-10,3080
2600028973,São José do Brejo do Cruz,-6.281944,-37.370555,50,1,3,42:-10,3650
2600028974,São José dos Cordeiros,-7.389166,-36.808611,48,0,3,15:4,2850
2600028976,São José dos Cordeiros,-7.390833,-36.808333,48,1,3,15:4,4120
2600028977,São José dos Cordeiros,-7.387777,-36.8075,49,1,3,15:4,4340
2600028978,São José dos Cordeiros,-7.388888,-36.803055,50,1,3,15:4,5200
2600028981,São José dos Cordeiros,-7.387222,-36.780833,50,0,4,15:5,2280
2600028983,São José dos Cordeiros,-7.387777,-36.762222,31,1,4,15:5,6150
2600028984,São José dos Cordeiros,-7.398333,-36.768333,50,1,4,15:5,9640
2600028986,São José dos Cordeiros,-7.381111,-36.750555,40,1,4,15:6,6650
2600028987,São José dos Cordeiros,-7.38,-36.709444,43,1,2,15:7,3750
2600028988,São José dos Cordeiros,-7.394722,-36.725555,40,1,4,15:6,8800
2600028989,São José dos Cordeiros,-7.394444,-36.739444,40,0,4,15:6,1812
2600028992,São José dos Cordeiros,-7.413888,-36.817777,40,1,2,14:4,3190
2600028993,São José dos Cordeiros,-7.445277,-36.825,40,1,4,13:4,3730
2600028994,São José dos Cordeiros,-7.44,-36.819166,38,1,4,13:4,4480
2600028995,São José dos Cordeiros,-7.433333,-36.8125,20,1,2,14:4,4550
2600028997,São José dos Cordeiros,-7.432777,-36.810277,50,1,2,14:4,3410
2600028998,São José dos Cordeiros,-7.389444,-36.848888,40,1,1,15:3,7570
2600029000,São José dos Cordeiros,-7.39,-36.831111,37,1,3,15:4,4660
2600029001,São José dos Cordeiros,-7.3825,-36.835833,50,1,3,15:4,6350
2600029002,São José dos Cordeiros,-7.416111,-36.848055,50,1,5,14:3,3650
2600029003,São José dos Cordeiros,-7.411388,-36.858611,40,0,5,14:3,2600
2600029004,São José dos Cordeiros,-7.407777,-36.823333,45,1,2,14:4,7620
2600029006,São José dos Cordeiros,-7.431666,-36.806388,30,1,2,14:4,6050
2600029008,São José dos Cordeiros,-7.432777,-36.808611,46,1,2,14:4,3990
2600029009,São José dos Cordeiros,-7.410555,-36.810277,40,1,2,14:4,11440
2600029010,São José dos Cordeiros,-7.413333,-36.809166,50,0,2,14:4,2040
2600029011,São José dos Cordeiros,-7.386111,-36.819444,49,1,3,15:4,6750
2600029012,São José dos Cordeiros,-7.426388,-36.7925,45,1,2,14:5,8770
2600029013,São José dos Cordeiros,-7.443611,-36.781666,45,1,4,13:5,4560
2600029014,São José dos Cordeiros,-7.455555,-36.7875,48,1,4,13:5,10500
2600029016,São José dos Cordeiros,-7.436666,-36.776666,26,1,2,14:5,4710
2600029017,São José dos Cordeiros,-7.423611,-36.770833,40,1,2,14:5,3830
2600029018,São José dos Cordeiros,-7.4225,-36.769166,46,0,2,14:5,2660
2600029019,São José dos Cordeiros,-7.433611,-36.7625,36,0,2,14:5,2630
2600029020,São José dos Cordeiros,-7.433055,-36.757222,48,1,5,14:6,5080
2600029021,São José dos Cordeiros,-7.406666,-36.754444,48,0,5,14:6,2040
2600029023,São José dos Cordeiros,-7.400833,-36.746388,48,1,5,14:6,6200
2600029029,São José dos Cordeiros,-7.412222,-36.781666,35,0,2,14:5,1194
2600029033,São José dos Cordeiros,-7.437777,-36.845277,50,1,5,14:3,4130
2600029034,São José dos Cordeiros,-7.436944,-36.848333,62,1,5,14:3,5550
2600029036,São José dos Cordeiros,-7.382222,-36.822222,48,1,3,15:4,12480
2600029037,Livramento,-7.367222,-36.808888,48,1,3,15:4,4230
2600029038,Livramento,-7.364444,-36.808888,50,1,3,15:4,7790
2600029039,Parari,-7.306666,-36.7325,45,0,1,17:6,1351
2600029040,Parari,-7.306111,-36.579444,50,1,1,17:10,18280
2600029041,Parari,-7.304166,-36.718888,60,1,1,17:7,16500
2600029042,São José do Sabugi,-6.754166,-36.878055,46,0,5,31:3,2600
2600029044,Várzea,-6.775277,-36.964722,46,0,4,30:0,1779
2600029045,São José do Sabugi,-6.749166,-36.849722,35,0,5,31:3,424
2600029046,São José do Sabugi,-6.749444,-36.826388,39,0,1,31:4,1291
2600029047,São José do Sabugi,-6.762222,-36.83,40,0,3,30:4,2080
2600029048,São José do Sabugi,-6.772777,-36.823055,40,1,3,30:4,5360
2600029049,Santa Luzia,-6.763333,-36.912777,50,0,4,30:2,1974
2600029051,São José do Sabugi,-6.788888,-36.825277,30,0,3,30:4,1401
2600029052,São José do Sabugi,-6.787222,-36.836388,50,0,3,30:4,2900
2600029053,São José do Sabugi,-6.781666,-36.837222,50,1,3,30:4,12380
2600029054,São José do Sabugi,-6.804722,-36.831111,50,1,2,29:4,10150
2600029055,São José do Sabugi,-6.777777,-36.798333,40,0,4,30:5,1978
2600029056,São José do Sabugi,-6.778055,-36.798333,40,0,4,30:5,1850
2600029057,São José do Sabugi,-6.774166,-36.800833,46,1,3,30:4,4170
2600029059,São José do Sabugi,-6.828055,-36.836666,30,0,2,29:4,2370
2600029060,São José do Sabugi,-6.830555,-36.826666,50,0,2,29:4,1071
2600029061,São José do Sabugi,-6.820833,-36.816111,30,0,2,29:4,653
2600029062,São José do Sabugi,-6.854722,-36.802777,50,0,5,28:4,1270
2600029064,São José do Sabugi,-6.863611,-36.810277,38,0,5,28:4,700
2600029065,São José do Sabugi,-6.877222,-36.816111,50,0,5,28:4,1279
2600029066,São José do Sabugi,-6.878888,-36.812777,50,0,5,28:4,1033
2600029067,São José do Sabugi,-6.880555,-36.808611,50,0,4,27:4,655
2600029068,Santa Luzia,-6.879444,-36.815555,50,0,5,28:4,1490
2600029070,São José do Sabugi,-6.874444,-36.792777,50,0,1,28:5,915
2600029071,São José do Sabugi,-6.892222,-36.781666,50,0,1,27:5,1820
2600029075,São José do Sabugi,-6.855555,-36.753333,35,1,5,28:6,3270
2600029076,São José do Sabugi,-6.862777,-36.801111,65,0,5,28:4,1010
2600029078,São José do Sabugi,-6.845277,-36.77,50,0,1,28:5,743
2600029083,São José do Sabugi,-6.810833,-36.782222,50,0,1,29:5,698
2600029101,São José do Sabugi,-6.755555,-36.822222,50,1,1,31:4,3270
2600029102,São José do Sabugi,-6.784444,-36.794722,50,0,4,30:5,1712
2600029103,São José do Sabugi,-6.782777,-36.788888,50,0,4,30:5,1274
2600029106,São José do Sabugi,-6.777222,-36.789444,50,1,4,30:5,4090
2600029107,São José do Sabugi,-6.784444,-36.791111,50,0,4,30:5,796
2600029108,São José de Espinharas,-6.885833,-37.254444,50,0,4,27:-7,1175
2600029110,São José de Espinharas,-6.842222,-37.389444,38,0,3,28:-10,1076
2600029111,São José de Espinharas,-6.842222,-37.391944,38,0,3,28:-10,1248
2600029112,São José de Espinharas,-6.856388,-37.403055,38,0,4,28:-11,1318
2600029113,São José de Espinharas,-6.857777,-37.409722,24,0,4,28:-11,846
2600029114,São José de Espinharas,-6.861111,-37.409444,47,0,4,28:-11,725
2600029115,São José de Espinharas,-6.847777,-37.403611,45,0,4,28:-11,1290
2600029117,São José de Espinharas,-6.846666,-37.404166,25,0,4,28:-11,1027
2600029118,São José de Espinharas,-6.853611,-37.397222,50,0,3,28:-10,1672
2600029119,São José de Espinharas,-6.825,-37.388333,25,0,1,29:-10,1153
2600029124,Malta,-6.862777,-37.502222,48,0,2,28:-13,1209
2600029126,São José de Espinharas,-6.864166,-37.466388,50,0,1,28:-12,1106
2600029127,São José de Espinharas,-6.86,-37.468055,50,0,1,28:-12,1230
2600029129,São José de Espinharas,-6.875,-37.411111,46,0,4,28:-11,1118
2600029130,São José de Espinharas,-6.879722,-37.393611,46,0,3,28:-10,768
2600029131,São José de Espinharas,-6.918611,-37.395277,18,0,3,27:-10,812
2600029133,São José de Espinharas,-6.905,-37.406111,14,0,4,27:-11,887
2600029134,São José de Espinharas,-6.9075,-37.412222,50,0,4,27:-11,653
2600029135,São José de Espinharas,-6.912777,-37.435555,50,0,4,27:-11,956
2600029136,São José de Espinharas,-6.861388,-37.380833,25,0,3,28:-10,288
2600029140,São José de Espinharas,-6.751666,-37.517777,50,0,1,31:-13,1537
2600029141,São José de Espinharas,-6.759444,-37.449444,50,0,2,31:-12,1025
2600029147,São José de Espinharas,-6.778333,-37.402222,36,0,4,30:-11,840
2600029156,São José de Espinharas,-6.7575,-37.409166,46,0,3,31:-11,1080
2600029157,São José de Espinharas,-6.757222,-37.383055,50,0,4,31:-10,739
2600029161,São José de Espinharas,-6.846111,-37.345,39,0,1,28:-9,2140
2600029167,São José de Espinharas,-6.87,-37.340277,40,0,1,28:-9,665
2600029168,São José de Espinharas,-6.843888,-37.263611,38,0,4,28:-7,778
2600029170,São José de Espinharas,-6.872777,-37.272777,50,0,4,28:-7,848
2600029171,São José de Espinharas,-6.827222,-37.285,27,0,4,29:-8,1530
2600029172,São José de Espinharas,-6.833611,-37.254166,50,0,5,29:-7,1150
2600029173,São José de Espinharas,-6.832777,-37.330277,43,0,4,29:-9,860
2600029174,São José de Espinharas,-6.8075,-37.347222,44,0,4,29:-9,935
2600029175,São José de Espinharas,-6.785833,-37.378333,36,0,5,30:-10,672
2600029177,São José de Espinharas,-6.808055,-37.364166,41,0,1,29:-10,1631
2600029180,São José de Espinharas,-6.891666,-37.263055,46,0,4,27:-7,2430
2600029181,São José de Espinharas,-6.8925,-37.265,60,0,4,27:-7,2690
2600029184,São José de Espinharas,-6.886111,-37.254166,45,0,4,27:-7,1168
2600029186,São José de Espinharas,-6.904444,-37.316111,51,0,5,27:-8,885
2600029187,São José de Espinharas,-6.895555,-37.316388,40,0,5,27:-8,501
2600029192,São José de Espinharas,-6.738333,-37.273888,42,0,2,31:-7,715
2600029193,São José de Espinharas,-6.886111,-37.470555,45,0,3,27:-12,1412
2600029194,Cacimba de Dentro,-6.580555,-35.819166,32,1,4,35:29,3430
2600029195,Cacimba de Dentro,-6.583333,-35.834722,25,0,4,35:29,1383
2600029196,Cacimba de Dentro,-6.606111,-35.778055,28,1,2,34:30,4100
2600029197,Cacimba de Dentro,-6.667222,-35.764722,28,1,3,33:30,6110
2600029199,Cacimba de Dentro,-6.654444,-35.75,50,1,5,33:31,11210
2600029200,Cacimba de Dentro,-6.6575,-35.772777,50,1,3,33:30,7200
2600029201,São João do Cariri,-7.502222,-36.507222,50,0,1,12:12,1434
2600029202,São João do Cariri,-7.496388,-36.505,50,0,1,12:12,1818
2600029203,São João do Cariri,-7.496111,-36.504722,50,0,1,12:12,2570
2600029204,São João do Cariri,-7.4925,-36.496944,50,1,1,12:12,7160
2600029205,São João do Cariri,-7.495277,-36.503611,50,1,1,12:12,5700
2600029206,São João do Cariri,-7.485,-36.528888,50,1,1,12:11,6010
2600029207,São João do Cariri,-7.480277,-36.518611,40,1,1,12:12,8200
2600029208,São João do Cariri,-7.482777,-36.503888,40,1,1,12:12,3630
2600029209,São João do Cariri,-7.481944,-36.504444,40,1,1,12:12,3630
2600029211,São João do Cariri,-7.476666,-36.531666,52,1,1,13:11,6270
2600029212,São João do Cariri,-7.543055,-36.512777,32,0,4,11:12,2520
2600029213,São João do Cariri,-7.555555,-36.503611,30,1,4,11:12,3870
2600029214,São João do Cariri,-7.401111,-36.56,32,0,2,14:10,2400
2600029215,São João do Cariri,-7.389722,-36.578333,42,0,1,15:10,1410
2600029216,São João do Cariri,-7.375555,-36.596666,40,1,1,15:10,3010
2600029217,São João do Cariri,-7.383055,-36.608333,35,1,3,15:9,5380
2600029218,Parari,-7.376944,-36.621111,48,1,3,15:9,12200
2600029219,São João do Cariri,-7.381388,-36.603611,33,0,3,15:9,1796
2600029220,São João do Cariri,-7.403055,-36.607777,54,0,2,14:9,647
2600029221,São João do Cariri,-7.388888,-36.533333,50,0,4,15:11,2320
2600029222,São João do Cariri,-7.386388,-36.529444,50,1,4,15:11,5410
2600029223,São João do Cariri,-7.3875,-36.439722,38,0,5,15:14,2530
2600029224,São João do Cariri,-7.3775,-36.429444,27,0,5,15:14,2440
2600029226,São João do Cariri,-7.401666,-36.4175,38,1,3,14:14,4640
2600029228,São João do Cariri,-7.396388,-36.441666,28,0,5,15:13,2330
2600029229,São João do Cariri,-7.405833,-36.459722,30,1,1,14:13,3090
2600029230,São João do Cariri,-7.433333,-36.497777,31,1,1,14:12,4350
2600029231,São João do Cariri,-7.426666,-36.432222,36,1,3,14:14,5940
2600029232,São João do Cariri,-7.347777,-36.418888,45,1,2,16:14,3420
2600029234,São João do Cariri,-7.361944,-36.396944,30,1,4,15:15,4680
2600029235,São João do Cariri,-7.344166,-36.409444,46,1,2,16:14,5970
2600029236,São João do Cariri,-7.327777,-36.4025,30,1,2,16:14,9770
2600029238,Cabaceiras,-7.340555,-36.347222,50,1,5,16:16,5970
2600029239,São João do Cariri,-7.341666,-36.376666,50,1,2,16:15,6020
2600029240,São João do Cariri,-7.353333,-36.382222,50,1,2,16:15,5890
2600029242,Boa Vista,-7.356111,-36.34,19,1,5,16:16,5510
2600029244,São João do Cariri,-7.326388,-36.401666,28,1,2,16:14,4090
2600029245,São João do Cariri,-7.321666,-36.393888,33,1,2,16:15,3120
2600029246,São João do Cariri,-7.311388,-36.390555,40,1,2,17:15,5080
2600029247,São João do Cariri,-7.304166,-36.384722,40,0,2,17:15,2480
2600029249,São João do Cariri,-7.325,-36.396388,28,1,2,16:15,13000
2600029250,São João do Cariri,-7.365833,-36.494166,45,0,5,15:12,2910
2600029251,São João do Cariri,-7.593055,-36.481944,25,1,1,10:12,14300
2600029252,São João do Cariri,-7.575277,-36.500833,29,1,1,10:12,7390
2600029253,São João do Cariri,-7.566111,-36.508055,60,1,1,10:12,6890
2600029254,São João do Cariri,-7.559722,-36.511111,20,1,4,11:12,5170
2600029255,São João do Cariri,-7.555555,-36.513611,40,1,4,11:12,5120
2600029256,São João do Cariri,-7.56,-36.519166,50,1,4,11:12,7910
2600029257,São João do Cariri,-7.5925,-36.530555,50,0,3,10:11,2550
2600029258,São João do Cariri,-7.578611,-36.5375,50,1,3,10:11,5410
2600029259,São João do Cariri,-7.579722,-36.531111,48,0,3,10:11,1831
2600029260,São João do Cariri,-7.559444,-36.536388,42,1,5,11:11,14700
2600029261,São João do Cariri,-7.558333,-36.521944,40,1,5,11:11,6970
2600029262,São João do Cariri,-7.5575,-36.521111,28,1,5,11:11,7350
2600029263,São João do Cariri,-7.548888,-36.526944,40,1,5,11:11,14140
2600029264,São João do Cariri,-7.493611,-36.534444,18,1,1,12:11,6730
2600029265,São João do Cariri,-7.483055,-36.536944,29,0,1,12:11,2300
2600029266,São João do Cariri,-7.4575,-36.521111,40,1,1,13:11,6840
2600029267,São João do Cariri,-7.470277,-36.536666,40,1,1,13:11,16970
2600029268,São João do Cariri,-7.470555,-36.533888,53,0,1,13:11,1594
2600029269,São João do Cariri,-7.474166,-36.536666,40,1,1,13:11,6350
2600029271,São João do Cariri,-7.485555,-36.542222,60,0,1,12:11,1751
2600029272,São João do Cariri,-7.491388,-36.551944,40,0,1,12:11,1491
2600029274,São João do Cariri,-7.538611,-36.459166,40,0,1,11:13,2920
2600029276,São João do Cariri,-7.575,-36.493333,40,1,1,10:12,3370
2600029278,São João do Cariri,-7.396111,-36.405555,40,1,5,15:14,4440
2600029279,São João do Cariri,-7.405833,-36.385555,21,0,4,14:15,2670
2600029280,São João do Cariri,-7.340555,-36.431388,28,0,2,16:14,2820
2600029281,São João do Cariri,-7.345277,-36.420277,38,0,2,16:14,1636
2600029282,São João do Cariri,-7.337777,-36.444722,35,1,4,16:13,3050
2600029283,Prata,-7.765277,-37.120833,25,1,1,5:-4,6080
2600029285,Prata,-7.69,-37.148611,33,0,5,7:-4,1653
2600029286,Prata,-7.631388,-37.082222,24.8,0,1,9:-3,1206
2600029287,Prata,-7.769166,-37.129444,30,1,1,5:-4,10630
2600029288,Prata,-7.689166,-37.075555,50,0,2,7:-2,2790
2600029289,Prata,-7.689444,-37.074166,36,0,2,7:-2,2690
2600029290,Prata,-7.688333,-37.074166,30,0,2,7:-2,2830
2600029292,Prata,-7.689444,-37.070555,26,0,2,7:-2,2930
2600029293,Prata,-7.681944,-37.065833,48,1,2,7:-2,3350
2600029294,Prata,-7.681388,-37.0575,35,0,2,7:-2,2550
2600029295,Prata,-7.680833,-37.058333,30,1,2,7:-2,3020
2600029296,Prata,-7.678611,-37.0575,30,1,1,8:-2,4250
2600029299,Prata,-7.670833,-37.042777,45,0,1,8:-2,1443
2600029300,Prata,-7.6625,-37.036944,30,1,3,8:-1,4310
2600029301,Prata,-7.672222,-37.03,35,0,3,8:-1,1721
2600029676,Prata,-7.645277,-37.055,35,1,1,8:-2,4300
2600029677,Prata,-7.644722,-37.066388,39,1,1,8:-2,3450
2600029678,Prata,-7.650277,-37.057777,30,0,1,8:-2,1469
2600029680,Prata,-7.681388,-37.069166,30,0,2,7:-2,731
2600029681,Prata,-7.688055,-37.081111,45,1,2,7:-3,3460
2600029682,Prata,-7.651944,-37.099444,50,0,2,8:-3,1357
2600029683,Prata,-7.644722,-37.099444,42,0,2,8:-3,1712
2600029685,Prata,-7.69,-37.077222,26,0,2,7:-2,2540
2600029686,Prata,-7.6825,-37.103611,31,0,2,7:-3,1462
2600029687,Prata,-7.675,-37.117222,28,0,2,8:-3,959
2600029688,Prata,-7.674166,-37.116944,36,0,2,8:-3,977
2600029689,Prata,-7.694166,-37.113055,28,0,2,7:-3,1644
2600029690,Prata,-7.696666,-37.103888,35,0,2,7:-3,1154
2600029692,Prata,-7.713055,-37.142222,50,0,5,7:-4,1410
2600029693,Prata,-7.702222,-37.135833,35,0,5,7:-4,1500
2600029694,Prata,-7.7,-37.139444,42,0,5,7:-4,698
2600029695,Prata,-7.702777,-37.129166,35,0,5,7:-4,2940
2600029696,Prata,-7.702222,-37.123055,38,0,5,7:-4,859
2600029697,Prata,-7.700833,-37.117222,35,0,2,7:-3,1377
2600029698,Prata,-7.699444,-37.113611,33,0,2,7:-3,2070
2600029699,Prata,-7.711944,-37.106944,48,1,2,7:-3,3470
2600029701,Prata,-7.708888,-37.101666,30,1,2,7:-3,3330
2600029702,Prata,-7.697222,-37.0925,35,1,2,7:-3,3820
2600029704,Prata,-7.743611,-37.054444,50,0,5,6:-2,2130
2600029705,Prata,-7.711388,-37.0575,30,0,2,7:-2,2040
2600029706,Prata,-7.716666,-37.038888,49,0,2,7:-1,2610
2600029707,Prata,-7.717777,-37.04,27,0,2,7:-1,2260
2600029708,Prata,-7.711944,-37.05,35,0,2,7:-2,1820
2600029709,Prata,-7.695833,-37.080833,42,0,2,7:-3,1337
2600029710,Prata,-7.706388,-37.084166,37,0,2,7:-3,2230
2600029711,Prata,-7.754722,-37.101666,20,1,2,6:-3,5120
2600029712,Prata,-7.761388,-37.102222,35,1,2,5:-3,3920
2600029713,Prata,-7.763888,-37.110833,36,1,2,5:-3,5900
2600029714,Prata,-7.693888,-37.08,40,0,2,7:-2,1182
2600029715,Prata,-7.732222,-37.050277,20,0,5,6:-2,2190
2600029716,Prata,-7.736944,-37.043888,38,0,5,6:-2,2750
2600029717,Prata,-7.642222,-37.061944,35,0,1,8:-2,2420
2600029718,Prata,-7.691111,-37.079722,35,0,2,7:-2,2590
2600029719,Monteiro,-7.891944,-37.138888,51,0,4,2:-4,1868
2600029720,Monteiro,-7.893333,-37.139444,48,1,4,2:-4,3170
2600029721,Monteiro,-7.871666,-37.085555,50,0,3,3:-3,2560
2600029722,Monteiro,-7.871666,-37.086944,50,0,3,3:-3,2830
2600029723,Monteiro,-7.857777,-37.079722,45,1,1,3:-2,3700
2600029724,Monteiro,-7.86,-37.076388,48,0,1,3:-2,1210
2600029725,Monteiro,-7.856111,-37.066944,27,1,1,3:-2,4670
2600029726,Monteiro,-7.866111,-37.068611,40,0,1,3:-2,1656
2600029727,Monteiro,-7.875277,-37.068333,50,0,1,3:-2,2150
2600029728,Monteiro,-7.851944,-37.068888,49,0,1,3:-2,2920
2600029729,Monteiro,-7.850555,-37.071111,41,0,1,3:-2,2250
2600029730,Monteiro,-7.871388,-37.055555,43,1,1,3:-2,15590
2600029731,Monteiro,-7.870555,-37.0525,49,1,1,3:-2,6260
2600029732,Monteiro,-7.878333,-37.0475,33,1,1,3:-2,3040
2600029733,Monteiro,-7.8825,-37.044166,35,1,2,2:-2,4950
2600029734,Monteiro,-7.883888,-37.060833,30,0,2,2:-2,2200
2600029735,Monteiro,-7.847777,-37.043611,61,1,1,3:-2,3300
2600029736,Monteiro,-7.858333,-37.039166,25,0,1,3:-1,1173
2600029737,Monteiro,-7.866666,-37.036388,35,0,1,3:-1,3000
2600029738,Monteiro,-7.853888,-37.025,50,0,1,3:-1,1368
2600029739,Monteiro,-7.856111,-37.081666,40,1,3,3:-3,3340
2600029740,Monteiro,-7.857222,-37.082222,50,0,3,3:-3,1369
2600029741,Monteiro,-7.8525,-37.087777,34,1,3,3:-3,4180
2600029742,Monteiro,-7.851944,-37.103611,50,1,3,3:-3,4900
2600029743,Monteiro,-7.848055,-37.093333,42,0,3,3:-3,1122
2600029744,Monteiro,-7.848333,-37.078333,38,0,1,3:-2,699
2600029745,Monteiro,-7.847222,-37.078055,51,0,1,3:-2,1156
2600029746,Monteiro,-7.847777,-37.071666,30,0,1,3:-2,1871
2600029747,Monteiro,-7.843055,-37.070833,53,1,1,3:-2,3310
2600029748,Monteiro,-7.838611,-37.074722,19,0,2,4:-2,1764
2600029749,Monteiro,-7.823333,-37.076666,49,1,2,4:-2,3440
2600029750,Monteiro,-7.82,-37.0725,38,1,2,4:-2,3930
2600029751,Monteiro,-7.819166,-37.068888,23,0,2,4:-2,2830
2600029752,Monteiro,-7.793333,-37.080277,28,0,2,5:-3,1898
2600029753,Monteiro,-7.790555,-37.075,50,1,4,5:-2,7370
2600029755,Monteiro,-7.847222,-37.118611,27,1,3,3:-3,3060
2600029756,Monteiro,-7.8475,-37.1175,35,1,3,3:-3,10760
2600029760,Monteiro,-7.81,-37.1325,50,1,2,4:-4,7020
2600029762,Monteiro,-7.778611,-37.078888,50,1,4,5:-2,4270
2600029763,Monteiro,-7.759166,-37.074444,22,1,5,6:-2,5180
2600029764,Monteiro,-7.777777,-37.072777,40,0,4,5:-2,2850
2600029767,Monteiro,-7.786666,-37.1075,50,1,2,5:-3,8880
2600029769,Monteiro,-7.895277,-37.141388,50,0,4,2:-4,2860
2600029770,Monteiro,-7.8775,-37.164722,40,0,3,3:-5,1935
2600029771,Monteiro,-7.876111,-37.167222,24,0,3,3:-5,1889
2600029772,Monteiro,-7.879444,-37.167222,48,0,3,3:-5,2250
2600029773,Monteiro,-7.878055,-37.169722,30,0,3,3:-5,1894
2600029774,Monteiro,-7.876111,-37.171666,40,0,3,3:-5,1706
2600029775,Monteiro,-7.874722,-37.1975,28,0,3,3:-5,1189
2600029776,Monteiro,-7.875555,-37.193055,50,0,3,3:-5,2070
2600029777,Monteiro,-7.879722,-37.158888,40,1,3,3:-4,8340
2600029778,Monteiro,-7.880555,-37.233888,50,0,3,2:-6,2170
2600029779,Monteiro,-7.884722,-37.235555,50,0,3,2:-6,2640
2600029780,Monteiro,-7.894722,-37.235555,40,0,3,2:-6,1702
2600029781,Monteiro,-7.906666,-37.281388,30,1,5,2:-8,5170
2600029782,Monteiro,-7.91,-37.244166,30,0,3,2:-7,765
2600029786,Monteiro,-7.960833,-37.300277,20,1,3,0:-8,4740
2600029787,Monteiro,-7.934722,-37.226111,43,0,3,1:-6,2740
2600029788,Monteiro,-7.948333,-37.250277,50,0,2,1:-7,2430
2600029789,Monteiro,-7.945,-37.185,33,0,4,1:-5,1051
2600029790,Monteiro,-7.928333,-37.189166,40,1,4,1:-5,5580
2600029791,Monteiro,-7.9275,-37.188611,45,1,4,1:-5,4550
2600029792,Monteiro,-7.912777,-37.228611,45,0,3,2:-6,1300
2600029793,Monteiro,-7.919166,-37.200277,36,0,3,2:-6,1584
2600029794,Monteiro,-7.898888,-37.209444,50,0,3,2:-6,1176
2600029795,Monteiro,-7.909722,-37.203333,21,0,3,2:-6,1410
2600029796,Monteiro,-7.912222,-37.203888,49,0,3,2:-6,1772
2600029798,Monteiro,-7.9125,-37.198888,45,0,5,2:-5,1590
2600029799,Monteiro,-7.894444,-37.117777,50,1,2,2:-3,3700
2600029800,Monteiro,-7.926944,-37.1725,29,0,4,1:-5,1351
2600029801,Monteiro,-7.917777,-37.168333,41,1,5,2:-5,6530
2600029802,Monteiro,-7.916666,-37.163611,30,1,5,2:-5,3740
2600029803,Monteiro,-7.918333,-37.171944,48,0,5,2:-5,1300
2600029804,Monteiro,-7.926111,-37.176666,33,1,4,1:-5,3040
2600029805,Monteiro,-7.927222,-37.185555,40,1,4,1:-5,3080
2600029806,Monteiro,-7.916111,-37.174722,40,1,5,2:-5,4540
2600029807,Monteiro,-7.911388,-37.166944,28,1,5,2:-5,8030
2600029808,Monteiro,-7.907222,-37.158055,50,1,4,2:-4,5120
2600029809,Monteiro,-7.906111,-37.1675,45,0,5,2:-5,1498
2600029810,Monteiro,-7.914722,-37.148611,38,0,4,2:-4,816
2600029811,Monteiro,-7.929444,-37.159444,55,1,4,1:-4,7640
2600029812,Monteiro,-7.929722,-37.158333,50,1,4,1:-4,8000
2600029813,Monteiro,-7.930555,-37.158611,47.5,1,4,1:-4,4370
2600029814,Monteiro,-7.943888,-37.160277,40,0,4,1:-5,1090
2600029815,Monteiro,-7.845277,-37.027777,42,0,1,3:-1,1862
2600029816,Monteiro,-7.824166,-37.015555,21.7,0,4,4:-1,2190
2600029818,Monteiro,-7.818333,-37.011111,50,0,4,4:-1,2010
2600029819,Monteiro,-7.821666,-37.011944,49,0,4,4:-1,1051
2600029820,Monteiro,-7.822777,-37.006388,51,0,4,4:-1,2260
2600029821,Monteiro,-7.819722,-37.009722,36,0,4,4:-1,2730
2600029822,Monteiro,-7.830277,-36.996666,70,1,5,4:0,6210
2600029823,Monteiro,-7.820555,-37.043055,50,0,2,4:-2,1185
2600029825,Monteiro,-8.004444,-36.928055,23,0,2,-1:1,777
2600029826,Monteiro,-8.011111,-36.932777,33,1,2,-1:1,3760
2600029827,Monteiro,-8.011111,-36.933888,49.9,0,2,-1:1,1558
2600029828,Monteiro,-8.017222,-36.931666,33,1,2,-1:1,3060
2600029829,Monteiro,-8.0225,-36.949166,40,0,2,-1:1,2170
2600029830,Monteiro,-8.024444,-36.932777,50,1,2,-1:1,4240
2600029831,Monteiro,-8.025277,-36.940277,23,0,2,-1:1,2350
2600029832,Monteiro,-8.025833,-36.942222,46,1,2,-1:1,3530
2600029833,Monteiro,-8.023333,-36.947222,24,0,2,-1:1,1945
2600029834,Monteiro,-8.017222,-36.961944,43,1,1,-1:0,4150
2600029835,Monteiro,-8.02,-36.958611,33,0,2,-1:1,1647
2600029836,Monteiro,-7.972222,-36.950555,55,0,3,0:1,2720
2600029837,Monteiro,-7.978888,-36.953611,34.24,0,3,0:1,1692
2600029838,Monteiro,-7.9775,-36.967777,22,0,4,0:0,2060
2600029839,Monteiro,-7.977222,-36.968888,24,0,4,0:0,1971
2600029840,Monteiro,-7.973611,-36.968888,28,0,4,0:0,1894
2600029841,Monteiro,-7.979166,-36.971944,16.32,0,4,0:0,765
2600029842,Monteiro,-7.9775,-36.974444,50,0,4,0:0,2730
2600029843,Monteiro,-7.974722,-36.974166,35,1,4,0:0,3420
2600029844,Monteiro,-7.988611,-36.980833,22,0,4,0:0,1079
2600029845,Monteiro,-8.008055,-36.980555,43,0,1,-1:0,2560
2600029846,Monteiro,-7.947777,-37.0175,36,1,3,1:-1,5790
2600029847,Monteiro,-7.941666,-37.020555,51,1,3,1:-1,4150
2600029848,Monteiro,-7.939166,-37.0225,50,1,3,1:-1,3890
2600029849,Monteiro,-7.931111,-37.021111,30,1,3,1:-1,4820
2600029850,Monteiro,-7.929722,-37.029444,50,0,3,1:-1,1552
2600029851,Monteiro,-7.892222,-37.108055,48,0,2,2:-3,1537
2600029852,Monteiro,-7.901666,-37.103888,30,0,2,2:-3,1576
2600029854,Monteiro,-7.903888,-37.1,45,0,2,2:-3,1800
2600029855,Monteiro,-7.905277,-37.096666,45,0,2,2:-3,2940
2600029856,Monteiro,-7.9125,-37.091944,23,1,2,2:-3,5760
2600029857,Monteiro,-7.907777,-37.09,45,0,2,2:-3,1318
2600029858,Monteiro,-7.910277,-37.066111,50,0,2,2:-2,2150
2600029859,Monteiro,-7.918611,-37.0475,50,0,2,2:-2,2800
2600029860,Monteiro,-7.921944,-37.033888,53,0,3,1:-1,1263
2600029861,Monteiro,-7.912222,-37.028333,33,1,4,2:-1,4170
2600029862,Monteiro,-7.924166,-37.029444,49,0,3,1:-1,609
2600029863,Monteiro,-7.926111,-37.042777,30,0,1,1:-2,2020
2600029864,Monteiro,-7.9325,-37.042222,25,1,1,1:-2,6000
2600029865,Monteiro,-7.903055,-37.099166,60,1,2,2:-3,4020
2600029866,Monteiro,-7.934722,-37.066944,42,0,1,1:-2,1519
2600029867,Monteiro,-7.933888,-37.064722,48,0,1,1:-2,1606
2600029869,Monteiro,-7.884166,-37.128888,50,1,4,2:-4,4210
2600029870,Monteiro,-7.8725,-37.135277,30,1,3,3:-4,7640
2600029871,Monteiro,-7.87,-37.142777,30,1,3,3:-4,9370
2600029872,Monteiro,-7.891666,-37.120277,100,0,4,2:-4,2920
2600029873,Monteiro,-7.855555,-37.151388,23,0,3,3:-4,2710
2600029874,Monteiro,-7.8525,-37.159444,50,1,3,3:-4,5750
2600029875,Monteiro,-7.852777,-37.160277,50,0,3,3:-5,2400
2600029876,Monteiro,-7.843611,-37.159722,50,1,3,3:-4,4250
2600029877,Monteiro,-7.891388,-37.114444,50,1,2,2:-3,3260
2600029878,Monteiro,-7.827777,-37.161111,39,1,1,4:-5,4110
2600029879,Monteiro,-7.829444,-37.158333,20,1,2,4:-4,3960
2600029880,Monteiro,-7.829166,-37.159166,24,1,2,4:-4,3250
2600029881,Monteiro,-7.818333,-37.166111,50,0,1,4:-5,2130
2600029882,Monteiro,-7.813055,-37.168333,39,0,1,4:-5,1177
2600029884,Monteiro,-7.845,-37.178055,30,0,3,3:-5,1529
2600029886,Monteiro,-7.842777,-37.186388,30,0,3,3:-5,1866
2600029887,Monteiro,-7.900833,-37.126944,50,0,4,2:-4,2460
2600029888,Monteiro,-7.847777,-37.205277,52,1,5,3:-6,3760
2600029889,Monteiro,-7.848333,-37.214444,50,1,5,3:-6,3090
2600029891,Monteiro,-7.815277,-37.191111,45,0,1,4:-5,2520
2600029892,Monteiro,-7.817777,-37.219444,48,0,5,4:-6,1568
2600029893,Monteiro,-7.824444,-37.205833,36,1,5,4:-6,3557
2600029895,Monteiro,-7.786666,-37.148611,50,1,1,5:-4,5860
2600029896,Monteiro,-7.933611,-37.115833,24,1,4,1:-3,11370
2600029898,Monteiro,-7.931944,-37.116666,14,1,4,1:-3,18030
2600029899,Monteiro,-7.934444,-37.119444,21,0,4,1:-3,2940
2600029900,Monteiro,-7.938611,-37.118333,36,0,4,1:-3,2090
2600029901,Monteiro,-7.937222,-37.115555,30,0,4,1:-3,2340
2600029902,Monteiro,-7.931944,-37.106111,50,0,4,1:-3,1639
2600029903,Monteiro,-7.920555,-37.100277,60,0,4,1:-3,2800
2600029904,Monteiro,-7.92,-37.1,49,0,2,2:-3,2640
2600029906,Monteiro,-7.931388,-37.095277,49,1,4,1:-3,6290
2600029907,Monteiro,-7.938055,-37.096111,41,0,4,1:-3,2810
2600029908,Monteiro,-7.95,-37.077222,50,0,1,1:-2,2350
2600029909,Monteiro,-7.946388,-37.121388,50,1,4,1:-4,4870
2600029910,Monteiro,-7.955555,-37.116666,50,0,4,1:-3,1688
2600029911,Monteiro,-7.971666,-37.12,38,1,3,0:-3,3630
2600029913,Monteiro,-7.983611,-37.125833,50,0,3,0:-4,1948
2600029915,Monteiro,-7.985,-37.124444,50,0,3,0:-4,1934
2600029916,Monteiro,-8.010277,-37.130555,48,0,5,-1:-4,711
2600029917,Monteiro,-8.019722,-37.141666,28,0,5,-1:-4,770
2600029918,Monteiro,-8.010833,-37.123888,50,0,5,-1:-4,1533
2600029919,Monteiro,-7.949722,-37.152222,35,0,4,1:-4,1209
2600029920,Monteiro,-7.95,-37.151944,35,0,4,1:-4,818
2600029921,Monteiro,-7.953055,-37.151388,40,0,4,1:-4,1140
2600029922,Monteiro,-7.945555,-37.1525,36,0,4,1:-4,1905
2600029923,Monteiro,-7.9475,-37.129166,37,1,4,1:-4,4040
2600029924,Monteiro,-7.957222,-37.131944,43,1,4,1:-4,3740
2600029925,Monteiro,-7.958055,-37.13,47,0,4,1:-4,2900
2600029926,Monteiro,-7.956944,-37.135,42,1,4,1:-4,3100
2600029927,Monteiro,-7.958333,-37.139166,48,0,4,1:-4,1993
2600029928,Monteiro,-7.969722,-37.145,25,0,3,0:-4,1683
2600029929,Monteiro,-7.9725,-37.146666,35,0,3,0:-4,2620
2600029930,Monteiro,-7.976944,-37.150833,40,0,3,0:-4,1815
2600029931,Monteiro,-7.975555,-37.157222,40,0,3,0:-4,1354
2600029932,Monteiro,-7.973888,-37.163611,18,0,2,0:-5,2160
2600029933,Monteiro,-7.9425,-37.153888,34,0,4,1:-4,1175
2600029934,Monteiro,-7.983611,-37.156388,50,0,3,0:-4,2180
2600029935,Monteiro,-7.986388,-37.156666,50,0,3,0:-4,1043
2600029936,Monteiro,-7.988055,-37.158611,38,0,3,0:-4,1064
2600029937,Monteiro,-7.996111,-37.157222,37,0,3,0:-4,1143
2600029938,Monteiro,-7.998055,-37.149444,50,0,3,0:-4,1016
2600029940,Monteiro,-7.893055,-37.133333,50,0,4,2:-4,1609
2600029941,Monteiro,-7.889444,-37.133611,50,0,4,2:-4,2120
2600029942,Monteiro,-7.889166,-37.129444,40,1,4,2:-4,3960
2600029943,Monteiro,-7.891388,-37.127222,25,0,4,2:-4,2380
2600029944,Monteiro,-7.891666,-37.124444,35,1,4,2:-4,5880
2600029945,Monteiro,-7.895,-37.124166,50,0,4,2:-4,2670
2600029946,Monteiro,-7.898333,-37.121388,36,1,4,2:-4,3750
2600029947,Monteiro,-7.905555,-37.115833,50,1,2,2:-3,4690
2600029948,Monteiro,-7.9025,-37.122777,33,0,4,2:-4,2180
2600029949,Monteiro,-7.904722,-37.1175,49,1,2,2:-3,3100
2600029950,Monteiro,-7.905833,-37.125555,49,0,4,2:-4,2690
2600029951,Monteiro,-7.893888,-37.118333,52,1,2,2:-3,3520
2600029952,Monteiro,-7.888055,-37.113611,50,1,2,2:-3,3070
2600029953,Monteiro,-7.889722,-37.117222,42,0,2,2:-3,2780
2600029954,Monteiro,-7.901944,-37.132777,50,0,4,2:-4,1228
2600029955,Monteiro,-7.892222,-37.128888,48,0,4,2:-4,2520
2600029956,Monteiro,-7.888888,-37.109722,45,1,2,2:-3,3170
2600029957,Monteiro,-7.866388,-36.945555,50,1,5,3:1,12530
2600029958,Camalaú,-7.830555,-36.938333,30,1,1,4:1,5310
2600029959,Monteiro,-7.830833,-36.991111,34,1,5,4:0,7340
2600029960,Monteiro,-7.829444,-36.989166,29,0,5,4:0,2560
2600029961,Monteiro,-7.836388,-36.980555,50,1,5,4:0,5210
2600029962,Monteiro,-7.845,-36.99,35,0,4,3:0,1662
2600029963,Monteiro,-7.829444,-36.988611,36,0,5,4:0,1646
2600029964,Monteiro,-7.833888,-36.985277,44,0,5,4:0,2010
2600029965,Monteiro,-7.8325,-36.983888,50,0,5,4:0,1912
2600029966,Monteiro,-7.83,-36.988333,39,1,5,4:0,4560
2600029967,Sumé,-7.795555,-36.982777,40,0,5,5:0,1786
2600029968,Monteiro,-7.831666,-36.994444,55,1,5,4:0,5330
2600029969,Monteiro,-7.833611,-37.001388,28,0,4,4:-1,1432
2600029970,Monteiro,-7.835277,-36.991944,48,0,5,4:0,1507
2600029971,Monteiro,-7.888055,-37.117777,17,1,2,2:-3,3480
2600029972,Monteiro,-7.946388,-37.070833,33,0,1,1:-2,1491
2600029973,Monteiro,-7.944722,-37.061666,18,1,1,1:-2,3130
2600029974,Monteiro,-7.942777,-37.056666,40,1,1,1:-2,4700
2600029975,Monteiro,-7.936111,-37.051111,35,1,1,1:-2,8470
2600029976,Monteiro,-7.935,-37.051388,25,1,1,1:-2,8990
2600029977,Monteiro,-7.901111,-37.009444,50,0,4,2:-1,2250
2600029978,Monteiro,-7.915833,-37.005555,30,0,4,2:-1,1625
2600029979,Monteiro,-7.93,-37.011666,48,1,3,1:-1,3270
2600029980,Monteiro,-7.9475,-37.051111,30,0,1,1:-2,807
2600029981,Monteiro,-7.963611,-37.043611,42,1,2,0:-2,5840
2600029982,Monteiro,-7.965833,-37.045277,25,1,2,0:-2,10950
2600029983,Monteiro,-7.981388,-37.04,36,0,3,0:-1,1252
2600029984,Monteiro,-8.003333,-37.033333,33,1,5,-1:-1,3480
2600029985,Monteiro,-7.998888,-37.03,30,1,3,0:-1,3660
2600029986,Monteiro,-7.993333,-37.019166,50,0,3,0:-1,1150
2600029987,Monteiro,-7.988888,-37.018055,21,0,3,0:-1,1339
2600029989,Monteiro,-8.036944,-36.968611,50,0,1,-1:0,1867
2600029990,Monteiro,-7.976944,-37.016666,50,1,3,0:-1,4760
2600029991,Monteiro,-7.970555,-37.015,24,0,3,0:-1,1466
2600029992,Monteiro,-7.965277,-36.965833,37,0,4,0:0,903
2600029993,Monteiro,-7.958333,-36.969444,51,0,2,1:0,1092
2600029994,Monteiro,-7.971388,-36.963888,25,1,4,0:0,3030
2600029995,Monteiro,-7.928333,-36.934444,30,1,1,1:1,10200
2600029996,Monteiro,-8.011388,-36.953055,33,0,2,-1:1,1089
2600029997,Monteiro,-8.010555,-36.953611,50,0,2,-1:1,2890
2600029998,Monteiro,-7.976111,-36.968333,46,0,4,0:0,1203
2600029999,Monteiro,-7.984444,-36.969722,42,0,4,0:0,1326
2600030000,Monteiro,-7.946388,-36.984166,36,0,2,1:0,1651
2600030001,Monteiro,-7.946944,-36.988888,28,0,2,1:0,2450
2600030002,Monteiro,-7.959444,-37.018611,33,1,3,1:-1,5790
2600030004,Monteiro,-7.960833,-37.036666,18,0,3,0:-1,2900
2600030005,Monteiro,-7.933611,-37.007777,30,0,3,1:-1,2360
2600030006,Monteiro,-7.930833,-37.002222,33,0,3,1:-1,1484
2600030007,Camalaú,-7.866111,-36.938888,29,1,5,3:1,4490
2600030008,Monteiro,-7.872222,-36.9375,51,1,5,3:1,6710
2600030009,Monteiro,-7.87,-36.941666,50,1,5,3:1,3250
2600030010,Monteiro,-7.863333,-36.968055,32,0,4,3:0,1147
2600030447,Belém do Brejo do Cruz,-6.188333,-37.579722,41,1,3,45:-15,10200
2600030449,Belém do Brejo do Cruz,-6.173611,-37.423611,41,0,4,45:-11,1550
2600030450,Belém do Brejo do Cruz,-6.117777,-37.373055,50,0,2,47:-10,2050
2600030451,Belém do Brejo do Cruz,-6.116944,-37.372222,50,0,2,47:-10,2010
2600030453,Belém do Brejo do Cruz,-6.148888,-37.393611,10,0,2,46:-10,2200
2600030454,Belém do Brejo do Cruz,-6.246388,-37.619722,29,0,1,43:-16,1154
2600030457,Mãe d'Água,-7.258611,-37.426111,45,0,2,18:-11,2260
2600030461,Mãe d'Água,-7.261111,-37.423888,50,1,2,18:-11,4190
2600030462,Mãe d'Água,-7.256111,-37.427222,50,0,2,18:-11,2450
2600030470,Mãe d'Água,-7.197777,-37.394444,50,0,2,20:-10,1074
2600030473,Mãe d'Água,-7.269722,-37.504722,35,0,3,18:-13,521
2600030475,Mãe d'Água,-7.186944,-37.380277,50,0,2,20:-10,1448
2600030477,Mãe d'Água,-7.213611,-37.3925,40.15,1,3,19:-10,3710
2600030483,Desterro,-7.264444,-37.136666,32,0,1,18:-4,2020
2600030484,Desterro,-7.270277,-37.109722,44,1,3,18:-3,7950
2600030485,Desterro,-7.259444,-37.104444,50,0,3,18:-3,2530
2600030486,Desterro,-7.241111,-37.103055,50,0,3,18:-3,1344
2600030489,Desterro,-7.324722,-37.149166,42,1,4,16:-4,3390
2600030491,Desterro,-7.316944,-37.126388,36,0,3,17:-4,1190
2600030495,Desterro,-7.290277,-37.063333,54,0,5,17:-2,1778
2600030497,Desterro,-7.285,-37.079722,42,1,5,17:-2,3750
2600030501,Desterro,-7.286388,-37.085833,50,1,1,17:-3,4940
2600030502,Desterro,-7.290555,-37.087777,35,1,1,17:-3,3170
2600030503,Desterro,-7.291388,-37.084722,6,0,1,17:-3,2800
2600030504,Desterro,-7.290277,-37.088055,28,1,1,17:-3,3480
2600030505,Desterro,-7.291666,-37.1025,46,1,1,17:-3,3470
2600030508,Teixeira,-7.273333,-37.155,40,1,1,18:-4,5630
2600030509,Monteiro,-7.885277,-36.970833,53,1,2,2:0,3290
2600030510,Monteiro,-7.883888,-36.996388,30,1,2,2:0,3840
2600030511,Monteiro,-7.874166,-36.987777,40,1,4,3:0,9660
2600030512,Monteiro,-7.851666,-37.027222,42,0,1,3:-1,1308
2600030514,Monteiro,-7.862777,-37.035833,48,0,1,3:-1,1426
2600030515,Monteiro,-7.879722,-37.023888,33,0,1,3:-1,1105
2600030516,Monteiro,-7.874722,-37.01,22,0,1,3:-1,2400
2600030517,Monteiro,-7.870555,-37.008888,50,0,1,3:-1,2060
2600030518,Monteiro,-7.862222,-37.013333,37,1,1,3:-1,3880
2600030519,Monteiro,-7.875555,-37.011111,50,0,1,3:-1,2200
2600030520,Monteiro,-7.891111,-37.029166,50,1,4,2:-1,9890
2600030521,Monteiro,-7.893055,-37.025555,40,0,4,2:-1,2310
2600030522,Monteiro,-7.889722,-37.036944,33,1,4,2:-1,3900
2600030523,Monteiro,-7.894166,-37.042777,51,0,2,2:-2,1132
2600030524,Monteiro,-7.882222,-37.043611,37,1,2,2:-2,6760
2600030525,Monteiro,-7.88,-37.049722,28.38,0,1,3:-2,2170
2600030526,Monteiro,-7.891388,-37.117777,48,1,2,2:-3,3750
2600030527,Monteiro,-7.889722,-37.124166,24,1,4,2:-4,3590
2600030528,Monteiro,-7.891388,-37.125,34,0,4,2:-4,2660
2600030529,Monteiro,-7.983333,-37.088888,49,1,3,0:-3,7830
2600030531,Monteiro,-7.983888,-37.08,50,1,2,0:-2,3400
2600030532,Monteiro,-7.963333,-37.086111,50,0,3,0:-3,2910
2600030533,Monteiro,-7.964722,-37.0775,40,1,2,0:-2,5250
2600030534,Monteiro,-7.970277,-37.070833,30,1,2,0:-2,4110
2600030535,Monteiro,-7.979166,-37.078611,55,1,2,0:-2,4920
2600030536,Monteiro,-7.982222,-37.100277,35,0,3,0:-3,2200
2600030537,Monteiro,-7.990555,-37.1,50,1,3,0:-3,3410
2600030538,Monteiro,-8.016666,-37.090555,48,1,2,-1:-3,4260
2600030539,Monteiro,-8.021944,-37.094166,46,1,2,-1:-3,3650
2600030540,Monteiro,-8.009722,-37.089166,45,1,2,-1:-3,6370
2600030541,Monteiro,-8.023055,-37.063888,50,0,5,-1:-2,1582
2600030543,Monteiro,-8.030555,-37.069722,36,1,5,-1:-2,5160
2600030544,Monteiro,-8.033333,-37.068888,50,1,5,-1:-2,6020
2600030545,Monteiro,-8.039722,-37.072777,40,1,5,-1:-2,3420
2600030546,Monteiro,-8.011666,-37.1175,46,0,2,-1:-3,1718
2600030547,Monteiro,-8.016111,-37.106111,49,1,2,-1:-3,7760
2600030548,Monteiro,-8.0275,-37.101388,40,1,2,-1:-3,7700
2600030549,Monteiro,-8.033611,-37.101666,51,0,2,-1:-3,2850
2600030550,Monteiro,-8.033055,-37.108611,50,0,2,-1:-3,2830
2600030551,Monteiro,-7.870555,-37.091944,50,1,3,3:-3,4110
2600030552,Monteiro,-7.870277,-37.091944,51,1,3,3:-3,3340
2600030553,Monteiro,-7.870277,-37.092222,26,0,3,3:-3,2680
2600030554,Monteiro,-7.868888,-37.093333,50,0,3,3:-3,1298
2600030555,Monteiro,-7.871111,-37.0925,46,1,3,3:-3,3970
2600030556,Monteiro,-7.873333,-37.09,49,0,3,3:-3,765
2600030557,Monteiro,-7.888888,-37.118055,36,1,2,2:-3,3380
2600030558,Monteiro,-7.889444,-37.126944,50,0,4,2:-4,2420
2600030560,Monteiro,-7.930277,-37.013055,53.5,1,3,1:-1,7110
2600030561,Monteiro,-7.930833,-37.019166,30,1,3,1:-1,5850
2600030562,Monteiro,-7.945,-37.076666,30,0,1,1:-2,1977
2600030563,Monteiro,-7.951111,-37.071111,49,1,1,1:-2,3610
2600030564,Monteiro,-7.960277,-37.065833,32,0,2,0:-2,1115
2600030565,Monteiro,-7.96,-37.064722,40,0,1,1:-2,2740
2600030566,Monteiro,-7.969722,-37.059444,40,1,2,0:-2,3180
2600030567,Monteiro,-7.992222,-37.065555,42,1,2,0:-2,4030
2600030568,Monteiro,-8.005277,-37.0625,52,0,5,-1:-2,1608
2600030569,Monteiro,-7.904444,-37.066666,50,0,2,2:-2,1683
2600030570,Monteiro,-7.913055,-37.065277,49.92,0,2,2:-2,1802
2600030571,Monteiro,-7.923333,-36.968888,30,0,2,1:0,2770
2600030572,Monteiro,-7.993055,-37.052777,45,1,2,0:-2,3120
2600030573,Monteiro,-7.994444,-37.053888,29,0,2,0:-2,1429
2600030574,Monteiro,-7.981111,-37.068333,50,1,2,0:-2,3900
2600030575,Monteiro,-7.98,-37.066666,42,1,2,0:-2,3340
2600030576,Monteiro,-8.004166,-37.073888,50,0,5,-1:-2,1203
2600030577,Monteiro,-8.005277,-37.079444,60,0,5,-1:-2,1756
2600030578,Monteiro,-8.004444,-37.081944,38,1,2,-1:-3,3810
2600030579,Monteiro,-8.005833,-37.089722,45,0,2,-1:-3,2200
2600030580,Monteiro,-8.036944,-37.106944,50,0,2,-1:-3,2580
2600030581,Monteiro,-7.770277,-37.05,50,1,4,5:-2,3040
2600030582,Monteiro,-7.861111,-37.074722,36.6,1,1,3:-2,3540
2600030583,Monteiro,-7.878333,-37.057777,33,0,1,3:-2,1860
2600030584,Monteiro,-7.883611,-37.145277,40,1,4,2:-4,6610
2600030585,Monteiro,-7.895,-37.119722,50,0,2,2:-3,2200
2600030586,Monteiro,-7.846111,-37.189444,50,1,3,3:-5,4840
2600030587,Monteiro,-7.846111,-37.190555,50,0,3,3:-5,2510
2600030589,Monteiro,-7.989722,-37.124166,50,0,3,0:-4,1645
2600030590,Monteiro,-7.827777,-36.990277,65,0,5,4:0,1984
2600030591,Monteiro,-7.892777,-37.131666,50,1,4,2:-4,3200
2600030592,Monteiro,-7.891944,-37.128055,45,0,4,2:-4,2150
2600030593,Monteiro,-7.883888,-36.969444,50,1,2,2:0,7480
2600030598,Cuité,-6.445277,-36.146944,50,1,2,38:21,5280
2600030601,Cuité,-6.435555,-36.172222,50,0,5,39:20,2730
2600030603,Cuité,-6.638055,-36.16,46,1,5,34:21,8870
2600030604,Cuité,-6.638888,-36.1675,52,1,1,34:20,5010
2600030605,Cuité,-6.646666,-36.175555,46,1,3,33:20,18200
2600030606,Cuité,-6.653055,-36.168888,50.1,1,3,33:20,19200
2600030607,Cuité,-6.665277,-36.155833,60,0,2,33:21,2530
2600030608,Cuité,-6.669444,-36.171944,55,1,3,33:20,5190
2600030609,Cuité,-6.653333,-36.136944,28,1,2,33:21,4200
2600030611,Cuité,-6.596111,-35.9925,4.6,1,1,35:25,7650
2600030613,Cuité,-6.638055,-36.053611,34,1,1,34:23,8650
2600030615,Cuité,-6.619722,-36.093333,36,1,5,34:22,11720
2600030616,Cuité,-6.495555,-36.042222,50,0,3,37:23,2330
2600030617,Cuité,-6.495555,-36.160555,50,0,2,37:20,2720
2600030621,Cuité,-6.554722,-35.912777,48,1,3,36:27,4530
2600030623,Cuité,-6.573333,-35.976111,40,1,1,35:25,5050
2600030625,Cuité,-6.532222,-35.985,50,1,4,36:25,7370
2600030626,Cuité,-6.521111,-35.995277,42,1,4,36:25,3560
2600030630,Cuité,-6.542222,-36.016388,50,1,4,36:24,4430
2600030631,Damião,-6.591944,-35.955277,40,1,1,35:26,7730
2600030633,Cuité,-6.522777,-36.054722,47,1,2,36:23,6780
2600030634,Cuité,-6.527777,-36.055,30,0,2,36:23,2700
2600030635,Cuité,-6.528333,-36.053888,30,0,2,36:23,2540
2600030636,Cuité,-6.554444,-36.067222,20,1,2,36:23,12850
2600030637,Cuité,-6.555277,-36.068888,30,1,2,36:23,6060
2600030639,Cuité,-6.576666,-36.065555,60,1,2,35:23,5140
2600030640,Cuité,-6.567777,-36.061944,32,1,2,35:23,7450
2600030641,Cuité,-6.525555,-36.098055,50,1,5,36:22,12060
2600030642,Cuité,-6.516944,-36.141388,48,1,3,37:21,5820
2600030643,Cuité,-6.576388,-36.035,36,1,4,35:24,9250
2600030644,Cuité,-6.561111,-36.046388,35,1,2,35:23,12840
2600030645,Cuité,-6.585,-36.110555,36,1,5,35:22,10780
2600030647,Cuité,-6.621666,-36.105,22,0,5,34:22,2270
2600030648,Cuité,-6.5925,-36.083611,50,1,5,35:22,3920
2600030652,Cuité,-6.488888,-36.146111,50,0,3,37:21,2430
2600030654,Cuité,-6.480277,-36.140833,58,1,3,37:21,3700
2600030655,Cuité,-6.581944,-36.211111,40,1,5,35:19,5200
2600030656,Cuité,-6.595555,-36.199166,37,1,1,35:20,6180
2600030657,Cuité,-6.573888,-36.196388,47,1,1,35:20,7260
2600030658,Cuité,-6.551666,-36.2025,50,1,2,36:19,10480
2600030659,Cuité,-6.573333,-36.160555,50,0,1,35:20,1827
2600030660,Cuité,-6.555555,-36.14,50,1,5,36:21,14300
2600030661,Cuité,-6.545,-36.13,50,1,5,36:21,5170
2600030662,Cuité,-6.543888,-36.152777,48,1,5,36:21,3930
2600030663,Cuité,-6.676944,-36.126666,60,1,2,33:21,9680
2600030664,Cuité,-6.636666,-36.205,60,1,2,34:19,3670
2600030665,Cuité,-6.624166,-36.0875,31,1,5,34:22,17860
2600030666,Cuité,-6.611111,-36.097777,46,1,5,34:22,11730
2600030667,Cuité,-6.663888,-36.098333,44,0,5,33:22,2740
2600030668,Cuité,-6.584722,-36.121111,40,0,5,35:21,2370
2600030669,Cuité,-6.574444,-36.113611,32,0,5,35:22,823
2600030671,Cuité,-6.539166,-36.186388,53,0,1,36:20,2090
2600030674,Cuité,-6.476111,-36.168055,45,1,4,38:20,3750
2600030675,Cuité,-6.4725,-36.171944,51,1,4,38:20,4560
2600030677,Cuité,-6.469444,-36.155,15,0,2,38:21,2130
2600030678,Cuité,-6.470555,-36.155,16,0,2,38:21,2060
2600030679,Cuité,-6.471388,-36.155,17,0,2,38:21,2230
2600030680,Cuité,-6.507777,-36.089722,50,0,1,37:22,1034
2600030683,Malta,-6.907222,-37.552222,35,0,2,27:-14,1005
2600030684,Malta,-6.906388,-37.537222,50,0,2,27:-14,1689
2600030685,Malta,-6.849444,-37.550277,60,1,5,28:-14,3440
2600030686,Condado,-6.823888,-37.576111,45,0,2,29:-15,818
2600030687,Malta,-6.801388,-37.537222,35,0,5,29:-14,1069
2600030688,Malta,-6.786944,-37.527777,50,0,1,30:-14,1200
2600030689,Malta,-6.794444,-37.536666,40,0,1,30:-14,1591
2600030690,Malta,-6.803888,-37.541111,40,0,5,29:-14,1346
2600030691,Malta,-6.860833,-37.538611,35,0,5,28:-14,858
2600030695,Malta,-6.918055,-37.481944,17,0,4,27:-13,537
2600030696,Malta,-6.939166,-37.475,35,0,3,26:-12,894
2600030697,Malta,-6.963055,-37.480555,36,0,3,25:-13,422
2600030701,Patos,-6.983055,-37.511111,35,0,3,25:-13,1811
2600030702,Malta,-6.935277,-37.5,42,0,4,26:-13,862
2600030704,Malta,-6.953333,-37.5175,50,0,4,26:-13,1340
2600030705,Malta,-6.947777,-37.515555,42,0,4,26:-13,603
2600030707,Malta,-6.935,-37.504722,35,0,4,26:-13,585
2600030713,Mato Grosso,-6.535277,-37.726944,51,0,3,36:-19,589
2600030714,Mato Grosso,-6.544444,-37.736388,51,0,3,36:-19,353
2600030715,Mato Grosso,-6.55,-37.738888,51,0,3,36:-19,1450
2600030718,Mato Grosso,-6.572777,-37.774722,50,0,4,35:-20,753
2600030725,Mato Grosso,-6.551111,-37.763333,50,0,3,36:-20,1000
2600030729,Manaíra,-7.731388,-38.193888,48,0,2,6:-30,354
2600030732,Manaíra,-7.793888,-38.207222,51,0,1,5:-31,299
2600030733,Manaíra,-7.807222,-38.205,45,0,1,4:-31,924
2600030735,Manaíra,-7.761944,-38.127777,55,0,2,5:-29,420
2600030738,Manaíra,-7.671388,-38.161944,50,0,1,8:-30,1819
2600030742,São José de Princesa,-7.636111,-38.105,50,0,5,9:-28,301
2600030743,Mato Grosso,-6.539444,-37.684166,51,0,2,36:-18,1930
2600030757,Riacho dos Cavalos,-6.443888,-37.700833,52,0,1,38:-18,1289
2600030760,Riacho dos Cavalos,-6.426388,-37.697222,30,0,3,39:-18,1588
2600030764,Cacimba de Areia,-7.111944,-37.236666,48,1,3,22:-6,3290
2600030765,Cacimba de Areia,-7.1425,-37.223888,36,0,2,21:-6,1940
2600030768,Cacimba de Areia,-7.142777,-37.192777,38,0,3,21:-5,1248
2600030769,Cacimba de Areia,-7.086111,-37.175833,46,1,1,22:-5,13330
2600030771,Cacimba de Areia,-7.085277,-37.1725,50,1,1,22:-5,5590
2600030772,Cacimba de Areia,-7.079444,-37.176388,50,0,1,23:-5,872
2600030774,Cacimba de Areia,-7.067222,-37.168333,30,1,1,23:-5,3110
2600030775,Cacimba de Areia,-7.083888,-37.149722,54,1,3,22:-4,4530
2600030776,Cacimba de Areia,-7.1525,-37.155833,28,0,1,21:-4,2850
2600030777,Cacimba de Areia,-7.085277,-37.159166,58,1,3,22:-4,3270
2600030778,Cacimba de Areia,-7.076666,-37.160833,48,1,1,23:-5,3580
2600030781,Cacimba de Areia,-7.085555,-37.158333,28,1,3,22:-4,3480
2600030795,Cacimba de Areia,-7.11,-37.102777,45,1,1,22:-3,4200
2600030804,Imaculada,-7.347222,-37.468055,49,0,3,16:-12,2660
2600030805,Imaculada,-7.342777,-37.446666,42,0,3,16:-12,2540
2600030806,Imaculada,-7.320555,-37.457777,44,1,3,16:-12,4670
2600030807,Imaculada,-7.319444,-37.457777,46,0,3,17:-12,1099
2600030809,Imaculada,-7.348888,-37.423888,50,1,1,16:-11,22500
2600030817,Imaculada,-7.353055,-37.484444,50,1,5,16:-13,5860
2600030818,Imaculada,-7.345833,-37.4775,40,0,3,16:-12,2700
2600030819,Imaculada,-7.403611,-37.517222,38,1,3,14:-13,3740
2600030821,Imaculada,-7.389166,-37.511944,50,1,1,15:-13,4640
2600030822,Imaculada,-7.451111,-37.550833,50,1,4,13:-14,4050
2600030824,Imaculada,-7.443888,-37.541944,50,0,4,13:-14,1825
2600030828,Areia de Baraúnas,-7.115,-36.980277,48,0,1,22:0,2430
2600030829,Areia de Baraúnas,-7.116111,-36.99,35,0,1,22:0,1764
2600030830,Areia de Baraúnas,-7.144166,-36.973333,50,0,1,21:0,656
2600030840,Juazeirinho,-7.0725,-36.578333,40,1,1,23:10,10600
2600030841,Juazeirinho,-7.031944,-36.569166,50,1,3,24:10,3020
2600030842,Juazeirinho,-7.063055,-36.648333,56,1,1,23:8,9650
2600030843,Juazeirinho,-7.065,-36.651111,46,1,1,23:8,4480
2600030844,Juazeirinho,-7.059722,-36.620555,60,1,2,23:9,4220
2600030845,Juazeirinho,-7.039166,-36.605,27,1,5,24:9,16040
2600030847,Juazeirinho,-7.055,-36.551666,38,1,2,23:11,10480
2600030849,Juazeirinho,-7.040833,-36.5475,40,1,2,23:11,15800
2600030850,Juazeirinho,-7.027222,-36.557222,45,1,3,24:11,8510
2600030851,Juazeirinho,-7.008611,-36.538333,40,1,3,24:11,7900
2600030852,Juazeirinho,-7.000555,-36.529722,45,1,3,24:11,11800
2600030853,Juazeirinho,-6.985833,-36.521111,50,1,2,25:11,11540
2600030854,Juazeirinho,-7.005277,-36.524444,40,1,3,24:11,12820
2600030855,Juazeirinho,-6.9425,-36.573611,50,0,1,26:10,2660
2600030856,Tenório,-6.942777,-36.574722,50,0,1,26:10,1680
2600030857,Tenório,-6.958333,-36.571111,60,0,1,26:10,2800
2600030859,Juazeirinho,-7.030555,-36.501111,50,1,1,24:12,14870
2600030860,Juazeirinho,-6.975555,-36.494444,28,1,3,25:12,6690
2600030861,Juazeirinho,-6.983055,-36.489444,45,1,3,25:12,10870
2600030864,Juazeirinho,-7.0225,-36.634722,40,0,5,24:9,2410
2600030865,Juazeirinho,-7.021944,-36.635,40,1,5,24:9,3350
2600030866,Tenório,-7.011111,-36.634444,50,0,5,24:9,1485
2600030868,Juazeirinho,-7.064444,-36.594444,30,0,1,23:10,2530
2600030874,Juazeirinho,-7.0425,-36.531666,30,1,2,23:11,10810
2600030879,Juazeirinho,-7.126111,-36.539722,50,1,3,21:11,18350
2600030881,Juazeirinho,-7.127777,-36.5175,50,1,2,21:12,26200
2600030882,Juazeirinho,-7.131944,-36.512777,60,1,2,21:12,5750
2600030884,Juazeirinho,-7.126944,-36.478611,50,1,1,21:13,17400
2600030885,Juazeirinho,-7.145,-36.495277,50,1,2,21:12,3370
2600030886,Juazeirinho,-7.1575,-36.496944,50,1,2,21:12,11700
2600030892,Juazeirinho,-7.158055,-36.531666,50,1,3,21:11,16330
2600030896,Juazeirinho,-7.171111,-36.543333,50,1,3,20:11,8790
2600030898,Juazeirinho,-7.149722,-36.579444,50,0,3,21:10,2540
2600030908,Juazeirinho,-7.097777,-36.614166,60,1,4,22:9,8800
2600030911,Juazeirinho,-7.096388,-36.532222,33,0,2,22:11,2210
2600030912,Juazeirinho,-7.083055,-36.525555,50,1,2,22:11,10920
2600030914,Juazeirinho,-7.078888,-36.516111,50,1,2,23:12,9080
2600030915,Juazeirinho,-7.083611,-36.515555,50,1,1,22:12,7880
2600030917,Juazeirinho,-7.101388,-36.536666,50,1,2,22:11,4270
2600030919,Olho d'Água,-7.238055,-37.665277,50,0,2,19:-17,1126
2600030924,Olho d'Água,-7.202777,-37.759444,50,0,1,19:-19,765
2600030928,Olho d'Água,-7.271666,-37.737777,30,0,3,18:-19,1063
2600030929,Olho d'Água,-7.341944,-37.800833,45,0,3,16:-21,810
2600030930,Olho d'Água,-7.346388,-37.818333,35,0,3,16:-21,1308
2600030931,Olho d'Água,-7.323611,-37.819444,30,0,3,16:-21,1405
2600030932,Olho d'Água,-7.306666,-37.843055,35,0,5,17:-22,992
2600030934,Olho d'Água,-7.365277,-37.834722,50,0,2,15:-21,510
2600030935,Olho d'Água,-7.363055,-37.827777,30,0,2,15:-21,735
2600030936,Olho d'Água,-7.351111,-37.807222,36,0,3,16:-21,814
2600030938,São Vicente do Seridó,-6.907777,-36.514444,48,0,4,27:12,2150
2600030939,São Vicente do Seridó,-6.906388,-36.517777,28,0,4,27:12,2480
2600030946,Brejo dos Santos,-6.361111,-37.798611,7.4,0,1,40:-20,900
2600030948,Catolé do Rocha,-6.365277,-37.795555,50,0,1,40:-20,1550
2600030949,Brejo dos Santos,-6.383611,-37.8,3.4,0,1,40:-20,831
2600030951,Brejo dos Santos,-6.379722,-37.803333,4.2,0,4,40:-21,421
2600030957,Catolé do Rocha,-6.358611,-37.785555,35,0,1,41:-20,690
2600030971,Catolé do Rocha,-6.308055,-37.640277,46,0,3,42:-17,1452
2600030972,Catolé do Rocha,-6.422777,-37.751666,50,0,2,39:-19,969
2600030974,Catolé do Rocha,-6.418055,-37.788055,50,0,5,39:-20,1180
2600030978,Catolé do Rocha,-6.261944,-37.683888,25,0,4,43:-18,900
2600030982,Catolé do Rocha,-6.236111,-37.687777,25,0,1,44:-18,980
2600030986,Catolé do Rocha,-6.285555,-37.677777,50,0,3,42:-17,1045
2600030988,Catolé do Rocha,-6.311111,-37.659166,31,0,3,42:-17,1910
2600030992,Catolé do Rocha,-6.245833,-37.73,30,1,2,43:-19,6211
2600030994,Catolé do Rocha,-6.208333,-37.698333,40,1,1,44:-18,5160
2600030998,Catolé do Rocha,-6.230277,-37.734166,50,0,4,44:-19,470
2600031001,Catolé do Rocha,-6.240277,-37.73,7,0,2,43:-19,273
2600031002,Catolé do Rocha,-6.273888,-37.683333,50,0,4,43:-18,628
2600031004,Catolé do Rocha,-6.257777,-37.683611,50,0,4,43:-18,852
2600031005,Catolé do Rocha,-6.258333,-37.681666,50,0,4,43:-18,703
2600031008,Catolé do Rocha,-6.224722,-37.655555,50,0,4,44:-17,2300
2600031021,Catolé do Rocha,-6.454722,-37.768055,37,0,5,38:-20,340
2600031022,Catolé do Rocha,-6.341388,-37.750277,30,0,2,41:-19,1719
2600031026,Catolé do Rocha,-6.375833,-37.6975,80,0,5,40:-18,609
2600031027,Catolé do Rocha,-6.3425,-37.741111,50,0,2,41:-19,682
2600031029,Catolé do Rocha,-6.338333,-37.745,35,1,2,41:-19,3540
2600031030,Coremas,-7.0575,-37.824166,48,0,5,23:-21,1423
2600031031,Coremas,-7.057777,-37.823333,50,0,5,23:-21,1142
2600031032,Coremas,-7.023333,-37.91,51,0,4,24:-23,557
2600031034,Coremas,-7.030277,-37.874722,42,0,4,24:-22,929
2600031036,Coremas,-7.05,-37.879444,50,0,3,23:-22,1237
2600031038,Coremas,-7.022222,-37.903333,30,0,4,24:-23,616
2600031039,Coremas,-7.029444,-37.8525,30,0,4,24:-22,369
2600031040,Coremas,-6.989166,-38.052222,15,0,3,25:-27,637
2600031041,Coremas,-6.990277,-38.057777,38,0,3,25:-27,688
2600031042,Coremas,-6.991388,-38.065,36,0,3,25:-27,475
2600031043,Coremas,-6.990833,-38.042222,50,0,3,25:-27,571
2600031044,Coremas,-6.986666,-38.048055,40,0,3,25:-27,870
2600031045,São José da Lagoa Tapada,-6.969166,-38.054166,50,0,3,25:-27,923
2600031046,São José da Lagoa Tapada,-6.965555,-38.048055,45,0,3,25:-27,651
2600031047,São José da Lagoa Tapada,-6.968611,-38.05,45,0,3,25:-27,645
2600031050,Coremas,-6.980555,-37.971111,36,0,5,25:-25,799
2600031055,Itaporanga,-7.272777,-38.093888,63,0,4,18:-28,1009
2600031059,Itaporanga,-7.304166,-38.091388,38,0,3,17:-28,1193
2600031060,Itaporanga,-7.310833,-38.199722,30,0,4,17:-30,555
2600031061,Itaporanga,-7.315,-38.211388,48,0,3,17:-31,710
2600031062,Itaporanga,-7.316388,-38.213611,50,0,3,17:-31,519
2600031063,Itaporanga,-7.324444,-38.255,46,0,3,16:-32,461
2600031064,Itaporanga,-7.305,-38.1875,42,0,4,17:-30,428
2600031065,Itaporanga,-7.3425,-38.248888,50,0,3,16:-32,589
2600031066,Itaporanga,-7.304722,-38.156111,45,0,3,17:-29,717
2600031069,Itaporanga,-7.303333,-38.169166,45,0,4,17:-30,811
2600031070,Itaporanga,-7.316666,-38.278055,50,0,2,17:-32,662
2600031071,Itaporanga,-7.327222,-38.141666,50,0,3,16:-29,880
2600031072,Piancó,-7.265555,-38.083888,44,0,4,18:-28,434
2600031073,Piancó,-7.279444,-38.085277,35,0,4,18:-28,752
2600031074,Piancó,-7.285277,-38.0725,38,0,2,17:-27,1534
2600031075,Itaporanga,-7.288333,-38.092222,50,0,3,17:-28,564
2600031076,Itaporanga,-7.290833,-38.099444,60,0,3,17:-28,777
2600031077,Itaporanga,-7.294722,-38.103611,20,0,3,17:-28,1208
2600031078,Itaporanga,-7.3075,-38.106388,32,0,3,17:-28,917
2600031079,Itaporanga,-7.306111,-38.109166,56,0,3,17:-28,441
2600031081,Itaporanga,-7.295555,-38.114722,27,0,3,17:-28,726
2600031083,Piancó,-7.308611,-38.082777,34,0,3,17:-28,1056
2600031084,Piancó,-7.308888,-38.086111,50,0,3,17:-28,532
2600031086,Itaporanga,-7.321111,-38.118055,45,0,5,16:-28,864
2600031087,Itaporanga,-7.333611,-38.120833,42,0,3,16:-29,738
2600031088,Itaporanga,-7.333888,-38.124444,45,0,3,16:-29,535
2600031089,Itaporanga,-7.3325,-38.120555,46,0,3,16:-29,839
2600031090,Itaporanga,-7.32,-38.133333,40,0,3,16:-29,534
2600031091,Itaporanga,-7.314444,-38.126944,45,0,3,17:-29,1061
2600031092,Itaporanga,-7.31,-38.119166,46,0,3,17:-28,686
2600031095,Itaporanga,-7.326111,-38.143055,33,0,3,16:-29,668
2600031096,Itaporanga,-7.310555,-38.141111,60,0,3,17:-29,1072
2600031100,Itaporanga,-7.363333,-38.263055,30,0,4,15:-32,713
2600031101,Itaporanga,-7.314722,-38.1575,60,0,3,17:-29,2510
2600031103,Itaporanga,-7.33,-38.138611,50,0,3,16:-29,577
2600031107,Itaporanga,-7.301944,-38.135,40,0,3,17:-29,676
2600031108,Itaporanga,-7.313888,-38.167222,40,0,4,17:-30,1552
2600031109,Itaporanga,-7.3525,-38.119166,30,0,5,16:-28,674
2600031112,Itaporanga,-7.364166,-38.199444,32,0,4,15:-30,732
2600031113,Itaporanga,-7.326388,-38.15,19,0,3,16:-29,860
2600031114,Itaporanga,-7.357777,-38.1725,43,0,2,16:-30,549
2600031118,Itaporanga,-7.343055,-38.2025,30,0,4,16:-31,744
2600031119,Itaporanga,-7.341944,-38.192777,30,0,2,16:-30,1373
2600031120,Itaporanga,-7.343611,-38.19,30,0,2,16:-30,803
2600031121,Itaporanga,-7.346111,-38.188055,30,0,2,16:-30,649
2600031122,Itaporanga,-7.342777,-38.188333,30,0,2,16:-30,984
2600031123,Itaporanga,-7.325555,-38.189166,15,0,2,16:-30,1340
2600031124,Itaporanga,-7.3325,-38.196388,34,0,2,16:-30,577
2600031125,Itaporanga,-7.338333,-38.216111,40,0,4,16:-31,680
2600031127,Itaporanga,-7.320277,-38.179444,19,0,2,16:-30,790
2600031128,Itaporanga,-7.253888,-38.213611,46,0,1,18:-31,829
2600031129,Itaporanga,-7.315,-38.171111,24,0,4,17:-30,380
2600031130,Itaporanga,-7.315,-38.172222,24,0,4,17:-30,471
2600031133,Itaporanga,-7.279722,-38.147777,44,0,2,18:-29,698
2600031135,Itaporanga,-7.365555,-38.238333,45,0,3,15:-31,723
2600031139,Boa Ventura,-7.384444,-38.230555,50,0,3,15:-31,924
2600031140,Boa Ventura,-7.387777,-38.231944,36,0,3,15:-31,449
2600031142,Boa Ventura,-7.480833,-38.238055,50,0,3,12:-31,1130
2600031145,Curral Velho,-7.499444,-38.242222,38,0,4,12:-32,783
2600031146,Boa Ventura,-7.418611,-38.211944,50,0,3,14:-31,438
2600031147,Boa Ventura,-7.388611,-38.186388,50,0,4,15:-30,722
2600031149,Curral Velho,-7.534444,-38.109444,45,0,3,11:-28,1058
2600031150,Curral Velho,-7.534444,-38.108611,37,0,3,11:-28,1224
2600031151,Curral Velho,-7.5175,-38.111666,46,0,2,12:-28,655
2600031152,Boa Ventura,-7.475,-38.107222,49,0,2,13:-28,1085
2600031153,Boa Ventura,-7.476944,-38.109444,48,0,2,13:-28,1154
2600031154,Boa Ventura,-7.474722,-38.108611,41,0,2,13:-28,1165
2600031155,Boa Ventura,-7.455555,-38.217222,45,0,4,13:-31,586
2600031158,Boa Ventura,-7.448611,-38.186944,53,0,5,13:-30,1510
2600031160,Boa Ventura,-7.397777,-38.165,42,0,4,15:-30,437
2600031161,Boa Ventura,-7.378888,-38.210555,50,0,3,15:-31,2680
2600031165,Joca Claudino,-6.5,-38.453611,47.85,0,3,37:-37,1236
2600031166,Poço Dantas,-6.409166,-38.504166,22,0,4,39:-38,977
2600031167,Poço Dantas,-6.392777,-38.517222,40,0,1,40:-38,910
2600031168,Poço Dantas,-6.394444,-38.518888,40,0,1,40:-38,667
2600031169,Poço Dantas,-6.390833,-38.589444,50,0,1,40:-40,572
2600031172,Poço Dantas,-6.389444,-38.550833,40,0,5,40:-39,331
2600031173,Poço Dantas,-6.390277,-38.525,39,0,5,40:-39,1865
2600031176,Poço Dantas,-6.361944,-38.516111,35,0,1,40:-38,2480
2600031179,Poço Dantas,-6.373888,-38.505833,36,0,1,40:-38,664
2600031181,Poço Dantas,-6.404166,-38.498055,50,0,4,39:-38,1493
2600031183,Junco do Seridó,-6.971944,-36.689444,50,0,2,25:7,294
2600031184,Tenório,-6.972777,-36.684722,50,0,2,25:7,448
2600031185,Junco do Seridó,-6.959166,-36.67,40,0,5,26:8,423
2600031186,Junco do Seridó,-6.9575,-36.681666,50,0,4,26:7,2920
2600031188,Junco do Seridó,-6.949166,-36.668333,50,0,5,26:8,873
2600031189,Junco do Seridó,-6.939166,-36.689722,50,1,4,26:7,4390
2600031190,Junco do Seridó,-6.981944,-36.729166,50,0,4,25:6,2290
2600031191,Junco do Seridó,-6.991944,-36.712777,50,1,2,25:7,10320
2600031192,Junco do Seridó,-6.996388,-36.713888,72,0,2,25:7,1770
2600031209,São José do Bonfim,-7.159722,-37.308611,45,0,3,21:-8,2030
2600031210,São José do Bonfim,-7.162777,-37.310277,30,1,2,20:-8,3140
2600031211,São José do Bonfim,-7.159166,-37.306388,48,0,3,21:-8,977
2600031215,São José do Bonfim,-7.179166,-37.275833,50,0,1,20:-7,675
2600031217,São José do Bonfim,-7.16,-37.303888,45,0,2,20:-8,541
2600031220,São José do Bonfim,-7.184444,-37.291666,40,0,2,20:-8,1218
2600031222,São José do Bonfim,-7.181388,-37.284444,40,0,2,20:-8,636
2600031223,São José do Bonfim,-7.179444,-37.290833,47,0,2,20:-8,827
2600031224,São José do Bonfim,-7.177777,-37.296666,40,0,2,20:-8,1233
2600031225,São José do Bonfim,-7.176666,-37.295,40,0,2,20:-8,1481
2600031230,São José do Bonfim,-7.159722,-37.321944,50,0,5,21:-9,1591
2600031231,Santa Teresinha,-7.16,-37.489722,50,0,2,20:-13,2390
2600031234,São José do Bonfim,-7.163888,-37.323055,50,0,1,20:-9,772
2600031235,São José do Bonfim,-7.166111,-37.338611,54,0,1,20:-9,261
2600031240,São José do Bonfim,-7.175555,-37.336388,50,0,1,20:-9,645
2600031241,São José do Bonfim,-7.181388,-37.345277,40,1,1,20:-9,7110
2600031244,São José do Bonfim,-7.1625,-37.326111,40,0,1,20:-9,2700
2600031246,São José do Bonfim,-7.155277,-37.343611,30,0,5,21:-9,857
2600031247,São José do Bonfim,-7.149166,-37.34,36,0,5,21:-9,1097
2600031248,São José do Bonfim,-7.148333,-37.339722,38,0,5,21:-9,1700
2600031250,São José do Bonfim,-7.156111,-37.347777,50,0,5,21:-9,1880
2600031252,São José do Bonfim,-7.159722,-37.3,30,0,3,21:-8,2980
2600031254,São José do Bonfim,-7.140833,-37.298055,42,0,3,21:-8,578
2600031255,São José do Bonfim,-7.133611,-37.298333,50,0,3,21:-8,1234
2600031256,São José do Bonfim,-7.132777,-37.296666,50,0,3,21:-8,1170
2600031257,Santa Teresinha,-7.131944,-37.461388,50,0,4,21:-12,1038
2600031260,São José do Bonfim,-7.1675,-37.251666,40,0,1,20:-7,1108
2600031262,São José do Bonfim,-7.145277,-37.254444,30,0,5,21:-7,1210
2600031263,São José do Bonfim,-7.133333,-37.252222,40,0,5,21:-7,551
2600031264,São José do Bonfim,-7.131111,-37.258055,40,0,5,21:-7,1145
2600031265,São José do Bonfim,-7.159722,-37.261388,40,0,5,21:-7,1608
2600031266,São José do Bonfim,-7.168611,-37.268888,50,0,1,20:-7,1442
2600031267,São José do Bonfim,-7.171111,-37.272222,30,0,1,20:-7,943
2600031269,São José do Bonfim,-7.158055,-37.275,37,0,5,21:-7,628
2600031270,São José do Bonfim,-7.157777,-37.274444,45,0,5,21:-7,789
2600031271,São José do Bonfim,-7.158055,-37.269166,36,0,5,21:-7,2010
2600031274,São José do Bonfim,-7.147777,-37.279166,40,0,5,21:-7,814
2600031275,São José do Bonfim,-7.148333,-37.278611,40,0,5,21:-7,974
2600031276,São José do Bonfim,-7.1475,-37.278055,50,0,5,21:-7,1017
2600031277,São José do Bonfim,-7.143333,-37.280555,50,0,3,21:-8,2370
2600031297,Nova Palmeira,-6.630277,-36.481111,52,1,2,34:12,6020
2600031298,Picuí,-6.648055,-36.406666,48,0,1,33:14,1796
2600031299,Picuí,-6.647222,-36.404722,48,1,1,33:14,11150
2600031301,Nova Palmeira,-6.665,-36.515555,51,0,2,33:12,724
2600031302,Nova Palmeira,-6.67,-36.516666,42,0,2,33:12,2860
2600031303,Maturéia,-7.286944,-37.328055,50,0,2,17:-9,1032
2600031304,Maturéia,-7.287777,-37.328055,50,0,2,17:-9,2620
2600031305,Maturéia,-7.33,-37.3575,50,1,3,16:-9,8050
2600031306,Maturéia,-7.346944,-37.3825,50,0,4,16:-10,1637
2600031307,Maturéia,-7.261111,-37.359722,50,0,1,18:-9,1637
2600031308,Maturéia,-7.266388,-37.349722,50,1,1,18:-9,5520
2600031309,Maturéia,-7.265,-37.3475,23,1,1,18:-9,3420
2600031310,Maturéia,-7.264722,-37.347777,23,0,1,18:-9,3000
2600031316,Lastro,-6.587222,-38.174166,50,0,4,35:-30,1005
2600031319,Vieirópolis,-6.520277,-38.225277,28,0,1,36:-31,2270
2600031324,Lastro,-6.497222,-38.210833,40,0,4,37:-31,1866
2600031326,São José da Lagoa Tapada,-6.962777,-38.18,45,0,3,25:-30,278
2600031327,São José da Lagoa Tapada,-6.976388,-38.163055,50,0,3,25:-30,711
2600031328,São José da Lagoa Tapada,-6.976944,-38.163611,35,0,3,25:-30,830
2600031329,São José da Lagoa Tapada,-6.940277,-38.179722,36,0,5,26:-30,723
2600031330,São José da Lagoa Tapada,-6.941111,-38.193055,50,0,5,26:-30,907
2600031331,São José da Lagoa Tapada,-6.939166,-38.198888,26,0,5,26:-30,2780
2600031333,São José da Lagoa Tapada,-6.934166,-38.224166,50,0,2,26:-31,478
2600031334,São José da Lagoa Tapada,-6.935555,-38.23,21,0,2,26:-31,2009
2600031336,São José da Lagoa Tapada,-6.942222,-38.199166,54,0,5,26:-30,380
2600031337,São José da Lagoa Tapada,-6.940277,-38.163611,36,0,5,26:-30,2260
2600031338,São José da Lagoa Tapada,-6.940277,-38.163055,40,0,5,26:-30,282
2600031339,São José da Lagoa Tapada,-6.887222,-38.166111,50,0,3,27:-30,963
2600031340,São José da Lagoa Tapada,-6.946111,-38.141388,30,0,1,26:-29,911
2600031341,São José da Lagoa Tapada,-6.96,-38.135555,25,0,1,26:-29,767
2600031342,São José da Lagoa Tapada,-6.970555,-38.134166,28,0,5,25:-29,753
2600031344,São José da Lagoa Tapada,-6.993055,-38.148888,28,0,5,25:-29,337
2600031345,São José da Lagoa Tapada,-6.991666,-38.073611,48,0,3,25:-27,559
2600031346,São José da Lagoa Tapada,-6.986111,-38.0775,37,0,3,25:-27,404
2600031347,São José da Lagoa Tapada,-7,-38.0775,33,0,3,25:-27,660
2600031348,São José da Lagoa Tapada,-6.975555,-38.108333,23.5,0,4,25:-28,950
2600031349,São José da Lagoa Tapada,-6.975277,-38.111388,55,0,4,25:-28,1019
2600031350,São José da Lagoa Tapada,-6.978888,-38.118888,50,0,4,25:-28,756
2600031352,São José da Lagoa Tapada,-6.9625,-38.118611,28,0,4,25:-28,594
2600031353,São José da Lagoa Tapada,-6.938611,-38.149722,30,0,1,26:-29,746
2600031354,São José da Lagoa Tapada,-6.934444,-38.146111,50,0,1,26:-29,1195
2600031356,São José da Lagoa Tapada,-6.953333,-38.110555,38,0,4,26:-28,1047
2600031357,São José da Lagoa Tapada,-6.955277,-38.105833,48,0,4,26:-28,1171
2600031358,São José da Lagoa Tapada,-6.944166,-38.112222,37,0,4,26:-28,921
2600031359,São José da Lagoa Tapada,-6.931666,-38.111944,40,0,4,26:-28,2950
2600031361,São José da Lagoa Tapada,-6.920833,-38.094722,25,0,4,26:-28,701
2600031362,São José da Lagoa Tapada,-6.912777,-38.081666,25,0,4,27:-28,723
2600031363,São José da Lagoa Tapada,-6.911944,-38.077222,50,0,5,27:-27,857
2600031364,Condado,-6.884722,-37.594722,44,0,3,27:-15,1254
2600031366,Condado,-6.840555,-37.608888,30,0,2,28:-16,797
2600031367,Condado,-6.840833,-37.6275,36,0,2,28:-16,930
2600031371,Condado,-6.854444,-37.632777,32,0,2,28:-16,675
2600031372,São Bentinho,-6.860555,-37.670833,30,0,1,28:-17,1244
2600031373,Condado,-6.879166,-37.655,45,0,1,28:-17,933
2600031377,Condado,-6.910833,-37.628055,54,0,2,27:-16,1484
2600031381,Cajazeirinhas,-6.993611,-37.679166,35,0,1,25:-17,959
2600031382,Cajazeirinhas,-6.993888,-37.685833,32,0,5,25:-18,2040
2600031383,São Bentinho,-6.890833,-37.675833,43,0,5,27:-17,2130
2600031384,São Bentinho,-6.901111,-37.681388,25,0,5,27:-18,802
2600031385,Condado,-6.909722,-37.638611,60,0,2,27:-16,851
2600031386,Condado,-6.942222,-37.641666,26,0,5,26:-17,1053
2600031387,Condado,-6.939444,-37.650555,35,0,5,26:-17,2240
2600031388,Juazeirinho,-7.026388,-36.544722,48,1,3,24:11,7670
2600031390,Juazeirinho,-7.106944,-36.564166,60,1,3,22:10,6110
2600031391,Juazeirinho,-7.113055,-36.562222,50,1,3,22:10,11810
2600031392,Juazeirinho,-7.125277,-36.541944,50,1,3,21:11,6980
2600031396,Olho d'Água,-7.233055,-37.790833,33,0,5,19:-20,514
2600031399,Olho d'Água,-7.293888,-37.790555,40,0,2,17:-20,746
2600031404,Pedra Branca,-7.4225,-38.0675,51,0,2,14:-27,2000
2600031405,Nova Olinda,-7.408888,-38.067777,40,0,2,14:-27,1114
2600031407,Pedra Branca,-7.408888,-38.0775,50,0,2,14:-27,592
2600031408,Pedra Branca,-7.415277,-38.080277,50,0,3,14:-28,915
2600031409,Pedra Branca,-7.424444,-38.100555,50,0,3,14:-28,712
2600031410,Boa Ventura,-7.433055,-38.118611,45,0,3,14:-28,1037
2600031411,Pedra Branca,-7.41,-38.101666,40,0,3,14:-28,960
2600031412,Pedra Branca,-7.4025,-38.104166,40,0,3,14:-28,594
2600031413,Pedra Branca,-7.393055,-38.101944,48,0,4,15:-28,750
2600031414,Pedra Branca,-7.391111,-38.091388,27,0,4,15:-28,526
2600031415,Pedra Branca,-7.388055,-38.089444,45,0,4,15:-28,586
2600031416,Pedra Branca,-7.3825,-38.083888,9,0,4,15:-28,1051
2600031417,Pedra Branca,-7.381388,-38.089166,52,0,4,15:-28,1306
2600031420,Itaporanga,-7.365833,-38.095277,33.05,0,4,15:-28,871
2600031421,Pedra Branca,-7.366388,-38.074166,16,0,1,15:-27,822
2600031422,Pedra Branca,-7.466944,-38.093888,50,0,2,13:-28,1459
2600031424,Pedra Branca,-7.448055,-38.101388,56,0,2,13:-28,743
2600031425,Pedra Branca,-7.451944,-38.103888,24,0,2,13:-28,993
2600031426,Pedra Branca,-7.428333,-38.090833,54,0,3,14:-28,904
2600031428,Água Branca,-7.488888,-37.591944,30,1,5,12:-15,3690
2600031431,Nova Floresta,-6.464166,-36.183888,40,1,4,38:20,3230
2600031432,Nova Floresta,-6.459166,-36.180277,47,1,4,38:20,3710
2600031433,Nova Floresta,-6.455555,-36.214166,50,1,5,38:19,6650
2600031434,Nova Floresta,-6.450833,-36.225555,40,0,5,38:19,2760
2600031438,Nova Floresta,-6.453611,-36.204444,50,1,5,38:19,3790
2600031440,Nova Floresta,-6.468888,-36.209722,50,0,5,38:19,1249
2600031441,Nova Floresta,-6.535555,-36.223888,50,1,2,36:19,17200
2600031442,Nova Floresta,-6.521666,-36.220555,50,1,2,36:19,4350
2600031443,Nova Floresta,-6.521944,-36.220833,45,1,2,36:19,5040
2600031444,Nova Floresta,-6.512777,-36.224722,54,1,3,37:19,15140
2600031446,Cuité,-6.552777,-36.221111,42,1,2,36:19,8430
2600031447,Paulista,-6.625833,-37.513888,45,1,5,34:-13,5300
2600031451,Paulista,-6.663888,-37.559166,48,0,4,33:-14,2720
2600031457,Paulista,-6.563888,-37.641666,50,0,1,35:-17,1026
2600031459,Paulista,-6.547777,-37.614166,36,0,3,36:-16,1041
2600031462,Riacho dos Cavalos,-6.538611,-37.592222,40,0,2,36:-15,2630
2600031463,Pedra Lavrada,-6.790555,-36.474444,52,0,5,30:13,2680
2600031464,Pedra Lavrada,-6.791111,-36.474722,50,1,5,30:13,5440
2600031465,Pedra Lavrada,-6.742222,-36.491111,50,0,4,31:12,2740
2600031466,Pedra Lavrada,-6.749444,-36.489444,50,0,4,31:12,3000
2600031467,Nova Palmeira,-6.711944,-36.469722,51,1,1,32:13,6160
2600031468,Nova Palmeira,-6.715555,-36.4425,40,1,1,32:13,6760
2600031469,Pedra Lavrada,-6.776388,-36.450555,50,1,5,30:13,3580
2600031470,Pedra Lavrada,-6.811388,-36.462222,50,0,5,29:13,2430
2600031471,Pedra Lavrada,-6.814166,-36.428333,50,1,4,29:14,5490
2600031472,Pedra Lavrada,-6.824722,-36.452222,50,0,5,29:13,1924
2600031474,Pedra Lavrada,-6.752777,-36.455277,50,1,5,31:13,8140
2600031475,Nova Palmeira,-6.744166,-36.39,60,0,3,31:15,1323
2600031476,Pedra Lavrada,-6.7875,-36.317777,50,1,3,30:17,47300
2600031478,Pedra Lavrada,-6.780277,-36.273611,35,1,3,30:18,21300
2600031479,Pedra Lavrada,-6.780833,-36.263055,50,1,3,30:18,14300
2600031481,Pedra Lavrada,-6.761666,-36.31,50,1,3,30:17,10370
2600031482,Pedra Lavrada,-6.718333,-36.3275,50,1,4,32:16,27500
2600031483,Pedra Lavrada,-6.701388,-36.278333,50,1,5,32:18,8190
2600031485,Sossêgo,-6.706944,-36.247222,50,1,5,32:18,22800
2600031487,Pedra Lavrada,-6.741666,-36.288611,50,1,4,31:17,14020
2600031489,Pedra Lavrada,-6.756111,-36.469722,70,1,5,31:13,6020
2600031490,Pedra Lavrada,-6.731111,-36.445833,34,0,5,31:13,1106
2600031491,Pedra Lavrada,-6.743055,-36.464444,50,1,5,31:13,22800
2600031492,Pedra Lavrada,-6.757222,-36.473055,70,1,5,31:13,36600
2600031493,Santa Cruz,-6.471944,-38.049722,28,0,1,38:-27,1544
2600031494,Santa Cruz,-6.475555,-38.050277,28,0,1,38:-27,1643
2600031495,Santa Cruz,-6.5,-38.071111,38,0,5,37:-27,1080
2600031496,Santa Cruz,-6.526944,-38.102777,28,0,4,36:-28,999
2600031500,Santa Cruz,-6.568888,-38.104166,35,0,4,35:-28,1105
2600031501,Santa Cruz,-6.544722,-38.088611,50,0,4,36:-28,1053
2600031502,Santa Cruz,-6.551388,-38.068888,42,0,4,36:-27,984
2600031508,Santa Cruz,-6.526111,-38.054444,33,0,4,36:-27,2250
2600031509,Santa Cruz,-6.531388,-38.059166,50,0,4,36:-27,2800
2600031510,Santa Cruz,-6.55,-38.063055,40,0,4,36:-27,1480
2600031512,Carrapateira,-7.036111,-38.34,40,0,4,24:-34,940
2600031515,Carrapateira,-7.039722,-38.343611,36,0,4,24:-34,1501
2600031518,Serra Grande,-7.241111,-38.394722,45,0,3,18:-35,895
2600031519,Serra Grande,-7.229722,-38.376111,39,0,3,19:-35,1344
2600031520,Serra Grande,-7.195555,-38.362777,50,0,4,20:-35,974
2600031521,Conceição,-7.343333,-38.549444,44,0,5,16:-39,1006
2600031524,Conceição,-7.545833,-38.446666,50,0,4,11:-37,768
2600031526,Conceição,-7.551666,-38.45,50,0,4,11:-37,1915
2600031527,Conceição,-7.552777,-38.455277,36,0,4,11:-37,697
2600031528,Conceição,-7.546388,-38.455555,34,0,4,11:-37,598
2600031532,Conceição,-7.549444,-38.485277,36,0,3,11:-38,1527
2600031533,Conceição,-7.549722,-38.485277,50,0,3,11:-38,1551
2600031534,Conceição,-7.5525,-38.499166,45,0,3,11:-38,1098
2600031535,Conceição,-7.548055,-38.481944,50,0,3,11:-38,588
2600031536,Conceição,-7.540277,-38.501388,26,0,3,11:-38,707
2600031539,Conceição,-7.518055,-38.493888,41,0,5,12:-38,945
2600031540,Conceição,-7.548611,-38.481111,50,0,3,11:-38,636
2600031542,Conceição,-7.563611,-38.491111,35,0,3,10:-38,1397
2600031543,Conceição,-7.566111,-38.464444,50,0,2,10:-37,2000
2600031544,Conceição,-7.564722,-38.484722,36,0,3,10:-38,912
2600031545,Conceição,-7.579166,-38.559722,13,0,2,10:-39,1029
2600031548,Conceição,-7.585833,-38.508055,18,0,3,10:-38,1029
2600031549,Conceição,-7.570833,-38.511388,30,0,3,10:-38,956
2600031550,Conceição,-7.581111,-38.5,30,0,3,10:-38,881
2600031551,Conceição,-7.591388,-38.451666,28.7,0,2,10:-37,2560
2600031552,Conceição,-7.591111,-38.451666,5.34,1,2,10:-37,5200
2600031553,Conceição,-7.578888,-38.451388,34.77,0,2,10:-37,1180
2600031554,Conceição,-7.3975,-38.440833,52,0,1,15:-37,1709
2600031555,Conceição,-7.403055,-38.478333,50,0,4,14:-37,1189
2600031556,Conceição,-7.401388,-38.479722,97,0,4,14:-37,1418
2600031558,Conceição,-7.396666,-38.480277,50,0,2,15:-38,1707
2600031559,Conceição,-7.399722,-38.481666,42,0,2,15:-38,1389
2600031560,Conceição,-7.403055,-38.462222,50,0,4,14:-37,1424
2600031561,Conceição,-7.402777,-38.462222,59,0,4,14:-37,783
2600031565,Conceição,-7.441111,-38.505,50,0,4,13:-38,1355
2600031566,Conceição,-7.443333,-38.503333,30,0,4,13:-38,782
2600031568,Ibiara,-7.4425,-38.481111,48,0,4,13:-38,987
2600031573,Conceição,-7.560833,-38.510277,9,0,3,10:-38,1105
2600031574,Conceição,-7.563333,-38.513055,10,0,3,10:-38,705
2600031579,Conceição,-7.435,-38.548055,50,0,3,14:-39,533
2600031581,Conceição,-7.5075,-38.5125,24.5,0,5,12:-38,676
2600031582,Conceição,-7.551388,-38.502222,48,0,3,11:-38,1264
2600031584,Conceição,-7.550833,-38.563055,10.4,0,2,11:-40,1224
2600031586,Conceição,-7.516944,-38.564722,50,0,3,12:-40,671
2600031587,Conceição,-7.523611,-38.501111,12,0,3,11:-38,1299
2600031589,Conceição,-7.553611,-38.639166,38,0,2,11:-41,1506
2600031590,Conceição,-7.550833,-38.625,30,0,2,11:-41,872
2600031591,Conceição,-7.575,-38.617222,37,0,2,10:-41,1055
2600031592,Conceição,-7.556666,-38.597222,24,0,2,11:-40,1624
2600031593,Conceição,-7.554722,-38.598333,52,0,2,11:-40,1551
2600031594,Conceição,-7.546111,-38.459166,30,0,4,11:-37,614
2600031595,Conceição,-7.549166,-38.482777,34,0,3,11:-38,620
2600031596,Conceição,-7.548888,-38.485277,42,0,3,11:-38,693
2600031597,Conceição,-7.504444,-38.494722,50,0,5,12:-38,645
2600031598,Conceição,-7.488611,-38.488055,30,0,5,12:-38,654
2600031599,Conceição,-7.563611,-38.486111,40,0,3,10:-38,867
2600031600,Conceição,-7.583611,-38.556666,20,0,2,10:-39,808
2600031602,Santa Helena,-6.649444,-38.641944,52,0,4,33:-42,1514
2600031603,Santa Helena,-6.649166,-38.628333,50,0,4,33:-41,862
2600031604,Santa Helena,-6.649444,-38.626944,50,0,4,33:-41,615
2600031605,Triunfo,-6.658055,-38.611666,50,1,4,33:-41,3320
2600031606,Triunfo,-6.669444,-38.602777,60,0,4,33:-41,1317
2600031607,Santa Helena,-6.674166,-38.611388,50,0,4,33:-41,524
2600031608,Santa Helena,-6.687777,-38.615277,55,0,4,32:-41,1327
2600031610,Santa Helena,-6.689166,-38.621944,50,0,4,32:-41,665
2600031611,Santa Helena,-6.724444,-38.643055,42,0,5,31:-42,964
2600031613,Santa Helena,-6.719444,-38.630833,70,0,4,32:-41,1625
2600031615,Santa Helena,-6.715555,-38.614444,74,0,4,32:-41,1263
2600031616,Santa Helena,-6.720555,-38.641944,55,0,5,31:-42,1153
2600031617,Santa Helena,-6.697777,-38.626944,50,0,4,32:-41,1086
2600031619,Santa Helena,-6.699722,-38.636111,50,0,4,32:-41,1445
2600031620,Santa Helena,-6.702777,-38.636388,56,0,4,32:-41,1567
2600031621,Santa Helena,-6.701666,-38.636111,50,0,4,32:-41,2240
2600031622,Santa Helena,-6.690833,-38.653888,50,0,5,32:-42,814
2600031623,Santa Helena,-6.691111,-38.654722,49,0,5,32:-42,732
2600031624,Santa Helena,-6.691388,-38.655277,50,0,5,32:-42,753
2600031625,Santa Helena,-6.690277,-38.656666,42,0,5,32:-42,731
2600031626,Santa Helena,-6.685555,-38.660277,58,0,5,32:-42,1760
2600031627,Santa Helena,-6.688055,-38.661111,50,0,5,32:-42,2200
2600031628,Santa Helena,-6.696388,-38.648333,40,0,5,32:-42,1257
2600031629,Santa Helena,-6.699166,-38.6675,45,0,5,32:-42,1837
2600031630,Santa Helena,-6.699444,-38.666111,25,0,5,32:-42,707
2600031631,Santa Helena,-6.698611,-38.664166,40,0,5,32:-42,762
2600031632,Santa Helena,-6.699722,-38.665,50,0,5,32:-42,565
2600031633,Santa Helena,-6.7175,-38.639444,50,0,4,32:-41,1438
2600031634,Santa Helena,-6.716111,-38.638888,48,0,4,32:-41,1122
2600031635,Santa Helena,-6.725833,-38.641111,20,0,5,31:-42,1530
2600031638,Santa Helena,-6.718611,-38.640277,37,0,5,32:-42,1553
2600031639,Santa Helena,-6.716666,-38.641388,43,0,5,32:-42,753
2600031640,Santa Helena,-6.715555,-38.641666,42,0,5,32:-42,1136
2600031643,Santa Helena,-6.706944,-38.563888,65,0,3,32:-40,237
2600031644,Santa Helena,-6.709444,-38.556944,100,0,2,32:-39,494
2600031647,Santa Helena,-6.714722,-38.562777,51,0,3,32:-40,522
2600031648,Santa Helena,-6.714444,-38.563611,50,0,3,32:-40,391
2600031649,Santa Helena,-6.715555,-38.561666,50,0,3,32:-40,431
2600031650,Santa Helena,-6.715555,-38.560277,50,0,3,32:-40,354
2600031651,Santa Helena,-6.7125,-38.565,52,0,3,32:-40,451
2600031652,Santa Helena,-6.711944,-38.565277,50,0,3,32:-40,487
2600031653,Santa Helena,-6.708611,-38.564722,55,0,3,32:-40,296
2600031654,Triunfo,-6.703611,-38.571111,45,0,3,32:-40,588
2600031655,Triunfo,-6.701944,-38.572222,51,0,3,32:-40,910
2600031656,Triunfo,-6.702777,-38.574444,50,0,3,32:-40,836
2600031657,Triunfo,-6.701944,-38.574444,48,0,3,32:-40,1748
2600031658,Santa Helena,-6.718611,-38.64,47,0,5,32:-42,1710
2600031659,Santa Helena,-6.72,-38.586666,55,0,3,32:-40,439
2600031660,Santa Helena,-6.716944,-38.588055,60,0,3,32:-40,434
2600031661,Santa Helena,-6.711666,-38.585,61,0,3,32:-40,540
2600031662,Santa Helena,-6.710833,-38.586666,50,0,3,32:-40,612
2600031663,Santa Helena,-6.708888,-38.579722,51,0,3,32:-40,458
2600031664,Santa Helena,-6.705555,-38.581944,50,0,3,32:-40,835
2600031665,Santa Helena,-6.714166,-38.573888,55,0,3,32:-40,217
2600031666,Santa Helena,-6.714166,-38.575277,60,0,3,32:-40,467
2600031667,Santa Helena,-6.711111,-38.574166,60,0,3,32:-40,396
2600031668,Santa Helena,-6.705277,-38.5725,47,0,3,32:-40,347
2600031670,Santa Helena,-6.706388,-38.5925,65,0,3,32:-40,1572
2600031671,Santa Helena,-6.704166,-38.6,54,0,4,32:-41,1084
2600031672,Santa Helena,-6.704722,-38.598611,52,0,3,32:-40,1033
2600031673,Santa Helena,-6.703611,-38.5975,41,0,3,32:-40,969
2600031674,Santa Helena,-6.704444,-38.595555,50,0,3,32:-40,813
2600031675,Santa Helena,-6.705833,-38.595,51,0,3,32:-40,904
2600031676,Santa Helena,-6.71,-38.601666,52,0,4,32:-41,1095
2600031677,Santa Helena,-6.710833,-38.605,50,0,4,32:-41,1203
2600031679,Triunfo,-6.698888,-38.54,50,0,2,32:-39,249
2600031680,Triunfo,-6.7,-38.540277,50,0,2,32:-39,225
2600031681,Santa Helena,-6.720833,-38.601388,62,0,5,31:-41,636
2600031682,Santa Helena,-6.719166,-38.605277,50,0,4,32:-41,585
2600031683,Santa Helena,-6.723333,-38.603611,50,0,5,31:-41,397
2600031684,Santa Helena,-6.725277,-38.601944,50,0,5,31:-41,586
2600031687,Santa Helena,-6.728055,-38.594166,50,0,4,31:-40,586
2600031690,Santa Helena,-6.709444,-38.611111,55,0,4,32:-41,1977
2600031692,Santa Helena,-6.701111,-38.609166,37,0,4,32:-41,820
2600031693,Santa Helena,-6.701944,-38.613055,104,0,4,32:-41,1288
2600031694,Santa Helena,-6.703888,-38.627222,48,0,4,32:-41,1242
2600031695,Santa Helena,-6.711944,-38.627777,50,0,4,32:-41,854
2600031696,Santa Helena,-6.718611,-38.655,19,0,5,32:-42,879
2600031697,Santa Helena,-6.708611,-38.661111,18,0,5,32:-42,704
2600031698,Santa Helena,-6.661111,-38.633055,33,0,4,33:-41,184
2600031700,Santa Helena,-6.664166,-38.630833,51,0,4,33:-41,343
2600031701,Santa Helena,-6.671666,-38.646388,50,0,4,33:-42,1003
2600031703,Santa Helena,-6.684722,-38.641388,58,0,5,32:-42,811
2600031704,Santa Helena,-6.689444,-38.640555,51,0,5,32:-42,706
2600031705,Santa Helena,-6.698888,-38.643888,40,0,5,32:-42,1052
2600031706,Santa Helena,-6.702222,-38.641388,50,0,5,32:-42,1488
2600031707,Santa Helena,-6.701666,-38.6425,45,0,5,32:-42,2330
2600031709,Santa Helena,-6.754166,-38.635277,50,0,5,31:-41,732
2600031710,Santa Helena,-6.755555,-38.64,60,0,5,31:-42,909
2600031712,Santa Helena,-6.726944,-38.6275,51,0,5,31:-41,1447
2600031713,Santa Helena,-6.742777,-38.601666,50,0,5,31:-41,631
2600031714,Santa Helena,-6.744444,-38.608333,45,0,5,31:-41,991
2600031715,Santa Helena,-6.744166,-38.607777,50,0,5,31:-41,983
2600031717,Santa Helena,-6.745277,-38.6025,50,0,5,31:-41,854
2600031718,Santa Helena,-6.741111,-38.596111,40,0,4,31:-40,805
2600031719,Santa Helena,-6.739444,-38.596111,40,0,4,31:-40,802
2600031721,Santa Helena,-6.785833,-38.537222,36,1,5,30:-39,4020
2600031722,Santa Helena,-6.793055,-38.543333,52,0,5,30:-39,2810
2600031724,Santa Helena,-6.791666,-38.541944,50,0,5,30:-39,588
2600031726,Santa Helena,-6.784444,-38.538888,50,0,5,30:-39,1517
2600031727,Santa Helena,-6.774722,-38.54,50,0,5,30:-39,722
2600031728,Santa Helena,-6.7725,-38.540833,50,0,5,30:-39,545
2600031729,Santa Helena,-6.778611,-38.544166,65,0,5,30:-39,661
2600031730,Santa Helena,-6.768611,-38.549166,50,0,5,30:-39,717
2600031731,Santa Helena,-6.7675,-38.549444,50,0,5,30:-39,649
2600031732,Santa Helena,-6.764722,-38.548611,54,0,5,30:-39,338
2600031734,Santa Helena,-6.773888,-38.555833,45,0,5,30:-39,675
2600031735,Santa Helena,-6.776111,-38.556666,59,0,5,30:-39,691
2600031736,Santa Helena,-6.7625,-38.561944,43,0,4,30:-40,585
2600031737,Santa Helena,-6.760555,-38.562222,49,0,4,30:-40,499
2600031738,Santa Helena,-6.7575,-38.5625,50,0,4,31:-40,596
2600031739,Santa Helena,-6.753333,-38.556666,150,0,3,31:-39,917
2600031740,Santa Helena,-6.778333,-38.513055,42,0,3,30:-38,731
2600031741,Santa Helena,-6.772222,-38.513611,51,0,3,30:-38,697
2600031743,Santa Helena,-6.7675,-38.514444,42,0,3,30:-38,679
2600031744,Santa Helena,-6.766666,-38.516111,52,0,3,30:-38,780
2600031745,Santa Helena,-6.766388,-38.5125,50,0,3,30:-38,778
2600031747,Santa Helena,-6.777777,-38.5325,50,0,5,30:-39,609
2600031748,Santa Helena,-6.774722,-38.524722,72,0,5,30:-39,694
2600031749,Santa Helena,-6.773055,-38.521111,51,0,5,30:-39,818
2600031750,Santa Helena,-6.770277,-38.5225,40,0,5,30:-39,770
2600031751,Santa Helena,-6.768333,-38.521111,50,0,5,30:-39,888
2600031752,Santa Helena,-6.758611,-38.507222,50,0,5,31:-38,977
2600031753,Santa Helena,-6.754444,-38.504444,40,0,5,31:-38,769
2600031754,Santa Helena,-6.753888,-38.496388,55,0,5,31:-38,721
2600031755,Santa Helena,-6.748611,-38.505,70,0,5,31:-38,425
2600031756,Santa Helena,-6.755555,-38.515277,50,0,5,31:-38,913
2600031757,Santa Helena,-6.759166,-38.517777,50,0,5,31:-38,669
2600031758,Santa Helena,-6.758611,-38.520277,34,0,3,31:-39,573
2600031760,Santa Helena,-6.748055,-38.521388,50,0,3,31:-39,716
2600031763,Santa Helena,-6.757222,-38.524166,39,0,3,31:-39,724
2600031764,Santa Helena,-6.760833,-38.527777,40,0,5,30:-39,936
2600031765,Santa Helena,-6.763055,-38.53,42,0,5,30:-39,1163
2600031766,Santa Helena,-6.765,-38.529166,52,0,5,30:-39,488
2600031767,Santa Helena,-6.774166,-38.530277,50,0,5,30:-39,470
2600031768,Santa Helena,-6.778055,-38.533888,43,0,5,30:-39,659
2600031769,Santa Helena,-6.774444,-38.535277,42,0,5,30:-39,413
2600031770,Santa Helena,-6.754166,-38.538333,51,0,3,31:-39,723
2600031771,Santa Helena,-6.766666,-38.535833,42,0,5,30:-39,1432
2600031773,Santa Helena,-6.756388,-38.531111,45,0,3,31:-39,1040
2600031774,Santa Helena,-6.753888,-38.533055,50,0,3,31:-39,770
2600031775,Santa Helena,-6.741111,-38.531666,36,0,3,31:-39,966
2600031776,Santa Helena,-6.739722,-38.531111,50,0,3,31:-39,825
2600031777,Santa Helena,-6.755277,-38.551944,50,0,3,31:-39,738
2600031778,Santa Helena,-6.749166,-38.546666,40,0,3,31:-39,730
2600031779,Santa Helena,-6.768055,-38.543888,50,0,5,30:-39,676
2600031780,Santa Helena,-6.789444,-38.521666,38,0,5,30:-39,1185
2600031781,São José de Piranhas,-7.169166,-38.603333,49.43,0,5,20:-41,1397
2600031782,São José de Piranhas,-7.178611,-38.611388,46,0,5,20:-41,802
2600031783,São José de Piranhas,-7.178888,-38.6125,45.15,0,5,20:-41,531
2600031784,São José de Piranhas,-7.176666,-38.602777,24,0,5,20:-41,683
2600031787,Cajazeiras,-7.047777,-38.583611,18.5,0,2,23:-40,235
2600031788,Cajazeiras,-7.043333,-38.585,48,0,2,23:-40,314
2600031789,São José de Piranhas,-7.06,-38.594722,52,0,2,23:-40,1371
2600031791,São José de Piranhas,-7.078333,-38.566388,7,0,2,23:-40,813
2600031792,São José de Piranhas,-7.083055,-38.549166,30,0,1,22:-39,1034
2600031793,São José de Piranhas,-7.114166,-38.525555,58,0,1,22:-39,687
2600031795,São José de Piranhas,-7.097777,-38.54,42,0,1,22:-39,721
2600031796,São José de Piranhas,-7.0825,-38.546944,33,0,1,22:-39,294
2600031797,São José de Piranhas,-7.13,-38.473611,50,0,3,21:-37,743
2600031798,São José de Piranhas,-7.121666,-38.48,50,0,3,21:-37,708
2600031801,São José de Piranhas,-7.123333,-38.4775,50,0,3,21:-37,679
2600031804,São José de Piranhas,-7.13,-38.466944,38,0,3,21:-37,564
2600031805,São José de Piranhas,-7.125277,-38.484722,35,0,3,21:-38,577
2600031806,São José de Piranhas,-7.136111,-38.469722,52,0,3,21:-37,1085
2600031807,São José de Piranhas,-7.118333,-38.474722,37.5,0,3,22:-37,797
2600031808,São José de Piranhas,-7.118055,-38.4725,48,0,3,22:-37,2590
2600031809,São José de Piranhas,-7.086666,-38.488888,52,0,4,22:-38,881
2600031811,São José de Piranhas,-7.055833,-38.474166,56,0,5,23:-37,951
2600031814,São José de Piranhas,-7.09,-38.451388,30,0,3,22:-37,1180
2600031818,São José de Piranhas,-7.120833,-38.464444,45,0,3,21:-37,936
2600031819,São José de Piranhas,-7.1125,-38.49,37,0,4,22:-38,1279
2600031820,São José de Piranhas,-7.120555,-38.483611,50,0,3,21:-38,762
2600031821,São José de Piranhas,-7.105833,-38.496944,37,0,4,22:-38,706
2600031824,São José de Piranhas,-7.073333,-38.487777,21,0,2,23:-38,674
2600031825,São José de Piranhas,-7.061388,-38.491666,54,0,2,23:-38,998
2600031826,São José de Piranhas,-7.061388,-38.492222,52,0,2,23:-38,1369
2600031827,São José de Piranhas,-7.078055,-38.488055,31,0,2,23:-38,664
2600031828,São José de Piranhas,-7.071944,-38.483333,34,0,2,23:-38,34
2600031830,São José de Piranhas,-7.074444,-38.451111,8,0,5,23:-37,1091
2600031831,São José de Piranhas,-7.065555,-38.441944,52,0,5,23:-37,1011
2600031832,São José de Piranhas,-7.098888,-38.441944,35,0,3,22:-37,1305
2600031833,São José de Piranhas,-7.065555,-38.430277,90,0,2,23:-36,1152
2600031835,São José de Piranhas,-7.123333,-38.388611,53,0,2,21:-35,1114
2600031838,São José de Piranhas,-7.096944,-38.428611,50,0,3,22:-36,1045
2600031841,São José de Piranhas,-7.046944,-38.403333,50,0,2,23:-36,1230
2600031844,São José de Piranhas,-7.034166,-38.516666,30,0,2,24:-38,779
2600031846,São José de Piranhas,-7.023611,-38.531666,28,0,5,24:-39,794
2600031847,São José de Piranhas,-7.024166,-38.524166,35,0,5,24:-39,1348
2600031848,São José de Piranhas,-7.015277,-38.5275,23.4,0,5,24:-39,483
2600031849,São José de Piranhas,-7.019444,-38.505,38,0,2,24:-38,574
2600031850,São José de Piranhas,-7.065277,-38.532222,76,0,3,23:-39,604
2600031851,São José de Piranhas,-7.061388,-38.623333,50,0,5,23:-41,1092
2600031852,São José de Piranhas,-7.061388,-38.636944,46,0,5,23:-41,1300
2600031854,São José de Piranhas,-7.071111,-38.641388,51,0,4,23:-42,1838
2600031855,São José de Piranhas,-7.11,-38.648055,48,0,2,22:-42,692
2600031856,São José de Piranhas,-7.1175,-38.656388,35,0,2,22:-42,925
2600031859,São José de Piranhas,-7.115555,-38.5975,45,0,5,22:-40,626
2600031861,São José de Piranhas,-7.118333,-38.595,45,0,5,22:-40,768
2600031862,São José de Piranhas,-7.114444,-38.584166,30,0,5,22:-40,651
2600031864,São José de Piranhas,-7.13,-38.5375,42,0,1,21:-39,959
2600031865,São José de Piranhas,-7.128611,-38.540833,24,0,1,21:-39,533
2600031868,São José de Piranhas,-7.130277,-38.544722,32,0,1,21:-39,840
2600031869,São José de Piranhas,-7.13,-38.542777,33,0,1,21:-39,561
2600031870,São José de Piranhas,-7.113055,-38.573055,36,0,5,22:-40,633
2600031871,São José de Piranhas,-7.124166,-38.585,33,0,2,21:-40,550
2600031872,São José de Piranhas,-7.139444,-38.581388,45,0,2,21:-40,1360
2600031873,São José de Piranhas,-7.128611,-38.596666,50,0,2,21:-40,779
2600031874,São José de Piranhas,-7.138611,-38.642222,42,0,4,21:-42,686
2600031875,São José de Piranhas,-7.165833,-38.642222,23.5,0,5,20:-42,522
2600031876,São José de Piranhas,-7.155555,-38.616388,30,0,5,21:-41,432
2600031877,São José de Piranhas,-7.107222,-38.558333,36,0,1,22:-39,701
2600031878,São José de Piranhas,-7.105,-38.559166,18,0,1,22:-39,1030
2600031881,São José de Piranhas,-7.018888,-38.411111,60,0,4,24:-36,905
2600031884,São José de Piranhas,-7.181111,-38.618055,35.51,0,5,20:-41,833
2600031885,São José de Piranhas,-7.088333,-38.402222,26,0,3,22:-36,614
2600031886,São José de Piranhas,-7.0575,-38.507222,49,0,2,23:-38,1229
2600031887,São José de Piranhas,-7.048611,-38.5275,50,0,3,23:-39,1296
2600031889,São José de Piranhas,-7.053055,-38.546388,42,0,3,23:-39,1002
2600031890,São José de Piranhas,-7.058611,-38.545277,30,0,3,23:-39,727
2600031891,Juru,-7.491111,-37.88,48,0,4,12:-23,900
2600031892,Juru,-7.458055,-37.847222,45,0,4,13:-22,1207
2600031893,Juru,-7.478888,-37.809722,45,0,2,13:-21,853
2600031894,Juru,-7.473888,-37.798333,31,0,3,13:-20,1127
2600031895,Juru,-7.474166,-37.780277,30,0,3,13:-20,1062
2600031896,Juru,-7.448888,-37.757777,40,0,3,13:-19,948
2600031897,Juru,-7.490277,-37.804722,47,0,4,12:-21,1083
2600031898,Juru,-7.495,-37.807222,45,0,4,12:-21,940
2600031899,Juru,-7.504722,-37.798611,50,0,5,12:-20,1787
2600031900,Juru,-7.514166,-37.808888,50,0,4,12:-21,1805
2600031901,Juru,-7.521111,-37.805833,36,0,1,11:-21,1471
2600031902,Juru,-7.522222,-37.814166,36,0,1,11:-21,2240
2600031903,Juru,-7.533333,-37.735555,40,0,1,11:-19,1124
2600031904,Juru,-7.5375,-37.739722,50,0,1,11:-19,859
2600031905,Juru,-7.515277,-37.7225,43,0,4,12:-19,993
2600031906,Juru,-7.549166,-37.767777,47,0,3,11:-20,2280
2600031907,Juru,-7.572777,-37.755833,45,1,1,10:-19,6420
2600031908,Juru,-7.6175,-37.761666,47,0,3,9:-20,2710
2600031909,Juru,-7.611944,-37.749444,34,1,3,9:-19,4490
2600031910,Juru,-7.603888,-37.761111,50,1,3,9:-20,4400
2600031911,Juru,-7.567777,-37.803333,50,0,5,10:-21,2330
2600031912,Juru,-7.529722,-37.896944,48,0,1,11:-23,990
2600031913,Juru,-7.549722,-37.887222,40,0,1,11:-23,1134
2600031914,Juru,-7.547222,-37.880833,45,0,1,11:-23,1161
2600031915,Juru,-7.548333,-37.863888,45,0,2,11:-22,1394
2600031916,Juru,-7.540833,-37.8275,45,0,1,11:-21,1427
2600031917,Picuí,-6.6025,-36.2775,60,1,3,34:18,9380
2600031918,Picuí,-6.596388,-36.286944,50,1,4,35:17,8200
2600031920,Picuí,-6.595833,-36.344166,40,1,4,35:16,5050
2600031924,Nova Palmeira,-6.651666,-36.310277,50,1,4,33:17,6790
2600031925,Nova Palmeira,-6.657777,-36.318611,50,1,4,33:17,3640
2600031926,Baraúna,-6.545555,-36.299722,50,1,4,36:17,8680
2600031927,Picuí,-6.444444,-36.267777,36,1,3,38:18,6020
2600031929,Picuí,-6.454722,-36.256388,32,0,3,38:18,2750
2600031930,Picuí,-6.454722,-36.255555,30,0,3,38:18,1602
2600031933,Picuí,-6.4375,-36.264722,35,1,1,39:18,9380
2600031935,Picuí,-6.434166,-36.271666,30,0,1,39:18,2370
2600031937,Picuí,-6.444166,-36.274444,30,1,3,38:18,6280
2600031938,Picuí,-6.453055,-36.265277,28,1,3,38:18,3700
2600031939,Picuí,-6.448055,-36.276944,35,0,3,38:18,2020
2600031940,Picuí,-6.445555,-36.284444,34,0,5,38:17,2300
2600031941,Picuí,-6.440833,-36.280833,35,0,5,38:17,1309
2600031942,Picuí,-6.438611,-36.281388,30,0,2,39:17,1934
2600031944,Picuí,-6.430277,-36.286944,30,1,2,39:17,4810
2600031945,Picuí,-6.523333,-36.298888,36,1,4,36:17,5910
2600031946,Picuí,-6.524444,-36.295277,30,1,4,36:17,6440
2600031949,Picuí,-6.536111,-36.248611,40,1,1,36:18,4360
2600031951,Picuí,-6.548333,-36.250277,54,1,1,36:18,4940
2600031952,Picuí,-6.552222,-36.233611,50,0,2,36:19,2630
2600031954,Picuí,-6.53,-36.2325,39,1,2,36:19,7950
2600031955,Picuí,-6.451388,-36.300555,30,0,5,38:17,1057
2600031956,Picuí,-6.4475,-36.302222,50,0,5,38:17,1060
2600031957,Picuí,-6.446388,-36.299444,35,0,5,38:17,1122
2600031960,Picuí,-6.404722,-36.266388,30,0,1,39:18,1385
2600031961,Picuí,-6.397777,-36.285555,42,0,3,40:17,1368
2600031963,Picuí,-6.378055,-36.326944,50,1,5,40:16,3200
2600031964,Picuí,-6.323611,-36.320555,30,0,4,41:16,1913
2600031965,Picuí,-6.371388,-36.348055,50,0,5,40:16,1405
2600031967,Picuí,-6.5325,-36.438611,47,1,3,36:14,4520
2600031968,Picuí,-6.491666,-36.376666,38,1,3,37:15,10070
2600031969,Picuí,-6.481388,-36.394166,40,0,3,37:15,1872
2600031970,Picuí,-6.474444,-36.404166,40,0,4,38:14,1405
2600031971,Picuí,-6.5625,-36.307777,60,1,4,35:17,5820
2600031973,Picuí,-6.5775,-36.314166,50,1,4,35:17,9870
2600031974,Picuí,-6.613333,-36.289722,50,1,4,34:17,13900
2600031975,Picuí,-6.613611,-36.274722,50,1,3,34:18,6650
2600031976,Picuí,-6.613888,-36.313333,50,1,4,34:17,4600
2600031977,Nova Palmeira,-6.678611,-36.285555,50,1,4,33:17,17410
2600031978,Pedra Lavrada,-6.690833,-36.304722,50,1,2,32:17,5560
2600031979,Pedra Lavrada,-6.691111,-36.304722,57,1,2,32:17,4890
2600031980,Nova Palmeira,-6.675,-36.298611,50,1,4,33:17,8160
2600031982,Nova Palmeira,-6.641666,-36.337777,50,1,5,33:16,5150
2600031983,Picuí,-6.560277,-36.421666,38,1,1,35:14,7320
2600031984,Picuí,-6.587777,-36.427777,50,1,1,35:14,5000
2600031985,Nova Palmeira,-6.633333,-36.388888,50,1,1,34:15,4980
2600031986,Picuí,-6.526388,-36.3725,50,1,3,36:15,4060
2600031987,Nova Palmeira,-6.626388,-36.357222,50,0,3,34:16,1590
2600031988,Nova Palmeira,-6.641944,-36.328611,25,0,5,33:16,2240
2600031989,Picuí,-6.608055,-36.348611,50,1,3,34:16,6390
2600031990,Picuí,-6.590555,-36.405833,36,0,1,35:14,1902
2600031991,Cubati,-6.894444,-36.348333,50,0,5,27:16,1993
2600031992,Cubati,-6.889722,-36.334444,50,1,5,27:16,7950
2600031993,Cubati,-6.876111,-36.326944,60,1,1,28:16,3180
2600031997,Cubati,-6.885833,-36.307777,53,1,3,27:17,17920
2600031998,Olivedos,-6.901111,-36.285833,50,0,3,27:17,2760
2600031999,Olivedos,-6.885277,-36.272777,50,0,2,27:18,2720
2600032000,Cubati,-6.881111,-36.290277,53,1,3,27:17,5500
2600032001,Cubati,-6.8925,-36.295,53,1,3,27:17,15190
2600032002,Cubati,-6.877222,-36.338611,50,1,1,28:16,7370
2600032006,Cubati,-6.826388,-36.289166,53,1,3,29:17,5340
2600032009,Pedra Lavrada,-6.767777,-36.311111,53,1,3,30:17,9280
2600032010,Pedra Lavrada,-6.770833,-36.314722,32,1,3,30:17,4210
2600032011,Cubati,-6.831111,-36.325555,50,1,1,29:16,3920
2600032012,Cubati,-6.808611,-36.3425,45,1,1,29:16,4470
2600032014,Cubati,-6.824722,-36.355833,50,1,1,29:16,6490
2600032015,Cubati,-6.831388,-36.349444,36,1,1,29:16,3070
2600032017,Cubati,-6.867222,-36.335,50,1,1,28:16,4300
2600032018,Cubati,-6.856666,-36.331666,50,1,1,28:16,4340
2600032019,Cubati,-6.852777,-36.326666,50,1,1,28:16,19290
2600032020,Cubati,-6.848333,-36.324722,30,1,1,28:16,17030
2600032024,Cubati,-6.893888,-36.373888,37,1,3,27:15,6020
2600032026,Nazarezinho,-6.906111,-38.321111,30,0,1,27:-34,776
2600032027,Nazarezinho,-6.93,-38.315277,41,0,3,26:-33,629
2600032028,Nazarezinho,-6.929722,-38.31,32,0,3,26:-33,507
2600032029,Nazarezinho,-6.932222,-38.308055,39,0,3,26:-33,1198
2600032030,Nazarezinho,-6.933055,-38.308055,50,0,3,26:-33,654
2600032031,Nazarezinho,-6.934444,-38.307777,50,0,3,26:-33,565
2600032032,Nazarezinho,-6.936944,-38.306111,33,0,3,26:-33,562
2600032033,Nazarezinho,-6.934722,-38.303888,45,0,3,26:-33,614
2600032034,Nazarezinho,-6.936944,-38.3025,35,0,3,26:-33,708
2600032035,Nazarezinho,-6.937777,-38.302222,60,0,3,26:-33,942
2600032036,Nazarezinho,-6.946944,-38.286111,36,0,3,26:-33,464
2600032037,Nazarezinho,-6.947777,-38.283611,50,0,3,26:-33,2190
2600032038,Nazarezinho,-6.953333,-38.295,38,0,3,26:-33,872
2600032039,Nazarezinho,-6.953611,-38.286944,46,0,3,26:-33,551
2600032040,Nazarezinho,-6.953888,-38.286388,48,0,3,26:-33,823
2600032041,Nazarezinho,-6.956944,-38.281944,25,0,3,26:-33,1530
2600032042,Nazarezinho,-6.965555,-38.298888,38,0,2,25:-33,777
2600032043,Nazarezinho,-6.969166,-38.283333,47,0,2,25:-33,525
2600032044,Nazarezinho,-6.967777,-38.283055,43,0,2,25:-33,673
2600032045,Nazarezinho,-6.996388,-38.311388,36,0,2,25:-33,1790
2600032046,Nazarezinho,-7.010277,-38.309444,26,0,5,24:-33,1684
2600032047,Nazarezinho,-6.998611,-38.301666,36,0,2,25:-33,1098
2600032048,Nazarezinho,-6.973611,-38.310277,45,0,2,25:-33,696
2600032049,Nazarezinho,-6.935277,-38.322222,29,0,3,26:-34,643
2600032050,Nazarezinho,-6.930555,-38.319444,47,0,3,26:-33,872
2600032051,Nazarezinho,-6.925,-38.321666,42,0,3,26:-34,464
2600032052,Nazarezinho,-6.941111,-38.273055,53,0,2,26:-32,764
2600032053,Nazarezinho,-6.941111,-38.263611,36,0,2,26:-32,1444
2600032054,Nazarezinho,-6.944166,-38.268055,48,0,2,26:-32,509
2600032055,Nazarezinho,-6.939444,-38.251944,36,0,2,26:-32,727
2600032056,Nazarezinho,-6.943055,-38.2525,45,0,2,26:-32,863
2600032057,Nazarezinho,-6.942222,-38.254166,50,0,2,26:-32,741
2600032058,Nazarezinho,-6.941666,-38.251111,30,0,2,26:-32,510
2600032059,Nazarezinho,-6.933888,-38.258888,26,0,2,26:-32,631
2600032060,Nazarezinho,-6.930833,-38.2525,32,0,2,26:-32,919
2600032062,Nazarezinho,-6.942222,-38.414166,36,0,4,26:-36,1001
2600032063,Nazarezinho,-6.949444,-38.389166,36,0,1,26:-35,608
2600032064,Nazarezinho,-6.946666,-38.396111,49,0,1,26:-35,731
2600032065,Nazarezinho,-6.944722,-38.395,38,0,1,26:-35,660
2600032066,Nazarezinho,-6.943888,-38.396388,30,0,1,26:-35,721
2600032067,Nazarezinho,-6.943888,-38.391666,30,0,1,26:-35,621
2600032068,Nazarezinho,-6.946666,-38.369166,32,0,1,26:-35,782
2600032069,Nazarezinho,-6.939722,-38.371944,50,0,1,26:-35,925
2600032070,Nazarezinho,-6.926666,-38.364444,50,0,1,26:-35,501
2600032071,Nazarezinho,-6.912222,-38.348888,20,0,1,27:-34,709
2600032072,Nazarezinho,-6.910833,-38.341388,32,0,1,27:-34,712
2600032073,Nazarezinho,-6.962222,-38.366388,36,1,3,25:-35,7200
2600032074,Nazarezinho,-6.930277,-38.329166,50,0,3,26:-34,895
2600032075,Nazarezinho,-6.925833,-38.3425,35,0,3,26:-34,652
2600032076,Nazarezinho,-6.93,-38.339444,19.5,0,3,26:-34,1162
2600032077,Nazarezinho,-6.972777,-38.269722,35,0,4,25:-32,887
2600032078,Nazarezinho,-6.953611,-38.259444,45,0,2,26:-32,613
2600032080,Nazarezinho,-6.949722,-38.271388,28,0,2,26:-32,680
2600032081,Nazarezinho,-6.8825,-38.333611,40,0,1,27:-34,761
2600032082,Nazarezinho,-6.901111,-38.340833,25,0,1,27:-34,1350
2600032083,Ibiara,-7.499166,-38.402777,13.36,0,5,12:-36,925
2600032084,Ibiara,-7.5075,-38.404166,50,0,5,12:-36,950
2600032087,Ibiara,-7.453333,-38.383611,49.35,0,5,13:-35,1146
2600032088,Ibiara,-7.48,-38.413611,40,0,5,12:-36,627
2600032089,Ibiara,-7.454166,-38.4575,14.01,0,3,13:-37,721
2600032092,Ibiara,-7.535277,-38.392777,50,0,4,11:-35,942
2600032093,Ibiara,-7.564166,-38.401111,50,0,4,10:-36,2110
2600032098,Ibiara,-7.457222,-38.324444,50,0,1,13:-34,876
2600032099,Ibiara,-7.471388,-38.331944,48,0,1,13:-34,617
2600032106,Jericó,-6.466111,-37.836944,62.3,0,3,38:-21,1680
2600032107,Jericó,-6.455833,-37.840555,22,0,4,38:-22,1173
2600032108,Jericó,-6.485555,-37.843333,47.5,0,5,37:-22,572
2600032110,Jericó,-6.495277,-37.759166,47,0,4,37:-19,1329
2600032116,Jericó,-6.564166,-37.798611,42,0,4,35:-20,1840
2600032124,Catolé do Rocha,-6.44,-37.810555,28,0,3,38:-21,1910
2600032125,Brejo dos Santos,-6.441666,-37.827777,37,0,3,38:-21,1190
2600032126,Jericó,-6.486111,-37.797222,48,0,5,37:-20,72
2600032127,Jericó,-6.487222,-37.782777,43,0,5,37:-20,2200
2600032128,Jericó,-6.500555,-37.817777,35,0,5,37:-21,62
2600032129,Jericó,-6.526944,-37.786944,43,0,3,36:-20,1759
2600032138,Bonito de Santa Fé,-7.362222,-38.489444,55,0,2,15:-38,468
2600032139,Bonito de Santa Fé,-7.321111,-38.527222,50,0,5,16:-39,1351
2600032140,Bonito de Santa Fé,-7.321111,-38.529167,69,0,5,16:-39,582
2600032144,Bonito de Santa Fé,-7.310555,-38.512222,35,0,4,17:-38,1435
2600032146,Bonito de Santa Fé,-7.250277,-38.522777,50,0,5,18:-39,819
2600032147,Bonito de Santa Fé,-7.273611,-38.534166,50,0,5,18:-39,2430
2600032148,Bonito de Santa Fé,-7.281111,-38.507222,50,0,4,17:-38,1663
2600032149,Bonito de Santa Fé,-7.248333,-38.494166,50,0,3,18:-38,748
2600032150,Bonito de Santa Fé,-7.256111,-38.473888,50,0,2,18:-37,885
2600032151,Bonito de Santa Fé,-7.296944,-38.432777,50,0,1,17:-36,1767
2600032152,Bonito de Santa Fé,-7.2675,-38.488888,66,0,3,18:-38,1025
2600032153,Bonito de Santa Fé,-7.297222,-38.501666,47,0,4,17:-38,1.5
2600032154,São Bento,-6.426944,-37.405833,40,0,5,39:-11,412
2600032155,São Bento,-6.416388,-37.413333,60,0,5,39:-11,754
2600032156,São Bento,-6.425277,-37.439444,30,0,5,39:-11,882
2600032159,Riacho dos Cavalos,-6.444444,-37.585833,50,0,2,38:-15,1526
2600032160,São Bento,-6.47,-37.4875,50,0,2,38:-13,1024
2600032163,São Bento,-6.488333,-37.4475,40,0,3,37:-12,1111
2600032164,São Bento,-6.455555,-37.516111,30,0,2,38:-13,1330
2600032165,São Bento,-6.467222,-37.486944,40,0,2,38:-13,2550
2600032170,Cachoeira dos Índios,-6.896944,-38.6975,24,0,2,27:-43,568
2600032171,Cachoeira dos Índios,-6.892777,-38.694444,31,0,2,27:-43,513
2600032172,Cachoeira dos Índios,-6.921388,-38.678055,35,0,5,26:-42,768
2600032173,Cachoeira dos Índios,-6.941666,-38.649722,30,0,5,26:-42,1005
2600032176,Cachoeira dos Índios,-6.951666,-38.654166,38,0,5,26:-42,842
2600032181,Cachoeira dos Índios,-6.985555,-38.659722,48,0,1,25:-42,3.6
2600032182,Cachoeira dos Índios,-6.985555,-38.659166,12.3,0,1,25:-42,1052
2600032187,Cachoeira dos Índios,-6.9275,-38.674166,36,0,5,26:-42,1818
2600032188,Cachoeira dos Índios,-6.925277,-38.671388,47.3,0,5,26:-42,1031
2600032189,Cachoeira dos Índios,-6.923888,-38.673611,50,0,5,26:-42,1585
2600032190,Cachoeira dos Índios,-6.908888,-38.666666,38,0,3,27:-42,697
2600032191,Cachoeira dos Índios,-6.909722,-38.660555,38,0,3,27:-42,1707
2600032192,Cachoeira dos Índios,-6.909722,-38.660277,16.35,0,3,27:-42,1822
2600032193,Cachoeira dos Índios,-6.896944,-38.650555,18,0,3,27:-42,867
2600032194,Cachoeira dos Índios,-6.895833,-38.653055,25,0,3,27:-42,792
2600032195,Cachoeira dos Índios,-6.895,-38.650555,30,0,3,27:-42,1622
2600032196,Cachoeira dos Índios,-7.005555,-38.708888,50,0,3,24:-43,808
2600032197,Cachoeira dos Índios,-7.006388,-38.720833,43,0,2,24:-44,1152
2600032198,Cachoeira dos Índios,-7.031666,-38.671944,46,0,4,24:-42,778
2600032200,Cachoeira dos Índios,-7.026944,-38.669722,33,0,4,24:-42,1142
2600032201,Cachoeira dos Índios,-6.993888,-38.749166,38,0,4,25:-44,598
2600032202,Cachoeira dos Índios,-6.993888,-38.747777,18.94,0,4,25:-44,1743
2600032203,Cachoeira dos Índios,-6.991388,-38.745555,37,0,4,25:-44,835
2600032204,Cachoeira dos Índios,-6.970833,-38.735,43,0,4,25:-44,962
2600032206,Cachoeira dos Índios,-6.931666,-38.691388,33.7,0,5,26:-43,986
2600032208,Cachoeira dos Índios,-6.938333,-38.719444,45,0,5,26:-43,1123
2600032212,Cachoeira dos Índios,-6.975,-38.738055,23,0,4,25:-44,968
2600032213,Cachoeira dos Índios,-6.978055,-38.723333,30,0,4,25:-44,310
2600032214,Cachoeira dos Índios,-6.978333,-38.723333,37,0,4,25:-44,1105
2600032219,Cachoeira dos Índios,-6.934166,-38.753333,39,0,5,26:-44,689
2600032220,Cachoeira dos Índios,-6.942222,-38.755833,48,0,5,26:-44,617
2600032221,Cachoeira dos Índios,-6.943055,-38.747222,30,0,5,26:-44,303
2600032222,Cachoeira dos Índios,-6.937222,-38.738888,50,0,5,26:-44,1162
2600032223,Cachoeira dos Índios,-6.939166,-38.739166,12,0,5,26:-44,2260
2600032224,Cachoeira dos Índios,-6.924166,-38.723333,36,0,5,26:-44,532
2600032225,Cachoeira dos Índios,-6.886666,-38.652777,47,0,3,27:-42,981
2600032226,Cachoeira dos Índios,-6.889722,-38.652777,19,0,3,27:-42,829
2600032227,Cachoeira dos Índios,-6.883888,-38.653888,42,0,3,27:-42,788
2600032228,Cachoeira dos Índios,-6.880833,-38.665,38,0,3,27:-42,609
2600032229,Cachoeira dos Índios,-6.881111,-38.664722,38,0,3,27:-42,473
2600032230,Cachoeira dos Índios,-6.881944,-38.674444,45,0,3,27:-42,1495
2600032231,Cachoeira dos Índios,-6.876111,-38.680555,38,0,4,28:-43,1097
2600032232,Cachoeira dos Índios,-6.879166,-38.674444,34.58,0,2,28:-42,2610
2600032233,Cachoeira dos Índios,-6.87,-38.666111,51,0,2,28:-42,938
2600032235,Cachoeira dos Índios,-6.881666,-38.671111,28,0,3,27:-42,943
2600032236,Cachoeira dos Índios,-6.885,-38.676666,50,0,3,27:-42,716
2600032237,Cachoeira dos Índios,-6.886388,-38.677777,46,0,3,27:-42,693
2600032238,Cachoeira dos Índios,-6.885555,-38.674166,36,0,3,27:-42,960
2600032239,Cachoeira dos Índios,-6.893055,-38.675,47,0,3,27:-42,843
2600032240,Cachoeira dos Índios,-6.915833,-38.671388,48,0,3,27:-42,2170
2600032241,Cachoeira dos Índios,-6.916388,-38.645555,30,0,3,27:-42,774
2600032242,Cachoeira dos Índios,-6.915,-38.645555,9.6,0,3,27:-42,864
2600032243,Cachoeira dos Índios,-6.931666,-38.640555,7,0,5,26:-42,1093
2600032244,Cachoeira dos Índios,-6.909722,-38.681111,34,0,2,27:-43,1061
2600032246,Cachoeira dos Índios,-6.925555,-38.675555,35,0,5,26:-42,614
2600032247,Salgadinho,-7.061388,-36.775277,35,0,4,23:5,648
2600032248,Salgadinho,-7.061111,-36.776111,35,0,4,23:5,458
2600032251,Salgadinho,-7.054166,-36.759166,17,1,3,23:6,3160
2600032252,Salgadinho,-7.054166,-36.758888,43,0,3,23:6,2960
2600032253,Salgadinho,-7.055833,-36.760277,20,1,4,23:5,5050
2600032254,Salgadinho,-7.054444,-36.7575,42,1,3,23:6,4850
2600032255,Salgadinho,-7.053333,-36.753611,47,1,3,23:6,4850
2600032256,Salgadinho,-7.050833,-36.753611,35,0,3,23:6,1750
2600032257,Assunção,-7.055277,-36.74,47,1,3,23:6,16700
2600032258,Assunção,-7.056666,-36.738611,46,1,3,23:6,18040
2600032259,Assunção,-7.052222,-36.745555,43,1,3,23:6,4600
2600032260,Assunção,-7.049166,-36.740833,62,1,3,23:6,3210
2600032261,Assunção,-7.050277,-36.742222,37,0,3,23:6,1928
2600032262,Assunção,-7.045555,-36.731111,30,0,3,23:6,436
2600032263,Assunção,-7.045277,-36.730833,30,0,3,23:6,673
2600032265,Assunção,-7.045833,-36.731111,30,0,3,23:6,534
2600032267,Assunção,-7.025,-36.715277,50,0,2,24:7,266
2600032268,Assunção,-7.024444,-36.711388,50,0,2,24:7,1193
2600032269,Assunção,-7.025,-36.709722,50,1,2,24:7,6020
2600032272,Joca Claudino,-6.496944,-38.483611,5.56,0,5,37:-38,1262
2600032273,Joca Claudino,-6.458333,-38.458055,46.7,1,2,38:-37,3520
2600032276,Joca Claudino,-6.456944,-38.462222,31.5,0,2,38:-37,1295
2600032277,Joca Claudino,-6.431388,-38.470833,3.23,0,3,39:-37,910
2600032280,Joca Claudino,-6.4475,-38.479444,1,0,2,38:-37,1624
2600032281,Joca Claudino,-6.448888,-38.48,51.86,0,2,38:-37,1660
2600032283,Joca Claudino,-6.451944,-38.486388,48,0,2,38:-38,1696
2600032286,Joca Claudino,-6.461111,-38.481666,34,0,2,38:-38,607
2600032329,Pombal,-6.6775,-37.866944,50,0,1,33:-22,815
2600032330,Pombal,-6.680833,-37.874166,50,0,5,32:-22,1067
2600032331,Pombal,-6.648611,-37.838611,45,0,2,33:-21,807
2600032335,Pombal,-6.666388,-37.778611,50,0,3,33:-20,150
2600032346,Pombal,-6.738611,-37.818611,50,0,1,31:-21,1450
2600032350,Pombal,-6.739722,-37.834166,50,0,1,31:-21,518
2600032378,Pombal,-6.811666,-37.866111,50,0,3,29:-22,828
2600032379,Pombal,-6.836666,-37.861388,36,0,3,29:-22,1395
2600032380,Pombal,-6.834166,-37.873611,36,0,3,29:-22,1612
2600032381,Pombal,-6.835833,-37.874166,50,0,3,29:-22,2270
2600032382,Pombal,-6.838611,-37.882222,50,0,2,29:-23,1224
2600032383,Pombal,-6.838888,-37.885555,36,0,2,29:-23,1334
2600032387,Pombal,-6.918888,-37.975,56,0,1,27:-25,760
2600032389,Pombal,-6.92,-37.915833,34,0,3,27:-23,1163
2600032392,Diamante,-7.331111,-38.376944,50,0,4,16:-35,1850
2600032396,São José de Caiana,-7.250277,-38.306944,35,0,5,18:-33,1293
2600032397,São José de Caiana,-7.203888,-38.316666,55,0,4,19:-33,923
2600032400,Santana de Mangueira,-7.601666,-38.355833,54,0,2,9:-34,1134
2600032401,Santana de Mangueira,-7.616944,-38.201944,50,0,3,9:-31,871
2600032402,Santana de Mangueira,-7.611944,-38.188611,37,0,5,9:-30,1798
2600032403,Curral Velho,-7.611944,-38.185833,45,0,5,9:-30,1439
2600032404,Santana de Mangueira,-7.612777,-38.192777,40,0,5,9:-30,1101
2600032407,Santana de Mangueira,-7.681388,-38.280555,50,0,4,7:-33,1220
2600032422,Lagoa,-6.6225,-37.832222,50,0,4,34:-21,2150
2600032427,Barra de Santa Rosa,-6.841666,-36.21,30,1,1,28:19,10210
2600032428,Barra de Santa Rosa,-6.850555,-36.216944,50,1,1,28:19,4050
2600032430,Barra de Santa Rosa,-6.788888,-36.14,30,1,1,30:21,8580
2600032431,Barra de Santa Rosa,-6.676666,-36.087777,38,1,5,33:22,7050
2600032433,Barra de Santa Rosa,-6.663055,-36.090833,24,1,5,33:22,10890
2600032434,Barra de Santa Rosa,-6.646944,-36.039166,50,1,3,33:24,8880
2600032435,Barra de Santa Rosa,-6.650555,-36.052222,50,1,4,33:23,6530
2600032436,Barra de Santa Rosa,-6.658888,-36.045277,50,1,4,33:23,3640
2600032437,Barra de Santa Rosa,-6.668888,-36.061944,46,1,4,33:23,4820
2600032443,Damião,-6.670833,-36.005555,50,1,3,33:24,29100
2600032444,Barra de Santa Rosa,-6.6825,-36.001666,50,1,5,32:24,34700
2600032448,Barra de Santa Rosa,-6.731666,-36.086944,41.67,1,1,31:22,6670
2600032449,Barra de Santa Rosa,-6.725277,-36.083055,8.5,1,1,31:22,10680
2600032452,Barra de Santa Rosa,-6.719722,-36.119444,30,1,5,32:22,6560
2600032453,Barra de Santa Rosa,-6.717222,-36.124444,30,1,5,32:21,4010
2600032454,Barra de Santa Rosa,-6.72,-36.139444,25,1,5,32:21,6150
2600032455,Barra de Santa Rosa,-6.761111,-36.132777,30,1,1,30:21,3940
2600032456,Barra de Santa Rosa,-6.780833,-36.152777,40,1,1,30:21,9380
2600032457,Barra de Santa Rosa,-6.78,-36.162222,46,1,5,30:20,8610
2600032458,Barra de Santa Rosa,-6.758333,-36.1475,47,1,2,31:21,8450
2600032459,Barra de Santa Rosa,-6.753888,-36.146666,36,1,2,31:21,9670
2600032460,Barra de Santa Rosa,-6.750833,-36.145555,36,1,2,31:21,7700
2600032461,Barra de Santa Rosa,-6.731388,-36.135555,45,1,2,31:21,9280
2600032462,Barra de Santa Rosa,-6.817222,-36.125555,50,1,5,29:21,11940
2600032463,Barra de Santa Rosa,-6.824166,-36.135277,50,1,5,29:21,11840
2600032464,Barra de Santa Rosa,-6.809166,-36.143333,50,1,5,29:21,8150
2600032465,Barra de Santa Rosa,-6.831111,-36.1475,50,1,5,29:21,7150
2600032467,Barra de Santa Rosa,-6.872777,-36.169444,47,1,4,28:20,3280
2600032468,Barra de Santa Rosa,-6.8525,-36.172222,50,1,4,28:20,4020
2600032469,Barra de Santa Rosa,-6.806944,-36.1125,50,1,5,29:22,14720
2600032470,Barra de Santa Rosa,-6.819166,-36.113055,50,1,5,29:22,13310
2600032471,Barra de Santa Rosa,-6.876666,-36.12,50,1,3,28:22,17220
2600032473,Barra de Santa Rosa,-6.91,-36.136388,50,1,2,27:21,6400
2600032476,Barra de Santa Rosa,-6.795833,-36.043333,50,1,4,30:23,12250
2600032481,Barra de Santa Rosa,-6.850555,-36.043333,48,1,2,28:23,7360
2600032482,Barra de Santa Rosa,-6.793611,-36.0175,28,1,4,30:24,13270
2600032484,Barra de Santa Rosa,-6.691388,-35.999166,50,1,4,32:25,18040
2600032485,Damião,-6.700277,-35.946388,50,1,5,32:26,13490
2600032492,Barra de Santa Rosa,-6.718888,-36.058888,50,1,4,32:23,10380
2600032494,Barra de Santa Rosa,-6.711388,-36.076666,50,1,4,32:23,12520
2600032500,Barra de Santa Rosa,-6.685277,-36.029166,54,1,5,32:24,23800
2600032502,Barra de Santa Rosa,-6.713611,-36.027222,55,1,5,32:24,14630
2600032503,Barra de Santa Rosa,-6.725555,-36.04,50,1,2,31:24,40600
2600032505,Damião,-6.681388,-35.967222,50,1,4,32:25,9900
2600032506,Damião,-6.7,-35.9825,50,1,4,32:25,7500
2600032507,Barra de Santa Rosa,-6.8425,-36.202222,38,0,1,28:19,1436
2600032508,Barra de Santa Rosa,-6.692777,-36.114166,34,1,5,32:22,4520
2600032509,Barra de Santa Rosa,-6.704722,-36.026666,50,1,5,32:24,11500
2600032511,Aparecida,-6.765555,-38.081944,43,0,1,30:-28,620
2600032512,Aparecida,-6.766111,-38.082222,41,0,1,30:-28,1650
2600032513,Aparecida,-6.766944,-38.083611,50,0,1,30:-28,1380
2600032514,Aparecida,-6.767777,-38.08,50,0,3,30:-27,417
2600032515,Aparecida,-6.768333,-38.079722,50,0,3,30:-27,405
2600032516,Aparecida,-6.765277,-38.083888,37,0,1,30:-28,825
2600032517,Aparecida,-6.764444,-38.083611,39,1,1,30:-28,4030
2600032518,Aparecida,-6.763888,-38.083611,32,0,1,30:-28,890
2600032519,Aparecida,-6.763055,-38.086388,50,0,1,30:-28,900
2600032520,Aparecida,-6.759722,-38.085833,38,0,1,31:-28,910
2600032522,Aparecida,-6.773888,-38.034444,36,0,2,30:-26,1107
2600032523,Aparecida,-6.778888,-38.025555,47,0,2,30:-26,766
2600032525,Aparecida,-6.821944,-38.013333,50,0,1,29:-26,433
2600032527,Aparecida,-6.823888,-38.007222,42,0,1,29:-26,635
2600032528,Aparecida,-6.825277,-38.011111,41,0,1,29:-26,642
2600032530,Aparecida,-6.808333,-38.026111,50,0,1,29:-26,616
2600032531,Aparecida,-6.807777,-38.045555,50,0,4,29:-27,612
2600032532,Aparecida,-6.82,-38.044166,45,0,4,29:-27,675
2600032534,Aparecida,-6.794444,-38.071666,50,0,3,30:-27,669
2600032535,São Domingos,-6.842777,-38.011666,50,0,4,28:-26,775
2600032537,Aparecida,-6.824166,-38.046944,30,0,4,29:-27,826
2600032538,Aparecida,-6.87,-38.098888,31,0,4,28:-28,934
2600032539,Aparecida,-6.853333,-38.108888,36,0,4,28:-28,595
2600032541,Aparecida,-6.850555,-38.111666,40,0,4,28:-28,848
2600032542,Sousa,-6.845555,-38.123333,60,0,2,28:-29,755
2600032543,Aparecida,-6.8125,-38.093055,18,0,3,29:-28,1974
2600032544,Aparecida,-6.810833,-38.093611,30,0,3,29:-28,1174
2600032546,Aparecida,-6.815277,-38.119722,45,0,3,29:-28,1583
2600032547,Aparecida,-6.815833,-38.118888,35,0,3,29:-28,1750
2600032548,Aparecida,-6.817777,-38.124444,22,1,4,29:-29,5840
2600032549,Sousa,-6.828333,-38.13,40,0,4,29:-29,1127
2600032550,Aparecida,-6.798611,-38.119444,50,0,1,30:-28,1814
2600032551,Aparecida,-6.781111,-38.088611,25,0,1,30:-28,633
2600032552,Aparecida,-6.781944,-38.087222,12.5,0,1,30:-28,902
2600032553,Aparecida,-6.781666,-38.087777,70,0,1,30:-28,653
2600032554,Aparecida,-6.775555,-38.087777,45,0,1,30:-28,615
2600032555,Aparecida,-6.774722,-38.088333,47,0,1,30:-28,812
2600032556,Aparecida,-6.774444,-38.09,32,0,1,30:-28,1578
2600032557,Aparecida,-6.772777,-38.088611,28,0,1,30:-28,1371
2600032558,Aparecida,-6.788611,-38.083333,29,1,1,30:-28,5580
2600032559,Aparecida,-6.785,-38.124166,55,0,4,30:-29,2060
2600032560,Aparecida,-6.783611,-38.123611,50,0,4,30:-29,1409
2600032561,Aparecida,-6.783055,-38.122222,50,0,4,30:-29,2030
2600032562,Aparecida,-6.780833,-38.1225,50,1,4,30:-29,4080
2600032563,Aparecida,-6.78,-38.124722,50,0,4,30:-29,1597
2600032564,Aparecida,-6.785,-38.120833,60,1,4,30:-29,5270
2600032565,Aparecida,-6.755,-38.083888,27,0,1,31:-28,963
2600032568,Aparecida,-6.759722,-38.094722,48,0,1,31:-28,1035
2600032569,Aparecida,-6.762222,-38.093611,50,0,1,30:-28,890
2600032571,Aparecida,-6.746111,-38.089444,26,0,1,31:-28,494
2600032572,Aparecida,-6.726666,-38.100833,40,0,1,31:-28,1054
2600032573,Aparecida,-6.716666,-38.086111,50,0,3,32:-28,599
2600032575,Aparecida,-6.708888,-38.077222,25,0,4,32:-27,617
2600032576,Aparecida,-6.703611,-38.051944,36,0,4,32:-27,794
2600032577,Aparecida,-6.705833,-38.051111,45,0,4,32:-27,574
2600032578,Aparecida,-6.709444,-38.052222,52,0,4,32:-27,519
2600032581,Aparecida,-6.763888,-38.052777,38,0,3,30:-27,493
2600032582,Aparecida,-6.770277,-38.041944,36,0,3,30:-27,743
2600032583,Aparecida,-6.751666,-38.036111,28,0,2,31:-26,755
2600032588,Aparecida,-6.744166,-38.0275,42,0,2,31:-26,1424
2600032589,Aparecida,-6.743611,-38.027222,50,0,2,31:-26,1245
2600032590,Pombal,-6.751388,-38.024722,33,0,2,31:-26,1441
2600032592,Aparecida,-6.742222,-38.028055,32,0,2,31:-26,1246
2600032593,Aparecida,-6.725833,-38.035277,40,0,2,31:-26,1149
2600032594,Aparecida,-6.723333,-38.036111,50,0,2,31:-26,2470
2600032595,Aparecida,-6.675,-38.022222,46,0,2,33:-26,790
2600032596,Aparecida,-6.690555,-38.006388,20,0,4,32:-26,821
2600032609,Pombal,-6.737222,-38.017777,50,0,2,31:-26,631
2600032610,Livramento,-7.321944,-36.976111,52,1,2,16:0,12400
2600032612,Livramento,-7.299166,-36.970277,51,1,1,17:0,4530
2600032613,Livramento,-7.286666,-36.991111,50,0,1,17:0,2880
2600032614,Livramento,-7.291666,-37.0025,85,0,4,17:-1,1507
2600032616,Livramento,-7.3725,-36.947777,50,1,4,15:1,5730
2600032619,Livramento,-7.296666,-36.970277,41,0,1,17:0,1959
2600032620,Livramento,-7.3625,-36.876388,50,0,1,15:3,1992
2600032622,Livramento,-7.335277,-36.858888,43,1,5,16:3,3540
2600032623,Livramento,-7.352777,-36.859166,46,1,5,16:3,11650
2600032625,Livramento,-7.346666,-36.866111,40,1,5,16:3,7970
2600032627,Livramento,-7.340555,-36.951111,51,0,5,16:1,2020
2600032628,Livramento,-7.340277,-36.949444,34,0,5,16:1,1302
2600032629,Livramento,-7.339166,-36.945555,37,0,5,16:1,1610
2600032631,Livramento,-7.346388,-36.941111,47,0,5,16:1,1160
2600032632,Livramento,-7.374444,-36.933055,42,0,4,15:1,2200
2600032633,Livramento,-7.344722,-36.908055,60,1,2,16:2,7390
2600032634,Livramento,-7.347222,-36.943055,50,0,5,16:1,2350
2600032636,Livramento,-7.346944,-36.943888,50,0,5,16:1,778
2600032637,Livramento,-7.343888,-36.961666,40,0,2,16:0,2780
2600032638,Livramento,-7.345277,-36.967777,27.5,0,2,16:0,2590
2600032640,Livramento,-7.361388,-37.025,39,0,1,15:-1,2070
2600032641,Livramento,-7.374722,-36.946666,40,1,4,15:1,3590
2600032643,Livramento,-7.380555,-36.986666,45,1,5,15:0,4610
2600032644,Livramento,-7.375277,-36.943611,50,1,4,15:1,3050
2600032646,Livramento,-7.313333,-36.992777,34,1,1,17:0,8580
2600032647,Livramento,-7.376944,-37.0225,52,0,1,15:-1,979
2600032649,Livramento,-7.376388,-36.954444,50,0,4,15:1,1335
2600032650,Frei Martinho,-6.446388,-36.4975,50,1,3,38:12,3400
2600032653,Frei Martinho,-6.414722,-36.478055,50,0,4,39:13,1221
2600032655,Frei Martinho,-6.396666,-36.463055,50,0,1,40:13,1252
2600032656,Frei Martinho,-6.398333,-36.469166,50,1,1,40:13,13130
2600032657,Frei Martinho,-6.370555,-36.457222,50,1,1,40:13,3610
2600032662,Frei Martinho,-6.342222,-36.3775,50,0,5,41:15,830
2600032663,Frei Martinho,-6.385,-36.376666,50,1,1,40:15,5150
2600032664,Picuí,-6.41,-36.392777,50,1,1,39:15,9370
2600032665,Picuí,-6.444722,-36.430277,45,0,4,38:14,2280
2600032666,Frei Martinho,-6.482777,-36.481666,36,0,2,37:12,2700
2600032667,Picuí,-6.445,-36.410277,45,0,4,38:14,1795
2600032668,Frei Martinho,-6.470277,-36.448888,62,1,2,38:13,4950
2600032669,Frei Martinho,-6.493888,-36.453888,30,0,4,37:13,1015
2600032670,Frei Martinho,-6.415,-36.468888,45,0,4,39:13,1061
2600032675,Monteiro,-7.981944,-37.094722,22,1,3,0:-3,4560
2600032677,Monteiro,-8.015555,-36.951666,50,0,2,-1:1,835
2600032678,Monteiro,-8.0075,-36.934166,48,0,2,-1:1,1573
2600032679,Monteiro,-8.012222,-36.967222,45,1,1,-1:0,5920
2600032680,Monteiro,-7.873055,-37.091944,49,1,3,3:-3,4050
2600032681,Monteiro,-7.930277,-37.010833,40,1,3,1:-1,3960
2600032683,Monteiro,-7.870555,-36.942222,4.5,0,5,3:1,1405
2600032684,Monteiro,-7.978333,-36.952777,45,0,3,0:1,1620
2600032685,Monteiro,-7.974166,-36.955555,32,0,3,0:1,1118
2600032686,Monteiro,-7.978888,-36.976388,37,0,4,0:0,1954
2600032687,Monteiro,-7.967777,-36.972777,35,0,4,0:0,1799
2600032688,Monteiro,-7.903888,-37.094166,55,1,2,2:-3,7780
2600032689,Monteiro,-7.903055,-37.151388,32,1,4,2:-4,3720
2600032690,Monteiro,-7.898333,-37.156666,39,1,4,2:-4,5630
2600032691,Monteiro,-7.906111,-37.083888,42,0,2,2:-3,1219
2600032692,Monteiro,-7.924722,-37.025555,50,1,3,1:-1,7190
2600032693,Monteiro,-8.010555,-37.098333,36,1,2,-1:-3,5300
2600032694,Monteiro,-8.036944,-37.056111,20,1,5,-1:-2,4710
2600032695,Monteiro,-8.029722,-37.081944,51,1,2,-1:-3,3430
2600032696,Monteiro,-8.0125,-37.113611,24,0,2,-1:-3,2350
2600032697,Monteiro,-8.010277,-37.103888,28,0,2,-1:-3,1700
2600032698,Monteiro,-7.868888,-37.169444,50,0,3,3:-5,1368
2600032699,Monteiro,-7.954166,-37.179166,24,0,4,1:-5,947
2600032700,Monteiro,-7.954166,-37.1775,49,1,4,1:-5,3060
2600032701,Monteiro,-7.983888,-37.157222,27,0,3,0:-4,1150
2600032703,Monteiro,-7.867777,-37.174444,50,0,3,3:-5,1243
2600032704,Monteiro,-7.945,-37.141944,45,0,4,1:-4,1329
2600032705,Monteiro,-7.931111,-37.190833,48,1,4,1:-5,10200
2600032706,Monteiro,-7.958611,-37.153055,48,0,4,1:-4,1665
2600032707,Monteiro,-7.946666,-37.152777,48,0,4,1:-4,2590
2600032708,Monteiro,-7.989722,-37.085277,31,0,3,0:-3,1208
2600032709,Monteiro,-7.948333,-37.070833,42,1,1,1:-2,3270
2600032710,Monteiro,-7.963611,-37.017777,48,0,3,0:-1,1538
2600032711,Monteiro,-7.995277,-37.023333,43,0,3,0:-1,2540
2600032716,Emas,-7.1125,-37.765,35.97,0,3,22:-20,1249
2600032718,Emas,-7.120277,-37.759444,36,0,5,21:-19,459
2600032721,Emas,-7.106944,-37.723611,8.47,0,5,22:-19,611
2600032724,Emas,-7.125,-37.695277,50,0,5,21:-18,622
2600032728,Emas,-7.126388,-37.698611,52,0,5,21:-18,807
2600032731,Emas,-7.108611,-37.710833,17.93,0,1,22:-18,2010
2600032732,Emas,-7.138055,-37.718888,22.35,0,5,21:-18,2030
2600032733,Emas,-7.1075,-37.714722,5.6,0,1,22:-18,1493
2600032734,Emas,-7.068888,-37.793055,20.11,0,3,23:-20,1152
2600032735,Emas,-7.071111,-37.795833,23.1,0,3,23:-20,1293
2600032737,Emas,-7.071388,-37.797777,48,0,3,23:-20,788
2600032738,Emas,-7.071666,-37.797777,35,0,3,23:-20,1308
2600032739,Emas,-7.0575,-37.803611,28.42,0,5,23:-21,916
2600032740,Emas,-7.066111,-37.819444,59,0,5,23:-21,1535
2600032741,Coremas,-7.067777,-37.823888,46,0,5,23:-21,848
2600032742,Emas,-7.063055,-37.820277,45,0,5,23:-21,1338
2600032743,Emas,-7.061666,-37.815,50,0,5,23:-21,394
2600032746,Emas,-7.088333,-37.692777,45,0,1,22:-18,788
2600032747,Emas,-7.092222,-37.693611,50,0,1,22:-18,800
2600032748,Emas,-7.094166,-37.691944,51,1,1,22:-18,4420
2600032749,Emas,-7.101111,-37.682222,6,0,1,22:-18,1410
2600032751,Emas,-7.083333,-37.69,49.01,0,1,22:-18,1037
2600032752,Emas,-7.044444,-37.684166,36,0,1,23:-18,1533
2600032753,Emas,-7.040555,-37.726388,45.78,0,5,23:-19,1097
2600032754,Emas,-7.037222,-37.738055,40,0,1,24:-19,1215
2600032755,Emas,-7.128333,-37.749166,52,0,5,21:-19,538
2600032757,Emas,-7.110277,-37.731388,6.23,0,5,22:-19,796
2600032759,São Domingos,-6.826388,-37.979166,45,0,5,29:-25,2440
2600032762,São Domingos,-6.815,-37.941388,50,0,4,29:-24,977
2600032763,São Domingos,-6.826944,-37.925555,50,0,4,29:-24,2080
2600032765,São Domingos,-6.840555,-37.9325,40,0,5,28:-24,1148
2600032766,Pombal,-6.8825,-37.951388,40,0,2,27:-24,1905
2600032767,São Domingos,-6.802777,-37.917222,45,0,2,29:-23,436
2600032768,São Domingos,-6.800555,-37.912222,25,0,2,29:-23,1346
2600032770,São Domingos,-6.847777,-37.956944,40,0,5,28:-24,503
2600032772,Pombal,-6.8575,-37.909722,50,0,5,28:-23,964
2600032774,São Domingos,-6.795,-37.935,46,0,3,30:-24,1016
2600032775,São Domingos,-6.792222,-37.938333,50,0,3,30:-24,1009
2600032776,São Domingos,-6.790277,-37.941666,50,0,3,30:-24,838
2600032777,São Domingos,-6.793611,-37.959722,36,0,3,30:-24,912
2600032778,São Domingos,-6.792222,-38.000277,37,0,2,30:-26,1109
2600032779,São Domingos,-6.790555,-38.0025,30,0,2,30:-26,1232
2600032780,São Domingos,-6.784722,-38.009166,48,0,2,30:-26,812
2600032781,São Domingos,-6.788611,-38.014722,9,0,2,30:-26,920
2600032782,São Domingos,-6.783888,-38.0125,35,0,2,30:-26,847
2600032783,Aparecida,-6.777777,-38.015555,45,0,2,30:-26,363
2600032784,São Domingos,-6.769722,-38.018333,40,0,2,30:-26,373
2600032785,Aparecida,-6.769166,-38.021111,40,0,2,30:-26,484
2600032786,São Domingos,-6.761388,-38.006111,46,0,2,30:-26,672
2600032787,São Domingos,-6.753611,-37.938611,47,0,2,31:-24,1718
2600032789,São Domingos,-6.782777,-37.932777,38,0,3,30:-24,1040
2600032790,São Domingos,-6.787777,-37.929722,45,0,3,30:-24,965
2600032792,São Domingos,-6.761944,-37.925833,50,0,3,30:-24,1610
2600032793,São Domingos,-6.7625,-37.923611,50,0,3,30:-24,936
2600032794,Pombal,-6.761111,-37.890277,37,0,5,30:-23,658
2600032795,Pombal,-6.765,-37.896944,34,0,5,30:-23,1110
2600032796,Pombal,-6.78,-37.893611,40,0,5,30:-23,618
2600032797,Pombal,-6.7775,-37.895277,25,0,5,30:-23,701
2600032798,São Domingos,-6.781944,-37.908055,50,0,5,30:-23,699
2600032799,São Domingos,-6.7625,-37.909722,30,0,5,30:-23,1224
2600032800,São Domingos,-6.746944,-37.921944,21,0,2,31:-24,380
2600032804,Santa Teresinha,-7.083888,-37.441111,40,0,4,22:-12,1528
2600032805,Santa Teresinha,-7.0825,-37.441666,120,0,4,22:-12,1149
2600032807,Santa Teresinha,-7.083611,-37.439444,50,0,5,22:-11,1200
2600032808,Santa Teresinha,-7.04,-37.388611,50,0,4,24:-10,1247
2600032809,Santa Teresinha,-7.021666,-37.421388,40,0,1,24:-11,1094
2600032810,Santa Teresinha,-7.020277,-37.425833,50,0,1,24:-11,1247
2600032811,Santa Teresinha,-7.018611,-37.428333,40,0,1,24:-11,1262
2600032812,Santa Teresinha,-7.0025,-37.473333,45,0,1,24:-12,1602
2600032813,Santa Teresinha,-7,-37.475833,40,0,2,25:-12,907
2600032814,Santa Teresinha,-7,-37.478888,30,0,2,25:-12,674
2600032815,Santa Teresinha,-7.062777,-37.429444,40,0,2,23:-11,958
2600032816,Santa Teresinha,-7.0625,-37.430277,35,0,2,23:-11,897
2600032817,Santa Teresinha,-7.059444,-37.4225,60,0,2,23:-11,1103
2600032818,Santa Teresinha,-7.058611,-37.4225,40,0,2,23:-11,1758
2600032820,Santa Teresinha,-7.065833,-37.422222,35,0,2,23:-11,1040
2600032821,Santa Teresinha,-7.068055,-37.424166,40,0,2,23:-11,1181
2600032822,Santa Teresinha,-7.063611,-37.431666,30,0,2,23:-11,1022
2600032823,Santa Teresinha,-7.028611,-37.405277,50,0,1,24:-11,988
2600032828,Santa Teresinha,-7.027222,-37.410833,50,0,1,24:-11,719
2600032829,Santa Teresinha,-7.023611,-37.399166,50,0,4,24:-10,1251
2600032830,Santa Teresinha,-7.024722,-37.393888,50,0,4,24:-10,1241
2600032831,Santa Teresinha,-7.023055,-37.393055,60,1,4,24:-10,3250
2600032832,Santa Teresinha,-7.013333,-37.388611,50,0,4,24:-10,1869
2600032833,Santa Teresinha,-7.006944,-37.373611,50,0,4,24:-10,1761
2600032836,Santa Teresinha,-7.010555,-37.402777,50,0,1,24:-11,2820
2600032837,Santa Teresinha,-7.016111,-37.403611,60,0,1,24:-11,1974
2600032840,Santa Teresinha,-7.022777,-37.373888,52,0,4,24:-10,1727
2600032842,Santa Teresinha,-7.070555,-37.505833,32,0,3,23:-13,694
2600032844,Santa Teresinha,-7.079166,-37.410277,45,0,2,23:-11,1011
2600032845,Santa Teresinha,-7.075833,-37.423055,45,0,2,23:-11,953
2600032848,Santa Teresinha,-7.07,-37.416111,30,0,2,23:-11,1330
2600032850,Santa Teresinha,-7.026111,-37.389722,54,0,4,24:-10,1495
2600032854,Santa Teresinha,-7.069722,-37.431944,50,0,2,23:-11,1184
2600032855,Santa Teresinha,-7.075555,-37.446111,60,0,1,23:-12,806
2600032856,Santa Teresinha,-7.070277,-37.445555,106,0,1,23:-12,789
2600032859,Santa Teresinha,-7.079444,-37.429722,51,0,2,23:-11,1003
2600032860,Santa Teresinha,-7.084166,-37.426944,42,0,5,22:-11,700
2600032862,Santa Teresinha,-7.085,-37.425277,50,0,5,22:-11,733
2600032865,Santa Teresinha,-7.084166,-37.511666,31,0,3,22:-13,798
2600032866,Santa Teresinha,-7.083055,-37.511944,36,0,3,22:-13,745
2600032867,Catingueira,-7.0775,-37.520833,35,0,2,23:-14,1220
2600032868,Santa Teresinha,-7.071388,-37.496666,35,0,3,23:-13,1034
2600032870,Santa Teresinha,-7.052222,-37.486388,36,0,3,23:-13,1549
2600032873,Santa Teresinha,-7.059166,-37.5025,48,0,3,23:-13,1188
2600032874,Santa Teresinha,-7.056944,-37.498333,48,0,3,23:-13,1634
2600032876,Santa Teresinha,-7.031111,-37.489722,39,0,5,24:-13,1878
2600032877,Santa Teresinha,-7.031388,-37.392222,42,0,4,24:-10,1997
2600032878,Santa Teresinha,-7.048888,-37.471666,50,0,1,23:-12,1337
2600032879,Santa Teresinha,-7.053333,-37.478333,36,0,1,23:-12,1771
2600032880,Santa Teresinha,-7.093055,-37.364722,50,0,3,22:-10,597
2600032883,Santa Teresinha,-7.090555,-37.356111,50,0,2,22:-9,763
2600032885,Santa Teresinha,-7.063055,-37.400833,24,0,2,23:-11,723
2600032886,Santa Teresinha,-7.138055,-37.436944,36,0,2,21:-11,1540
2600032888,Santa Teresinha,-7.15,-37.419166,45,0,2,21:-11,427
2600032889,Santa Teresinha,-7.14,-37.4275,27,0,2,21:-11,1064
2600032890,Santa Teresinha,-7.151111,-37.391111,28,0,5,21:-10,2860
2600032891,Santa Teresinha,-7.071666,-37.407777,48,0,2,23:-11,2230
2600032892,Santa Teresinha,-7.071111,-37.408055,42,0,2,23:-11,1795
2600032893,Santa Teresinha,-7.046666,-37.355277,46,0,3,23:-9,1093
2600032894,Santa Teresinha,-7.044166,-37.359166,48,0,3,23:-9,1293
2600032895,Santa Teresinha,-7.051666,-37.394444,52,0,2,23:-10,1089
2600032896,Santa Teresinha,-7.086666,-37.451111,42,0,4,22:-12,1120
2600032897,Catingueira,-7.128333,-37.543611,42,0,3,21:-14,974
2600032899,Santa Teresinha,-7.100277,-37.496944,44,0,3,22:-13,762
2600032901,Santa Teresinha,-7.1075,-37.497222,48,0,3,22:-13,634
2600032903,Santa Teresinha,-7.09,-37.489444,40,0,3,22:-13,853
2600032906,Santa Teresinha,-7.094444,-37.482222,36,0,3,22:-13,800
2600032910,Santa Teresinha,-7.084444,-37.438611,36,0,5,22:-11,1229
2600032911,Santa Teresinha,-7.086388,-37.436111,46,0,5,22:-11,1430
2600032913,Vieirópolis,-6.583333,-38.274166,45,0,2,35:-32,446
2600032914,Vieirópolis,-6.546111,-38.275555,50,0,3,36:-32,1749
2600032915,Vieirópolis,-6.544166,-38.274444,50,1,3,36:-32,7980
2600032919,Vieirópolis,-6.598611,-38.258611,50,0,2,35:-32,1998
2600032921,Vieirópolis,-6.566388,-38.268333,50,0,2,35:-32,697
2600032922,Vieirópolis,-6.528888,-38.241666,50,0,3,36:-32,1640
2600032923,Vieirópolis,-6.538333,-38.244722,50,0,3,36:-32,1079
2600032924,Vieirópolis,-6.539722,-38.243333,50,0,3,36:-32,1358
2600032926,Vieirópolis,-6.508055,-38.255,50,0,4,37:-32,1515
2600032927,Vieirópolis,-6.494166,-38.265555,50,0,4,37:-32,790
2600032928,Vieirópolis,-6.493333,-38.2525,50,0,4,37:-32,1180
2600032933,Vieirópolis,-6.590833,-38.306944,50,0,1,35:-33,1085
2600032934,Vieirópolis,-6.6,-38.294444,40,0,1,35:-33,493
2600032935,Vieirópolis,-6.601388,-38.296111,50,0,2,34:-33,977
2600032937,Vieirópolis,-6.601666,-38.283611,50,1,2,34:-33,3720
2600032938,Vieirópolis,-6.578333,-38.278333,28,0,2,35:-32,1200
2600032940,Curral Velho,-7.491944,-38.195,42,0,5,12:-30,835
2600032941,Curral Velho,-7.505555,-38.203888,53,0,3,12:-31,1066
2600032942,Curral Velho,-7.522777,-38.193055,50,0,2,11:-30,888
2600032944,Curral Velho,-7.532777,-38.194444,7.2,0,2,11:-30,2120
2600032946,Baraúna,-6.642222,-36.257777,50,1,3,33:18,9740
2600032948,Baraúna,-6.647777,-36.255,50,1,3,33:18,7770
2600032950,Sossêgo,-6.679166,-36.249722,50,1,3,33:18,8560
2600032951,Sossêgo,-6.661388,-36.246388,50,1,3,33:18,9290
2600032956,Picuí,-6.591388,-36.239722,50,1,5,35:19,10630
2600032958,Baraúna,-6.589722,-36.261111,50,1,1,35:18,17300
2600032961,Sousa,-6.698611,-38.251666,50,0,4,32:-32,976
2600032963,Sousa,-6.698055,-38.251111,50,0,4,32:-32,1270
2600032964,Sousa,-6.689444,-38.323333,50,0,1,32:-34,790
2600032965,Sousa,-6.692222,-38.3225,50,0,1,32:-34,1634
2600032966,Sousa,-6.693055,-38.321388,50,0,1,32:-34,2110
2600032967,Sousa,-6.691388,-38.322777,50,0,1,32:-34,1143
2600032968,Sousa,-6.695,-38.325277,50,0,1,32:-34,837
2600032969,Sousa,-6.693333,-38.325833,50,0,1,32:-34,1344
2600032970,Sousa,-6.689166,-38.335833,47,0,1,32:-34,664
2600032971,Sousa,-6.689444,-38.337222,50,0,1,32:-34,1010
2600032972,Sousa,-6.687777,-38.338333,47,0,1,32:-34,644
2600032973,Sousa,-6.686944,-38.337777,50,0,1,32:-34,684
2600032974,Sousa,-6.704722,-38.318333,50,0,2,32:-33,1188
2600032975,Sousa,-6.7125,-38.353333,70,0,1,32:-34,952
2600032976,Sousa,-6.714166,-38.353333,70,0,1,32:-34,1147
2600032977,Sousa,-6.722777,-38.338055,53,0,4,31:-34,1249
2600032978,Sousa,-6.723333,-38.337777,47,0,4,31:-34,1365
2600032979,Sousa,-6.710833,-38.331388,64,0,1,32:-34,991
2600032980,Sousa,-6.710277,-38.332222,50,0,1,32:-34,1280
2600032981,Sousa,-6.700833,-38.344444,50,0,1,32:-34,999
2600032982,Sousa,-6.700833,-38.341666,37,0,1,32:-34,1036
2600032983,Sousa,-6.701111,-38.340555,45,0,1,32:-34,1026
2600032984,Sousa,-6.703888,-38.318888,50,0,2,32:-33,900
2600032985,Vieirópolis,-6.615555,-38.332222,47,0,4,34:-34,1273
2600032986,Sousa,-6.602222,-38.186944,50,0,2,34:-30,989
2600032989,Sousa,-6.630277,-38.162777,24,0,2,34:-30,1954
2600032991,Sousa,-6.661388,-38.189166,42,0,2,33:-30,1220
2600032992,Sousa,-6.637777,-38.232777,35,0,4,34:-31,982
2600032994,Sousa,-6.624722,-38.203055,39,0,4,34:-31,1340
2600032995,Sousa,-6.624722,-38.204722,18,0,4,34:-31,950
2600032999,Sousa,-6.696388,-38.235277,52,0,4,32:-31,955
2600033000,Sousa,-6.697222,-38.236666,52,0,4,32:-31,1082
2600033001,Sousa,-6.715833,-38.143611,49,0,1,32:-29,1546
2600033003,Sousa,-6.696944,-38.137222,50,0,1,32:-29,1078
2600033005,Sousa,-6.714444,-38.147777,50,0,1,32:-29,2770
2600033006,Sousa,-6.717777,-38.148055,43,0,1,32:-29,973
2600033007,Sousa,-6.717222,-38.1475,47,0,1,32:-29,1314
2600033008,Sousa,-6.715833,-38.147222,47,0,1,32:-29,447
2600033009,Sousa,-6.715277,-38.148611,27,0,1,32:-29,1038
2600033010,Sousa,-6.714444,-38.151666,51,0,1,32:-29,924
2600033011,Sousa,-6.72,-38.158055,50,0,1,32:-29,630
2600033012,Sousa,-6.719166,-38.158055,50,0,1,32:-29,1147
2600033014,Sousa,-6.721666,-38.158888,50,0,3,31:-29,408
2600033015,Sousa,-6.725555,-38.159722,52,0,3,31:-29,2390
2600033016,Sousa,-6.724722,-38.158888,48,0,3,31:-29,1596
2600033017,Sousa,-6.729722,-38.154722,45,1,3,31:-29,4190
2600033018,Sousa,-6.720277,-38.16,45,0,3,31:-29,953
2600033019,Sousa,-6.721944,-38.1625,50,0,3,31:-30,1292
2600033020,Sousa,-6.72,-38.164444,50,0,5,32:-30,1773
2600033021,Sousa,-6.716388,-38.1625,48,0,5,32:-30,1364
2600033022,Sousa,-6.717222,-38.163888,45,0,5,32:-30,1042
2600033023,Sousa,-6.711666,-38.252777,50,0,4,32:-32,729
2600033024,Aparecida,-6.746111,-38.123888,50,0,3,31:-29,2400
2600033025,Sousa,-6.727777,-38.130277,48,0,3,31:-29,1703
2600033026,Aparecida,-6.750555,-38.130277,40,0,3,31:-29,2180
2600033027,Aparecida,-6.750277,-38.128888,31,0,3,31:-29,1519
2600033028,Sousa,-6.741111,-38.146111,50,0,3,31:-29,2660
2600033029,Sousa,-6.750277,-38.157222,50,1,3,31:-29,3420
2600033030,Sousa,-6.750833,-38.159722,50,1,3,31:-29,3720
2600033031,Sousa,-6.734166,-38.322222,50,0,4,31:-34,1043
2600033032,Sousa,-6.726666,-38.294722,47,0,1,31:-33,2940
2600033034,Sousa,-6.728333,-38.293611,42,1,1,31:-33,6850
2600033035,Sousa,-6.734166,-38.289722,50,0,1,31:-33,1260
2600033036,Sousa,-6.735,-38.289444,50,0,1,31:-33,1553
2600033037,Sousa,-6.733888,-38.287777,50,0,1,31:-33,675
2600033038,Sousa,-6.7125,-38.35,80,0,1,32:-34,968
2600033039,Sousa,-6.72,-38.340833,53,0,1,32:-34,1170
2600033040,Sousa,-6.712222,-38.331111,50,0,1,32:-34,832
2600033041,Sousa,-6.713055,-38.330277,50,0,1,32:-34,783
2600033043,Sousa,-6.705833,-38.339444,50,0,1,32:-34,1136
2600033044,Sousa,-6.723333,-38.332777,46,0,4,31:-34,866
2600033045,Sousa,-6.724444,-38.332222,46,0,4,31:-34,885
2600033046,Sousa,-6.724444,-38.328055,50,0,4,31:-34,1079
2600033047,Sousa,-6.723888,-38.329722,50,0,4,31:-34,958
2600033048,Sousa,-6.723333,-38.326944,38,0,4,31:-34,1047
2600033049,Sousa,-6.727777,-38.329722,50,0,4,31:-34,1246
2600033050,Sousa,-6.721388,-38.327222,47,0,4,31:-34,987
2600033051,Sousa,-6.7175,-38.328333,50,0,1,32:-34,859
2600033052,Sousa,-6.704444,-38.335555,67,0,1,32:-34,2000
2600033053,Sousa,-6.701388,-38.3225,40,0,1,32:-34,905
2600033054,Sousa,-6.658611,-38.2925,40,0,1,33:-33,997
2600033055,Sousa,-6.647222,-38.285555,50,0,1,33:-33,1498
2600033058,Sousa,-6.689722,-38.293333,32,0,2,32:-33,1301
2600033059,Sousa,-6.69,-38.291944,50,0,2,32:-33,413
2600033060,Sousa,-6.690277,-38.293888,53,0,2,32:-33,797
2600033061,Sousa,-6.692222,-38.293333,10,0,2,32:-33,631
2600033062,Sousa,-6.691111,-38.295,22,1,2,32:-33,4060
2600033063,Sousa,-6.726111,-38.278888,50,0,4,31:-32,1307
2600033064,Sousa,-6.726388,-38.281666,50,1,1,31:-33,3140
2600033065,Sousa,-6.726111,-38.281666,40,0,1,31:-33,1544
2600033067,Sousa,-6.804166,-38.21,52,0,1,29:-31,1200
2600033068,Sousa,-6.804166,-38.208333,42,0,1,29:-31,947
2600033069,Sousa,-6.802222,-38.209444,47,0,1,29:-31,1228
2600033070,Sousa,-6.803611,-38.211388,50,0,1,29:-31,918
2600033071,Sousa,-6.808333,-38.203333,47,0,1,29:-31,874
2600033072,Sousa,-6.8125,-38.201666,45,0,1,29:-31,864
2600033073,Sousa,-6.818611,-38.205555,60,0,1,29:-31,553
2600033075,Sousa,-6.826666,-38.195,50,0,4,29:-30,700
2600033076,Sousa,-6.823888,-38.195555,50,0,4,29:-30,777
2600033077,Sousa,-6.824166,-38.193888,32,0,4,29:-30,607
2600033078,Sousa,-6.824166,-38.194166,33,0,4,29:-30,442
2600033081,Sousa,-6.821111,-38.193611,53,0,4,29:-30,547
2600033082,Sousa,-6.823333,-38.193333,50,0,4,29:-30,562
2600033083,Sousa,-6.800833,-38.198333,50,0,4,29:-30,2650
2600033084,Sousa,-6.765555,-38.220833,28,0,2,30:-31,2110
2600033086,São José da Lagoa Tapada,-6.879444,-38.187222,32,0,2,28:-30,848
2600033087,Sousa,-6.857777,-38.19,24,0,2,28:-30,661
2600033088,Sousa,-6.773611,-38.228333,60,0,2,30:-31,2490
2600033089,Sousa,-6.772222,-38.23,60,0,2,30:-31,2930
2600033091,Sousa,-6.775555,-38.229722,40,0,2,30:-31,2850
2600033092,Sousa,-6.776666,-38.230555,50,0,2,30:-31,1430
2600033093,Sousa,-6.7775,-38.240277,50,0,4,30:-32,2420
2600033094,Sousa,-6.777777,-38.239722,40,0,2,30:-31,1490
2600033096,Sousa,-6.779166,-38.2375,50,0,2,30:-31,1496
2600033098,Sousa,-6.778611,-38.228611,50,0,2,30:-31,1822
2600033101,Sousa,-6.786666,-38.226944,50,0,2,30:-31,1937
2600033102,Sousa,-6.808611,-38.219444,50,0,1,29:-31,2270
2600033103,Sousa,-6.809166,-38.218888,50,1,1,29:-31,3310
2600033104,Sousa,-6.811388,-38.216388,50,0,1,29:-31,769
2600033105,Sousa,-6.806944,-38.215,50,0,1,29:-31,956
2600033106,Sousa,-6.807222,-38.214444,50,0,1,29:-31,1703
2600033107,Sousa,-6.812777,-38.215,50,0,1,29:-31,1012
2600033108,Sousa,-6.778888,-38.24,35,0,4,30:-32,1355
2600033110,Sousa,-6.791666,-38.255277,53,0,4,30:-32,1733
2600033111,Sousa,-6.779166,-38.166944,50,0,3,30:-30,1483
2600033113,Sousa,-6.813333,-38.163333,50,0,4,29:-30,840
2600033114,Sousa,-6.795555,-38.180833,7.9,0,3,30:-30,560
2600033116,Sousa,-6.806666,-38.246944,41,0,5,29:-32,1902
2600033119,Sousa,-6.792777,-38.255277,46.5,0,4,30:-32,2400
2600033121,Sousa,-6.791944,-38.256388,50,0,4,30:-32,1622
2600033122,Sousa,-6.7375,-38.305833,50,0,1,31:-33,1232
2600033123,Sousa,-6.723888,-38.287222,50,0,1,31:-33,1250
2600033125,Sousa,-6.721111,-38.278611,56.5,0,4,31:-32,2790
2600033126,Sousa,-6.690555,-38.342222,43,0,1,32:-34,726
2600033127,Sousa,-6.791666,-38.256111,50,0,4,30:-32,1249
2600033128,Sousa,-6.788333,-38.25,50,0,4,30:-32,1753
2600033129,Sousa,-6.824444,-38.265277,50,0,5,29:-32,1232
2600033130,Sousa,-6.813055,-38.249444,51,1,5,29:-32,3920
2600033131,Sousa,-6.829444,-38.163333,40,0,4,29:-30,1005
2600033132,Sousa,-6.841666,-38.17,50,0,2,28:-30,488
2600033136,Sousa,-6.8275,-38.157777,50,0,4,29:-29,945
2600033140,Sousa,-6.723333,-38.309166,32,0,1,31:-33,2160
2600033141,Sousa,-6.733055,-38.303611,50,0,1,31:-33,1256
2600033142,Sousa,-6.721388,-38.3075,50,0,1,31:-33,1828
2600033143,Sousa,-6.736388,-38.302777,50,0,1,31:-33,619
2600033144,Sousa,-6.828888,-38.167777,50,0,4,29:-30,1072
2600033145,Sousa,-6.733888,-38.3075,50,0,1,31:-33,1265
2600033149,Sousa,-6.827777,-38.176666,50,0,4,29:-30,995
2600033150,Sousa,-6.8275,-38.176944,50,0,4,29:-30,1528
2600033152,Sousa,-6.828888,-38.177777,50,0,4,29:-30,1200
2600033153,Sousa,-6.826666,-38.179444,50,0,4,29:-30,1136
2600033154,Sousa,-6.826388,-38.178333,50,0,4,29:-30,1311
2600033155,Sousa,-6.826388,-38.180277,50,0,4,29:-30,1087
2600033157,Sousa,-6.673611,-38.34,44,1,2,33:-34,4930
2600033158,Sousa,-6.687777,-38.346388,41,0,1,32:-34,1283
2600033159,Sousa,-6.688888,-38.339722,43,0,1,32:-34,917
2600033160,Sousa,-6.69,-38.339722,50,0,1,32:-34,899
2600033161,Sousa,-6.691111,-38.348055,50,0,1,32:-34,655
2600033162,Sousa,-6.691111,-38.349722,50,0,1,32:-34,663
2600033163,Sousa,-6.693333,-38.35,52,0,1,32:-34,633
2600033164,Sousa,-6.693333,-38.351666,35,0,1,32:-34,695
2600033165,Sousa,-6.6925,-38.352222,50,0,1,32:-34,588
2600033166,Sousa,-6.693611,-38.348611,70,0,1,32:-34,709
2600033167,Sousa,-6.694722,-38.348055,50,0,1,32:-34,928
2600033168,São João do Rio do Peixe,-6.699722,-38.355555,55,0,1,32:-34,662
2600033169,Sousa,-6.701111,-38.354722,50,0,1,32:-34,763
2600033170,Sousa,-6.700555,-38.353333,40,0,1,32:-34,751
2600033171,São João do Rio do Peixe,-6.694722,-38.358888,50,0,1,32:-34,848
2600033172,São João do Rio do Peixe,-6.693055,-38.356388,50,0,1,32:-34,745
2600033173,Sousa,-6.691944,-38.353888,50,0,1,32:-34,822
2600033174,Sousa,-6.695,-38.354166,50,0,1,32:-34,872
2600033175,Sousa,-6.702222,-38.350277,50,0,1,32:-34,970
2600033176,Sousa,-6.701666,-38.346388,50,0,1,32:-34,1077
2600033177,Sousa,-6.691944,-38.342777,50,0,1,32:-34,607
2600033178,Sousa,-6.709722,-38.326111,50,0,1,32:-34,930
2600033179,Sousa,-6.712222,-38.324722,38,0,1,32:-34,892
2600033180,Sousa,-6.709444,-38.324444,50,0,1,32:-34,963
2600033181,Sousa,-6.709166,-38.324166,45,0,1,32:-34,1098
2600033182,Sousa,-6.708888,-38.323611,40,0,1,32:-34,816
2600033183,Sousa,-6.709722,-38.323055,50,0,1,32:-34,1102
2600033184,Sousa,-6.710277,-38.322777,50,0,1,32:-34,1201
2600033185,Sousa,-6.710555,-38.322222,50,0,1,32:-34,1070
2600033186,Sousa,-6.711111,-38.321388,50,0,1,32:-34,1007
2600033187,Sousa,-6.710277,-38.320555,50,0,1,32:-34,1081
2600033188,Sousa,-6.709722,-38.321666,100,0,1,32:-34,1073
2600033189,Sousa,-6.708055,-38.320555,70,0,1,32:-34,981
2600033190,Sousa,-6.706666,-38.321111,50,0,1,32:-34,1050
2600033191,Sousa,-6.650833,-38.194444,50,0,2,33:-30,1120
2600033192,Sousa,-6.664166,-38.195277,50,0,2,33:-30,953
2600033193,Sousa,-6.685833,-38.233333,30,0,4,32:-31,1329
2600033194,Sousa,-6.686388,-38.2325,45,1,4,32:-31,4460
2600033195,Sousa,-6.687777,-38.228611,51,0,4,32:-31,1745
2600033196,Sousa,-6.688611,-38.235833,50,0,4,32:-31,1521
2600033197,Sousa,-6.7575,-38.143888,60,0,3,31:-29,1265
2600033198,Sousa,-6.752777,-38.143888,50,1,3,31:-29,6520
2600033199,Aparecida,-6.755277,-38.139166,50,0,3,31:-29,1006
2600033200,Sousa,-6.748888,-38.135555,50,1,3,31:-29,4670
2600033204,Sousa,-6.698055,-38.272777,50,0,4,32:-32,1201
2600033205,Sousa,-6.702222,-38.274444,50,0,4,32:-32,1379
2600033206,Sousa,-6.703611,-38.275,50,0,4,32:-32,1625
2600033207,Sousa,-6.703333,-38.275,50,0,4,32:-32,1513
2600033208,Sousa,-6.701944,-38.271111,50,0,4,32:-32,715
2600033209,Sousa,-6.701944,-38.269722,50,0,4,32:-32,1104
2600033210,Sousa,-6.705277,-38.32,50,0,1,32:-34,903
2600033211,Sousa,-6.703611,-38.322777,50,0,1,32:-34,1412
2600033212,Sousa,-6.716666,-38.321111,50,0,1,32:-34,937
2600033213,Sousa,-6.715833,-38.320833,47,0,1,32:-34,753
2600033215,Sousa,-6.714722,-38.3175,50,0,2,32:-33,912
2600033216,Sousa,-6.713888,-38.321388,50,0,1,32:-34,1355
2600033217,Sousa,-6.7125,-38.321388,50,0,1,32:-34,975
2600033218,Sousa,-6.7075,-38.325,50,0,1,32:-34,975
2600033219,Sousa,-6.7,-38.321944,42,0,1,32:-34,1163
2600033220,Sousa,-6.7025,-38.320833,50,0,1,32:-34,885
2600033221,Sousa,-6.699722,-38.311111,50,0,2,32:-33,1858
2600033222,Sousa,-6.698888,-38.311111,50,0,2,32:-33,1866
2600033223,Sousa,-6.696111,-38.322777,50,0,1,32:-34,1020
2600033224,Sousa,-6.696388,-38.321944,47,0,1,32:-34,940
2600033225,Sousa,-6.698333,-38.321111,47,0,1,32:-34,900
2600033226,Sousa,-6.698888,-38.320555,50,0,1,32:-34,959
2600033227,Sousa,-6.699444,-38.321666,50,0,1,32:-34,897
2600033228,Sousa,-6.700833,-38.321944,45,0,1,32:-34,894
2600033229,Sousa,-6.696666,-38.320833,40,0,1,32:-34,1019
2600033230,Sousa,-6.700555,-38.32,37,0,1,32:-34,945
2600033231,Sousa,-6.700833,-38.319444,40,0,2,32:-33,833
2600033232,Sousa,-6.699722,-38.32,50,0,1,32:-34,911
2600033233,Sousa,-6.7,-38.319722,40,0,2,32:-33,919
2600033234,Sousa,-6.701388,-38.321388,51,1,1,32:-34,4110
2600033235,Sousa,-6.711388,-38.328333,50,0,1,32:-34,1129
2600033236,Sousa,-6.703888,-38.32,40,0,1,32:-34,926
2600033237,Sousa,-6.704722,-38.321111,47,0,1,32:-34,886
2600033238,Sousa,-6.7025,-38.325,50,0,1,32:-34,870
2600033239,Sousa,-6.709444,-38.313888,50,0,2,32:-33,1493
2600033240,Sousa,-6.71,-38.313055,38,0,2,32:-33,1671
2600033241,Sousa,-6.709166,-38.311944,50,0,2,32:-33,1144
2600033242,Sousa,-6.710833,-38.315,50,0,2,32:-33,2590
2600033243,Sousa,-6.711666,-38.315555,50,0,2,32:-33,2210
2600033244,Sousa,-6.710555,-38.317777,50,0,2,32:-33,1515
2600033245,Sousa,-6.713055,-38.311111,36,0,2,32:-33,1863
2600033246,Sousa,-6.711666,-38.311944,50,0,2,32:-33,1140
2600033247,Sousa,-6.715,-38.310555,50,0,2,32:-33,1331
2600033248,Sousa,-6.715,-38.3125,50,0,2,32:-33,2160
2600033249,Sousa,-6.717777,-38.313888,50,0,2,32:-33,1512
2600033250,Sousa,-6.714444,-38.308055,50,0,2,32:-33,1171
2600033251,Sousa,-6.714444,-38.307777,50,0,2,32:-33,1136
2600033252,Sousa,-6.715277,-38.307222,32,0,2,32:-33,1316
2600033253,Sousa,-6.714444,-38.298333,32,0,2,32:-33,1886
2600033254,Sousa,-6.716666,-38.303611,50,0,2,32:-33,1061
2600033255,Sousa,-6.725,-38.282777,37,0,1,31:-33,1354
2600033256,Sousa,-6.699444,-38.29,50,0,2,32:-33,1117
2600033257,Sousa,-6.7,-38.293611,50,0,2,32:-33,766
2600033258,Sousa,-6.698888,-38.293055,50,0,2,32:-33,662
2600033260,Sousa,-6.7,-38.29,50,0,2,32:-33,618
2600033261,Sousa,-6.699722,-38.288333,50,0,2,32:-33,1301
2600033263,Sousa,-6.697222,-38.286666,50,0,2,32:-33,1221
2600033264,Sousa,-6.6975,-38.288333,100,0,2,32:-33,960
2600033265,Sousa,-6.698888,-38.2875,50,0,2,32:-33,1713
2600033266,Sousa,-6.704722,-38.319444,40,0,2,32:-33,913
2600033267,Sousa,-6.705833,-38.319444,47,0,2,32:-33,927
2600033268,Sousa,-6.705833,-38.317777,50,0,2,32:-33,1172
2600033269,Sousa,-6.616388,-38.331111,45,0,4,34:-34,997
2600033270,Sousa,-6.64,-38.308611,50,0,2,34:-33,697
2600033271,Sousa,-6.638055,-38.304166,50,0,2,34:-33,588
2600033272,Sousa,-6.651388,-38.318888,50,0,1,33:-33,569
2600033273,Sousa,-6.663888,-38.322777,26,0,2,33:-34,830
2600033274,Sousa,-6.665,-38.322777,32,0,2,33:-34,957
2600033275,Sousa,-6.665,-38.321944,46,0,2,33:-34,1081
2600033276,Sousa,-6.67,-38.328888,19,0,2,33:-34,1435
2600033277,Sousa,-6.666666,-38.329722,35,1,2,33:-34,4830
2600033278,Sousa,-6.654444,-38.321944,50,0,2,33:-34,1320
2600033280,Sousa,-6.719166,-38.31,40,0,2,32:-33,2950
2600033281,Sousa,-6.720555,-38.313055,41,0,1,31:-33,1467
2600033282,Sousa,-6.718888,-38.313333,50,0,2,32:-33,1368
2600033283,Sousa,-6.721111,-38.314166,32,0,1,31:-33,1229
2600033284,Sousa,-6.722777,-38.315277,45,0,1,31:-33,1163
2600033285,Sousa,-6.724444,-38.317222,50,0,1,31:-33,1126
2600033286,Sousa,-6.7225,-38.316666,50,0,1,31:-33,1081
2600033287,Sousa,-6.721666,-38.316944,50,0,1,31:-33,1055
2600033288,Sousa,-6.723055,-38.314722,50,0,1,31:-33,1077
2600033289,Sousa,-6.721944,-38.310555,50,0,1,31:-33,1216
2600033290,Sousa,-6.720833,-38.31,47,0,1,31:-33,1350
2600033291,Sousa,-6.720833,-38.309444,50,1,1,31:-33,3160
2600033293,Sousa,-6.725,-38.207777,46,1,5,31:-31,3130
2600033294,Sousa,-6.724444,-38.204444,46,0,5,31:-31,2870
2600033295,Sousa,-6.714722,-38.290555,60,0,2,32:-33,1380
2600033296,Sousa,-6.735277,-38.3025,50,0,1,31:-33,1159
2600033297,Livramento,-7.343055,-36.957222,36,0,5,16:1,1341
2600033298,Livramento,-7.344166,-36.994444,40,0,2,16:0,1706
2600033300,Livramento,-7.323333,-37.001944,44,0,2,16:-1,1920
2600033302,Livramento,-7.346944,-37.015277,38,1,2,16:-1,3530
2600033303,Livramento,-7.333055,-37.032222,36,1,2,16:-1,6430
2600033304,Desterro,-7.335,-37.042222,30,0,4,16:-2,1887
2600033305,Desterro,-7.333055,-37.048611,41,1,4,16:-2,3640
2600033307,Livramento,-7.334166,-36.957777,36,1,5,16:1,8720
2600033308,Livramento,-7.347222,-36.92,40,1,5,16:1,5610
2600033309,Livramento,-7.339722,-36.9375,46,0,5,16:1,2490
2600033312,Livramento,-7.356111,-36.9575,37,1,5,16:1,4230
2600033313,Livramento,-7.329444,-36.9075,51,1,2,16:2,3070
2600033314,Livramento,-7.335555,-36.878888,44,1,5,16:3,3200
2600033316,Livramento,-7.334722,-36.854444,45,0,5,16:3,1301
2600033319,Livramento,-7.372777,-36.920555,45,1,4,15:1,3240
2600033323,Monteiro,-7.9675,-37.043055,46,1,2,0:-2,12830
2600033324,Monteiro,-7.972777,-37.016111,51,1,3,0:-1,7000
2600033325,Monteiro,-7.909166,-37.009166,42,0,4,2:-1,787
2600033326,Monteiro,-7.978333,-37.060555,49,0,2,0:-2,2080
2600033327,Monteiro,-7.996111,-37.049444,40,0,2,0:-2,1560
2600033328,Monteiro,-7.849166,-37.241111,49,0,2,3:-7,2010
2600033329,Monteiro,-7.977777,-37.076111,51,1,2,0:-2,7000
2600033330,Monteiro,-7.913333,-37.160833,45,1,5,2:-5,6680
2600033332,Monteiro,-7.943333,-37.153333,41,0,4,1:-4,1000
2600033333,Monteiro,-7.905555,-37.192777,43,0,5,2:-5,638
2600033334,Monteiro,-7.965555,-37.320555,52,0,1,0:-9,1549
2600033335,Monteiro,-7.9525,-37.255277,49,0,2,1:-7,2890
2600033336,Monteiro,-7.825555,-37.182777,48,0,1,4:-5,1703
2600033337,Monteiro,-7.823611,-37.203888,51,0,5,4:-6,2510
2600033339,Sumé,-7.824166,-36.945555,45,1,1,4:1,7850
2600033340,Monteiro,-7.897777,-37.089444,30,0,2,2:-3,2940
2600033341,Monteiro,-7.903888,-37.060277,40,0,2,2:-2,2360
2600033352,Sumé,-7.653888,-36.8975,33,0,1,8:2,57.3
2600033353,Sumé,-7.681388,-36.864166,25,0,5,7:3,1171
2600033356,Sumé,-7.671944,-36.8275,24,0,1,8:4,691
2600033364,Poço de José de Moura,-6.546944,-38.518611,47,0,5,36:-38,1592
2600033365,Poço de José de Moura,-6.527222,-38.500833,23,0,5,36:-38,2920
2600033366,Poço de José de Moura,-6.564166,-38.506388,46,0,1,35:-38,988
2600033367,Poço de José de Moura,-6.566111,-38.517222,40,0,1,35:-38,3000
2600033368,Poço de José de Moura,-6.566666,-38.517777,50,1,1,35:-38,6470
2600033369,Poço de José de Moura,-6.564722,-38.528611,75,0,1,35:-39,944
2600033370,Poço de José de Moura,-6.563055,-38.532222,40,0,1,35:-39,1781
2600033371,Poço de José de Moura,-6.562222,-38.529444,50,0,1,35:-39,949
2600033372,Poço de José de Moura,-6.560277,-38.528888,46,0,1,35:-39,1126
2600033373,Poço de José de Moura,-6.559166,-38.530833,17,0,5,36:-39,1236
2600033374,Poço de José de Moura,-6.572222,-38.519722,50,0,1,35:-38,1840
2600033375,Poço de José de Moura,-6.570555,-38.52,49,0,1,35:-39,2580
2600033376,Poço de José de Moura,-6.573055,-38.51,47,0,1,35:-38,1284
2600033377,Poço de José de Moura,-6.573611,-38.506388,46,0,1,35:-38,969
2600033378,Poço de José de Moura,-6.575277,-38.511111,45,0,1,35:-38,2880
2600033379,Poço de José de Moura,-6.574722,-38.512777,46,0,1,35:-38,1789
2600033380,Poço de José de Moura,-6.59,-38.510833,50,0,1,35:-38,631
2600033381,Poço de José de Moura,-6.591666,-38.510833,50,0,1,35:-38,674
2600033382,Poço de José de Moura,-6.580833,-38.510555,45,0,1,35:-38,816
2600033383,Poço de José de Moura,-6.580277,-38.510555,45,0,1,35:-38,1394
2600033384,Poço de José de Moura,-6.579722,-38.510555,45,0,1,35:-38,1367
2600033385,Poço de José de Moura,-6.579166,-38.511388,45,0,1,35:-38,1314
2600033386,Poço de José de Moura,-6.571388,-38.511666,50,0,1,35:-38,932
2600033387,Poço de José de Moura,-6.580277,-38.510277,52,0,1,35:-38,972
2600033388,Poço de José de Moura,-6.598055,-38.511944,46,0,1,35:-38,675
2600033389,Poço de José de Moura,-6.593888,-38.508611,50,0,1,35:-38,385
2600033390,Poço de José de Moura,-6.603055,-38.506666,48,0,5,34:-38,652
2600033391,Poço de José de Moura,-6.606388,-38.508888,55,0,5,34:-38,846
2600033392,Poço de José de Moura,-6.610277,-38.510277,43,0,5,34:-38,814
2600033393,Poço de José de Moura,-6.6125,-38.508888,48,0,5,34:-38,855
2600033394,Poço de José de Moura,-6.616111,-38.510277,48,0,5,34:-38,839
2600033395,Poço de José de Moura,-6.6175,-38.51,52,0,5,34:-38,821
2600033396,Poço de José de Moura,-6.618333,-38.51,50,0,5,34:-38,785
2600033397,Poço de José de Moura,-6.621388,-38.512777,52,0,5,34:-38,858
2600033398,Poço de José de Moura,-6.623333,-38.512222,40,0,5,34:-38,1128
2600033399,Poço de José de Moura,-6.562777,-38.505833,30,0,1,35:-38,837
2600033400,Poço de José de Moura,-6.581666,-38.509722,48,0,1,35:-38,707
2600033402,Poço de José de Moura,-6.591111,-38.519166,46,0,1,35:-38,1944
2600033403,Poço de José de Moura,-6.586944,-38.521388,45,0,1,35:-39,1736
2600033404,Poço de José de Moura,-6.588888,-38.5225,47,0,1,35:-39,502
2600033405,Poço de José de Moura,-6.595277,-38.528055,54,0,1,35:-39,392
2600033406,Poço de José de Moura,-6.596944,-38.532222,48,0,1,35:-39,1021
2600033407,Poço de José de Moura,-6.595555,-38.535,40,0,1,35:-39,1077
2600033408,Poço de José de Moura,-6.592222,-38.535,50,0,1,35:-39,734
2600033409,Poço de José de Moura,-6.591944,-38.536111,33,0,1,35:-39,718
2600033410,Poço de José de Moura,-6.604444,-38.532222,64,0,3,34:-39,700
2600033411,Poço de José de Moura,-6.6025,-38.525277,42,0,3,34:-39,790
2600033412,Poço de José de Moura,-6.604166,-38.532777,51,0,3,34:-39,1029
2600033413,Poço de José de Moura,-6.609166,-38.531666,46,0,3,34:-39,603
2600033414,Poço de José de Moura,-6.607777,-38.526944,50,0,3,34:-39,2120
2600033415,Poço de José de Moura,-6.607777,-38.520277,48,0,3,34:-39,938
2600033416,Poço de José de Moura,-6.600833,-38.522222,47,0,3,34:-39,893
2600033417,Poço de José de Moura,-6.611944,-38.521666,50,0,3,34:-39,704
2600033418,Poço de José de Moura,-6.614722,-38.519166,50,0,5,34:-38,837
2600033420,Poço de José de Moura,-6.613888,-38.522222,38,0,3,34:-39,836
2600033421,Poço de José de Moura,-6.613888,-38.523055,45,0,3,34:-39,1074
2600033422,Poço de José de Moura,-6.615555,-38.5275,70,0,3,34:-39,420
2600033423,Poço de José de Moura,-6.608055,-38.527777,50,0,3,34:-39,845
2600033424,Poço de José de Moura,-6.6175,-38.526666,50,0,3,34:-39,773
2600033425,Poço de José de Moura,-6.619166,-38.526388,50,0,3,34:-39,683
2600033426,Poço de José de Moura,-6.628611,-38.523888,50,0,3,34:-39,1506
2600033427,Poço de José de Moura,-6.635,-38.517777,50,0,5,34:-38,1640
2600033428,Poço de José de Moura,-6.634444,-38.515277,35,0,5,34:-38,1867
2600033429,Poço de José de Moura,-6.64,-38.513611,45,0,5,34:-38,736
2600033430,Triunfo,-6.645555,-38.516666,50,0,2,33:-38,1083
2600033431,Poço de José de Moura,-6.648055,-38.514722,50,0,2,33:-38,960
2600033432,Triunfo,-6.643888,-38.521388,50,0,5,33:-39,937
2600033433,Triunfo,-6.649444,-38.518055,40,0,2,33:-38,1024
2600033434,Poço de José de Moura,-6.644444,-38.508888,42,0,2,33:-38,898
2600033435,Poço de José de Moura,-6.642777,-38.508333,53,0,2,33:-38,870
2600033436,Poço de José de Moura,-6.64,-38.509166,35,0,5,34:-38,672
2600033437,Poço de José de Moura,-6.636944,-38.508055,50,0,5,34:-38,723
2600033438,Poço de José de Moura,-6.634444,-38.511111,50,0,5,34:-38,1198
2600033439,Poço de José de Moura,-6.632777,-38.511666,52,0,5,34:-38,1061
2600033440,Poço de José de Moura,-6.632777,-38.5125,42,0,5,34:-38,1398
2600033441,Poço de José de Moura,-6.632777,-38.515833,50,0,5,34:-38,1097
2600033442,Poço de José de Moura,-6.633888,-38.516111,30,0,5,34:-38,2770
2600033446,Poço de José de Moura,-6.628055,-38.510833,48,0,5,34:-38,1534
2600033447,Poço de José de Moura,-6.626111,-38.516666,50,0,5,34:-38,784
2600033448,Poço de José de Moura,-6.625,-38.516944,33,0,5,34:-38,762
2600033449,Poço de José de Moura,-6.631388,-38.497777,50,0,5,34:-38,932
2600033450,Poço de José de Moura,-6.639166,-38.495833,39,0,5,34:-38,1059
2600033451,Poço de José de Moura,-6.637777,-38.493888,39,0,5,34:-38,1095
2600033452,Poço de José de Moura,-6.631111,-38.491666,55,0,5,34:-38,1140
2600033453,Poço de José de Moura,-6.636666,-38.491944,50,0,5,34:-38,1059
2600033454,Poço de José de Moura,-6.6375,-38.491666,50,0,5,34:-38,1078
2600033455,Poço de José de Moura,-6.643333,-38.494444,50,0,2,33:-38,1096
2600033456,Poço de José de Moura,-6.641944,-38.494444,45,0,2,33:-38,732
2600033457,Poço de José de Moura,-6.6525,-38.5025,60,0,2,33:-38,932
2600033458,Poço de José de Moura,-6.653611,-38.502777,47,0,2,33:-38,1226
2600033459,Poço de José de Moura,-6.657777,-38.503888,60,0,2,33:-38,1389
2600033460,Poço de José de Moura,-6.653888,-38.503611,55,0,2,33:-38,1220
2600033461,Poço de José de Moura,-6.658333,-38.503055,50,0,2,33:-38,1720
2600033462,Poço de José de Moura,-6.654722,-38.503611,50,0,2,33:-38,1022
2600033463,Poço de José de Moura,-6.659166,-38.502222,50,0,2,33:-38,1002
2600033464,Poço de José de Moura,-6.662222,-38.506111,50,0,2,33:-38,1974
2600033465,Poço de José de Moura,-6.6225,-38.496111,46,0,5,34:-38,1076
2600033466,Poço de José de Moura,-6.622777,-38.493888,45,0,5,34:-38,824
2600033468,Poço de José de Moura,-6.620833,-38.493333,52,0,5,34:-38,1186
2600033469,Poço de José de Moura,-6.619722,-38.493055,60,0,5,34:-38,1036
2600033470,Poço de José de Moura,-6.613333,-38.486388,50,0,5,34:-38,1732
2600033471,Poço de José de Moura,-6.6075,-38.475833,50,0,1,34:-37,2850
2600033472,Poço de José de Moura,-6.605833,-38.48,50,0,1,34:-37,1160
2600033473,Poço de José de Moura,-6.626666,-38.477222,50,0,1,34:-37,1733
2600033474,Poço de José de Moura,-6.627777,-38.474444,50,0,1,34:-37,1297
2600033475,São João do Rio do Peixe,-6.629166,-38.470555,50,0,1,34:-37,1212
2600033476,Poço de José de Moura,-6.581111,-38.4975,50,0,1,35:-38,1005
2600033477,Poço de José de Moura,-6.577777,-38.476944,50,0,2,35:-37,866
2600033478,Poço de José de Moura,-6.578611,-38.474722,36,0,2,35:-37,1091
2600033479,Poço de José de Moura,-6.580555,-38.474166,60,0,2,35:-37,814
2600033480,Poço de José de Moura,-6.579444,-38.4725,50,0,2,35:-37,740
2600033481,Poço de José de Moura,-6.576111,-38.471111,50,0,2,35:-37,915
2600033482,Poço de José de Moura,-6.575277,-38.471111,50,0,2,35:-37,831
2600033483,Poço de José de Moura,-6.570833,-38.470277,50,0,2,35:-37,1650
2600033484,Poço de José de Moura,-6.570833,-38.470555,52,0,2,35:-37,1059
2600033485,Poço de José de Moura,-6.5725,-38.454444,50,0,2,35:-37,1865
2600033486,Poço de José de Moura,-6.573055,-38.455,50,0,2,35:-37,1980
2600033487,Poço de José de Moura,-6.572777,-38.4525,51,0,2,35:-37,1195
2600033488,Poço de José de Moura,-6.571111,-38.450555,50,0,2,35:-37,1367
2600033489,Uiraúna,-6.57,-38.470277,50,0,2,35:-37,834
2600033490,Poço de José de Moura,-6.586944,-38.4775,47,0,2,35:-37,894
2600033491,Poço de José de Moura,-6.590277,-38.481666,50,0,1,35:-38,731
2600033492,Poço de José de Moura,-6.5925,-38.476944,50,0,2,35:-37,988
2600033493,Poço de José de Moura,-6.593333,-38.474722,60,0,2,35:-37,1204
2600033494,Poço de José de Moura,-6.595,-38.473055,50,0,2,35:-37,1023
2600033495,Poço de José de Moura,-6.597222,-38.471111,60,0,2,35:-37,1290
2600033496,Poço de José de Moura,-6.5925,-38.472222,50,0,2,35:-37,1115
2600033497,Poço de José de Moura,-6.589444,-38.470555,50,0,2,35:-37,1179
2600033498,Triunfo,-6.663055,-38.507777,50,0,2,33:-38,1990
2600033500,Poço de José de Moura,-6.659166,-38.49,55,0,2,33:-38,970
2600033501,Poço de José de Moura,-6.660555,-38.489444,37,0,2,33:-38,945
2600033502,Poço de José de Moura,-6.658888,-38.489166,43,0,2,33:-38,955
2600033503,Poço de José de Moura,-6.659444,-38.484166,25,0,2,33:-38,1434
2600033504,Poço de José de Moura,-6.659166,-38.484444,66,0,2,33:-38,1791
2600033505,São João do Rio do Peixe,-6.6575,-38.480555,32,0,2,33:-38,1822
2600033506,São João do Rio do Peixe,-6.655833,-38.479444,50,0,4,33:-37,2040
2600033507,São João do Rio do Peixe,-6.648888,-38.469166,26,0,4,33:-37,1483
2600033508,São João do Rio do Peixe,-6.649722,-38.469166,28,0,4,33:-37,1038
2600033509,São João do Rio do Peixe,-6.648888,-38.468333,35,0,4,33:-37,861
2600033510,São João do Rio do Peixe,-6.6475,-38.471944,36,0,4,33:-37,1348
2600033511,São João do Rio do Peixe,-6.648888,-38.475,50,0,4,33:-37,1610
2600033512,São João do Rio do Peixe,-6.638333,-38.476111,50,0,1,34:-37,2620
2600033513,Poço de José de Moura,-6.637222,-38.4775,42,0,1,34:-37,2480
2600033514,Poço de José de Moura,-6.638055,-38.479166,40,0,1,34:-37,1955
2600033515,Poço de José de Moura,-6.635,-38.476944,50,0,1,34:-37,820
2600033516,São João do Rio do Peixe,-6.627222,-38.469166,50,0,1,34:-37,1324
2600033517,Poço de José de Moura,-6.612777,-38.458333,50,0,1,34:-37,1129
2600033518,Poço de José de Moura,-6.613055,-38.458333,40,0,1,34:-37,920
2600033519,Poço de José de Moura,-6.611666,-38.461111,29,0,1,34:-37,1045
2600033520,São João do Rio do Peixe,-6.611944,-38.455833,50,0,1,34:-37,883
2600033521,São João do Rio do Peixe,-6.603333,-38.450555,48,0,1,34:-37,1060
2600033522,Poço de José de Moura,-6.606944,-38.459444,50,0,1,34:-37,1360
2600033523,São João do Rio do Peixe,-6.595833,-38.451388,50,0,2,35:-37,892
2600033524,São João do Rio do Peixe,-6.584166,-38.442777,50,0,2,35:-37,1238
2600033525,São João do Rio do Peixe,-6.583888,-38.443055,50,0,2,35:-37,1203
2600033527,Igaracy,-7.151944,-38.198055,25,0,2,21:-30,1032
2600033528,Aguiar,-7.157777,-38.200555,40,0,1,21:-31,1239
2600033530,Itaporanga,-7.163333,-38.1875,19,0,5,20:-30,1221
2600033531,Igaracy,-7.133611,-38.1725,45,0,2,21:-30,1121
2600033534,Igaracy,-7.115833,-38.144166,50,0,2,22:-29,1158
2600033536,Igaracy,-7.114722,-38.111388,50,0,4,22:-28,566
2600033538,Piancó,-7.125277,-38.071111,50,0,3,21:-27,1077
2600033540,Igaracy,-7.126111,-38.086944,50,0,4,21:-28,1306
2600033541,Igaracy,-7.135833,-38.0825,50,0,4,21:-28,703
2600033542,Igaracy,-7.143888,-38.080833,50,0,4,21:-28,852
2600033543,Igaracy,-7.126111,-38.098333,33,0,4,21:-28,990
2600033544,Igaracy,-7.115833,-38.096666,50,0,4,22:-28,1242
2600033545,Igaracy,-7.145555,-38.110833,47,0,4,21:-28,1708
2600033546,Igaracy,-7.139722,-38.112222,18,0,4,21:-28,695
2600033547,Igaracy,-7.144166,-38.116944,35,0,4,21:-28,900
2600033548,Igaracy,-7.159722,-38.121666,35,0,3,21:-29,862
2600033549,Igaracy,-7.161111,-38.08,40,0,5,20:-27,899
2600033550,Piancó,-7.159444,-38.056944,35,0,3,21:-27,1273
2600033551,Igaracy,-7.169444,-38.070555,40,0,5,20:-27,1014
2600033552,Igaracy,-7.171111,-38.0675,51,0,5,20:-27,980
2600033553,Piancó,-7.169444,-38.061666,37.5,0,5,20:-27,1342
2600033554,Igaracy,-7.181666,-38.0675,22,0,5,20:-27,1115
2600033555,Igaracy,-7.193611,-38.145277,40,0,4,20:-29,645
2600033556,Igaracy,-7.196111,-38.140277,15,0,4,20:-29,1655
2600033557,Igaracy,-7.189722,-38.112222,49,0,2,20:-28,1110
2600033558,Igaracy,-7.187777,-38.103611,19,0,2,20:-28,963
2600033559,Igaracy,-7.169166,-38.095555,48,0,2,20:-28,422
2600033560,Igaracy,-7.166666,-38.135555,21,0,4,20:-29,784
2600033561,Igaracy,-7.173611,-38.138333,30,0,4,20:-29,1005
2600033563,Igaracy,-7.173611,-38.143888,30,0,4,20:-29,1168
2600033564,Itaporanga,-7.198611,-38.160833,32,0,5,20:-30,853
2600033565,Monte Horebe,-7.198611,-38.565555,49.6,0,5,20:-40,252
2600033566,Monte Horebe,-7.178888,-38.555,44,0,5,20:-39,332
2600033567,Monte Horebe,-7.181111,-38.558055,35,0,5,20:-39,181
2600033568,Monte Horebe,-7.182222,-38.558611,44,0,5,20:-39,376
2600033569,Monte Horebe,-7.191666,-38.560833,50,0,5,20:-40,312
2600033570,Monte Horebe,-7.191388,-38.560555,51,0,5,20:-40,362
2600033571,Monte Horebe,-7.194722,-38.562777,49,0,5,20:-40,297
2600033572,Monte Horebe,-7.193888,-38.562222,50,0,5,20:-40,200
2600033573,Monte Horebe,-7.225277,-38.555833,41.8,0,5,19:-39,2980
2600033574,Monte Horebe,-7.225,-38.555833,26,0,5,19:-39,539
2600033575,Monte Horebe,-7.225833,-38.546388,44.46,0,5,19:-39,622
2600033576,Monte Horebe,-7.220277,-38.573055,42.17,0,2,19:-40,1473
2600033577,Monte Horebe,-7.190833,-38.578888,33,0,5,20:-40,309
2600033580,São José de Piranhas,-7.169166,-38.520277,49.14,0,5,20:-39,333
2600033581,São José de Piranhas,-7.181666,-38.509444,44.21,0,1,20:-38,252
2600033582,Monte Horebe,-7.191111,-38.513333,24.7,0,1,20:-38,418
2600033583,Monte Horebe,-7.202222,-38.548611,49,0,5,19:-39,326
2600033584,Monte Horebe,-7.204444,-38.561111,43.6,0,2,19:-40,407
2600033585,Monte Horebe,-7.202777,-38.561111,51,0,2,19:-40,565
2600033586,Monte Horebe,-7.21,-38.516111,30,0,3,19:-38,285
2600033587,Monte Horebe,-7.191666,-38.500833,50,0,1,20:-38,438
2600033590,Monte Horebe,-7.193333,-38.507777,51.25,0,1,20:-38,300
2600033592,Monte Horebe,-7.192222,-38.504722,45,0,1,20:-38,446
2600033594,Monte Horebe,-7.198611,-38.508333,50,0,1,20:-38,416
2600033595,Monte Horebe,-7.198888,-38.535277,43,0,5,20:-39,535
2600033596,Monte Horebe,-7.205,-38.5375,45,0,5,19:-39,1149
2600033597,Monte Horebe,-7.211388,-38.565555,58.55,0,2,19:-40,1031
2600033598,Monte Horebe,-7.21,-38.568611,44.16,0,2,19:-40,853
2600033599,Monte Horebe,-7.206944,-38.566666,49.33,0,2,19:-40,337
2600033600,Monte Horebe,-7.191388,-38.535,50,0,5,20:-39,430
2600033602,Monte Horebe,-7.194722,-38.614166,53.35,0,5,20:-41,1479
2600033604,Monte Horebe,-7.215555,-38.4975,53,0,3,19:-38,480
2600033605,Monte Horebe,-7.215277,-38.495,48,0,3,19:-38,860
2600033607,Monte Horebe,-7.235,-38.545277,30.56,0,5,19:-39,834
2600033608,Monte Horebe,-7.245,-38.549166,46.85,0,5,18:-39,957
2600033610,Monte Horebe,-7.190555,-38.5625,44,0,5,20:-40,317
2600033611,Monte Horebe,-7.174722,-38.5375,55,0,5,20:-39,371
2600033612,Monte Horebe,-7.188888,-38.453888,31.69,0,3,20:-37,1044
2600033613,Salgadinho,-7.101111,-36.854444,33,0,5,22:3,2600
2600033615,Salgadinho,-7.105,-36.855555,33,1,5,22:3,3010
2600033616,Salgadinho,-7.1,-36.868333,25,0,5,22:3,2520
2600033620,Salgadinho,-7.103055,-36.843611,45,1,5,22:3,4300
2600033621,Salgadinho,-7.061666,-36.775,70,0,4,23:5,682
2600033622,Salgadinho,-7.061666,-36.775555,50,0,4,23:5,372
2600033623,Salgadinho,-7.061944,-36.775555,35,0,4,23:5,458
2600033626,Patos,-7.050833,-37.283333,36,1,1,23:-8,4650
2600033627,Patos,-7.050555,-37.284444,35,1,1,23:-8,4120
2600033628,Patos,-7.048333,-37.284166,40,0,1,23:-8,846
2600033629,Patos,-7.047777,-37.282222,40,1,1,23:-8,8640
2600033630,Patos,-7.06,-37.291111,40,1,1,23:-8,3320
2600033632,Patos,-7.059722,-37.2925,50,1,1,23:-8,6060
2600033633,Patos,-7.0625,-37.292222,50,1,1,23:-8,3820
2600033634,Patos,-7.062777,-37.292777,50,1,1,23:-8,3090
2600033635,Patos,-7.039722,-37.2775,50,1,2,24:-7,7940
2600033637,Patos,-7.064166,-37.269444,33,0,5,23:-7,2170
2600033640,Patos,-7.058333,-37.274444,42,0,5,23:-7,1714
2600033642,Patos,-7.058333,-37.273611,42,0,5,23:-7,2750
2600033643,Patos,-7.048611,-37.275,40,1,5,23:-7,3170
2600033645,Patos,-7.041388,-37.270277,50,1,5,23:-7,11330
2600033646,Patos,-7.017222,-37.287222,36,0,2,24:-8,2230
2600033650,Patos,-7.004166,-37.301944,70,1,2,24:-8,4080
2600033651,Patos,-6.981666,-37.293611,28,0,1,25:-8,563
2600033652,Patos,-6.977777,-37.286666,49,1,1,25:-8,3640
2600033655,Patos,-6.953055,-37.255277,22,0,4,26:-7,1619
2600033657,Patos,-6.978611,-37.211666,50,1,3,25:-6,4820
2600033658,Patos,-6.983888,-37.208333,58,0,3,25:-6,1905
2600033660,Patos,-6.986111,-37.198055,34,0,4,25:-5,2430
2600033664,Quixaba,-7.059722,-37.230277,48,0,1,23:-6,1765
2600033666,Quixaba,-7.067777,-37.215277,60,1,1,23:-6,7110
2600033667,Patos,-7.0925,-37.252777,50,1,5,22:-7,6740
2600033668,Patos,-7.091388,-37.252222,50,1,5,22:-7,7330
2600033673,Patos,-7.088333,-37.250555,50,1,5,22:-7,4020
2600033674,Patos,-7.084722,-37.251111,35,0,5,22:-7,2880
2600033675,Patos,-7.084722,-37.251388,50,0,5,22:-7,2670
2600033676,Patos,-7.083055,-37.251111,35,1,5,22:-7,3600
2600033677,Patos,-7.086111,-37.251388,50,1,5,22:-7,6930
2600033678,Patos,-7.07,-37.264722,50,1,5,23:-7,5850
2600033679,Patos,-7.073888,-37.266666,46,0,5,23:-7,2240
2600033680,Patos,-7.064722,-37.278611,35,1,5,23:-7,7750
2600033681,Patos,-7.067777,-37.277222,45,1,5,23:-7,5380
2600033684,Patos,-7.073611,-37.286666,40,1,1,23:-8,5530
2600033685,Patos,-7.065,-37.277222,40,0,5,23:-7,307
2600033687,Santa Teresinha,-7.046944,-37.355555,40,0,3,23:-9,1186
2600033689,Patos,-7.038055,-37.325,30,0,1,24:-9,635
2600033690,Patos,-7.039166,-37.326666,40,0,1,24:-9,1428
2600033691,Patos,-7.0425,-37.326111,45,0,3,23:-9,2220
2600033693,Patos,-7.038333,-37.324444,50,0,1,24:-9,698
2600033694,Patos,-7.027222,-37.3575,56,0,1,24:-9,695
2600033695,Patos,-7.046388,-37.311666,36,1,1,23:-8,5740
2600033697,Patos,-6.950555,-37.389444,46,1,4,26:-10,6080
2600033699,Patos,-6.947222,-37.413333,45,0,2,26:-11,1017
2600033701,Patos,-6.945555,-37.428888,48,0,2,26:-11,878
2600033706,Patos,-6.975,-37.449444,30,0,2,25:-12,1554
2600033710,Patos,-6.978888,-37.411666,28,0,2,25:-11,1212
2600033712,Patos,-6.980555,-37.424444,36,0,2,25:-11,1170
2600033713,Patos,-6.988333,-37.433333,45,0,2,25:-11,1633
2600033714,Patos,-6.989444,-37.433888,36,0,2,25:-11,1255
2600033715,Patos,-6.966388,-37.389166,34,0,3,25:-10,508
2600033716,Patos,-6.980833,-37.378888,32,1,3,25:-10,3540
2600033718,Patos,-6.999166,-37.329444,48,0,4,25:-9,731
2600033720,Patos,-6.996666,-37.324722,49,0,4,25:-9,1353
2600033721,Patos,-6.952222,-37.371944,24,0,4,26:-10,1436
2600033722,Patos,-6.95,-37.373888,45,0,4,26:-10,1421
2600033724,Patos,-6.963611,-37.344166,24,0,4,25:-9,958
2600033726,Patos,-6.996111,-37.305833,29,0,1,25:-8,2470
2600033728,Patos,-6.962777,-37.276666,50,1,1,25:-7,5570
2600033730,Patos,-6.95,-37.264444,46,1,4,26:-7,5770
2600033732,Patos,-6.948888,-37.261666,50,1,4,26:-7,4050
2600033733,Patos,-6.948333,-37.273888,36,0,4,26:-7,1260
2600033734,Patos,-6.958055,-37.253333,26,0,4,26:-7,746
2600033735,Patos,-6.957777,-37.252777,45,0,4,26:-7,910
2600033737,Patos,-6.933333,-37.263333,40,0,4,26:-7,2840
2600033738,Patos,-6.931666,-37.2625,40,0,4,26:-7,2490
2600033740,Patos,-6.930555,-37.252222,40,0,4,26:-7,618
2600033741,Patos,-6.932222,-37.239722,40,0,4,26:-6,1399
2600033742,Patos,-6.918611,-37.207777,42,0,1,27:-6,374
2600033744,Patos,-6.955277,-37.235833,60,0,4,26:-6,943
2600033745,Patos,-6.961944,-37.228888,45,1,3,25:-6,3750
2600033747,Patos,-6.965833,-37.226944,50,0,3,25:-6,2440
2600033748,Patos,-6.962222,-37.230555,36,1,3,25:-6,4030
2600033750,Patos,-6.954444,-37.220555,30,0,4,26:-6,534
2600033752,Patos,-6.975277,-37.212777,51,1,3,25:-6,4140
2600033754,Patos,-6.984444,-37.205833,34,1,3,25:-6,3320
2600033758,Patos,-7.019722,-37.251666,34,0,2,24:-7,2910
2600033759,Quixaba,-7.058888,-37.235,45,0,1,23:-6,2730
2600033760,Patos,-7.058888,-37.239722,36,1,1,23:-6,4120
2600033763,Patos,-7.096666,-37.250277,30,1,5,22:-7,4450
2600033764,Patos,-7.096111,-37.316666,48,1,2,22:-8,4440
2600033765,Patos,-6.963055,-37.365833,40,0,3,25:-10,1157
2600033768,Tavares,-7.633333,-37.924722,35,0,2,9:-24,324
2600033770,Tavares,-7.639166,-37.918888,38,0,3,9:-23,288
2600033780,Tavares,-7.638888,-37.841944,36,0,4,9:-22,1527
2600033789,Tavares,-7.656944,-37.759444,26,0,5,8:-19,1756
2600033791,Juru,-7.625833,-37.773611,46,0,3,9:-20,322
2600033792,Tavares,-7.624722,-37.806666,40,0,2,9:-21,669
2600033794,Tavares,-7.636944,-37.876111,45,0,4,9:-22,211
2600033797,Santa Helena,-6.693611,-38.623055,55,0,4,32:-41,2060
2600033798,Santa Luzia,-6.868333,-36.940277,36,0,5,28:1,670
2600033800,Santa Luzia,-6.870277,-36.939722,50,0,5,28:1,674
2600033803,Santa Luzia,-6.875277,-36.969166,30,1,5,28:0,3325
2600033804,Santa Luzia,-6.918055,-36.837777,50,0,4,27:4,2270
2600033805,Santa Luzia,-6.916666,-36.828888,40,0,4,27:4,1250
2600033806,Santa Luzia,-6.918055,-36.819166,50,0,4,27:4,1036
2600033807,Santa Luzia,-6.908611,-36.875555,48,1,3,27:3,5660
2600033808,Santa Luzia,-6.889722,-36.868888,43,0,3,27:3,1850
2600033810,Santa Luzia,-6.901111,-36.887222,38,1,4,27:2,3010
2600033813,Santa Luzia,-6.91,-36.903333,25,1,4,27:2,5790
2600033814,Santa Luzia,-6.910833,-36.896944,50,1,4,27:2,4900
2600033816,Santa Luzia,-6.896666,-36.906388,40,1,4,27:2,6360
2600033819,Santa Luzia,-6.912222,-36.903611,34,1,4,27:2,3770
2600033821,Santa Luzia,-6.914166,-36.906666,18,1,4,27:2,3070
2600033824,Santa Luzia,-6.940277,-36.907222,27,0,4,26:2,1638
2600033825,Santa Luzia,-6.942222,-36.916666,55,0,4,26:2,1761
2600033826,Santa Luzia,-6.945,-36.918333,70,0,4,26:2,1876
2600033828,Santa Luzia,-6.941666,-36.906111,35,1,4,26:2,4410
2600033829,Santa Luzia,-6.883888,-36.908888,30,1,4,27:2,7210
2600033830,Santa Luzia,-6.888055,-36.902777,35,0,4,27:2,2500
2600033832,Santa Luzia,-6.889166,-36.910277,50,1,4,27:2,4370
2600033834,São José de Princesa,-7.788611,-38.105,22,0,5,5:-28,281
2600033835,São José de Princesa,-7.789166,-38.095,40,0,5,5:-28,1563
2600033838,São José de Princesa,-7.77,-38.103888,48,0,5,5:-28,1291
2600033844,São José de Princesa,-7.739166,-38.094166,50,0,4,6:-28,221
2600033847,São José de Princesa,-7.723055,-38.116944,47,0,4,6:-28,253
2600033852,São José de Princesa,-7.77,-38.084166,50,0,5,5:-28,727
2600033855,São José de Princesa,-7.659722,-38.078888,50,0,2,8:-27,1712
2600033858,São José de Princesa,-7.709166,-38.087777,25,0,5,7:-28,327
2600033863,Princesa Isabel,-7.735277,-38.078888,32,0,5,6:-27,1464
2600033864,São José de Princesa,-7.724722,-38.0775,53,0,5,6:-27,447
2600033872,Diamante,-7.3875,-38.305277,30,0,2,15:-33,1184
2600033873,Diamante,-7.390555,-38.3575,26,0,3,15:-34,1067
2600033874,Diamante,-7.373611,-38.341111,58,0,3,15:-34,381
2600033875,Diamante,-7.366111,-38.320277,45,0,3,15:-34,841
2600033877,Diamante,-7.406111,-38.256111,42,0,1,14:-32,849
2600033878,Ibiara,-7.488611,-38.337222,51,0,1,12:-34,1040
2600033881,Boa Ventura,-7.426944,-38.2425,50,0,1,14:-32,2060
2600033882,Santo André,-7.195555,-36.620555,35,1,2,20:9,14750
2600033884,Santo André,-7.197222,-36.614444,50,0,2,20:9,2570
2600033886,Santo André,-7.169722,-36.606111,45,1,2,20:9,6750
2600033887,Taperoá,-7.213888,-36.687777,40,0,5,19:7,1205
2600033888,Santo André,-7.223333,-36.613333,50,0,3,19:9,1287
2600033889,Santo André,-7.22,-36.605,48,1,3,19:9,7460
2600033890,Santo André,-7.216111,-36.578333,40,0,5,19:10,2890
2600033891,Santo André,-7.224166,-36.57,36,0,5,19:10,1517
2600033892,Santo André,-7.204722,-36.573611,48,1,5,19:10,17640
2600033893,Santo André,-7.196111,-36.571111,40,1,5,20:10,12790
2600033894,Santo André,-7.183333,-36.578888,30,0,5,20:10,1776
2600033895,Santo André,-7.186388,-36.599722,36,0,5,20:10,2470
2600033896,Santo André,-7.186388,-36.603333,32,0,2,20:9,2870
2600033897,Santo André,-7.21,-36.632222,45,1,3,19:9,5380
2600033898,Santo André,-7.228611,-36.627222,45,1,3,19:9,35100
2600033899,Santo André,-7.243888,-36.616388,45,0,2,18:9,1281
2600033900,Santo André,-7.241666,-36.612777,40,0,2,18:9,2050
2600033901,Santo André,-7.24,-36.596666,50,0,5,18:10,1467
2600033902,Santo André,-7.235833,-36.594444,50,0,5,19:10,1598
2600033903,Santo André,-7.230555,-36.605277,50,0,3,19:9,1085
2600033904,Santo André,-7.236944,-36.633611,33,1,3,19:9,3290
2600033906,Santo André,-7.273055,-36.634444,30,1,2,18:9,13410
2600033907,Santo André,-7.279722,-36.645,32,0,1,18:8,1905
2600033908,Santo André,-7.268333,-36.640277,31,0,1,18:8,316
2600033909,Santo André,-7.268055,-36.656388,33,1,1,18:8,8220
2600033910,Santo André,-7.27,-36.650555,31,1,1,18:8,9220
2600033911,Santo André,-7.272777,-36.629166,50,1,2,18:9,9400
2600033912,Santo André,-7.258333,-36.616388,40,1,2,18:9,5570
2600033914,Santo André,-7.265555,-36.585555,45,1,5,18:10,3900
2600033915,Santo André,-7.262222,-36.592777,24,1,5,18:10,6650
2600033918,Santo André,-7.249722,-36.602222,38,0,2,18:9,940
2600033919,Santo André,-7.255833,-36.610833,35,1,2,18:9,3250
2600033920,Santo André,-7.261388,-36.635277,45,1,2,18:9,4070
2600033921,Santo André,-7.260555,-36.635277,37,1,2,18:9,9270
2600033922,Santo André,-7.260555,-36.641666,35,1,1,18:8,6910
2600033923,Santo André,-7.244444,-36.640833,50,0,1,18:8,952
2600033924,Santo André,-7.233611,-36.6425,37,0,3,19:8,960
2600033927,Santo André,-7.214444,-36.625555,45,1,3,19:9,4540
2600033928,Santo André,-7.224444,-36.631388,50,1,3,19:9,30500
2600033931,Santa Inês,-7.623333,-38.555833,38,0,3,9:-39,2150
2600033932,Santa Inês,-7.630833,-38.568888,4.69,0,2,9:-40,1466
2600033933,Santa Inês,-7.616666,-38.644166,45,0,1,9:-42,878
2600033934,Santa Inês,-7.600555,-38.6275,50,0,2,9:-41,918
2600033935,Santa Inês,-7.609444,-38.616944,50,0,2,9:-41,961
2600033936,Conceição,-7.590277,-38.596944,70,0,3,10:-40,706
2600033937,Santa Inês,-7.619722,-38.596944,50,0,2,9:-40,2000
2600033938,Santa Inês,-7.626666,-38.557222,35,0,3,9:-39,893
2600033941,Santa Inês,-7.6975,-38.51,55,0,3,7:-38,1105
2600033943,Santa Inês,-7.694166,-38.506944,55,0,3,7:-38,590
2600033946,Santa Inês,-7.695,-38.594166,45,1,5,7:-40,10420
2600033947,Santa Inês,-7.669166,-38.628055,12,0,4,8:-41,1071
2600033950,Igaracy,-7.099722,-38.127222,46,0,2,22:-29,950
2600033951,Igaracy,-7.086944,-38.12,46,0,4,22:-28,907
2600033952,Igaracy,-7.0975,-38.151388,46,0,2,22:-29,1819
2600033954,Aguiar,-7.093333,-38.171111,24,0,5,22:-30,1819
2600033955,Aguiar,-7.1375,-38.290555,34,0,3,21:-33,1238
2600033956,Aguiar,-7.106111,-38.279166,57,0,4,22:-32,1129
2600033957,Aguiar,-7.101388,-38.261666,27,0,4,22:-32,664
2600033959,Aguiar,-7.030833,-38.156111,57,0,4,24:-29,715
2600033960,Aguiar,-7.074722,-38.121944,50,0,2,23:-29,859
2600033961,Aguiar,-7.087777,-38.170555,40,0,5,22:-30,1642
2600033962,Água Branca,-7.526944,-37.679722,50,1,4,11:-17,3070
2600033964,Água Branca,-7.521111,-37.671388,38,1,4,11:-17,5010
2600033966,Água Branca,-7.513333,-37.684444,28,1,1,12:-18,4370
2600033967,Água Branca,-7.508333,-37.676388,30,1,3,12:-17,3770
2600033968,Água Branca,-7.501666,-37.6775,35,0,3,12:-17,1132
2600033969,Água Branca,-7.4925,-37.690277,26,0,1,12:-18,2300
2600033970,Água Branca,-7.495555,-37.701944,38,1,1,12:-18,4100
2600033971,Juru,-7.494166,-37.722777,50,0,4,12:-19,2300
2600033972,Água Branca,-7.504722,-37.698611,25,1,1,12:-18,3510
2600033976,Água Branca,-7.524444,-37.631944,38,0,5,11:-16,1101
2600033981,Água Branca,-7.428333,-37.700277,50,0,1,14:-18,1560
2600033983,Água Branca,-7.504722,-37.626944,42,1,4,12:-16,9500
2600033989,Água Branca,-7.4275,-37.628055,36,0,2,14:-16,441
2600033994,Água Branca,-7.442222,-37.588888,32,1,3,13:-15,6930
2600033995,Água Branca,-7.456111,-37.570277,38,1,3,13:-15,5060
2600033996,Água Branca,-7.466111,-37.577222,26,0,3,13:-15,1059
2600033997,Água Branca,-7.466388,-37.575833,40,0,3,13:-15,650
2600033999,Água Branca,-7.503333,-37.625,32,1,4,12:-16,3180
2600034003,Água Branca,-7.511111,-37.709166,42,0,1,12:-18,1597
2600034004,Água Branca,-7.526944,-37.698888,27,0,4,11:-18,2100
2600034006,Água Branca,-7.489722,-37.593611,30,1,5,12:-15,4830
2600034009,Água Branca,-7.507777,-37.628611,50,1,4,12:-16,3130
2600034010,Santa Luzia,-6.947777,-36.921388,27,0,4,26:1,2280
2600034011,Santa Luzia,-6.963055,-36.914444,50,1,5,25:2,3600
2600034012,Santa Luzia,-6.968611,-36.917222,42,0,5,25:2,2560
2600034013,Santa Luzia,-6.962777,-36.920555,50,0,3,25:1,2000
2600034014,Santa Luzia,-6.963333,-36.92,50,0,3,25:1,2630
2600034015,Santa Luzia,-6.967777,-36.936111,36,0,3,25:1,996
2600034016,Santa Luzia,-6.964722,-36.933611,42,0,3,25:1,1577
2600034017,Santa Luzia,-6.963611,-36.905833,54,0,5,25:2,1132
2600034018,Santa Luzia,-6.958333,-36.908055,36,0,4,26:2,942
2600034019,Santa Luzia,-6.926388,-36.888611,50,0,4,26:2,946
2600034020,Santa Luzia,-6.925555,-36.894444,36.2,0,4,26:2,1980
2600034021,Santa Luzia,-6.899444,-36.885833,46,0,4,27:2,1415
2600034022,Santa Luzia,-6.881666,-36.911666,50,1,4,27:2,3130
2600034024,Santa Luzia,-6.911388,-36.971388,40,0,1,27:0,2950
2600034025,Santa Luzia,-6.885555,-36.964166,50,1,1,27:0,6780
2600034026,Santa Luzia,-6.892777,-36.948333,46,0,4,27:1,1516
2600034027,Santa Luzia,-6.892777,-36.948888,50,1,4,27:1,3420
2600034029,Santa Luzia,-6.8675,-36.960277,50,1,5,28:0,5350
2600034030,Santa Luzia,-6.867222,-36.96,47,0,5,28:0,1020
2600034031,Santa Luzia,-6.868333,-36.963611,40,1,5,28:0,15600
2600034033,Santa Luzia,-6.879444,-36.975,50,0,5,28:0,1633
2600034034,Santa Luzia,-6.887222,-36.974166,45,0,1,27:0,875
2600034035,São Mamede,-6.9425,-36.975277,60,1,2,26:0,3180
2600034036,Santa Luzia,-6.871111,-36.916944,45,1,2,28:2,4430
2600034037,Santa Luzia,-6.853333,-36.991666,50,1,5,28:0,11160
2600034038,Santa Luzia,-6.803333,-36.921388,46,0,5,29:1,2540
2600034039,Santa Luzia,-6.782222,-36.922222,36,0,3,30:1,2270
2600034040,Santa Luzia,-6.782222,-36.914722,51,0,4,30:2,571
2600034041,Santa Luzia,-6.794444,-36.926388,35,0,3,30:1,1223
2600034042,Santa Luzia,-6.780555,-36.938055,35,0,3,30:1,1721
2600034043,Santa Luzia,-6.781111,-36.938333,35,0,3,30:1,2710
2600034044,Santa Luzia,-6.796944,-36.9475,36,0,3,30:1,2920
2600034045,Santa Luzia,-6.815,-36.954166,36,0,5,29:1,1084
2600034046,Várzea,-6.816666,-36.958888,36,0,5,29:1,2000
2600034047,Santa Luzia,-6.813333,-36.953333,36,0,5,29:1,1334
2600034048,Santa Luzia,-6.847777,-36.943055,50,1,5,28:1,4350
2600034049,Santa Luzia,-6.843611,-36.943888,50,1,5,28:1,5140
2600034050,Santa Luzia,-6.844444,-36.951388,50,1,5,28:1,3020
2600034051,Santa Luzia,-6.844722,-36.950833,35,0,5,28:1,2030
2600034053,Santa Luzia,-6.840277,-36.884444,22,1,2,28:2,3370
2600034054,Santa Luzia,-6.865,-36.879166,48,0,4,28:3,1401
2600034055,Santa Luzia,-6.849444,-36.881666,48,0,2,28:2,1375
2600034056,Santa Luzia,-6.845277,-36.883333,32,0,2,28:2,1502
2600034057,São José do Sabugi,-6.850555,-36.848611,44,0,4,28:3,687
2600034058,Santa Luzia,-6.870555,-36.855833,60,0,4,28:3,873
2600034059,Santa Luzia,-6.876666,-36.862777,36,0,4,28:3,754
2600034060,Santa Luzia,-6.876111,-36.86,48,0,4,28:3,1564
2600034061,Santa Luzia,-6.87,-36.8525,49,0,4,28:3,2000
2600034062,Santa Luzia,-6.872777,-36.908888,35,1,2,28:2,5720
2600034063,Santa Luzia,-6.8725,-36.905,40,0,2,28:2,1290
2600034064,Santa Luzia,-6.873611,-36.905555,42,1,2,28:2,10800
2600034065,Santa Luzia,-6.886388,-36.893333,25,0,4,27:2,1680
2600034066,Santa Luzia,-6.896666,-36.885833,30,0,4,27:2,1650
2600034068,Santa Luzia,-6.8975,-36.848888,48,0,3,27:3,1205
2600034069,Santa Luzia,-6.897222,-36.848055,48,0,3,27:3,1393
2600034070,Santa Luzia,-6.896388,-36.841388,39,0,3,27:3,1323
2600034072,Santa Luzia,-6.889722,-36.839722,24,0,4,27:4,1670
2600034073,Santa Luzia,-6.893611,-36.832222,50,0,4,27:4,1316
2600034075,Santa Luzia,-6.877222,-36.893888,40,0,2,28:2,498
2600034077,Santa Luzia,-6.880277,-36.890833,24,0,4,27:2,578
2600034079,Santa Luzia,-6.881944,-36.878333,45,0,3,27:3,2430
2600034080,Santa Luzia,-6.883611,-36.882777,30,0,4,27:2,1230
2600034081,Santa Luzia,-6.911666,-36.863333,32,0,3,27:3,1140
2600034084,Santa Luzia,-6.918888,-36.851944,50,0,3,27:3,1400
2600034085,Santa Luzia,-6.919166,-36.838333,36,0,4,27:4,2130
2600034086,Santa Luzia,-6.870833,-36.921944,38,1,5,28:1,4370
2600034089,Santa Luzia,-6.875833,-36.910555,50,1,2,28:2,8390
2600034091,Santa Luzia,-6.871666,-36.913055,50,0,2,28:2,2350
2600034093,Santa Luzia,-6.873888,-36.916111,50,0,2,28:2,2260
2600034095,Santa Luzia,-6.869444,-36.914722,45,0,2,28:2,705
2600034097,Santa Luzia,-6.870555,-36.925555,40,0,5,28:1,2180
2600034098,Santa Luzia,-6.870277,-36.9325,50,0,5,28:1,823
2600034104,Santa Luzia,-6.8725,-36.928888,50,0,5,28:1,1402
2600034105,Santa Luzia,-6.871111,-36.928611,32,0,5,28:1,1270
2600034106,Santa Luzia,-6.8675,-36.927777,40,1,5,28:1,5620
2600034108,Santa Luzia,-6.864444,-36.924722,45,1,5,28:1,7780
2600034109,Santa Luzia,-6.868888,-36.921388,40,1,5,28:1,6390
2600034112,Cajazeiras,-6.891388,-38.573333,30,0,3,27:-40,283
2600034113,Cajazeiras,-6.892222,-38.603055,15,0,1,27:-41,773
2600034114,Cajazeiras,-6.876666,-38.624722,31,0,2,28:-41,729
2600034115,Cajazeiras,-6.868888,-38.641666,30,0,2,28:-42,1131
2600034116,Cajazeiras,-6.870555,-38.642222,45,0,2,28:-42,1461
2600034118,Cajazeiras,-6.872222,-38.643055,40,0,2,28:-42,770
2600034120,Cajazeiras,-6.880555,-38.646388,50,0,3,27:-42,865
2600034121,Cajazeiras,-6.880555,-38.645,48,0,3,27:-42,798
2600034122,Cajazeiras,-6.876666,-38.644722,60,0,2,28:-42,1262
2600034127,Cajazeiras,-7.033333,-38.593611,21,0,4,24:-40,1067
2600034129,Cajazeiras,-7.019166,-38.591111,11,0,4,24:-40,521
2600034130,Cajazeiras,-7.020555,-38.591944,19,0,4,24:-40,1780
2600034131,Cajazeiras,-7.02,-38.595555,16,0,4,24:-40,823
2600034132,Cajazeiras,-7.020555,-38.588888,35,0,4,24:-40,895
2600034133,Cajazeiras,-7.015,-38.580277,39,0,4,24:-40,1044
2600034134,Cajazeiras,-7.014722,-38.577222,40,0,4,24:-40,748
2600034135,Cajazeiras,-7.002777,-38.647222,52,0,4,24:-42,902
2600034136,Cajazeiras,-7.011666,-38.623888,36,0,5,24:-41,632
2600034137,Cajazeiras,-7.013333,-38.620833,23,0,5,24:-41,824
2600034138,Cajazeiras,-7.012777,-38.6225,29,0,5,24:-41,663
2600034139,Cajazeiras,-7.011666,-38.618333,52,0,5,24:-41,1015
2600034140,Cajazeiras,-7.003055,-38.607777,30,0,5,24:-41,1270
2600034141,Cajazeiras,-7.005555,-38.606666,50,0,5,24:-41,593
2600034142,Cajazeiras,-7.0075,-38.601666,31,0,5,24:-41,685
2600034143,Cajazeiras,-7.0075,-38.596388,55,0,4,24:-40,2180
2600034144,Cajazeiras,-7.005833,-38.5975,25,0,4,24:-40,519
2600034146,Cajazeiras,-7.0075,-38.597222,50,0,4,24:-40,909
2600034147,Cajazeiras,-7.006388,-38.596388,68,0,4,24:-40,822
2600034148,Cajazeiras,-6.905277,-38.563888,48,0,3,27:-40,1060
2600034149,Cajazeiras,-6.913611,-38.571111,26,0,3,27:-40,1156
2600034150,Cajazeiras,-6.914722,-38.571388,36,0,3,27:-40,846
2600034151,Cajazeiras,-6.915277,-38.571666,50,0,3,27:-40,908
2600034152,Cajazeiras,-6.915,-38.572222,36,0,3,27:-40,667
2600034154,Cajazeiras,-6.98,-38.625833,30,0,5,25:-41,1075
2600034155,Cajazeiras,-6.975833,-38.64,12,1,1,25:-42,3280
2600034159,Cajazeiras,-6.980833,-38.615833,45,0,5,25:-41,519
2600034160,Cajazeiras,-6.976388,-38.621944,27,0,5,25:-41,1086
2600034161,Cajazeiras,-6.980277,-38.605555,15,0,5,25:-41,512
2600034162,Cajazeiras,-6.979722,-38.598333,19,0,2,25:-40,796
2600034163,Cajazeiras,-6.979722,-38.599166,31,0,2,25:-40,699
2600034164,Cajazeiras,-6.920833,-38.571944,30,0,2,26:-40,1177
2600034165,Cajazeiras,-6.9175,-38.571666,50,0,3,27:-40,950
2600034166,Cajazeiras,-6.917222,-38.570277,50,0,3,27:-40,906
2600034167,Cajazeiras,-6.914722,-38.569444,50,0,3,27:-40,628
2600034169,Cajazeiras,-6.929444,-38.570277,50,0,2,26:-40,1510
2600034170,Cajazeiras,-6.926111,-38.570833,50,0,2,26:-40,1368
2600034171,Cajazeiras,-6.925555,-38.572222,49,0,2,26:-40,704
2600034172,Cajazeiras,-6.933333,-38.57,36,0,2,26:-40,712
2600034173,Cajazeiras,-6.989166,-38.596666,52,0,2,25:-40,403
2600034174,Cajazeiras,-6.989444,-38.6025,20,0,5,25:-41,754
2600034175,Cajazeiras,-6.978888,-38.596111,30,0,2,25:-40,2219
2600034176,Cajazeiras,-6.979444,-38.595,30,0,2,25:-40,1061
2600034177,Cajazeiras,-6.979722,-38.5925,30,0,2,25:-40,1107
2600034178,Cajazeiras,-6.989444,-38.587777,36,0,2,25:-40,822
2600034179,Cajazeiras,-6.976944,-38.581111,47,0,2,25:-40,516
2600034180,Cajazeiras,-6.929722,-38.571944,32,0,2,26:-40,401
2600034181,Cajazeiras,-6.930555,-38.571111,38,0,2,26:-40,442
2600034182,Cajazeiras,-6.924444,-38.574722,42,0,2,26:-40,1556
2600034183,Cajazeiras,-6.926944,-38.578333,32,0,2,26:-40,1050
2600034184,Cajazeiras,-6.925555,-38.578333,35,0,2,26:-40,740
2600034185,Cajazeiras,-6.939166,-38.5775,39,0,2,26:-40,1017
2600034186,Cajazeiras,-6.95,-38.579444,40,0,2,26:-40,788
2600034187,Cajazeiras,-6.954166,-38.581111,30,0,2,26:-40,1212
2600034188,Cajazeiras,-6.963888,-38.576666,27,0,2,25:-40,915
2600034189,Cajazeiras,-6.963611,-38.578333,18,0,2,25:-40,727
2600034190,Cajazeiras,-6.9275,-38.605833,28.5,0,3,26:-41,641
2600034192,Cajazeiras,-6.911944,-38.615555,35,0,1,27:-41,569
2600034193,Cajazeiras,-6.916944,-38.606944,50,0,1,27:-41,709
2600034194,Cajazeiras,-6.901944,-38.602222,50,0,1,27:-41,866
2600034196,Cajazeiras,-6.900555,-38.629444,42,0,1,27:-41,1111
2600034197,Cajazeiras,-6.898611,-38.633055,50,0,1,27:-41,955
2600034200,Cajazeiras,-6.893611,-38.595,40,0,3,27:-40,943
2600034201,Cajazeiras,-6.885,-38.616666,40,0,1,27:-41,568
2600034204,Cajazeiras,-6.854166,-38.616111,45,0,2,28:-41,591
2600034205,Cajazeiras,-6.85,-38.592222,34,0,1,28:-40,382
2600034206,Cajazeiras,-6.826111,-38.595833,18,0,2,29:-40,491
2600034207,Cajazeiras,-6.846666,-38.610277,35,0,2,28:-41,1047
2600034208,Cajazeiras,-6.858333,-38.605833,36,0,2,28:-41,1135
2600034209,Cajazeiras,-6.879722,-38.601111,36,0,2,28:-41,920
2600034210,Cajazeiras,-6.891111,-38.597777,26,0,3,27:-40,865
2600034211,Cajazeiras,-6.888333,-38.594166,50,0,3,27:-40,939
2600034212,Cajazeiras,-6.888333,-38.593333,40,0,3,27:-40,864
2600034213,Cajazeiras,-6.889166,-38.586666,50,0,3,27:-40,931
2600034214,Cajazeiras,-6.888611,-38.586944,42,0,3,27:-40,978
2600034215,Cajazeiras,-6.890277,-38.585,45,0,3,27:-40,2360
2600034216,Cajazeiras,-6.890555,-38.584444,21,0,3,27:-40,2690
2600034217,Catingueira,-7.102222,-37.628611,30,0,5,22:-16,801
2600034220,Catingueira,-7.085277,-37.672777,60,0,4,22:-17,661
2600034221,Catingueira,-7.131944,-37.596944,40,0,1,21:-15,1353
2600034222,Catingueira,-7.126666,-37.588055,45,0,1,21:-15,522
2600034225,Catingueira,-7.128333,-37.581944,35,0,1,21:-15,252
2600034229,Catingueira,-7.181111,-37.631944,46,0,1,20:-16,675
2600034230,Catingueira,-7.190833,-37.638333,28,0,1,20:-16,734
2600034231,Catingueira,-7.171944,-37.639166,50,0,1,20:-16,710
2600034232,Catingueira,-7.194722,-37.621944,50,0,1,20:-16,662
2600034233,Catingueira,-7.207777,-37.613888,60,0,2,19:-16,864
2600034234,Catingueira,-7.215555,-37.626666,50,0,2,19:-16,569
2600034235,Catingueira,-7.175,-37.561944,45,0,4,20:-15,1110
2600034236,Catingueira,-7.172777,-37.565277,50,0,4,20:-15,826
2600034238,Catingueira,-7.185,-37.548333,56,0,1,20:-14,716
2600034239,Catingueira,-7.121388,-37.607777,50,0,4,21:-16,1424
2600034240,Catingueira,-7.121666,-37.608611,35,0,4,21:-16,830
2600034246,Catingueira,-7.098333,-37.594722,26,0,1,22:-15,1473
2600034247,Catingueira,-7.071111,-37.548611,50,0,2,23:-14,718
2600034248,Catingueira,-7.054166,-37.534166,53,0,2,23:-14,1336
2600034250,Catingueira,-7.046944,-37.538888,31,0,2,23:-14,584
2600034252,Catingueira,-7.024722,-37.548055,27,0,5,24:-14,1232
2600034253,Catingueira,-7.000277,-37.544166,45,0,5,24:-14,619
2600034254,Condado,-6.996666,-37.539444,56,0,5,25:-14,1837
2600034255,Catingueira,-7.042777,-37.637222,46,0,3,23:-16,882
2600034259,Catingueira,-7.022222,-37.652222,45,0,2,24:-17,1150
2600034260,Catingueira,-7.020555,-37.649444,40,0,2,24:-17,1536
2600034261,Catingueira,-7.007222,-37.621944,40,0,4,24:-16,2420
2600034266,Catingueira,-7.041944,-37.583333,40,0,4,23:-15,697
2600034267,Catingueira,-7.040555,-37.580277,42,0,4,23:-15,1224
2600034268,Catingueira,-7.045555,-37.5975,50,0,4,23:-15,890
2600034270,Catingueira,-7.041111,-37.606111,45,0,3,23:-16,657
2600034272,Catingueira,-7.026111,-37.610555,45,0,4,24:-16,1488
2600034277,Uiraúna,-6.548333,-38.395833,40,0,2,36:-35,1284
2600034278,Uiraúna,-6.5625,-38.3925,50,0,1,35:-35,1325
2600034279,Uiraúna,-6.576388,-38.388888,35,0,1,35:-35,1348
2600034280,Uiraúna,-6.576666,-38.388055,46,0,1,35:-35,874
2600034281,Uiraúna,-6.568055,-38.399166,57,0,1,35:-35,2680
2600034282,Uiraúna,-6.571666,-38.401111,50,0,3,35:-36,728
2600034283,Uiraúna,-6.559722,-38.393333,50,0,2,36:-35,1639
2600034284,Uiraúna,-6.56,-38.391944,42,0,2,36:-35,1139
2600034285,Uiraúna,-6.558333,-38.394444,45,0,2,36:-35,1729
2600034288,Uiraúna,-6.537222,-38.398333,50,0,2,36:-35,1074
2600034289,Uiraúna,-6.54,-38.396111,52,0,2,36:-35,1346
2600034291,Uiraúna,-6.540555,-38.395555,51,0,2,36:-35,1031
2600034292,Uiraúna,-6.535277,-38.404722,50,0,4,36:-36,2060
2600034293,Uiraúna,-6.5375,-38.406111,50,0,4,36:-36,896
2600034294,Uiraúna,-6.531388,-38.405277,30,0,4,36:-36,1277
2600034295,Uiraúna,-6.531388,-38.406944,50,0,4,36:-36,1313
2600034296,Uiraúna,-6.533055,-38.403333,50,0,4,36:-36,1294
2600034297,Uiraúna,-6.519722,-38.389444,52,0,5,37:-35,907
2600034298,Uiraúna,-6.517777,-38.384166,50,0,5,37:-35,948
2600034299,Uiraúna,-6.516388,-38.385555,52,0,5,37:-35,966
2600034301,Uiraúna,-6.513333,-38.384722,60,0,5,37:-35,1193
2600034302,Uiraúna,-6.473333,-38.325833,50,0,2,38:-34,1248
2600034303,Uiraúna,-6.474722,-38.323055,51,0,2,38:-34,1290
2600034304,Uiraúna,-6.466666,-38.348888,36,0,2,38:-34,1489
2600034305,Uiraúna,-6.484722,-38.369166,23,1,5,37:-35,3140
2600034309,Uiraúna,-6.448055,-38.376388,49,0,4,38:-35,1466
2600034312,Uiraúna,-6.522222,-38.414722,66,0,4,36:-36,2290
2600034313,Uiraúna,-6.522222,-38.410555,50,0,4,36:-36,2830
2600034314,Uiraúna,-6.518055,-38.4025,42,0,5,37:-36,1015
2600034315,Uiraúna,-6.515,-38.413333,50,0,5,37:-36,2400
2600034316,Uiraúna,-6.516944,-38.406111,60,0,5,37:-36,1297
2600034317,Uiraúna,-6.518055,-38.408888,30,0,5,37:-36,1911
2600034318,Uiraúna,-6.5225,-38.409166,30,0,4,36:-36,1339
2600034319,Uiraúna,-6.525277,-38.415,85,0,4,36:-36,954
2600034320,Uiraúna,-6.526111,-38.414166,53,0,4,36:-36,865
2600034321,Uiraúna,-6.529722,-38.414166,35,0,4,36:-36,899
2600034322,Uiraúna,-6.528333,-38.414166,25,1,4,36:-36,3690
2600034323,Uiraúna,-6.527222,-38.415833,40,0,4,36:-36,705
2600034324,Uiraúna,-6.524722,-38.413611,50,0,4,36:-36,1988
2600034325,Uiraúna,-6.523611,-38.415,47,0,4,36:-36,2170
2600034326,Uiraúna,-6.523611,-38.412777,50,0,4,36:-36,433
2600034327,Uiraúna,-6.523888,-38.413611,35.15,1,4,36:-36,3500
2600034328,Uiraúna,-6.558611,-38.350555,50,0,4,36:-34,540
2600034329,Uiraúna,-6.556666,-38.348888,36,0,4,36:-34,1055
2600034330,Uiraúna,-6.545833,-38.35,45,0,4,36:-34,779
2600034331,Uiraúna,-6.542777,-38.375,50,0,2,36:-35,830
2600034332,Uiraúna,-6.535555,-38.374166,50,0,2,36:-35,780
2600034333,Uiraúna,-6.545,-38.373333,50,0,2,36:-35,1205
2600034334,Uiraúna,-6.547777,-38.382777,50,0,2,36:-35,859
2600034335,Uiraúna,-6.546944,-38.388333,35,0,2,36:-35,893
2600034336,Uiraúna,-6.547222,-38.391666,46,0,2,36:-35,947
2600034338,Uiraúna,-6.536111,-38.420833,50,1,4,36:-36,4760
2600034339,Uiraúna,-6.531944,-38.4325,40,0,4,36:-36,1113
2600034340,Uiraúna,-6.523333,-38.423611,30,0,4,36:-36,1426
2600034341,Uiraúna,-6.521111,-38.421944,50,0,4,36:-36,2330
2600034342,Uiraúna,-6.520277,-38.420833,45,1,4,36:-36,6930
2600034343,Uiraúna,-6.519444,-38.415833,32,0,5,37:-36,1847
2600034344,Uiraúna,-6.518888,-38.408888,44,0,5,37:-36,2590
2600034345,Uiraúna,-6.518333,-38.406944,29,0,5,37:-36,1380
2600034346,Uiraúna,-6.518611,-38.406944,50,0,5,37:-36,1724
2600034347,Uiraúna,-6.519166,-38.407777,50,0,5,37:-36,2030
2600034348,Uiraúna,-6.520277,-38.414722,50,1,4,36:-36,4820
2600034350,Uiraúna,-6.522222,-38.408611,32,0,4,36:-36,1155
2600034352,Uiraúna,-6.524166,-38.412777,48,0,4,36:-36,1523
2600034353,Uiraúna,-6.518611,-38.407777,50,0,5,37:-36,1649
2600034354,Uiraúna,-6.518611,-38.405277,50,0,5,37:-36,2810
2600034355,Uiraúna,-6.518055,-38.405277,50,0,5,37:-36,492
2600034356,Uiraúna,-6.518055,-38.405,32,0,5,37:-36,1490
2600034357,Uiraúna,-6.516944,-38.404722,40,0,5,37:-36,1565
2600034358,Uiraúna,-6.515,-38.405555,50,0,5,37:-36,1690
2600034360,Uiraúna,-6.512222,-38.4025,45,0,5,37:-36,1286
2600034361,Uiraúna,-6.513611,-38.404166,29,0,5,37:-36,1498
2600034362,Uiraúna,-6.521944,-38.410833,50,0,4,36:-36,2240
2600034363,Uiraúna,-6.521388,-38.413888,50,1,4,36:-36,3230
2600034364,Uiraúna,-6.521111,-38.412222,55,1,4,36:-36,3520
2600034365,Uiraúna,-6.531388,-38.419166,50,0,4,36:-36,1585
2600034366,Uiraúna,-6.532222,-38.418055,50,1,4,36:-36,10920
2600034367,Uiraúna,-6.525277,-38.415833,50,0,4,36:-36,1284
2600034368,Uiraúna,-6.525277,-38.416944,50,0,4,36:-36,1986
2600034369,Uiraúna,-6.52,-38.406388,50,0,5,37:-36,2150
2600034370,Uiraúna,-6.530833,-38.416111,32,0,4,36:-36,1150
2600034371,Uiraúna,-6.531111,-38.416388,50,0,4,36:-36,1156
2600034372,Uiraúna,-6.532222,-38.4175,50,1,4,36:-36,10060
2600034373,Uiraúna,-6.5175,-38.403611,47,0,5,37:-36,1225
2600034374,Uiraúna,-6.530833,-38.419444,37,0,4,36:-36,1950
2600034375,Uiraúna,-6.530833,-38.419722,50,0,4,36:-36,2960
2600034380,Passagem,-7.129722,-37.0475,50,0,3,21:-2,1597
2600034381,Passagem,-7.139444,-37.046666,63,1,3,21:-2,18060
2600034382,Passagem,-7.138888,-37.047777,50,1,3,21:-2,19130
2600034385,Passagem,-7.121388,-37.055555,45,0,3,21:-2,1713
2600034388,Quixaba,-7.104444,-37.090833,36,0,1,22:-3,2960
2600034389,Passagem,-7.114444,-37.035277,36,0,5,22:-1,918
2600034390,Passagem,-7.115277,-37.04,38,0,5,22:-1,1100
2600034391,Passagem,-7.114166,-37.016388,25,1,5,22:-1,3210
2600034392,Passagem,-7.149722,-37.045833,36,1,3,21:-2,12530
2600034396,Cajazeiras,-6.853888,-38.558333,32,0,5,28:-39,1472
2600034397,Cajazeiras,-6.829444,-38.573055,36,0,2,29:-40,329
2600034399,Cajazeiras,-6.824444,-38.5675,48,0,2,29:-40,1536
2600034401,Cajazeiras,-6.816388,-38.576666,50,0,2,29:-40,966
2600034402,Cajazeiras,-6.819722,-38.577222,38.5,0,2,29:-40,1065
2600034403,São João do Rio do Peixe,-6.796388,-38.552777,40,0,5,30:-39,1192
2600034405,Cajazeiras,-6.91,-38.582222,40,0,3,27:-40,1432
2600034407,Cajazeiras,-6.913333,-38.582777,40,0,3,27:-40,1460
2600034408,Cajazeiras,-6.927222,-38.593333,40,0,2,26:-40,1385
2600034409,Cajazeiras,-6.928055,-38.597222,27,0,2,26:-40,838
2600034410,Cajazeiras,-6.823333,-38.468055,42,0,1,29:-37,827
2600034411,Cajazeiras,-6.820277,-38.467222,27,0,1,29:-37,655
2600034413,Cajazeiras,-6.815277,-38.472222,36,0,1,29:-37,1140
2600034414,Cajazeiras,-6.814166,-38.476388,51,0,1,29:-37,1258
2600034415,Cajazeiras,-6.81,-38.494166,45,0,3,29:-38,1663
2600034416,Cajazeiras,-6.816944,-38.490555,50,0,3,29:-38,1582
2600034417,Cajazeiras,-6.816666,-38.488888,40,0,3,29:-38,1358
2600034418,Cajazeiras,-6.816944,-38.488888,25,0,3,29:-38,1250
2600034419,Cajazeiras,-6.808333,-38.500555,60,0,3,29:-38,1330
2600034420,Cajazeiras,-7.013611,-38.572222,38,0,4,24:-40,887
2600034421,Cajazeiras,-7.0075,-38.573888,33,0,4,24:-40,794
2600034422,Cajazeiras,-7.008055,-38.573611,30,0,4,24:-40,995
2600034424,Cajazeiras,-7.005555,-38.57,11,0,4,24:-40,976
2600034425,Cajazeiras,-6.975277,-38.583888,35,0,2,25:-40,772
2600034426,Cajazeiras,-6.945277,-38.594444,30,0,2,26:-40,1498
2600034427,Cajazeiras,-6.938888,-38.576666,27,0,2,26:-40,1502
2600034428,Cajazeiras,-6.942777,-38.570833,50,0,2,26:-40,637
2600034429,Cajazeiras,-6.936388,-38.565555,21,0,2,26:-40,449
2600034430,Cajazeiras,-6.934444,-38.5675,25,0,2,26:-40,762
2600034433,Cajazeiras,-6.974166,-38.535,30,0,1,25:-39,404
2600034434,Cajazeiras,-6.974444,-38.534722,30,0,1,25:-39,715
2600034436,Cajazeiras,-6.846944,-38.521666,50,0,5,28:-39,944
2600034438,Cajazeiras,-6.840833,-38.494444,52,0,4,28:-38,1079
2600034439,Cajazeiras,-6.841388,-38.494444,48,0,4,28:-38,920
2600034440,Cajazeiras,-6.845555,-38.475555,50,0,1,28:-37,952
2600034441,Cajazeiras,-6.846388,-38.4775,23,0,1,28:-37,309
2600034442,Cajazeiras,-6.841111,-38.473333,35,0,1,28:-37,861
2600034443,Cajazeiras,-6.842222,-38.456111,19,0,1,28:-37,532
2600034445,Cajazeiras,-6.851944,-38.466944,39.5,0,1,28:-37,654
2600034446,Cajazeiras,-6.8525,-38.466944,4.5,0,1,28:-37,2080
2600034447,Cajazeiras,-6.8525,-38.467222,38,0,1,28:-37,1520
2600034448,Cajazeiras,-6.864166,-38.535833,30,0,5,28:-39,494
2600034449,Cajazeiras,-6.863888,-38.536944,33,0,5,28:-39,1511
2600034450,Cajazeiras,-6.866388,-38.538333,28,0,5,28:-39,792
2600034452,Cajazeiras,-6.866666,-38.562222,41,0,1,28:-40,1506
2600034453,Cajazeiras,-6.833611,-38.560555,50,1,2,29:-40,6702
2600034454,Cajazeiras,-6.831388,-38.557222,40,0,4,29:-39,413
2600034455,Cajazeiras,-6.832222,-38.559166,50,0,4,29:-39,1620
2600034456,Cajazeiras,-6.829166,-38.553055,38,0,4,29:-39,741
2600034457,Cajazeiras,-6.829722,-38.558055,48,0,4,29:-39,1424
2600034458,Cajazeiras,-6.828055,-38.557222,65,0,4,29:-39,690
2600034459,Cajazeiras,-6.838055,-38.530555,36,0,4,29:-39,1012
2600034460,Cajazeiras,-6.836111,-38.528333,21,0,4,29:-39,1705
2600034461,Cajazeiras,-6.835833,-38.528055,27,0,4,29:-39,1767
2600034462,Cajazeiras,-6.839166,-38.525555,14,0,4,29:-39,1766
2600034463,Cajazeiras,-6.839722,-38.525833,24,0,4,29:-39,1520
2600034464,Cajazeiras,-6.9625,-38.537222,29,0,1,25:-39,829
2600034465,Cajazeiras,-6.962222,-38.536666,10,0,1,25:-39,1394
2600034466,Cajazeiras,-6.964722,-38.537777,50,0,1,25:-39,1907
2600034467,Cajazeiras,-6.925,-38.548333,50,0,3,26:-39,701
2600034468,Cajazeiras,-6.929444,-38.540555,22,0,3,26:-39,833
2600034469,Cajazeiras,-6.929166,-38.541388,32,0,3,26:-39,1211
2600034470,Cajazeiras,-6.928611,-38.540555,23,0,3,26:-39,1045
2600034471,Cajazeiras,-6.930833,-38.541111,25,0,3,26:-39,999
2600034472,Cajazeiras,-6.931111,-38.543055,50,0,3,26:-39,1080
2600034473,Cajazeiras,-6.931944,-38.543888,45,0,3,26:-39,1482
2600034474,Cajazeiras,-6.932222,-38.538888,47,0,3,26:-39,743
2600034475,Cajazeiras,-6.944444,-38.540833,50,0,3,26:-39,1055
2600034476,Cajazeiras,-6.945,-38.546388,45,0,3,26:-39,686
2600034477,Cajazeiras,-6.944722,-38.546388,40,0,3,26:-39,614
2600034479,Cajazeiras,-6.878888,-38.546111,30,0,5,28:-39,1430
2600034480,Cajazeiras,-6.878611,-38.545277,30,0,5,28:-39,1569
2600034481,Cajazeiras,-6.878888,-38.547222,30,0,5,28:-39,916
2600034482,Cajazeiras,-6.882222,-38.548888,40,0,5,27:-39,1276
2600034483,Cajazeiras,-6.880833,-38.546666,42,0,5,27:-39,1152
2600034484,Cajazeiras,-6.945555,-38.519722,18,0,3,26:-38,1217
2600034485,Cajazeiras,-6.891666,-38.484722,28,0,3,27:-38,909
2600034486,Cajazeiras,-6.883055,-38.491111,37,0,3,27:-38,510
2600034487,Cajazeiras,-6.886388,-38.488611,50,0,3,27:-38,1178
2600034488,Cajazeiras,-6.878055,-38.491111,27,0,4,28:-38,591
2600034490,Cajazeiras,-6.894166,-38.48,28,0,3,27:-37,680
2600034491,Cajazeiras,-6.896111,-38.528333,48,0,5,27:-39,1082
2600034492,Cajazeiras,-6.820277,-38.466944,30,0,1,29:-37,846
2600034493,Cajazeiras,-6.810555,-38.518888,31,0,3,29:-38,1222
2600034494,Cajazeiras,-6.883611,-38.548333,30,0,5,27:-39,1588
2600034495,Cajazeiras,-6.901944,-38.561666,35,0,3,27:-40,1806
2600034496,Cajazeiras,-6.900555,-38.569166,50,0,3,27:-40,1882
2600034498,Cajazeiras,-6.902777,-38.567222,22,0,3,27:-40,1829
2600034501,Cajazeiras,-6.888333,-38.555277,39,0,5,27:-39,946
2600034502,Cajazeiras,-6.861944,-38.548055,46,0,5,28:-39,872
2600034503,Cajazeiras,-6.875,-38.533055,30,0,5,28:-39,1371
2600034504,Cajazeiras,-6.872777,-38.533333,30,0,5,28:-39,1429
2600034505,Cajazeiras,-6.905277,-38.555,20,0,5,27:-39,740
2600034506,Cajazeiras,-6.904166,-38.554722,35,0,5,27:-39,663
2600034507,Cajazeiras,-6.889444,-38.545,45,0,5,27:-39,1277
2600034508,Cajazeiras,-6.888888,-38.543611,60,0,5,27:-39,886
2600034509,Cajazeiras,-6.889166,-38.551944,23,0,5,27:-39,1204
2600034510,Cajazeiras,-6.919722,-38.555833,30,0,5,27:-39,943
2600034511,Cajazeiras,-6.918333,-38.555833,16.5,0,5,27:-39,1226
2600034513,Cajazeiras,-6.873333,-38.479166,35,0,1,28:-37,608
2600034514,Cajazeiras,-6.8775,-38.481388,21.89,0,4,28:-38,1121
2600034516,Cajazeiras,-6.883333,-38.465555,8.3,0,3,27:-37,1187
2600034517,Cajazeiras,-6.881388,-38.462777,30,1,3,27:-37,3480
2600034519,Cajazeiras,-6.871388,-38.4575,35,0,1,28:-37,1052
2600034520,Cajazeiras,-6.866111,-38.458055,40,0,1,28:-37,798
2600034521,Cajazeiras,-6.855277,-38.5,50,0,4,28:-38,1018
2600034522,Cajazeiras,-6.855833,-38.494722,35,0,4,28:-38,1089
2600034523,Cajazeiras,-6.854444,-38.488888,36,0,4,28:-38,760
2600034525,Cajazeiras,-6.848333,-38.484722,52,0,4,28:-38,479
2600034526,Cajazeiras,-6.856111,-38.480555,34,0,4,28:-38,1279
2600034530,Cajazeiras,-6.856111,-38.468888,30,0,1,28:-37,852
2600034531,Cajazeiras,-6.849166,-38.443333,47,0,1,28:-37,2880
2600034532,Cajazeiras,-6.849166,-38.441388,37,0,1,28:-37,779
2600034533,Cajazeiras,-6.849166,-38.440833,20,0,1,28:-37,624
2600034535,Cajazeiras,-6.926111,-38.479722,34.1,0,5,26:-37,399
2600034536,Cajazeiras,-6.914722,-38.482222,65,0,3,27:-38,1017
2600034538,Cajazeiras,-6.915,-38.488611,38,0,3,27:-38,639
2600034539,Cajazeiras,-6.911111,-38.498888,26.54,0,3,27:-38,782
2600034540,Cajazeiras,-6.903333,-38.502777,30,0,3,27:-38,1184
2600034541,Cajazeiras,-6.903611,-38.505277,30,0,3,27:-38,618
2600034542,Cajazeiras,-6.896111,-38.528888,34.29,0,5,27:-39,1069
2600034543,Cajazeiras,-6.896388,-38.528888,41.51,0,5,27:-39,929
2600034544,Cajazeiras,-6.895,-38.53,36,0,5,27:-39,1607
2600034545,Cajazeiras,-6.9025,-38.547222,28,0,5,27:-39,773
2600034546,Cajazeiras,-6.902777,-38.547777,50,0,5,27:-39,851
2600034547,Cajazeiras,-6.905,-38.549444,30,0,5,27:-39,881
2600034549,Pombal,-7.006944,-37.885833,30,0,4,24:-23,732
2600034550,Cajazeirinhas,-6.958611,-37.855555,50,0,4,26:-22,770
2600034551,Cajazeiras,-7.027222,-38.576388,33,0,4,24:-40,699
2600034552,Cajazeiras,-6.900555,-38.485555,29,0,3,27:-38,871
2600034553,Cajazeiras,-6.903333,-38.459444,38,0,3,27:-37,746
2600034554,Cajazeiras,-6.916111,-38.461666,60,0,3,27:-37,972
2600034555,Cajazeiras,-6.913888,-38.459444,46,0,3,27:-37,886
2600034556,Cajazeiras,-6.916111,-38.463611,62,0,3,27:-37,757
2600034560,Cajazeiras,-6.913333,-38.464722,54,0,3,27:-37,760
2600034561,Cajazeiras,-6.903888,-38.440555,60,0,3,27:-37,987
2600034563,Cajazeiras,-6.903888,-38.438333,50,0,4,27:-36,2150
2600034564,Cajazeiras,-6.806111,-38.495277,32,0,3,29:-38,1090
2600034565,Cajazeiras,-6.810555,-38.520555,50,0,4,29:-39,1076
2600034566,Cajazeiras,-6.81,-38.518333,15,0,3,29:-38,707
2600034567,Cajazeiras,-6.809166,-38.511944,30,0,3,29:-38,1414
2600034568,Cajazeiras,-6.807777,-38.508888,50,0,3,29:-38,720
2600034569,Cajazeiras,-6.81,-38.510555,50,0,3,29:-38,1853
2600034570,Cajazeiras,-6.817777,-38.514166,38,0,3,29:-38,2580
2600034571,Cajazeiras,-6.82,-38.515277,36,0,3,29:-38,1162
2600034572,Cajazeiras,-6.819444,-38.512777,45,0,3,29:-38,1196
2600034573,Cajazeiras,-6.997222,-38.540277,37,0,1,25:-39,956
2600034574,Cajazeiras,-7.003888,-38.540277,52,0,5,24:-39,1009
2600034575,Cajazeiras,-7.016944,-38.546111,49,0,5,24:-39,1044
2600034577,Cajazeiras,-7.004444,-38.5325,40,0,5,24:-39,667
2600034578,Cajazeiras,-7.0025,-38.5325,50,0,5,24:-39,996
2600034579,Cajazeiras,-6.982777,-38.538333,40,0,1,25:-39,1176
2600034580,Cajazeiras,-6.989722,-38.551388,35,0,1,25:-39,664
2600034582,Cajazeiras,-6.9875,-38.564444,50,0,2,25:-40,795
2600034583,Cajazeiras,-6.986666,-38.5725,47,0,2,25:-40,1279
2600034584,Cajazeiras,-6.986111,-38.576388,33,0,2,25:-40,877
2600034585,Cajazeiras,-6.904722,-38.573888,52,0,3,27:-40,993
2600034587,Cajazeiras,-6.906111,-38.569722,50,0,3,27:-40,1165
2600034588,Cajazeiras,-6.905,-38.569722,50,0,3,27:-40,1248
2600034589,Cajazeiras,-6.895277,-38.533333,29.38,0,5,27:-39,1799
2600034590,Cajazeiras,-6.895277,-38.533888,20,1,5,27:-39,3280
2600034591,Cajazeiras,-6.895,-38.534166,41.71,0,5,27:-39,1992
2600034592,Cajazeiras,-6.897777,-38.531666,45,0,5,27:-39,868
2600034594,Cajazeiras,-6.8975,-38.527222,45,0,5,27:-39,695
2600034595,Cajazeiras,-6.897222,-38.528611,12.04,0,5,27:-39,1250
2600034596,Cajazeiras,-6.896944,-38.529166,36,0,5,27:-39,1356
2600034597,Cajazeiras,-6.927222,-38.512222,18,0,3,26:-38,552
2600034599,Cajazeiras,-6.919166,-38.511388,46,0,3,27:-38,616
2600034600,Cajazeiras,-6.924444,-38.508888,48,0,3,26:-38,1062
2600034601,Cajazeiras,-6.916388,-38.507222,34,0,3,27:-38,862
2600034602,Cajazeiras,-6.898888,-38.5225,16,0,5,27:-39,518
2600034603,Cajazeiras,-6.896944,-38.521111,40,0,5,27:-39,807
2600034604,Cajazeiras,-6.896111,-38.521388,38,0,5,27:-39,930
2600034605,Cajazeiras,-6.899444,-38.516944,50,0,3,27:-38,948
2600034606,Cajazeiras,-6.899444,-38.518333,33,0,3,27:-38,684
2600034607,Cajazeiras,-6.897777,-38.516111,48,0,3,27:-38,1102
2600034609,Cajazeiras,-6.967222,-38.473611,53,0,3,25:-37,739
2600034610,Cajazeiras,-6.960277,-38.498333,53,0,2,25:-38,1190
2600034611,Cajazeiras,-6.961944,-38.468055,22,0,3,25:-37,729
2600034612,Cajazeiras,-6.960833,-38.466666,50,0,3,25:-37,990
2600034613,Cajazeiras,-6.961111,-38.465277,46,0,3,25:-37,1189
2600034614,Cajazeiras,-6.961666,-38.465277,28,0,3,25:-37,2510
2600034615,Cajazeiras,-6.960833,-38.463611,50,0,3,25:-37,976
2600034616,Cajazeiras,-6.943333,-38.455,38,0,5,26:-37,592
2600034617,Cajazeiras,-7.031388,-38.572777,30,0,4,24:-40,793
2600034618,Cajazeiras,-7.013333,-38.573333,36,0,4,24:-40,764
2600034619,Cajazeiras,-6.938333,-38.458055,40,0,5,26:-37,823
2600034620,Cajazeiras,-6.936388,-38.45,16,0,5,26:-37,808
2600034621,Cajazeiras,-6.9225,-38.433888,20,0,4,26:-36,526
2600034622,Cajazeiras,-6.921666,-38.435,25,0,4,26:-36,658
2600034623,Cajazeiras,-6.922777,-38.43,50,0,4,26:-36,851
2600034626,Princesa Isabel,-7.748333,-38.000277,50,0,3,6:-26,472
2600034627,Princesa Isabel,-7.767222,-37.998611,60,0,5,5:-25,411
2600034629,Tavares,-7.67,-37.935555,50,0,3,8:-24,307
2600034632,Princesa Isabel,-7.734444,-37.958611,40,0,4,6:-24,308
2600034636,Marizópolis,-6.856388,-38.359722,50,0,1,28:-34,1090
2600034637,Marizópolis,-6.835,-38.342777,50,0,3,29:-34,1648
2600034638,Marizópolis,-6.8375,-38.353055,50,0,3,29:-34,1025
2600034639,Marizópolis,-6.835555,-38.350833,50,0,3,29:-34,1019
2600034640,Marizópolis,-6.836388,-38.350555,50,0,3,29:-34,1340
2600034641,Marizópolis,-6.835,-38.348333,50,0,3,29:-34,986
2600034642,Marizópolis,-6.834166,-38.348611,50,0,3,29:-34,929
2600034644,Marizópolis,-6.818055,-38.354166,50,0,3,29:-34,1637
2600034645,São João do Rio do Peixe,-6.817777,-38.362222,65,0,1,29:-35,1110
2600034646,São João do Rio do Peixe,-6.8175,-38.363333,33,0,1,29:-35,1170
2600034647,Marizópolis,-6.783611,-38.343611,50,1,5,30:-34,3200
2600034649,Marizópolis,-6.779722,-38.3325,50,1,5,30:-34,3290
2600034650,Sousa,-6.769444,-38.322222,58,1,5,30:-34,6600
2600034651,São João do Rio do Peixe,-6.836388,-38.366388,50,0,1,29:-35,992
2600034652,São João do Rio do Peixe,-6.833055,-38.369722,55,0,1,29:-35,721
2600034653,Marizópolis,-6.7775,-38.336111,50,1,5,30:-34,5490
2600034654,Marizópolis,-6.795277,-38.330277,84,1,5,30:-34,3560
2600034655,Marizópolis,-6.821944,-38.316666,50,0,1,29:-33,2010
2600034656,Marizópolis,-6.814444,-38.3125,51,0,1,29:-33,2230
2600034657,Marizópolis,-6.8175,-38.314722,40,0,1,29:-33,1328
2600034658,Marizópolis,-6.818888,-38.3175,40,0,1,29:-33,1354
2600034659,Marizópolis,-6.830555,-38.334444,36,0,3,29:-34,1038
2600034660,Marizópolis,-6.843611,-38.351944,37,0,1,28:-34,886
2600034661,Marizópolis,-6.829166,-38.318888,40,0,1,29:-33,822
2600034662,Triunfo,-6.6625,-38.504166,50,0,2,33:-38,1665
2600034663,Triunfo,-6.509166,-38.518333,22,0,5,37:-38,2380
2600034666,Triunfo,-6.513055,-38.540555,36,0,3,37:-39,1310
2600034667,Triunfo,-6.570555,-38.581111,36,0,5,35:-40,965
2600034668,Triunfo,-6.571111,-38.6025,45,0,2,35:-41,842
2600034669,Triunfo,-6.583055,-38.623055,50,0,2,35:-41,921
2600034670,Triunfo,-6.595,-38.614722,100,0,2,35:-41,659
2600034671,Triunfo,-6.604166,-38.612222,50,0,3,34:-41,1425
2600034672,Triunfo,-6.604166,-38.611666,25,0,3,34:-41,2340
2600034673,Triunfo,-6.605,-38.615277,50,0,3,34:-41,278
2600034674,Triunfo,-6.620555,-38.637222,42,0,3,34:-41,1053
2600034675,Triunfo,-6.6225,-38.628333,62,0,3,34:-41,544
2600034676,Triunfo,-6.585277,-38.623888,50,0,2,35:-41,778
2600034677,Triunfo,-6.605,-38.607222,50,0,3,34:-41,220
2600034678,Triunfo,-6.606388,-38.608888,55,0,3,34:-41,348
2600034679,Triunfo,-6.608055,-38.613611,60,0,3,34:-41,609
2600034680,Triunfo,-6.610555,-38.615277,60,0,3,34:-41,695
2600034682,Triunfo,-6.6075,-38.613055,50,0,3,34:-41,1323
2600034683,Triunfo,-6.608888,-38.607777,48,0,3,34:-41,282
2600034684,Triunfo,-6.610833,-38.610277,50,0,3,34:-41,257
2600034685,Triunfo,-6.617777,-38.605,50,0,3,34:-41,571
2600034686,Triunfo,-6.619166,-38.604722,52,0,3,34:-41,824
2600034687,Triunfo,-6.623333,-38.602777,42,0,3,34:-41,736
2600034688,Triunfo,-6.635,-38.619444,42,0,3,34:-41,969
2600034689,Triunfo,-6.625833,-38.606111,50,0,3,34:-41,931
2600034690,Triunfo,-6.625555,-38.606388,50,0,3,34:-41,655
2600034691,Triunfo,-6.626111,-38.607222,50,0,3,34:-41,706
2600034692,Triunfo,-6.626111,-38.605,50,0,3,34:-41,683
2600034693,Triunfo,-6.629166,-38.605277,50,0,3,34:-41,785
2600034694,Triunfo,-6.627777,-38.598888,30,0,1,34:-40,611
2600034695,Triunfo,-6.631944,-38.585555,42,0,1,34:-40,1356
2600034696,Triunfo,-6.640277,-38.583611,50,0,3,33:-40,725
2600034697,Triunfo,-6.582777,-38.623055,52,0,2,35:-41,887
2600034698,Triunfo,-6.584722,-38.627777,50,0,2,35:-41,782
2600034699,Triunfo,-6.580555,-38.603611,50,0,2,35:-41,456
2600034700,Triunfo,-6.577222,-38.601944,50,0,2,35:-41,1266
2600034701,Triunfo,-6.573611,-38.591388,50,0,5,35:-40,827
2600034703,Triunfo,-6.581111,-38.594722,115,0,5,35:-40,592
2600034706,Triunfo,-6.622777,-38.605555,50,0,3,34:-41,573
2600034707,Triunfo,-6.641944,-38.607222,50,0,4,33:-41,673
2600034708,Triunfo,-6.634166,-38.604722,50,0,3,34:-41,636
2600034709,Triunfo,-6.640277,-38.61,48,0,4,33:-41,992
2600034710,Triunfo,-6.655555,-38.611111,38,0,4,33:-41,2970
2600034711,Triunfo,-6.656388,-38.610833,50,0,4,33:-41,2660
2600034712,Triunfo,-6.645555,-38.605833,50,0,4,33:-41,429
2600034713,Triunfo,-6.656944,-38.610555,43,0,4,33:-41,2030
2600034714,Triunfo,-6.658888,-38.603333,60,0,4,33:-41,613
2600034715,Triunfo,-6.671666,-38.591944,50,0,3,33:-40,1931
2600034716,Triunfo,-6.666944,-38.607222,50,0,4,33:-41,1283
2600034717,Triunfo,-6.659722,-38.608333,50,0,4,33:-41,1378
2600034718,Triunfo,-6.651111,-38.618611,50,0,4,33:-41,275
2600034719,Triunfo,-6.650555,-38.617222,50,0,4,33:-41,298
2600034720,Triunfo,-6.648888,-38.619444,50,0,4,33:-41,733
2600034721,Triunfo,-6.646111,-38.626666,50,0,4,33:-41,474
2600034722,Triunfo,-6.633611,-38.606666,50,0,3,34:-41,456
2600034724,Triunfo,-6.627222,-38.604166,49,0,3,34:-41,701
2600034725,Triunfo,-6.624444,-38.608611,56,0,3,34:-41,674
2600034726,Triunfo,-6.624166,-38.606944,41,0,3,34:-41,400
2600034728,Triunfo,-6.616944,-38.639722,54,0,3,34:-41,163
2600034729,Triunfo,-6.619166,-38.635555,50,0,3,34:-41,525
2600034730,Triunfo,-6.694444,-38.523333,50,0,2,32:-39,776
2600034731,Triunfo,-6.692777,-38.529166,50,0,2,32:-39,257
2600034732,Triunfo,-6.697222,-38.534444,50,0,2,32:-39,240
2600034733,Triunfo,-6.696666,-38.534444,36,0,2,32:-39,252
2600034734,Triunfo,-6.695277,-38.534722,42,0,2,32:-39,276
2600034735,Triunfo,-6.694722,-38.535277,44,0,2,32:-39,292
2600034736,Triunfo,-6.695833,-38.535277,76,0,2,32:-39,282
2600034737,Triunfo,-6.693888,-38.534722,50,0,2,32:-39,436
2600034738,Triunfo,-6.688888,-38.534166,50,0,2,32:-39,1370
2600034739,Triunfo,-6.686111,-38.534444,50,0,2,32:-39,1251
2600034740,Triunfo,-6.684722,-38.534722,50,0,2,32:-39,1207
2600034741,Triunfo,-6.685,-38.533055,50,0,2,32:-39,1087
2600034742,Triunfo,-6.615,-38.629444,50,0,3,34:-41,338
2600034743,Triunfo,-6.6075,-38.618888,60,0,3,34:-41,195
2600034744,Triunfo,-6.6075,-38.612777,70,0,3,34:-41,1853
2600034745,Triunfo,-6.594444,-38.608333,50,0,2,35:-41,439
2600034746,Triunfo,-6.687222,-38.534166,50,0,2,32:-39,1184
2600034747,Triunfo,-6.683333,-38.533611,50,0,2,32:-39,1071
2600034748,Triunfo,-6.680277,-38.534722,50,0,2,32:-39,1144
2600034749,Triunfo,-6.678888,-38.533333,50,0,5,33:-39,1224
2600034750,Triunfo,-6.678333,-38.531111,50,0,5,33:-39,1351
2600034751,Triunfo,-6.677222,-38.534722,60,0,5,33:-39,1322
2600034752,Triunfo,-6.676388,-38.530277,50,0,5,33:-39,1645
2600034753,Triunfo,-6.674166,-38.535277,50,0,5,33:-39,1171
2600034754,Triunfo,-6.673333,-38.535555,50,0,5,33:-39,1047
2600034755,Triunfo,-6.673055,-38.533888,41,0,5,33:-39,1186
2600034756,Triunfo,-6.671666,-38.535555,51,0,5,33:-39,1208
2600034759,São João do Rio do Peixe,-6.809722,-38.4275,50,0,2,29:-36,1362
2600034760,São João do Rio do Peixe,-6.808333,-38.428611,60,0,2,29:-36,1249
2600034762,São João do Rio do Peixe,-6.805,-38.443333,50,0,1,29:-37,1048
2600034763,São João do Rio do Peixe,-6.805,-38.443611,51,0,1,29:-37,1151
2600034764,São João do Rio do Peixe,-6.805833,-38.446111,51,0,1,29:-37,834
2600034765,São João do Rio do Peixe,-6.800277,-38.455277,50,0,1,29:-37,1178
2600034766,São João do Rio do Peixe,-6.801388,-38.454722,50,0,1,29:-37,1103
2600034767,São João do Rio do Peixe,-6.800555,-38.455833,50,0,1,29:-37,2990
2600034768,São João do Rio do Peixe,-6.800555,-38.453888,50,0,1,29:-37,1106
2600034769,São João do Rio do Peixe,-6.805277,-38.454166,45,0,1,29:-37,860
2600034770,São João do Rio do Peixe,-6.803055,-38.453888,35,0,1,29:-37,1228
2600034771,São João do Rio do Peixe,-6.803611,-38.451944,27,0,1,29:-37,1097
2600034772,São João do Rio do Peixe,-6.802777,-38.452777,50,0,1,29:-37,1167
2600034773,São João do Rio do Peixe,-6.802222,-38.451111,41,0,1,29:-37,1140
2600034774,São João do Rio do Peixe,-6.780277,-38.425,45,0,3,30:-36,1062
2600034775,São João do Rio do Peixe,-6.780833,-38.436666,45,0,3,30:-36,1072
2600034776,São João do Rio do Peixe,-6.770833,-38.435277,45,0,3,30:-36,1525
2600034777,São João do Rio do Peixe,-6.769166,-38.435833,30,0,3,30:-36,1646
2600034778,São João do Rio do Peixe,-6.768333,-38.434166,16,0,3,30:-36,1530
2600034779,São João do Rio do Peixe,-6.767222,-38.432222,27,0,3,30:-36,1383
2600034780,São João do Rio do Peixe,-6.767222,-38.428888,47,0,3,30:-36,1742
2600034781,São João do Rio do Peixe,-6.767777,-38.43,37,0,3,30:-36,1519
2600034783,São João do Rio do Peixe,-6.796388,-38.420555,45,0,3,30:-36,2040
2600034784,São João do Rio do Peixe,-6.795833,-38.420833,26,0,3,30:-36,1194
2600034785,São João do Rio do Peixe,-6.804722,-38.420833,43,0,2,29:-36,1330
2600034786,São João do Rio do Peixe,-6.8075,-38.421388,45,0,2,29:-36,1235
2600034787,Cajazeiras,-6.812777,-38.423888,52,0,2,29:-36,1252
2600034788,São João do Rio do Peixe,-6.923611,-38.396111,30,0,1,26:-35,1210
2600034789,São João do Rio do Peixe,-6.901944,-38.393333,25,0,3,27:-35,860
2600034790,São João do Rio do Peixe,-6.905277,-38.390555,32,0,3,27:-35,936
2600034791,São João do Rio do Peixe,-6.902777,-38.3975,20,0,3,27:-35,863
2600034792,São João do Rio do Peixe,-6.9025,-38.398611,20,0,3,27:-35,479
2600034793,São João do Rio do Peixe,-6.901666,-38.399722,20,0,3,27:-35,638
2600034794,São João do Rio do Peixe,-6.895555,-38.417777,50,0,4,27:-36,393
2600034795,São João do Rio do Peixe,-6.884166,-38.407222,25,0,4,27:-36,761
2600034796,São João do Rio do Peixe,-6.881388,-38.406388,50,0,4,27:-36,1040
2600034797,São João do Rio do Peixe,-6.881388,-38.406111,47,0,4,27:-36,1050
2600034798,São João do Rio do Peixe,-6.882222,-38.406111,27,0,4,27:-36,1233
2600034799,São João do Rio do Peixe,-6.88,-38.405555,44,0,5,28:-36,553
2600034800,São João do Rio do Peixe,-6.884444,-38.402777,39,0,4,27:-36,624
2600034801,São João do Rio do Peixe,-6.8775,-38.395277,41,0,2,28:-35,859
2600034802,São João do Rio do Peixe,-6.878055,-38.394722,50,0,2,28:-35,931
2600034805,São João do Rio do Peixe,-6.831666,-38.416944,27,0,2,29:-36,1339
2600034806,São João do Rio do Peixe,-6.833888,-38.416944,50,0,2,29:-36,619
2600034808,Cajazeiras,-6.842222,-38.419166,48,0,5,28:-36,1801
2600034809,São João do Rio do Peixe,-6.846666,-38.4175,35,0,5,28:-36,619
2600034810,Cajazeiras,-6.853888,-38.418333,38,0,5,28:-36,808
2600034811,São João do Rio do Peixe,-6.832777,-38.415833,50.5,0,2,29:-36,840
2600034812,São João do Rio do Peixe,-6.834166,-38.415555,49,0,2,29:-36,1624
2600034814,São João do Rio do Peixe,-6.834722,-38.414444,35,0,2,29:-36,817
2600034815,São João do Rio do Peixe,-6.835555,-38.413333,45,0,2,29:-36,562
2600034816,São João do Rio do Peixe,-6.825833,-38.417222,50,0,2,29:-36,1082
2600034817,São João do Rio do Peixe,-6.8475,-38.399444,27,0,2,28:-35,717
2600034818,São João do Rio do Peixe,-6.846388,-38.406111,40,0,5,28:-36,1251
2600034820,São João do Rio do Peixe,-6.840833,-38.409166,49,0,5,28:-36,1099
2600034822,São João do Rio do Peixe,-6.842777,-38.390833,33,0,2,28:-35,1210
2600034823,São João do Rio do Peixe,-6.801944,-38.42,50,0,2,29:-36,1056
2600034824,São João do Rio do Peixe,-6.8025,-38.419722,50,0,2,29:-36,1821
2600034825,São João do Rio do Peixe,-6.810277,-38.418611,50,0,2,29:-36,1150
2600034827,São João do Rio do Peixe,-6.810833,-38.418333,50,0,2,29:-36,1004
2600034828,São João do Rio do Peixe,-6.821111,-38.410833,35,0,2,29:-36,1152
2600034829,São João do Rio do Peixe,-6.821111,-38.411388,28,0,2,29:-36,1012
2600034830,São João do Rio do Peixe,-6.822777,-38.412222,33,0,2,29:-36,1064
2600034831,São João do Rio do Peixe,-6.821388,-38.406666,36,0,2,29:-36,702
2600034832,São João do Rio do Peixe,-6.84,-38.382777,55,0,1,29:-35,2310
2600034833,São João do Rio do Peixe,-6.841111,-38.385,50,0,2,28:-35,823
2600034834,São João do Rio do Peixe,-6.841666,-38.382777,50,0,2,28:-35,753
2600034835,São João do Rio do Peixe,-6.842777,-38.383888,50,0,2,28:-35,846
2600034836,São João do Rio do Peixe,-6.829444,-38.396666,45,0,1,29:-35,1628
2600034838,São João do Rio do Peixe,-6.8275,-38.397222,50,0,1,29:-35,890
2600034840,São João do Rio do Peixe,-6.824444,-38.396944,50,0,1,29:-35,1042
2600034841,São João do Rio do Peixe,-6.833055,-38.399166,50,0,1,29:-35,997
2600034842,São João do Rio do Peixe,-6.827777,-38.403333,50,0,2,29:-36,1094
2600034843,São João do Rio do Peixe,-6.823888,-38.405,50,0,2,29:-36,696
2600034844,São João do Rio do Peixe,-6.823611,-38.403333,50,0,2,29:-36,941
2600034847,São João do Rio do Peixe,-6.876388,-38.378333,28,0,2,28:-35,770
2600034848,São João do Rio do Peixe,-6.878333,-38.365,23,0,2,28:-35,599
2600034849,São João do Rio do Peixe,-6.878055,-38.37,29,0,2,28:-35,1094
2600034850,São João do Rio do Peixe,-6.873611,-38.368055,21,0,2,28:-35,1006
2600034851,São João do Rio do Peixe,-6.866666,-38.386111,45,0,2,28:-35,749
2600034854,São João do Rio do Peixe,-6.728611,-38.4475,3.31,1,4,31:-37,3480
2600034855,Triunfo,-6.67,-38.535555,50,0,5,33:-39,1677
2600034856,Triunfo,-6.668055,-38.535833,50,0,5,33:-39,1979
2600034857,Triunfo,-6.581111,-38.590833,50,0,5,35:-40,941
2600034858,Triunfo,-6.581666,-38.589444,40,0,5,35:-40,910
2600034859,Triunfo,-6.583055,-38.584166,70,0,5,35:-40,2610
2600034860,Triunfo,-6.585,-38.584722,50,1,5,35:-40,4180
2600034861,Triunfo,-6.585,-38.583611,50,0,5,35:-40,1791
2600034862,Triunfo,-6.592777,-38.576388,70,0,5,35:-40,788
2600034864,Triunfo,-6.665277,-38.533888,50,0,5,33:-39,1048
2600034865,Triunfo,-6.663611,-38.533888,50,0,5,33:-39,973
2600034866,Triunfo,-6.663333,-38.5325,45,0,5,33:-39,1067
2600034867,Triunfo,-6.665,-38.531666,50,0,5,33:-39,1805
2600034868,Triunfo,-6.661666,-38.529444,50,0,5,33:-39,1234
2600034869,Triunfo,-6.659444,-38.531388,50,0,5,33:-39,1773
2600034870,Triunfo,-6.660277,-38.531388,50,0,5,33:-39,1501
2600034871,Triunfo,-6.611666,-38.588611,50,0,1,34:-40,715
2600034873,Triunfo,-6.597777,-38.579166,62,0,5,35:-40,664
2600034874,Triunfo,-6.617222,-38.579166,60,0,1,34:-40,737
2600034875,Triunfo,-6.646666,-38.5725,42,0,3,33:-40,733
2600034876,Triunfo,-6.612777,-38.572222,50,0,1,34:-40,695
2600034877,Triunfo,-6.614444,-38.572222,49,0,1,34:-40,704
2600034878,Triunfo,-6.615833,-38.573055,50,0,1,34:-40,723
2600034879,Triunfo,-6.618055,-38.569166,55,0,1,34:-40,692
2600034880,Triunfo,-6.660555,-38.535277,65,0,5,33:-39,1082
2600034881,Triunfo,-6.659444,-38.535,60,0,5,33:-39,1178
2600034882,Triunfo,-6.658333,-38.536111,48,0,5,33:-39,1090
2600034883,Triunfo,-6.655555,-38.536666,50,0,5,33:-39,992
2600034884,Triunfo,-6.655277,-38.535833,50,0,5,33:-39,1015
2600034885,Triunfo,-6.646388,-38.543055,50,1,5,33:-39,3450
2600034886,Triunfo,-6.646388,-38.541944,50,0,5,33:-39,1812
2600034887,Triunfo,-6.646111,-38.539444,50,0,5,33:-39,1465
2600034888,Triunfo,-6.646388,-38.538333,45,0,5,33:-39,1111
2600034889,Triunfo,-6.643611,-38.546944,50,0,5,33:-39,1245
2600034890,Triunfo,-6.606388,-38.538333,47,0,3,34:-39,588
2600034891,Triunfo,-6.623611,-38.534722,50,0,3,34:-39,869
2600034892,Triunfo,-6.6325,-38.533888,50,0,3,34:-39,864
2600034893,Triunfo,-6.643333,-38.5475,52,0,5,33:-39,1065
2600034894,Triunfo,-6.643055,-38.548055,50,0,5,33:-39,1127
2600034895,Triunfo,-6.6425,-38.547222,50,0,5,33:-39,1021
2600034896,Triunfo,-6.6425,-38.548611,50,0,5,33:-39,904
2600034897,Triunfo,-6.641666,-38.548611,50,0,5,33:-39,1162
2600034898,Triunfo,-6.621388,-38.566666,51,0,1,34:-40,771
2600034899,Triunfo,-6.618888,-38.564722,50,0,1,34:-40,726
2600034900,Triunfo,-6.623055,-38.562777,42,0,1,34:-40,403
2600034902,Triunfo,-6.624166,-38.556111,52,0,3,34:-39,785
2600034903,Triunfo,-6.623333,-38.556111,55,0,3,34:-39,600
2600034904,Triunfo,-6.6275,-38.556944,40,0,3,34:-39,1497
2600034905,Triunfo,-6.627222,-38.556666,50,0,3,34:-39,1135
2600034906,Triunfo,-6.638055,-38.551666,50,0,3,34:-39,962
2600034907,Triunfo,-6.638333,-38.549444,52,0,3,34:-39,1642
2600034908,Triunfo,-6.662222,-38.530555,40,0,5,33:-39,2790
2600034909,Triunfo,-6.661111,-38.530833,55,0,5,33:-39,1491
2600034910,Triunfo,-6.661944,-38.533611,49,0,5,33:-39,1178
2600034911,Triunfo,-6.648611,-38.529722,49,0,5,33:-39,1211
2600034912,Triunfo,-6.649722,-38.529444,50,0,5,33:-39,1240
2600034913,Triunfo,-6.645833,-38.529166,51,0,5,33:-39,1026
2600034914,Triunfo,-6.645,-38.529444,50,0,5,33:-39,952
2600034915,Triunfo,-6.645833,-38.531388,50,0,5,33:-39,1130
2600034916,Triunfo,-6.641944,-38.5275,50,0,5,33:-39,1158
2600034917,Triunfo,-6.639444,-38.526944,50,0,3,34:-39,1245
2600034918,Triunfo,-6.6375,-38.528333,51,0,3,34:-39,873
2600034919,Triunfo,-6.633333,-38.527777,50,0,3,34:-39,1555
2600034920,Triunfo,-6.633055,-38.531111,50,0,3,34:-39,1315
2600034921,Triunfo,-6.629444,-38.531944,50,0,3,34:-39,765
2600034922,Triunfo,-6.632777,-38.533611,73,0,3,34:-39,874
2600034923,Triunfo,-6.632777,-38.5425,41,0,3,34:-39,764
2600034924,Triunfo,-6.63,-38.545277,50,0,3,34:-39,811
2600034925,Triunfo,-6.635555,-38.543888,50,0,3,34:-39,984
2600034926,Triunfo,-6.611944,-38.570277,55,0,1,34:-40,935
2600034927,Triunfo,-6.614166,-38.563611,47,0,1,34:-40,772
2600034928,Triunfo,-6.6175,-38.561388,50,0,1,34:-40,646
2600034929,Triunfo,-6.615,-38.561944,51,0,1,34:-40,984
2600034930,Triunfo,-6.696666,-38.545277,50,0,2,32:-39,684
2600034932,Triunfo,-6.696111,-38.543611,50,0,2,32:-39,574
2600034933,Triunfo,-6.584722,-38.562222,50,0,5,35:-40,632
2600034934,Triunfo,-6.584166,-38.556111,50,0,1,35:-39,977
2600034935,Triunfo,-6.590833,-38.559166,50,0,1,35:-39,922
2600034936,Triunfo,-6.582222,-38.555833,40,0,1,35:-39,685
2600034937,Triunfo,-6.576388,-38.548611,114,0,1,35:-39,1441
2600034938,Triunfo,-6.589722,-38.554444,50,0,1,35:-39,1292
2600034939,Triunfo,-6.589166,-38.558888,40,0,1,35:-39,881
2600034940,Triunfo,-6.586388,-38.560555,50,0,5,35:-40,671
2600034941,Triunfo,-6.586666,-38.559444,50,0,1,35:-39,973
2600034942,Triunfo,-6.591944,-38.554722,42,0,1,35:-39,991
2600034943,Triunfo,-6.595277,-38.5575,49,0,1,35:-39,1110
2600034944,Triunfo,-6.596111,-38.554166,60,0,1,35:-39,846
2600034945,Triunfo,-6.597222,-38.558888,50,0,1,35:-39,689
2600034946,Triunfo,-6.599166,-38.557777,50,0,1,35:-39,732
2600034947,Triunfo,-6.594166,-38.559444,50,0,1,35:-39,713
2600034948,Triunfo,-6.591944,-38.563888,50,0,5,35:-40,552
2600034949,Triunfo,-6.591666,-38.564166,45,0,5,35:-40,575
2600034950,Triunfo,-6.591944,-38.565833,40,0,5,35:-40,661
2600034951,Triunfo,-6.596944,-38.538888,36,0,1,35:-39,1167
2600034952,Triunfo,-6.602222,-38.54,39,0,3,34:-39,726
2600034953,Triunfo,-6.621944,-38.551666,37,0,3,34:-39,769
2600034954,Triunfo,-6.619722,-38.548611,50,0,3,34:-39,766
2600034955,Triunfo,-6.616666,-38.545,51,0,3,34:-39,547
2600034956,Triunfo,-6.615555,-38.539166,50,0,3,34:-39,897
2600034957,Triunfo,-6.612222,-38.532777,50,0,3,34:-39,641
2600034958,Poço de José de Moura,-6.612222,-38.531666,36,0,3,34:-39,630
2600034959,Triunfo,-6.610833,-38.541666,70,0,3,34:-39,592
2600034960,Cajazeirinhas,-6.984722,-37.821944,24,0,1,25:-21,1509
2600034961,Cajazeirinhas,-7.004444,-37.876111,32,0,4,24:-22,1715
2600034962,Cajazeirinhas,-7.007222,-37.881666,35,0,4,24:-23,1247
2600034963,Pombal,-6.996666,-37.9075,35,0,2,25:-23,619
2600034964,Cajazeirinhas,-6.931944,-37.843333,40.5,0,4,26:-22,1008
2600034966,Cajazeirinhas,-6.975833,-37.802777,19,0,1,25:-21,1393
2600034967,Cajazeirinhas,-6.981388,-37.863888,55,0,1,25:-22,1514
2600034968,Pombal,-6.988888,-37.908055,40,0,2,25:-23,1116
2600034970,Cajazeirinhas,-6.978888,-37.914722,50,0,2,25:-23,1010
2600034971,Cajazeirinhas,-6.959444,-37.797777,45,0,3,26:-20,1109
2600034972,Cajazeirinhas,-6.940833,-37.809166,56,0,4,26:-21,1052
2600034973,Cajazeirinhas,-6.9025,-37.806111,45,0,3,27:-21,980
2600034975,Cajazeirinhas,-6.892777,-37.7825,50,0,4,27:-20,654
2600034976,Conceição,-7.534722,-38.556111,39,0,1,11:-39,891
2600034977,Conceição,-7.512777,-38.503055,38,0,5,12:-38,612
2600034979,Conceição,-7.55,-38.531388,24,0,1,11:-39,546
2600034980,Conceição,-7.47,-38.534722,32,0,2,13:-39,1014
2600034982,São João do Rio do Peixe,-6.629167,-38.356111,50,0,4,34:-34,1020
2600034983,São João do Rio do Peixe,-6.635833,-38.365278,50,0,3,34:-35,884
2600034984,São João do Rio do Peixe,-6.603333,-38.379167,50,0,3,34:-35,849
2600034987,São João do Rio do Peixe,-6.628889,-38.355,31,0,4,34:-34,1069
2600034989,São João do Rio do Peixe,-6.586111,-38.368889,60,0,1,35:-35,816
2600034990,São João do Rio do Peixe,-6.584444,-38.369167,44,0,1,35:-35,894
2600034991,São João do Rio do Peixe,-6.623611,-38.442222,30,0,1,34:-37,1069
2600034994,São João do Rio do Peixe,-6.636944,-38.423056,50,0,5,34:-36,1527
2600034995,São João do Rio do Peixe,-6.643056,-38.418611,35,0,3,33:-36,1234
2600034996,São João do Rio do Peixe,-6.640556,-38.421667,25,0,3,33:-36,2660
2600034997,São João do Rio do Peixe,-6.641944,-38.428611,24,0,3,33:-36,564
2600035000,São João do Rio do Peixe,-6.657222,-38.432222,45,0,3,33:-36,965
2600035001,São João do Rio do Peixe,-6.65,-38.435,20,0,3,33:-36,1525
2600035002,São João do Rio do Peixe,-6.651111,-38.436111,20,0,3,33:-36,600
2600035003,São João do Rio do Peixe,-6.653333,-38.438056,15,0,3,33:-36,1227
2600035004,São João do Rio do Peixe,-6.651944,-38.437778,18,0,3,33:-36,866
2600035007,São João do Rio do Peixe,-6.650833,-38.438333,32,0,3,33:-36,1543
2600035008,São João do Rio do Peixe,-6.650278,-38.438889,50,0,3,33:-36,882
2600035009,São João do Rio do Peixe,-6.666389,-38.446111,51,0,4,33:-37,1440
2600035010,São João do Rio do Peixe,-6.663056,-38.448611,30,0,4,33:-37,1026
2600035013,São João do Rio do Peixe,-6.704444,-38.432222,50,1,4,32:-36,3890
2600035014,São João do Rio do Peixe,-6.7,-38.427778,50,0,4,32:-36,939
2600035015,São João do Rio do Peixe,-6.731389,-38.453889,42,0,4,31:-37,802
2600035017,São João do Rio do Peixe,-6.731389,-38.458056,38,0,4,31:-37,718
2600035018,São João do Rio do Peixe,-6.731667,-38.459167,19,0,4,31:-37,2450
2600035019,São João do Rio do Peixe,-6.731667,-38.4625,35,0,4,31:-37,695
2600035020,São João do Rio do Peixe,-6.735833,-38.459444,60,0,4,31:-37,650
2600035021,São João do Rio do Peixe,-6.717778,-38.464444,48,0,3,32:-37,1028
2600035022,São João do Rio do Peixe,-6.742778,-38.443333,36,0,4,31:-37,584
2600035023,São João do Rio do Peixe,-6.716111,-38.416111,33,0,4,32:-36,1243
2600035024,São João do Rio do Peixe,-6.711389,-38.4075,50,0,4,32:-36,1195
2600035025,São João do Rio do Peixe,-6.721944,-38.391111,50,0,1,31:-35,880
2600035026,São João do Rio do Peixe,-6.7225,-38.388889,32,0,1,31:-35,975
2600035028,São João do Rio do Peixe,-6.724722,-38.383889,50,0,1,31:-35,718
2600035029,São João do Rio do Peixe,-6.714444,-38.375,50,0,3,32:-35,863
2600035030,São João do Rio do Peixe,-6.710278,-38.376667,43,0,3,32:-35,836
2600035032,São João do Rio do Peixe,-6.709444,-38.378611,50,0,3,32:-35,806
2600035033,São João do Rio do Peixe,-6.709722,-38.379444,37,0,3,32:-35,846
2600035034,São João do Rio do Peixe,-6.723889,-38.376944,27,0,1,31:-35,887
2600035035,São João do Rio do Peixe,-6.724167,-38.381944,38,0,1,31:-35,926
2600035036,São João do Rio do Peixe,-6.705833,-38.3825,32,0,3,32:-35,805
2600035037,São João do Rio do Peixe,-6.710278,-38.437222,50,0,4,32:-36,1204
2600035038,São João do Rio do Peixe,-6.712778,-38.438056,45,1,4,32:-36,3830
2600035039,São João do Rio do Peixe,-6.706111,-38.418333,30,0,4,32:-36,1555
2600035041,Sousa,-6.671111,-38.333889,20,0,2,33:-34,776
2600035042,São João do Rio do Peixe,-6.671111,-38.3675,51,0,1,33:-35,650
2600035043,São João do Rio do Peixe,-6.670278,-38.366667,38,0,1,33:-35,830
2600035044,São João do Rio do Peixe,-6.640278,-38.377778,48,0,1,33:-35,939
2600035045,São João do Rio do Peixe,-6.717222,-38.396667,56,0,3,32:-35,1141
2600035046,São João do Rio do Peixe,-6.719444,-38.458889,45,0,3,32:-37,723
2600035047,São João do Rio do Peixe,-6.72,-38.461389,50,0,3,32:-37,707
2600035048,São João do Rio do Peixe,-6.719722,-38.458611,56,0,3,32:-37,891
2600035049,São João do Rio do Peixe,-6.716944,-38.457222,52,0,3,32:-37,890
2600035050,São João do Rio do Peixe,-6.708056,-38.438333,28,0,4,32:-36,1457
2600035051,São João do Rio do Peixe,-6.709167,-38.4375,30,0,4,32:-36,2430
2600035052,São João do Rio do Peixe,-6.707778,-38.4375,50,0,4,32:-36,1825
2600035054,São João do Rio do Peixe,-6.715278,-38.440833,50,0,3,32:-37,1687
2600035056,São João do Rio do Peixe,-6.722778,-38.444722,50,1,4,31:-37,6870
2600035057,São João do Rio do Peixe,-6.8175,-38.401944,50,0,2,29:-36,971
2600035058,São João do Rio do Peixe,-6.818056,-38.401944,50,0,2,29:-36,921
2600035059,São João do Rio do Peixe,-6.82,-38.400278,50,0,2,29:-36,849
2600035060,São João do Rio do Peixe,-6.821389,-38.4,50,0,1,29:-35,716
2600035061,São João do Rio do Peixe,-6.818056,-38.397222,50,0,1,29:-35,966
2600035063,São João do Rio do Peixe,-6.816667,-38.400556,50,0,2,29:-36,1114
2600035064,São João do Rio do Peixe,-6.807222,-38.363333,50,0,1,29:-35,528
2600035065,São João do Rio do Peixe,-6.807222,-38.365278,50,0,1,29:-35,669
2600035067,São João do Rio do Peixe,-6.801944,-38.370278,50,0,1,29:-35,2360
2600035068,São João do Rio do Peixe,-6.803333,-38.371111,50,0,1,29:-35,895
2600035069,São João do Rio do Peixe,-6.801389,-38.376667,50,0,1,29:-35,1174
2600035071,São João do Rio do Peixe,-6.788889,-38.374167,50,0,2,30:-35,924
2600035072,São João do Rio do Peixe,-6.788889,-38.376389,50,0,2,30:-35,1606
2600035073,São João do Rio do Peixe,-6.786389,-38.389722,55,0,2,30:-35,1501
2600035074,São João do Rio do Peixe,-6.7875,-38.386667,50,0,2,30:-35,1027
2600035075,São João do Rio do Peixe,-6.7875,-38.387222,50,0,2,30:-35,1089
2600035076,São João do Rio do Peixe,-6.786944,-38.385278,50,0,2,30:-35,1274
2600035077,São João do Rio do Peixe,-6.786389,-38.381944,50,0,2,30:-35,1091
2600035078,São João do Rio do Peixe,-6.788056,-38.373056,50,0,2,30:-35,1058
2600035079,São João do Rio do Peixe,-6.714444,-38.464167,45,0,3,32:-37,1185
2600035080,São João do Rio do Peixe,-6.715278,-38.465278,42,0,3,32:-37,1051
2600035081,São João do Rio do Peixe,-6.717778,-38.463889,48,0,3,32:-37,889
2600035082,São João do Rio do Peixe,-6.713611,-38.375556,34,0,3,32:-35,842
2600035084,São João do Rio do Peixe,-6.713056,-38.379167,58,0,3,32:-35,851
2600035086,São João do Rio do Peixe,-6.723611,-38.372778,21.5,0,1,31:-35,915
2600035087,São João do Rio do Peixe,-6.723889,-38.380556,45,0,1,31:-35,901
2600035088,São João do Rio do Peixe,-6.703611,-38.381944,50,0,3,32:-35,900
2600035089,São João do Rio do Peixe,-6.713333,-38.436111,30,0,4,32:-36,941
2600035090,São João do Rio do Peixe,-6.714167,-38.436111,40,0,4,32:-36,933
2600035091,São João do Rio do Peixe,-6.715,-38.4375,50,0,4,32:-36,945
2600035092,São João do Rio do Peixe,-6.699167,-38.411944,50,0,4,32:-36,769
2600035093,São João do Rio do Peixe,-6.698889,-38.411667,50,0,4,32:-36,832
2600035094,São João do Rio do Peixe,-6.672778,-38.365,36,0,1,33:-35,783
2600035096,São João do Rio do Peixe,-6.651389,-38.439167,37,0,3,33:-36,1005
2600035097,São João do Rio do Peixe,-6.735,-38.459444,60,0,4,31:-37,541
2600035098,São João do Rio do Peixe,-6.599722,-38.381944,21,0,1,35:-35,1354
2600035099,São João do Rio do Peixe,-6.601111,-38.385556,51,0,3,34:-35,1697
2600035100,São João do Rio do Peixe,-6.605556,-38.388889,54,0,3,34:-35,1044
2600035102,São João do Rio do Peixe,-6.599444,-38.381667,25,0,1,35:-35,1656
2600035103,Brejo do Cruz,-6.250555,-37.576666,50,0,3,43:-15,1044
2600035104,Brejo do Cruz,-6.250555,-37.578055,50,0,3,43:-15,784
2600035106,Brejo do Cruz,-6.270277,-37.528055,45,0,2,43:-14,1182
2600035108,Brejo do Cruz,-6.366666,-37.404166,48,0,2,40:-11,268
2600035109,Brejo do Cruz,-6.361944,-37.399444,45,1,4,40:-10,3580
2600035110,Brejo do Cruz,-6.342777,-37.4,47,1,2,41:-10,3630
2600035111,Brejo do Cruz,-6.351944,-37.487222,45,0,2,41:-13,462
2600035114,Brejo do Cruz,-6.353333,-37.498333,20,0,2,41:-13,1371
2600035115,Brejo do Cruz,-6.310555,-37.489166,48,1,3,42:-13,3610
2600035116,Brejo do Cruz,-6.351111,-37.501111,30,1,2,41:-13,13600
2600035117,Brejo do Cruz,-6.335,-37.484444,30,0,2,41:-13,2380
2600035118,Brejo do Cruz,-6.348611,-37.505,48,0,2,41:-13,1163
2600035120,São Bentinho,-6.826666,-37.714166,43,0,3,29:-18,2140
2600035121,São Bentinho,-6.816111,-37.707222,45,0,3,29:-18,720
2600035122,São Bentinho,-6.836666,-37.715,45,0,3,29:-18,334
2600035123,São Bentinho,-6.849722,-37.701666,48,0,4,28:-18,1465
2600035124,São Bentinho,-6.878333,-37.784444,42,0,5,28:-20,701
2600035125,Pombal,-6.868888,-37.790277,36,0,5,28:-20,1422
2600035126,Pombal,-6.872777,-37.793055,21,0,5,28:-20,1680
2600035127,Cajazeirinhas,-6.886944,-37.823888,35,0,3,27:-21,1335
2600035128,São Bentinho,-6.884166,-37.728333,32,0,3,27:-19,1613
2600035129,São Bentinho,-6.875833,-37.733333,50,0,3,28:-19,1055
2600035130,São Bentinho,-6.882222,-37.7325,48,0,3,27:-19,829
2600035133,Pombal,-6.851111,-37.784444,16,0,5,28:-20,762
2600035135,Pombal,-6.835555,-37.758055,48,0,1,29:-19,835
2600035136,São Bentinho,-6.840833,-37.745,45,0,3,28:-19,1132
2600035137,São Bentinho,-6.864722,-37.679166,46,0,1,28:-17,2480
2600035140,Cajazeirinhas,-6.899166,-37.763055,36,0,4,27:-20,705
2600035141,São Bentinho,-6.9025,-37.725277,45,0,3,27:-19,746
2600035142,São Bentinho,-6.955555,-37.699444,28,0,1,26:-18,770
2600035143,São Bentinho,-6.907777,-37.693611,24,0,5,27:-18,521
2600035144,Sousa,-6.733888,-38.307222,50,0,1,31:-33,1265
2600035145,Sousa,-6.710833,-38.321388,50,0,1,32:-34,1007
2600035146,Sousa,-6.693333,-38.333333,50,0,1,32:-34,1128
2600035147,Aparecida,-6.745833,-38.083888,40,0,1,31:-28,936
2600035148,Sousa,-6.723611,-38.286944,50,0,1,31:-33,1250
2600035149,Sousa,-6.735,-38.302222,50,0,1,31:-33,1159
2600035150,Sousa,-6.725277,-38.281944,26,0,1,31:-33,1390
2600035151,Aparecida,-6.781944,-38.095,50,0,1,30:-28,1625
2600035152,Sousa,-6.735,-38.3025,50,0,1,31:-33,1159
2600035153,Sousa,-6.690277,-38.253888,48,0,4,32:-32,827
2600035155,Aparecida,-6.736944,-38.082777,50,0,1,31:-28,449
2600035156,Aparecida,-6.815,-38.119722,50,0,3,29:-28,1583
2600035157,Sousa,-6.689722,-38.343611,50,0,1,32:-34,800
2600035158,Sousa,-6.699444,-38.311388,50,0,2,32:-33,1858
2600035160,Aparecida,-6.760555,-38.123888,6.7,0,4,30:-29,1892
2600035163,Sousa,-6.825277,-38.180555,50,0,4,29:-30,899
2600035166,Sousa,-6.7225,-38.335,50,0,4,31:-34,1083
2600035167,Sousa,-6.718611,-38.313333,50,0,2,32:-33,1368
2600035168,São Francisco,-6.678055,-38.091388,20,0,5,33:-28,1082
2600035169,Sousa,-6.845277,-38.123055,3.5,0,2,28:-29,755
2600035170,Sousa,-6.780277,-38.221388,35,0,2,30:-31,2040
2600035171,Sousa,-6.796666,-38.198333,41,0,3,30:-30,1114
2600035172,Aparecida,-6.781388,-38.087777,17,0,1,30:-28,653
2600035173,São João do Rio do Peixe,-6.671388,-38.367777,51,0,1,33:-35,776
2600035176,Sousa,-6.638055,-38.303888,50,0,2,34:-33,588
2600035179,Aparecida,-6.7725,-38.088333,50,0,1,30:-28,1371
2600035180,Sousa,-6.690277,-38.280277,100,0,2,32:-33,990
2600035183,Sousa,-6.810833,-38.157777,5,0,4,29:-29,1574
2600035185,Bernardino Batista,-6.456111,-38.565833,30,0,5,38:-40,1431
2600035190,Bernardino Batista,-6.468611,-38.564166,30,0,5,38:-40,2170
2600035194,Bernardino Batista,-6.486111,-38.565277,43,0,2,37:-40,1742
2600035196,Bernardino Batista,-6.518333,-38.591388,16,0,2,37:-40,1852
2600035199,Poço Dantas,-6.435555,-38.543055,45,0,2,39:-39,1076
2600035203,Joca Claudino,-6.453888,-38.516111,46,0,2,38:-38,538
2600035207,Parari,-7.308055,-36.698888,50,0,1,17:7,2620
2600035208,Parari,-7.303611,-36.7325,45,0,1,17:6,1351
2600035209,Parari,-7.305833,-36.729444,50,1,1,17:6,18280
2600035210,Parari,-7.310277,-36.75,9.1,1,1,17:6,3620
2600035211,Parari,-7.315555,-36.730277,45,1,1,17:6,3150
2600035212,Parari,-7.32,-36.734722,50,1,2,16:6,4150
2600035213,Parari,-7.331944,-36.719166,45,1,2,16:7,10350
2600035214,Parari,-7.312222,-36.725555,45,0,1,17:6,1718
2600035216,Parari,-7.345833,-36.725833,50,0,2,16:6,1092
2600035217,Parari,-7.379166,-36.666388,38,0,5,15:8,2940
2600035218,Parari,-7.334166,-36.718333,50,0,2,16:7,2850
2600035219,Parari,-7.310555,-36.75,50,1,1,17:6,3650
2600035220,Parari,-7.375833,-36.666944,45,1,5,15:8,9900
2600035221,Taperoá,-7.303888,-36.802222,60,1,3,17:4,16500
2600035222,Parari,-7.306944,-36.669722,50,1,2,17:8,3050
2600035223,Parari,-7.290833,-36.656944,50,0,2,17:8,2390
2600035224,Parari,-7.305555,-36.587222,55,0,1,17:10,1707
2600035226,São João do Rio do Peixe,-6.608333,-38.390833,50,0,3,34:-35,746
2600035227,São João do Rio do Peixe,-6.605833,-38.398056,50,0,3,34:-35,1642
2600035230,São João do Rio do Peixe,-6.614722,-38.41,45,0,5,34:-36,1849
2600035232,São João do Rio do Peixe,-6.616944,-38.405833,31,0,5,34:-36,1082
2600035233,São João do Rio do Peixe,-6.765278,-38.432222,48,0,3,30:-36,1922
2600035234,São João do Rio do Peixe,-6.764444,-38.430833,50,0,3,30:-36,1291
2600035235,São João do Rio do Peixe,-6.761944,-38.430278,28,0,3,30:-36,1238
2600035236,São João do Rio do Peixe,-6.757222,-38.430833,50,0,1,31:-36,322
2600035237,São João do Rio do Peixe,-6.756944,-38.433056,35,0,1,31:-36,802
2600035238,São João do Rio do Peixe,-6.739444,-38.443333,40,0,4,31:-37,600
2600035239,São João do Rio do Peixe,-6.798889,-38.401667,50,0,3,30:-36,1833
2600035240,São João do Rio do Peixe,-6.800278,-38.401944,46,1,2,29:-36,4140
2600035241,São João do Rio do Peixe,-6.783611,-38.4775,41,0,5,30:-37,739
2600035242,Santa Helena,-6.795556,-38.521667,27,0,5,30:-39,931
2600035243,São João do Rio do Peixe,-6.796667,-38.521944,37,0,5,30:-39,1527
2600035244,Santa Helena,-6.797222,-38.518056,38,0,3,30:-38,1207
2600035245,São João do Rio do Peixe,-6.798056,-38.513889,18,0,3,30:-38,2610
2600035246,São João do Rio do Peixe,-6.755556,-38.368611,35,0,1,31:-35,1382
2600035247,São João do Rio do Peixe,-6.755833,-38.366667,38,0,1,31:-35,1392
2600035248,São João do Rio do Peixe,-6.754722,-38.363889,35,0,1,31:-35,1305
2600035249,São João do Rio do Peixe,-6.746944,-38.390278,36,0,1,31:-35,2430
2600035250,São João do Rio do Peixe,-6.745278,-38.3875,31,0,1,31:-35,931
2600035251,São João do Rio do Peixe,-6.745556,-38.385556,37,0,1,31:-35,2430
2600035254,São João do Rio do Peixe,-6.751111,-38.408889,50,0,1,31:-36,1230
2600035255,São João do Rio do Peixe,-6.741667,-38.418333,32,0,1,31:-36,1740
2600035256,São João do Rio do Peixe,-6.740556,-38.418889,38,0,1,31:-36,2370
2600035257,São João do Rio do Peixe,-6.739722,-38.420278,41,0,1,31:-36,1460
2600035258,São João do Rio do Peixe,-6.736944,-38.4225,58,0,1,31:-36,887
2600035259,São João do Rio do Peixe,-6.733056,-38.4225,35,0,1,31:-36,2100
2600035261,São João do Rio do Peixe,-6.797222,-38.390556,50,0,2,30:-35,2770
2600035263,São João do Rio do Peixe,-6.7375,-38.453333,28,0,4,31:-37,750
2600035264,São João do Rio do Peixe,-6.745556,-38.458611,51,0,4,31:-37,828
2600035265,São João do Rio do Peixe,-6.746944,-38.459722,50,0,4,31:-37,833
2600035266,São João do Rio do Peixe,-6.746389,-38.463056,50,0,4,31:-37,944
2600035267,São João do Rio do Peixe,-6.755556,-38.467778,28,0,4,31:-37,974
2600035268,São João do Rio do Peixe,-6.7575,-38.466944,50,0,4,31:-37,1075
2600035269,São João do Rio do Peixe,-6.757222,-38.465833,46,0,4,31:-37,860
2600035270,São João do Rio do Peixe,-6.765278,-38.482778,30,0,3,30:-38,1215
2600035272,São João do Rio do Peixe,-6.761389,-38.486944,27,0,3,30:-38,1559
2600035273,São João do Rio do Peixe,-6.76,-38.485556,21,0,5,31:-38,631
2600035274,São João do Rio do Peixe,-6.768333,-38.486667,31,0,3,30:-38,826
2600035275,São João do Rio do Peixe,-6.771667,-38.486667,49,0,3,30:-38,907
2600035276,São João do Rio do Peixe,-6.772222,-38.486389,27,0,3,30:-38,936
2600035278,São João do Rio do Peixe,-6.815556,-38.401944,50,0,2,29:-36,1302
2600035279,São João do Rio do Peixe,-6.821944,-38.405833,50,0,2,29:-36,799
2600035280,São João do Rio do Peixe,-6.819167,-38.406111,50,0,2,29:-36,719
2600035281,São João do Rio do Peixe,-6.806667,-38.420556,42,0,2,29:-36,1231
2600035282,São João do Rio do Peixe,-6.783056,-38.477778,45,0,5,30:-37,803
2600035285,São João do Rio do Peixe,-6.680278,-38.503889,40,1,1,32:-38,4940
2600035286,Triunfo,-6.6725,-38.516944,40,1,2,33:-38,3480
2600035287,São João do Rio do Peixe,-6.672778,-38.515833,36,0,2,33:-38,2370
2600035288,São João do Rio do Peixe,-6.6725,-38.505556,45,0,2,33:-38,2360
2600035289,São João do Rio do Peixe,-6.671667,-38.505,48,1,2,33:-38,4080
2600035290,São João do Rio do Peixe,-6.672778,-38.495556,40,0,2,33:-38,796
2600035292,São João do Rio do Peixe,-6.6875,-38.471667,50,0,3,32:-37,835
2600035293,São João do Rio do Peixe,-6.681389,-38.471389,50,0,3,32:-37,611
2600035294,São João do Rio do Peixe,-6.690833,-38.480278,40,0,1,32:-38,667
2600035295,São João do Rio do Peixe,-6.708889,-38.468333,35,0,3,32:-37,936
2600035296,São João do Rio do Peixe,-6.708611,-38.47,30,0,3,32:-37,1150
2600035297,São João do Rio do Peixe,-6.708333,-38.469722,35,0,3,32:-37,1086
2600035298,São João do Rio do Peixe,-6.7075,-38.470556,8.68,0,3,32:-37,1440
2600035299,São João do Rio do Peixe,-6.706111,-38.467778,12.21,0,3,32:-37,1020
2600035300,São João do Rio do Peixe,-6.713889,-38.468889,55,0,3,32:-37,984
2600035301,São João do Rio do Peixe,-6.715833,-38.469722,42,0,3,32:-37,1318
2600035302,São João do Rio do Peixe,-6.715556,-38.471667,40,0,3,32:-37,923
2600035303,São João do Rio do Peixe,-6.715556,-38.468333,50,0,3,32:-37,905
2600035304,São João do Rio do Peixe,-6.775833,-38.488611,35,0,3,30:-38,788
2600035305,São João do Rio do Peixe,-6.774167,-38.489722,22,0,3,30:-38,1016
2600035306,São João do Rio do Peixe,-6.774722,-38.490833,25,0,3,30:-38,1159
2600035307,São João do Rio do Peixe,-6.757222,-38.431667,35,0,1,31:-36,1374
2600035308,São João do Rio do Peixe,-6.757778,-38.434444,41,0,1,31:-36,1149
2600035309,São João do Rio do Peixe,-6.762778,-38.422778,50,0,3,30:-36,2470
2600035310,São João do Rio do Peixe,-6.761667,-38.423056,31,0,3,30:-36,1432
2600035311,São João do Rio do Peixe,-6.763333,-38.417222,34,0,3,30:-36,821
2600035312,São João do Rio do Peixe,-6.765556,-38.410556,42,0,3,30:-36,1285
2600035313,São João do Rio do Peixe,-6.758889,-38.419722,37,0,1,31:-36,1876
2600035314,São João do Rio do Peixe,-6.800833,-38.402222,50,0,2,29:-36,2300
2600035315,São João do Rio do Peixe,-6.771111,-38.493889,40,0,3,30:-38,1550
2600035316,São João do Rio do Peixe,-6.776667,-38.486667,27,0,3,30:-38,859
2600035317,São João do Rio do Peixe,-6.781389,-38.486389,29,0,3,30:-38,1583
2600035318,São João do Rio do Peixe,-6.780833,-38.486667,40,0,3,30:-38,1580
2600035319,São João do Rio do Peixe,-6.784444,-38.487222,22,0,3,30:-38,1170
2600035320,São João do Rio do Peixe,-6.784444,-38.486667,50,0,3,30:-38,1143
2600035321,São João do Rio do Peixe,-6.787778,-38.489444,50,0,3,30:-38,1328
2600035322,São João do Rio do Peixe,-6.785833,-38.487222,50,0,3,30:-38,1192
2600035323,Santa Helena,-6.785833,-38.495833,50,0,3,30:-38,1271
2600035324,São João do Rio do Peixe,-6.782222,-38.484722,30,0,3,30:-38,1400
2600035325,São João do Rio do Peixe,-6.783333,-38.486111,18,0,3,30:-38,1003
2600035326,São João do Rio do Peixe,-6.774444,-38.472222,37,0,5,30:-37,1408
2600035327,São João do Rio do Peixe,-6.768889,-38.468611,51,0,5,30:-37,890
2600035328,São João do Rio do Peixe,-6.744444,-38.486944,30,0,5,31:-38,461
2600035329,São João do Rio do Peixe,-6.748333,-38.484167,50,0,5,31:-38,595
2600035330,São João do Rio do Peixe,-6.744444,-38.484444,48,0,5,31:-38,300
2600035331,São João do Rio do Peixe,-6.738333,-38.481389,32,0,5,31:-38,613
2600035332,São João do Rio do Peixe,-6.736944,-38.480278,41,0,5,31:-38,991
2600035333,São João do Rio do Peixe,-6.738889,-38.482222,70,0,5,31:-38,616
2600035334,São João do Rio do Peixe,-6.725278,-38.485833,30,0,5,31:-38,844
2600035335,São João do Rio do Peixe,-6.724444,-38.484444,40,0,5,31:-38,842
2600035336,São João do Rio do Peixe,-6.725833,-38.483611,45,0,5,31:-38,956
2600035337,São João do Rio do Peixe,-6.727222,-38.485,40,0,5,31:-38,762
2600035338,São João do Rio do Peixe,-6.733889,-38.487222,42,0,5,31:-38,801
2600035339,São João do Rio do Peixe,-6.728611,-38.48,24,0,4,31:-37,1077
2600035340,São João do Rio do Peixe,-6.731111,-38.480556,42,0,5,31:-38,745
2600035341,São João do Rio do Peixe,-6.7275,-38.478333,40,0,4,31:-37,825
2600035342,São João do Rio do Peixe,-6.728056,-38.476389,40,0,4,31:-37,866
2600035343,São João do Rio do Peixe,-6.727222,-38.472778,40,0,4,31:-37,725
2600035344,São João do Rio do Peixe,-6.730556,-38.47,30,0,4,31:-37,615
2600035345,São João do Rio do Peixe,-6.730833,-38.467778,50,0,4,31:-37,475
2600035346,São João do Rio do Peixe,-6.736944,-38.469722,40,0,4,31:-37,737
2600035347,São João do Rio do Peixe,-6.63,-38.393611,33,0,3,34:-35,1209
2600035349,São João do Rio do Peixe,-6.637222,-38.393611,23,0,3,34:-35,1164
2600035351,São João do Rio do Peixe,-6.744444,-38.431944,42,0,1,31:-36,810
2600035352,São João do Rio do Peixe,-6.751111,-38.43,45,0,1,31:-36,899
2600035353,São João do Rio do Peixe,-6.751667,-38.427222,33,0,1,31:-36,1068
2600035533,Bom Sucesso,-6.496111,-37.966111,33,0,1,37:-25,488
2600035545,São Francisco,-6.625278,-38.068611,50,0,4,34:-27,882
2600035546,São Francisco,-6.628889,-38.065833,37,0,4,34:-27,553
2600035548,São Francisco,-6.671944,-38.069722,39,0,1,33:-27,1497
2600035550,São Francisco,-6.646389,-38.078611,46,0,1,33:-27,1292
2600035551,São Francisco,-6.664444,-38.09,36,0,5,33:-28,1235
2600035553,Aparecida,-6.688889,-38.083333,30,0,3,32:-28,1859
2600035554,Sousa,-6.64,-38.1025,50,0,3,34:-28,401
2600035555,São Francisco,-6.640833,-38.023889,50,0,2,33:-26,1185
2600035556,São Francisco,-6.621944,-38.065556,30,0,4,34:-27,645
2600035568,Cacimbas,-7.226111,-37.128611,32,0,3,19:-4,519
2600035573,Cacimbas,-7.224167,-37.126667,27,0,3,19:-4,401
2600035579,Cajazeiras,-6.810278,-38.520278,30,0,4,29:-39,1076
2600035580,Cajazeiras,-6.894444,-38.530278,42,0,5,27:-39,1414
2600035581,Cajazeiras,-6.812222,-38.502778,36,0,3,29:-38,684
2600035582,Cajazeiras,-6.888611,-38.551667,50,0,5,27:-39,1094
2600035583,Cajazeiras,-6.886111,-38.543056,40,0,5,27:-39,1267
2600035584,Cajazeiras,-6.85,-38.595278,36,0,1,28:-40,278
2600035585,Cajazeiras,-6.886667,-38.563611,50,0,3,27:-40,278
2600035587,Cajazeiras,-6.980278,-38.605278,37,0,5,25:-41,512
2600035588,Cajazeiras,-6.848611,-38.509722,14,0,4,28:-38,1221
2600035589,Cajazeiras,-6.922222,-38.557778,50,0,3,26:-39,794
2600035591,Cajazeiras,-6.831667,-38.544722,50,0,4,29:-39,1193
2600035592,Cajazeiras,-6.879722,-38.548611,23,0,5,28:-39,1948
2600035593,Cajazeiras,-6.884722,-38.5325,41,0,5,27:-39,1225
2600035595,Cajazeiras,-7.008889,-38.614444,26,0,5,24:-41,711
2600035596,Cajazeiras,-6.835278,-38.528333,36,0,4,29:-39,1445
2600035598,Cajazeiras,-6.895278,-38.529167,48,0,5,27:-39,1009
2600035599,Cajazeiras,-6.886111,-38.488333,50,0,3,27:-38,1778
2600035600,Cajazeiras,-6.888889,-38.599167,40,0,3,27:-40,552
2600035604,Cajazeiras,-6.978056,-38.583611,36,0,2,25:-40,820
2600035606,Cajazeiras,-6.810278,-38.518889,38,0,3,29:-38,1222
2600035607,São João do Rio do Peixe,-6.841944,-38.419167,35,0,5,28:-36,1801
2600035608,Cajazeiras,-6.809722,-38.518333,20,0,3,29:-38,707
2600035609,Cajazeiras,-6.898889,-38.563056,30,0,3,27:-40,2140
2600035611,Cachoeira dos Índios,-6.931667,-38.641111,7,0,5,26:-42,1093
2600035612,Cajazeiras,-6.854444,-38.614167,45,0,2,28:-41,697
2600035613,Cajazeiras,-7.0125,-38.633056,30,0,5,24:-41,474
2600035616,Cajazeiras,-6.943889,-38.519722,48,0,3,26:-38,1115
2600035617,Cajazeiras,-6.806944,-38.511389,6,0,3,29:-38,923
2600035618,Cajazeiras,-6.933056,-38.569722,40,0,2,26:-40,712
2600035620,Cajazeiras,-6.875278,-38.488333,36,0,4,28:-38,843
2600035621,Cajazeiras,-6.808056,-38.500556,50,0,3,29:-38,1330
2600035622,Cajazeiras,-6.936944,-38.458056,47,0,5,26:-37,963
2600035623,Piancó,-7.197222,-37.925,32,0,1,20:-24,816
2600035624,Piancó,-7.195278,-37.923889,26,0,1,20:-24,1131
2600035625,Piancó,-7.192778,-37.925,40,0,1,20:-24,611
2600035626,Piancó,-7.193889,-37.934167,45,0,1,20:-24,878
2600035627,Piancó,-7.193333,-37.936389,50,0,1,20:-24,1519
2600035630,Piancó,-7.200833,-37.924444,51,0,3,19:-24,632
2600035631,Piancó,-7.196667,-37.921667,38,0,1,20:-24,1236
2600035632,Piancó,-7.203056,-37.910833,48,0,1,19:-23,641
2600035633,Piancó,-7.197222,-37.910833,42,0,2,20:-23,847
2600035634,Piancó,-7.208333,-37.916111,40,0,1,19:-23,616
2600035635,Piancó,-7.208056,-37.913333,45,0,1,19:-23,772
2600035636,Piancó,-7.2075,-37.883889,30,0,1,19:-23,367
2600035639,Piancó,-7.1975,-37.923333,70,0,1,20:-24,847
2600035640,Piancó,-7.199167,-37.924722,50,0,1,20:-24,875
2600035641,Piancó,-7.198611,-37.919444,66,0,2,20:-23,1000
2600035643,Piancó,-7.197222,-37.9225,22,0,1,20:-24,787
2600035644,Piancó,-7.197222,-37.922778,20,0,1,20:-24,740
2600035645,Piancó,-7.198889,-37.921944,35,0,1,20:-24,934
2600035646,Piancó,-7.199444,-37.925833,36,0,1,20:-24,1043
2600035647,Piancó,-7.200278,-37.926667,36,0,3,19:-24,641
2600035648,Piancó,-7.203611,-37.926944,50,0,3,19:-24,702
2600035650,Piancó,-7.201667,-37.928333,7,0,3,19:-24,1088
2600035651,Piancó,-7.1925,-37.925,25,0,1,20:-24,1097
2600035652,Piancó,-7.191389,-37.921944,38.5,0,1,20:-24,689
2600035653,Piancó,-7.194722,-37.929444,40,0,1,20:-24,1949
2600035654,Piancó,-7.195278,-37.928056,50,0,1,20:-24,1023
2600035655,Piancó,-7.192222,-37.93,36,0,1,20:-24,1747
2600035656,Piancó,-7.193056,-37.930278,50,0,1,20:-24,1153
2600035657,Piancó,-7.193611,-37.931944,25,0,1,20:-24,711
2600035658,Piancó,-7.192778,-37.930833,35,0,1,20:-24,1179
2600035659,Piancó,-7.134722,-37.836667,42.6,0,3,21:-21,692
2600035660,Piancó,-7.214444,-37.923056,50,0,3,19:-24,817
2600035661,Piancó,-7.222778,-37.929444,45,0,3,19:-24,927
2600035662,Piancó,-7.285278,-38.0025,48,0,3,17:-26,795
2600035663,Piancó,-7.2,-37.925,22,0,3,19:-24,817
2600035665,Piancó,-7.177222,-38.049167,48,0,5,20:-27,993
2600035666,Piancó,-7.176111,-37.865833,50,0,3,20:-22,922
2600035667,Piancó,-7.218056,-37.974167,50,0,2,19:-25,567
2600035668,Piancó,-7.154444,-37.979167,40,0,1,21:-25,1035
2600035669,Piancó,-7.161111,-37.948056,42,0,1,20:-24,1192
2600035670,Piancó,-7.196667,-38.050833,50,0,5,20:-27,890
2600035671,Piancó,-7.2125,-37.8275,50,0,4,19:-21,985
2600035672,Piancó,-7.211389,-37.848889,50,0,3,19:-22,1202
2600035676,Piancó,-7.197222,-37.922222,20,0,1,20:-24,740
2600035677,Piancó,-7.189167,-38.045278,51,0,5,20:-27,667
2600035679,Piancó,-7.307778,-37.959722,19.3,0,4,17:-24,808
2600035680,Piancó,-7.203333,-37.925556,40,0,3,19:-24,961
2600035681,Piancó,-7.291667,-37.963056,35,0,3,17:-25,866
2600035682,Piancó,-7.201111,-38.035278,51,0,4,19:-26,624
2600035683,Piancó,-7.159167,-37.893333,40,0,2,21:-23,877
2600035684,Piancó,-7.196667,-38.050556,47,0,5,20:-27,795
2600035685,Piancó,-7.2225,-37.931389,38,0,3,19:-24,489
2600035686,Piancó,-7.285,-38.004722,32,0,3,17:-26,2490
2600035687,Piancó,-7.201944,-38.036111,42,0,4,19:-26,625
2600035690,Quixaba,-7.031667,-37.146389,27,1,1,24:-4,3550
2600035691,Quixaba,-7.031944,-37.147778,27,0,1,24:-4,2320
2600035692,Quixaba,-7.0325,-37.147222,27,1,1,24:-4,3130
2600035693,Quixaba,-7.0325,-37.149722,27,0,1,24:-4,2470
2600035694,Quixaba,-7.033611,-37.1525,27,1,1,24:-4,7300
2600035695,Quixaba,-7.0375,-37.152222,27,1,1,24:-4,4640
2600035696,Quixaba,-7.0375,-37.1475,27,0,1,24:-4,2990
2600035698,Quixaba,-7.025833,-37.136111,31,1,1,24:-4,8130
2600035699,Quixaba,-7.029444,-37.116667,60,1,5,24:-3,7340
2600035704,Quixaba,-7.027222,-37.071389,45,0,4,24:-2,933
2600035705,Quixaba,-7.031667,-37.079444,28,0,4,24:-2,1911
2600035706,Quixaba,-7.039167,-37.0825,40,0,5,24:-3,1593
2600035707,Quixaba,-7.050556,-37.156667,36,0,1,23:-4,2430
2600035709,Quixaba,-7.051111,-37.061389,50,0,4,23:-2,1880
2600035712,Quixaba,-7.086111,-37.105556,35,1,1,22:-3,7670
2600035715,Quixaba,-7.065556,-37.12,45,0,4,23:-3,480
2600035717,Quixaba,-7.053056,-37.151389,33,1,1,23:-4,5560
2600035718,Quixaba,-7.070556,-37.151389,42,1,1,23:-4,5380
2600035720,Quixaba,-7.0475,-37.176389,30,1,1,23:-5,8400
2600035722,Puxinanã,-7.165,-35.977222,50,1,1,20:25,9090
2600035726,Puxinanã,-7.156389,-35.930278,24,0,5,21:26,2170
2600035727,Puxinanã,-7.166944,-35.915,39,0,5,20:27,931
2600035728,Puxinanã,-7.169167,-35.922222,51,0,5,20:26,2060
2600035729,Lagoa Seca,-7.159444,-35.914167,41,0,5,21:27,524
2600035730,Puxinanã,-7.128889,-35.936111,50,0,5,21:26,2480
2600035731,Puxinanã,-7.163333,-35.921111,30,0,5,20:26,2140
2600035732,Puxinanã,-7.163611,-35.941944,50,1,5,20:26,7160
2600035734,Puxinanã,-7.170278,-35.918611,55,0,5,20:27,471
2600035735,Puxinanã,-7.17,-35.918611,49,0,5,20:27,498
2600035736,Puxinanã,-7.1425,-35.960833,50,1,5,21:25,10440
2600035739,Puxinanã,-7.158056,-35.922778,35,0,5,21:26,991
2600035740,Puxinanã,-7.158333,-35.923611,32,0,5,21:26,1746
2600035742,Puxinanã,-7.17,-35.919167,36,0,5,20:27,724
2600035743,Puxinanã,-7.168333,-35.918611,25,0,5,20:27,383
2600035744,Puxinanã,-7.157778,-35.924167,24,0,5,21:26,1276
2600035745,Puxinanã,-7.1575,-35.922778,48,0,5,21:26,1550
2600035746,Puxinanã,-7.146111,-35.963889,48,1,5,21:25,4320
2600035749,Lagoa Seca,-7.150278,-35.921667,34,0,5,21:26,2280
2600035750,Puxinanã,-7.158611,-35.922222,50,0,5,21:26,1162
2600035752,Puxinanã,-7.149444,-35.928056,48,1,5,21:26,4240
2600035755,Puxinanã,-7.15,-35.945833,40,1,5,21:26,5170
2600035756,Puxinanã,-7.163611,-35.963333,50,1,1,20:25,12250
2600035758,Puxinanã,-7.155833,-35.978056,48,1,5,21:25,7650
2600035759,Puxinanã,-7.156111,-35.978333,45,0,5,21:25,1029
2600035760,Serra da Raiz,-6.724722,-35.4525,39,1,2,31:38,3600
2600035761,São Sebastião de Lagoa de Roça,-7.079167,-35.871667,46,1,4,23:28,15550
2600035762,São Sebastião de Lagoa de Roça,-7.075833,-35.834722,40,0,2,23:29,1217
2600035766,Pitimbu,-7.410556,-34.856389,250,0,3,14:53,415
2600035767,Pitimbu,-7.405,-34.836944,120,0,2,14:54,392
2600035768,Pitimbu,-7.379444,-34.868889,240,0,1,15:53,414
2600035769,Pitimbu,-7.379722,-34.868611,220,0,1,15:53,324
2600035770,Pitimbu,-7.496944,-34.816389,270,0,2,12:54,328
2600035771,Pitimbu,-7.522222,-34.823611,283,0,3,11:54,317
2600035772,Pitimbu,-7.519722,-34.832222,70,0,2,12:54,397
2600035773,Pitimbu,-7.496667,-34.853056,106,0,3,12:53,342
2600035774,Pitimbu,-7.472222,-34.8075,190,0,3,13:54,415
2600035777,Pitimbu,-7.453611,-34.838611,90,0,3,13:54,170
2600035778,Pilar,-7.294722,-35.228333,35,0,1,17:44,1830
2600035780,Pilar,-7.258333,-35.250556,50,0,4,18:43,832
2600035783,Pilar,-7.243056,-35.241389,48,0,4,18:43,410
2600035784,Pilar,-7.297222,-35.243056,50,0,3,17:43,1554
2600035786,Pilar,-7.275556,-35.286389,30,0,2,18:42,1340
2600035787,Alagoinha,-6.977778,-35.494444,24,0,3,25:37,2580
2600035788,Alagoinha,-6.955556,-35.535556,50,0,4,26:36,223
2600035789,Alagoinha,-6.943333,-35.540833,35,1,4,26:36,16720
2600035792,Alagoinha,-6.948056,-35.509444,40,0,1,26:37,1933
2600035793,Alagoinha,-6.951389,-35.566111,50,0,4,26:35,399
2600035795,Alagoinha,-6.947778,-35.555,54,0,4,26:36,2170
2600035798,Alagoinha,-6.947222,-35.511111,50,1,1,26:37,3670
2600035801,Alagoinha,-6.9575,-35.465,42,1,2,26:38,4280
2600035802,Alagoinha,-6.943333,-35.500278,30,0,1,26:37,2280
2600035803,Alagoinha,-6.940833,-35.493056,48,1,1,26:37,3810
2600035804,Alagoinha,-6.935,-35.498889,35,0,1,26:37,952
2600035805,Alagoinha,-6.924167,-35.485556,50,1,1,26:37,3540
2600035806,Alagoinha,-6.9525,-35.466111,42,1,2,26:38,5410
2600035807,Alagoinha,-6.977222,-35.476944,30,0,1,25:38,2470
2600035809,Alagoinha,-6.958056,-35.537778,24,1,4,26:36,5390
2600035811,Alagoinha,-6.970278,-35.528333,40,0,5,25:36,2140
2600035815,Alagoinha,-6.987222,-35.508333,42,0,3,25:37,2370
2600035816,Alagoinha,-6.938333,-35.559167,38,0,4,26:36,240
2600035817,Alagoinha,-6.959722,-35.569722,55,0,4,26:35,1023
2600035818,Alagoinha,-6.977778,-35.558611,35,0,5,25:36,1198
2600035820,Alagoa Grande,-6.985,-35.586389,35,0,2,25:35,2420
2600035822,Alhandra,-7.423056,-34.917222,50,0,1,14:52,415
2600035823,Pitimbu,-7.403333,-34.898333,150,0,1,14:52,152
2600035825,Alhandra,-7.438333,-34.890278,100,0,1,14:52,317
2600035828,Pitimbu,-7.403056,-34.898333,30,0,1,14:52,224
2600035830,Alhandra,-7.325,-34.960556,21,0,3,16:50,114
2600035832,Alhandra,-7.359722,-34.943611,120,0,2,16:51,322
2600035833,Alhandra,-7.3375,-34.947778,70,0,2,16:51,297
2600035835,Alhandra,-7.375556,-34.930278,120,0,3,15:51,364
2600035839,Alhandra,-7.4075,-34.938056,9.5,0,5,14:51,342
2600035840,Alhandra,-7.383889,-34.909167,49.5,0,4,15:52,362
2600035841,Alhandra,-7.384167,-34.9275,90,0,3,15:51,412
2600035844,Alhandra,-7.398056,-34.912222,30,0,4,15:52,617
2600035847,Alhandra,-7.406389,-34.937222,120,0,5,14:51,397
2600035851,Conde,-7.246111,-34.924722,69,0,1,18:51,385
2600035852,Conde,-7.246389,-34.925,70,0,1,18:51,374
2600035853,Conde,-7.244444,-34.928333,136,0,1,18:51,430
2600035854,Conde,-7.244722,-34.928611,77,0,1,18:51,466
2600035855,Alhandra,-7.386389,-34.921389,8,0,3,15:51,109
2600035856,Alhandra,-7.393056,-34.933333,80,0,3,15:51,490
2600035861,Gurinhém,-7.065278,-35.500278,27,1,1,23:37,11540
2600035862,Alagoa Nova,-7.095278,-35.793611,30,1,4,22:30,3310
2600035864,Alagoa Nova,-7.085278,-35.793056,50,0,4,22:30,165
2600035866,São José dos Ramos,-7.185556,-35.327778,45,0,3,20:41,1560
2600035870,Alagoa Nova,-7.065278,-35.766389,18,0,3,23:30,711
2600035877,Algodão de Jandaíra,-6.875833,-35.895278,53,1,1,28:27,7810
2600035881,Arara,-6.858056,-35.800278,45,1,2,28:29,16710
2600035886,Casserengue,-6.827778,-35.853333,31,1,4,29:28,6360
2600035891,Algodão de Jandaíra,-6.906111,-36.055,50,1,1,27:23,3360
2600035893,Remígio,-6.898889,-35.876667,23.2,1,5,27:28,13790
2600035896,Alagoa Grande,-7.114722,-35.5975,33.5,1,4,22:35,6030
2600035897,Alagoa Grande,-7.036944,-35.580278,49,1,1,24:35,4840
2600035900,Alagoa Grande,-7.055833,-35.690556,26,0,1,23:32,1327
2600035901,Alagoa Grande,-7.103611,-35.640278,42,1,5,22:33,5770
2600035904,Alagoa Grande,-7.024167,-35.652222,30,1,1,24:33,11170
2600035910,Alagoa Grande,-7.035278,-35.619167,50,0,5,24:34,2130
2600035911,Alagoa Grande,-7.026389,-35.61,48,1,5,24:34,3150
2600035912,Alagoa Grande,-7.029722,-35.610556,50,0,5,24:34,1481
2600035916,Alagoa Grande,-7.001944,-35.575,46,0,1,24:35,757
2600035919,Alagoa Grande,-7.029722,-35.611944,48,0,5,24:34,1054
2600035921,Alagoa Grande,-7.093056,-35.519722,24,0,3,22:37,1578
2600035922,Alagoa Grande,-7.022222,-35.605,40,0,5,24:34,568
2600035924,Alagoa Grande,-7.129444,-35.6175,42,0,3,21:34,1886
2600035925,Alagoa Grande,-7.052778,-35.571389,49,1,4,23:35,17030
2600035927,Alagoa Grande,-7.116111,-35.613333,68,1,2,22:34,3740
2600035929,Alagoa Grande,-7.114722,-35.613611,24,0,2,22:34,2080
2600035930,Alagoa Grande,-7.073056,-35.521111,40,1,5,23:36,5900
2600035932,Alagoa Grande,-7.0825,-35.69,50,0,1,22:32,708
2600035933,Alagoa Grande,-7.035556,-35.629722,40,0,5,24:34,1156
2600035935,Alagoa Grande,-7.104167,-35.638889,35,1,2,22:34,3020
2600035938,Alagoa Grande,-7.055833,-35.648611,60,0,5,23:33,2810
2600035940,Alagoa Grande,-7.049444,-35.628889,50,1,3,23:34,3790
2600035941,Alagoa Grande,-7.044167,-35.629167,50,1,3,23:34,3930
2600035945,Alagoa Grande,-7.041389,-35.633889,50,0,3,23:34,2700
2600035947,Alagoa Grande,-7.059167,-35.638333,18,0,3,23:34,1366
2600035948,Alagoa Grande,-7.092222,-35.693611,50,0,1,22:32,818
2600035951,Alagoa Grande,-7.102778,-35.690833,60,0,1,22:32,1442
2600035956,Alagoa Grande,-7.011389,-35.583611,50,0,1,24:35,1263
2600035957,Gurinhém,-7.105278,-35.4875,36,0,3,22:37,2870
2600035959,Alagoa Grande,-7.031944,-35.550278,13,1,2,24:36,7640
2600035961,Alagoa Grande,-7.021667,-35.604444,50,0,5,24:34,692
2600035962,Baía da Traição,-6.599722,-35.004444,40,0,2,35:49,106
2600035964,Baía da Traição,-6.676667,-34.994722,36,0,2,33:50,71
2600035967,Baía da Traição,-6.666667,-35.027778,38,0,2,33:49,56
2600035968,Baía da Traição,-6.651389,-34.988333,60,0,2,33:50,81
2600035969,Baía da Traição,-6.703889,-35.014444,32,0,5,32:49,89
2600035970,Baía da Traição,-6.704167,-35.031389,60,0,5,32:49,61
2600035971,Baía da Traição,-6.702222,-35.028333,40,0,5,32:49,55
2600035972,Santa Luzia,-6.870833,-36.916944,50,1,2,28:2,4430
2600035973,Santa Luzia,-6.908611,-37.009444,50,1,4,27:-1,4980
2600035974,Santa Luzia,-6.915556,-37.000556,45.65,1,4,27:-1,3900
2600035975,Santa Luzia,-6.953889,-36.9125,38,1,4,26:2,3020
2600035976,Santa Luzia,-6.869444,-36.966111,40,1,5,28:0,4000
2600035978,Santa Luzia,-6.939167,-36.914444,38,0,4,26:2,1902
2600035979,Santa Luzia,-6.899722,-36.930556,40,0,4,27:1,2620
2600035981,Santa Luzia,-6.909167,-36.937222,38,1,4,27:1,4600
2600035982,Santa Luzia,-6.87,-36.918333,50,1,2,28:2,3980
2600035983,Amparo,-7.534722,-37.001111,35,1,5,11:-1,5910
2600035984,Amparo,-7.561389,-37.005833,33,0,4,10:-1,1745
2600035985,Amparo,-7.574167,-37.048056,35,0,3,10:-2,2230
2600035986,Amparo,-7.5475,-36.984722,49,1,5,11:0,3110
2600035988,Amparo,-7.553333,-37.027778,50,1,5,11:-1,5350
2600035989,Amparo,-7.560556,-37.018056,50,0,4,10:-1,1329
2600035990,Amparo,-7.555556,-37.048333,27,0,2,11:-2,1146
2600035991,Ouro Velho,-7.568889,-37.13,17,0,5,10:-4,2140
2600035992,Amparo,-7.51,-37.056944,60,1,3,12:-2,5570
2600035994,Amparo,-7.559722,-37.015278,50,0,5,11:-1,2550
2600035995,Amparo,-7.574167,-37.060556,33,1,3,10:-2,3380
2600035996,Amparo,-7.509167,-37.009722,50,1,5,12:-1,3710
2600035997,Amparo,-7.557778,-37.048889,35,1,2,11:-2,3110
2600035998,Amparo,-7.5675,-37.064444,50,0,3,10:-2,2100
2600036000,Amparo,-7.533611,-37.042778,30,1,2,11:-2,4170
2600036001,Amparo,-7.569722,-37.023611,50,0,4,10:-1,1348
2600036002,Amparo,-7.506667,-37.014167,40,0,5,12:-1,2990
2600036003,Amparo,-7.523333,-37.017222,50,0,5,11:-1,2120
2600036004,Amparo,-7.550556,-37.089722,45,0,5,11:-3,1665
2600036005,Amparo,-7.576389,-37.060833,35,1,3,10:-2,5190
2600036006,Amparo,-7.541389,-37.047222,50,0,2,11:-2,1249
2600036007,Amparo,-7.570833,-37.043611,35,0,3,10:-2,1513
2600036008,Amparo,-7.514167,-37.043333,50,1,3,12:-2,4370
2600036009,Amparo,-7.558889,-37.059722,25,0,2,11:-2,2520
2600036010,Amparo,-7.558889,-37.040278,30,0,2,11:-2,781
2600036011,Amparo,-7.580833,-37.056944,26,0,3,10:-2,2160
2600036012,Amparo,-7.559444,-37.052222,51,0,2,11:-2,2880
2600036013,Amparo,-7.542222,-37.036944,40,1,5,11:-1,6810
2600036016,Areial,-7.0375,-35.943056,52,1,4,24:26,9590
2600036017,Areial,-7.051111,-35.934167,60,1,2,23:26,7240
2600036018,Areial,-7.064167,-35.911111,50,1,1,23:27,5970
2600036019,Areial,-7.0725,-35.925,51,1,2,23:26,7780
2600036021,Esperança,-7.046944,-35.899444,51,1,1,23:27,3080
2600036022,Areial,-7.0325,-35.935278,50,0,4,24:26,1149
2600036023,Borborema,-6.811111,-35.6075,50,1,4,29:34,6290
2600036024,Borborema,-6.787222,-35.592778,30,0,3,30:35,2350
2600036025,Borborema,-6.794722,-35.566111,35,0,3,30:35,1049
2600036026,Serraria,-6.816667,-35.636111,50,1,4,29:34,11430
2600036027,Serraria,-6.818056,-35.639167,50,1,4,29:34,5090
2600036028,Serraria,-6.815833,-35.639722,50,1,4,29:34,5530
2600036029,Serraria,-6.828333,-35.619167,50,0,4,29:34,1890
2600036030,Borborema,-6.8025,-35.6,20,1,4,29:34,3360
2600036031,Borborema,-6.803889,-35.603056,30,0,4,29:34,1517
2600036032,Borborema,-6.806944,-35.605,45,0,4,29:34,1291
2600036036,Conde,-7.332778,-34.808333,39,0,1,16:54,722
2600036040,Conde,-7.261389,-34.905833,112,0,3,18:52,514
2600036041,Conde,-7.286111,-34.803056,190,0,5,17:54,520
2600036042,Conde,-7.284167,-34.809444,240,0,5,17:54,436
2600036043,Conde,-7.285556,-34.807778,150,0,5,17:54,414
2600036045,Conde,-7.283889,-34.876389,70,0,5,17:53,423
2600036048,Conde,-7.255,-34.899444,40,0,3,18:52,372
2600036049,Conde,-7.255556,-34.899722,37,0,3,18:52,413
2600036050,Conde,-7.255278,-34.899167,42,0,3,18:52,420
2600036051,Conde,-7.241667,-34.914167,36,0,3,18:52,519
2600036052,Conde,-7.243889,-34.914722,33,0,3,18:52,322
2600036053,Conde,-7.2275,-34.909722,80,0,3,19:52,374
2600036054,Conde,-7.228611,-34.913333,120,0,3,19:52,379
2600036055,Conde,-7.228889,-34.913611,60,0,3,19:52,394
2600036056,Conde,-7.236667,-34.855556,70,0,1,19:53,414
2600036057,Conde,-7.236944,-34.855833,67,0,1,19:53,522
2600036058,Conde,-7.232778,-34.865833,50,0,1,19:53,554
2600036059,Conde,-7.232222,-34.922778,26,0,5,19:51,620
2600036060,Conde,-7.2325,-34.923056,29,0,5,19:51,435
2600036061,Conde,-7.237222,-34.924167,42,0,5,19:51,529
2600036062,Conde,-7.2375,-34.924722,37,0,5,19:51,318
2600036063,Conde,-7.29,-34.916111,67,0,5,17:52,367
2600036064,Conde,-7.264444,-34.92,52,0,1,18:51,432
2600036066,Conde,-7.271111,-34.891667,45,0,3,18:52,620
2600036067,Conde,-7.270556,-34.891944,40,0,3,18:52,715
2600036068,Conde,-7.270556,-34.874444,47,0,2,18:53,725
2600036069,Conde,-7.2975,-34.867778,45,0,5,17:53,619
2600036070,Conde,-7.312778,-34.870833,45,0,5,17:53,882
2600036071,Conde,-7.328889,-34.857222,120,0,1,16:53,468
2600036073,Conde,-7.335278,-34.846111,120,0,1,16:53,730
2600036074,Conde,-7.335556,-34.846667,75,0,1,16:53,619
2600036075,Conde,-7.321944,-34.867222,62,0,1,16:53,632
2600036076,Conde,-7.322222,-34.867222,49,0,1,16:53,614
2600036077,Conde,-7.247778,-34.864722,72,0,2,18:53,324
2600036078,Conde,-7.254444,-34.862222,39,0,2,18:53,432
2600036127,Conde,-7.301944,-34.823333,40,0,5,17:54,434
2600036128,Conde,-7.302222,-34.824444,35,0,5,17:54,260
2600036130,Conde,-7.266944,-34.846944,35,0,2,18:53,439
2600036131,Conde,-7.261667,-34.838611,62,0,1,18:54,620
2600036132,Conde,-7.261944,-34.838889,55,0,1,18:54,570
2600036133,Conde,-7.247222,-34.832222,112,0,1,18:54,499
2600036134,Conde,-7.2475,-34.831944,60,0,1,18:54,509
2600036135,Conde,-7.245833,-34.847778,49,0,2,18:53,417
2600036136,Conde,-7.246111,-34.848333,60,0,2,18:53,437
2600036137,Conde,-7.251111,-34.826111,27,0,1,18:54,472
2600036138,Conde,-7.251944,-34.813889,42,0,1,18:54,417
2600036139,Conde,-7.251944,-34.813611,53,0,1,18:54,377
2600036140,Conde,-7.340278,-34.803333,76,0,1,16:54,597
2600036142,Conde,-7.301944,-34.823889,70,0,5,17:54,630
2600036143,Conde,-7.3025,-34.824167,42,0,5,17:54,430
2600036144,Conde,-7.299722,-34.816389,42,0,5,17:54,315
2600036145,Conde,-7.266667,-34.841667,80,0,2,18:53,630
2600036146,Conde,-7.266389,-34.839722,32,0,1,18:54,364
2600036148,Coxixola,-7.596111,-36.618889,50,1,1,10:9,6620
2600036149,Coxixola,-7.609167,-36.647778,43,1,2,9:8,6730
2600036150,Coxixola,-7.623611,-36.603056,51,0,3,9:9,2780
2600036151,Coxixola,-7.636944,-36.613889,32,0,3,9:9,1868
2600036152,Coxixola,-7.621111,-36.602778,28,0,3,9:9,1615
2600036153,Coxixola,-7.625,-36.655833,46,0,2,9:8,2150
2600036154,Coxixola,-7.6625,-36.603889,42,1,4,8:9,3430
2600036155,Coxixola,-7.606667,-36.598333,48,1,5,9:10,5130
2600036156,Coxixola,-7.618056,-36.679167,45,1,2,9:8,5630
2600036157,Coxixola,-7.624722,-36.6025,40,0,3,9:9,2700
2600036158,Coxixola,-7.669722,-36.653889,46,0,5,8:8,2570
2600036160,Coxixola,-7.686389,-36.576944,40,0,4,7:10,1980
2600036162,Coxixola,-7.625278,-36.606111,35,1,3,9:9,6630
2600036163,Coxixola,-7.623333,-36.610833,35,0,3,9:9,2180
2600036164,Caraúbas,-7.643889,-36.577778,45,1,2,8:10,5060
2600036165,Coxixola,-7.631111,-36.591389,42,0,5,9:10,809
2600036166,Coxixola,-7.628611,-36.602222,47,0,3,9:9,2000
2600036167,Coxixola,-7.621389,-36.671667,47,1,2,9:8,5300
2600036169,Coxixola,-7.635833,-36.621389,39,0,3,9:9,1689
2600036170,Caraúbas,-7.633056,-36.581389,50,0,5,9:10,1960
2600036171,Coxixola,-7.604722,-36.605278,48,1,3,9:9,5430
2600036172,Coxixola,-7.6225,-36.673056,38,0,2,9:8,2080
2600036174,Coxixola,-7.630278,-36.605,46,1,3,9:9,5320
2600036175,Coxixola,-7.626944,-36.605556,40,0,3,9:9,2180
2600036176,Coxixola,-7.636667,-36.598611,43,1,5,9:10,4350
2600036177,Coxixola,-7.661389,-36.665,45,0,5,8:8,819
2600036178,Coxixola,-7.614444,-36.644722,45,0,2,9:8,2520
2600036179,Coxixola,-7.614722,-36.646111,45,1,2,9:8,7330
2600036180,Coxixola,-7.64,-36.651111,42,1,2,9:8,5550
2600036182,Alagoa Nova,-7.064722,-35.766389,18,0,3,23:30,684
2600036183,Alagoa Nova,-7.065278,-35.766111,18,0,3,23:30,756
2600036184,Cuité de Mamanguape,-6.911667,-35.293333,33,0,3,27:42,518
2600036185,Cuité de Mamanguape,-6.905556,-35.280833,50,1,3,27:42,6970
2600036186,Cuité de Mamanguape,-6.888333,-35.252778,45,1,2,27:43,6730
2600036188,Cuité de Mamanguape,-6.909722,-35.220556,45,0,4,27:44,1761
2600036189,Cuité de Mamanguape,-6.907222,-35.293889,49,0,3,27:42,1452
2600036190,Cuité de Mamanguape,-6.927778,-35.289722,50,0,5,26:42,670
2600036191,Cuité de Mamanguape,-6.953611,-35.264444,52,0,4,26:43,2670
2600036193,Mataraca,-6.5925,-34.966111,42,0,3,35:50,122
2600036194,Mataraca,-6.588611,-35.0175,18,0,2,35:49,83
2600036196,Cabedelo,-7.020833,-34.833056,25,0,1,24:54,825
2600036197,Cabedelo,-6.971111,-34.831944,250,0,2,25:54,577
2600036199,Cabedelo,-6.978889,-34.834722,6,0,2,25:54,603
2600036201,Cabedelo,-7.054167,-34.850556,78,0,3,23:53,158
2600036202,Cabedelo,-7.054167,-34.850833,16,0,3,23:53,406
2600036203,Cabedelo,-6.9675,-34.8375,184,0,2,25:54,718
2600036204,Cabedelo,-7.058611,-34.853611,142,1,3,23:53,5010
2600036205,Cabedelo,-6.983611,-34.833889,100,0,2,25:54,691
2600036210,Caldas Brandão,-7.130833,-35.345278,32,1,4,21:41,5220
2600036211,Caldas Brandão,-7.129167,-35.336111,56,1,4,21:41,4540
2600036214,Caldas Brandão,-7.145,-35.351111,52,0,4,21:41,1950
2600036216,Caldas Brandão,-7.140833,-35.343333,25,1,4,21:41,4800
2600036217,Caldas Brandão,-7.154167,-35.338889,30,0,4,21:41,2320
2600036219,Capim,-6.897778,-35.2,40,0,4,27:44,1216
2600036221,Capim,-6.900833,-35.194167,52,0,5,27:45,2030
2600036222,Capim,-6.894167,-35.189722,48,0,5,27:45,1394
2600036223,Capim,-6.911944,-35.168333,43,0,5,27:45,773
2600036224,Capim,-6.919722,-35.163333,45,0,5,27:45,1390
2600036225,Capim,-6.915278,-35.171944,20,0,5,27:45,2580
2600036226,Capim,-6.900278,-35.191667,44,0,5,27:45,1423
2600036227,Duas Estradas,-6.711389,-35.42,50,0,5,32:39,341
2600036228,Serra da Raiz,-6.689722,-35.421667,50,0,5,32:39,2090
2600036230,Duas Estradas,-6.689167,-35.417778,50,0,5,32:39,2560
2600036231,Duas Estradas,-6.688056,-35.415833,55,1,5,32:39,3510
2600036232,Duas Estradas,-6.7075,-35.408056,42,0,5,32:39,2670
2600036236,Araçagi,-6.815,-35.363333,62,0,1,29:40,956
2600036238,Araçagi,-6.815278,-35.345278,40,0,5,29:41,1085
2600036239,Araçagi,-6.836389,-35.362778,50,0,1,29:40,1630
2600036240,Araçagi,-6.783611,-35.376389,60,0,4,30:40,616
2600036245,Araçagi,-6.838889,-35.330556,60,0,5,29:41,1381
2600036246,Araçagi,-6.7875,-35.434444,25,0,2,30:39,484
2600036247,Araçagi,-6.810556,-35.4075,40,0,2,29:39,762
2600036251,Araçagi,-6.913889,-35.301389,45,1,3,27:42,7790
2600036254,Araçagi,-6.835278,-35.403611,60,0,2,29:39,2300
2600036256,Araçagi,-6.798056,-35.438333,48,0,2,30:39,1905
2600036258,Araçagi,-6.786389,-35.358611,38,0,5,30:41,509
2600036260,Araçagi,-6.774722,-35.391111,50,0,4,30:40,1044
2600036261,Araçagi,-6.770833,-35.385278,6,0,4,30:40,495
2600036262,Araçagi,-6.851389,-35.373611,58,0,2,28:40,385
2600036263,Araçagi,-6.787222,-35.391667,46,0,4,30:40,212
2600036264,Araçagi,-6.838611,-35.324444,62,0,5,29:41,661
2600036265,Araruna,-6.481667,-35.6975,45,1,2,37:32,3200
2600036268,Araruna,-6.514444,-35.711944,37,1,2,37:32,9140
2600036271,Dona Inês,-6.650833,-35.684167,60,1,4,33:32,3090
2600036273,Araruna,-6.536389,-35.812222,50,1,1,36:29,7190
2600036274,Araruna,-6.498889,-35.737222,50,0,1,37:31,1864
2600036275,Araruna,-6.5,-35.733889,42,0,1,37:31,2770
2600036277,Araruna,-6.523333,-35.777222,60,1,1,36:30,15580
2600036282,Riachão,-6.588333,-35.691667,50,1,5,35:32,3240
2600036284,Araruna,-6.521667,-35.853889,50,1,4,36:28,5300
2600036286,Araruna,-6.488056,-35.754167,60,0,1,37:31,2110
2600036288,Araruna,-6.56,-35.721667,50,1,3,36:31,4090
2600036289,Araruna,-6.546667,-35.7625,50,0,1,36:30,1377
2600036291,Araruna,-6.553611,-35.753611,50,1,3,36:31,3730
2600036292,Araruna,-6.499167,-35.748333,27,1,1,37:31,3740
2600036293,Araruna,-6.502778,-35.756667,35,0,1,37:31,968
2600036294,Araruna,-6.525278,-35.770833,45,1,1,36:30,10480
2600036295,Araruna,-6.529444,-35.759167,60,1,3,36:31,13350
2600036296,Araruna,-6.451111,-35.679722,60,0,5,38:33,980
2600036297,Araruna,-6.511667,-35.815,59,1,2,37:29,5860
2600036298,Araruna,-6.510833,-35.813611,50,1,2,37:29,5320
2600036301,Araruna,-6.501944,-35.756944,15,1,1,37:31,7540
2600036302,Araruna,-6.533611,-35.757222,18,1,3,36:31,13330
2600036303,Dona Inês,-6.625556,-35.7325,50,1,4,34:31,6650
2600036304,Araruna,-6.488889,-35.746111,45,1,1,37:31,4560
2600036305,Araruna,-6.524722,-35.829167,40,0,1,36:29,1880
2600036307,Araruna,-6.451667,-35.671667,45,0,5,38:33,2120
2600036308,Dona Inês,-6.615556,-35.681667,42,1,4,34:32,10190
2600036309,Araruna,-6.554444,-35.748056,50,1,3,36:31,6810
2600036310,Dona Inês,-6.611389,-35.678889,60,1,3,34:33,6000
2600036311,Araruna,-6.5675,-35.754722,50,1,4,35:31,7960
2600036312,Araruna,-6.569167,-35.755833,50,1,4,35:31,3480
2600036313,Araruna,-6.570833,-35.753611,50,0,4,35:31,1296
2600036314,Araruna,-6.491111,-35.747222,55,0,1,37:31,1356
2600036315,Araruna,-6.536111,-35.852222,40,1,4,36:28,8900
2600036317,Araruna,-6.475,-35.7225,60,0,1,38:31,2310
2600036318,Araruna,-6.489167,-35.747778,30,1,1,37:31,4290
2600036320,Araruna,-6.543611,-35.788333,50,1,1,36:30,5760
2600036324,Araruna,-6.501667,-35.731944,55,0,1,37:31,2230
2600036326,Araruna,-6.570556,-35.735833,50,1,4,35:31,50000
2600036328,Juripiranga,-7.336944,-35.247778,50,0,2,16:43,1830
2600036329,Juripiranga,-7.323056,-35.225278,36,0,2,16:44,1614
2600036333,Juripiranga,-7.369722,-35.236667,40,0,4,15:44,1630
2600036334,Juripiranga,-7.372222,-35.237222,50,0,4,15:44,1432
2600036335,Juripiranga,-7.340278,-35.238056,33,0,2,16:44,922
2600036337,Areia,-6.971667,-35.753889,28,0,3,25:31,157
2600036339,Areia,-6.983333,-35.714167,60,0,2,25:32,351
2600036340,Areia,-6.977222,-35.728333,60,0,3,25:31,245
2600036343,Areia,-6.927222,-35.646111,32,0,5,26:33,456
2600036344,Areia,-6.926944,-35.645833,31,0,5,26:33,422
2600036347,Arara,-6.858611,-35.7575,31,1,1,28:31,4370
2600036348,Areia,-6.91,-35.750833,19,1,5,27:31,4470
2600036352,Areia,-6.976944,-35.708056,34,0,2,25:32,453
2600036356,Areia,-6.944444,-35.610833,30,0,5,26:34,517
2600036357,Areia,-6.917222,-35.639722,60,0,5,27:34,398
2600036358,Areia,-6.928611,-35.708889,50,0,1,26:32,762
2600036360,Areia,-6.9175,-35.721389,61,0,5,27:31,1413
2600036361,Areia,-6.8975,-35.742222,40,1,5,27:31,4360
2600036367,Aroeiras,-7.488611,-35.827222,40,0,5,12:29,496
2600036368,Aroeiras,-7.578889,-35.749167,50,0,5,10:31,990
2600036370,Aroeiras,-7.575556,-35.726389,30,0,5,10:31,1102
2600036374,Aroeiras,-7.550833,-35.731111,50,0,4,11:31,631
2600036378,Aroeiras,-7.494722,-35.821944,40,0,5,12:29,744
2600036382,Aroeiras,-7.569722,-35.671111,54,0,3,10:33,647
2600036383,Aroeiras,-7.5475,-35.742222,67,0,4,11:31,602
2600036384,Aroeiras,-7.485,-35.809444,50,0,5,12:29,236
2600036385,Aroeiras,-7.59,-35.698333,50,0,4,10:32,989
2600036386,Aroeiras,-7.548889,-35.713056,60,0,2,11:32,353
2600036389,Aroeiras,-7.535556,-35.776389,40,0,3,11:30,1288
2600036393,Aroeiras,-7.543333,-35.777778,30,0,3,11:30,395
2600036400,Aroeiras,-7.531389,-35.798333,50,0,3,11:30,913
2600036403,Aroeiras,-7.565278,-35.733611,50,0,5,10:31,820
2600036405,Aroeiras,-7.491944,-35.825,40,0,5,12:29,703
2600036408,Aroeiras,-7.575833,-35.719444,60,0,4,10:32,982
2600036410,Aroeiras,-7.541389,-35.755,50,0,4,11:31,711
2600036411,Fagundes,-7.462222,-35.823056,40,0,1,13:29,233
2600036412,Aroeiras,-7.562222,-35.7175,50,0,4,10:32,653
2600036415,Aroeiras,-7.514722,-35.693056,30,0,4,12:32,557
2600036417,Aroeiras,-7.478889,-35.805833,56,0,1,13:29,222
2600036420,Aroeiras,-7.532778,-35.670833,50,0,1,11:33,563
2600036422,Aroeiras,-7.543611,-35.703611,40,0,2,11:32,233
2600036425,Fagundes,-7.471667,-35.801944,40,0,1,13:29,424
2600036426,Aroeiras,-7.515556,-35.746667,55,0,5,12:31,235
2600036427,Aroeiras,-7.536111,-35.778611,37,0,3,11:30,1242
2600036429,Barra de São Miguel,-7.678611,-36.3475,28,1,4,8:16,12050
2600036439,Barra de São Miguel,-7.781111,-36.345278,28,1,1,5:16,8480
2600036457,Barra de São Miguel,-7.687778,-36.3225,50,0,1,7:16,1530
2600036459,Barra de São Miguel,-7.741944,-36.316667,51,1,1,6:17,16200
2600036460,Barra de São Miguel,-7.765833,-36.33,12,1,1,5:16,4200
2600036461,Barra de São Miguel,-7.798611,-36.370556,27,0,1,5:15,1322
2600036462,Barra de São Miguel,-7.756389,-36.361667,50,1,1,6:15,6150
2600036466,Barra de São Miguel,-7.696944,-36.313333,35,0,5,7:17,1689
2600036469,Barra de São Miguel,-7.693333,-36.309722,35,1,5,7:17,12830
2600036470,Barra de São Miguel,-7.690278,-36.290278,35,0,5,7:17,1014
2600036471,Barra de São Miguel,-7.688889,-36.289167,30,0,5,7:17,965
2600036472,Barra de São Miguel,-7.696944,-36.315556,35,1,5,7:17,4550
2600036474,Barra de São Miguel,-7.781111,-36.305556,12,1,4,5:17,6970
2600036477,Barra de São Miguel,-7.756944,-36.360833,25,1,1,6:15,4290
2600036479,Barra de São Miguel,-7.705833,-36.360833,42,0,4,7:15,2800
2600036480,Barra de São Miguel,-7.7075,-36.358611,42,0,1,7:16,2090
2600036482,Barra de São Miguel,-7.695,-36.361111,50,0,4,7:15,2930
2600036483,Barra de São Miguel,-7.604722,-36.343889,17,0,4,9:16,988
2600036484,Barra de São Miguel,-7.776667,-36.308889,36,1,4,5:17,13750
2600036485,Barra de São Miguel,-7.66,-36.271389,23,0,1,8:18,2830
2600036487,Barra de São Miguel,-7.74,-36.3625,17,0,1,6:15,1657
2600036488,Barra de São Miguel,-7.741944,-36.363056,60,1,1,6:15,6730
2600036489,Barra de São Miguel,-7.665,-36.29,52,1,2,8:17,8810
2600036494,Barra de São Miguel,-7.690278,-36.331667,28,1,1,7:16,8020
2600036496,Barra de São Miguel,-7.715,-36.36,21,0,1,7:16,535
2600036497,Barra de São Miguel,-7.781111,-36.388611,27,1,1,5:15,3780
2600036501,Barra de São Miguel,-7.605833,-36.297222,31,0,3,9:17,2730
2600036503,Barra de São Miguel,-7.788056,-36.351389,36,0,1,5:16,1429
2600036505,Barra de São Miguel,-7.659444,-36.283611,49,1,2,8:17,4570
2600036508,Barra de São Miguel,-7.726111,-36.359722,52,0,3,6:16,2590
2600036512,Barra de São Miguel,-7.745278,-36.263889,50,1,5,6:18,5730
2600036513,Barra de São Miguel,-7.786944,-36.358611,24,1,1,5:16,9210
2600036516,Barra de São Miguel,-7.609722,-36.361667,35,1,3,9:15,5000
2600036521,Barra de São Miguel,-7.718333,-36.3175,38,1,5,7:17,15760
2600036524,Barra de São Miguel,-7.76,-36.337222,51,1,3,6:16,4760
2600036525,Barra de São Miguel,-7.632222,-36.363056,40,0,3,9:15,2170
2600036529,Barra de São Miguel,-7.786944,-36.34,28,1,1,5:16,5510
2600036531,Barra de São Miguel,-7.605556,-36.333056,26,1,4,9:16,4550
2600036532,Barra de São Miguel,-7.694444,-36.344722,21,1,1,7:16,5400
2600036533,Barra de São Miguel,-7.694167,-36.338611,24,1,1,7:16,5040
2600036534,Barra de São Miguel,-7.747778,-36.326667,28,1,3,6:16,4740
2600036535,Barra de São Miguel,-7.660556,-36.283056,50,1,2,8:17,6010
2600036539,Barra de São Miguel,-7.66,-36.275556,38,1,1,8:18,4160
2600036543,Barra de São Miguel,-7.752778,-36.327222,27,0,3,6:16,2400
2600036544,Barra de São Miguel,-7.749722,-36.330278,30,0,3,6:16,2070
2600036545,Barra de São Miguel,-7.564722,-36.274167,26,1,1,10:18,4100
2600036547,Barra de São Miguel,-7.790833,-36.279722,52,0,1,5:18,1824
2600036561,Barra de São Miguel,-7.775833,-36.304167,17,0,4,5:17,2170
2600036563,Barra de São Miguel,-7.682222,-36.332778,21,1,1,7:16,9280
2600036566,Barra de São Miguel,-7.693333,-36.182778,22,1,4,7:20,4140
2600036568,Barra de São Miguel,-7.611667,-36.328056,26,1,4,9:16,4460
2600036572,Barra de São Miguel,-7.716389,-36.338056,15,1,1,7:16,19140
2600036573,Barra de São Miguel,-7.733333,-36.373056,38,1,1,6:15,7180
2600036574,Barra de São Miguel,-7.737222,-36.371389,25,0,1,6:15,1446
2600036579,Bayeux,-7.133056,-34.930556,127,0,1,21:51,342
2600036580,Bayeux,-7.126111,-34.927778,160,0,1,21:51,523
2600036581,Bayeux,-7.126111,-34.927778,108,0,1,21:51,491
2600036583,Bayeux,-7.123056,-34.925833,26,0,1,21:51,542
2600036584,Bayeux,-7.125,-34.924444,30,0,1,21:51,365
2600036587,Bayeux,-7.142778,-34.917778,26,0,2,21:52,84
2600036588,Bayeux,-7.121944,-34.9175,40,0,2,21:52,244
2600036592,Bayeux,-7.123056,-34.921111,12,0,1,21:51,435
2600036594,Dona Inês,-6.618333,-35.605,40,1,2,34:34,8910
2600036599,Dona Inês,-6.585833,-35.595833,41.8,1,5,35:35,11180
2600036600,Dona Inês,-6.59,-35.631111,52,1,4,35:34,15230
2600036602,Dona Inês,-6.571111,-35.571944,50,0,5,35:35,919
2600036604,Dona Inês,-6.625833,-35.639722,47.95,0,2,34:34,1023
2600036606,Dona Inês,-6.615,-35.595833,50,1,1,34:35,4460
2600036609,Damião,-6.584167,-35.903056,52,1,5,35:27,9030
2600036611,Damião,-6.589167,-35.886111,45,0,5,35:27,2720
2600036613,Damião,-6.608333,-35.920278,50,1,5,34:26,8760
2600036614,Damião,-6.613889,-35.923333,60,1,5,34:26,3100
2600036620,Damião,-6.666111,-35.890833,50,1,4,33:27,7060
2600036622,Damião,-6.646111,-35.917222,45,1,4,33:27,10080
2600036627,Curral de Cima,-6.756111,-35.304444,35,0,3,31:42,834
2600036628,Curral de Cima,-6.735833,-35.308611,35,1,3,31:42,3080
2600036629,Curral de Cima,-6.751667,-35.346944,35,0,4,31:41,1592
2600036630,Curral de Cima,-6.751389,-35.346667,35,0,4,31:41,2240
2600036631,Curral de Cima,-6.753056,-35.348333,50,0,4,31:41,1419
2600036632,Itapororoca,-6.772222,-35.339444,38,0,5,30:41,1299
2600036636,Curral de Cima,-6.730556,-35.268056,35,0,2,31:43,564
2600036638,Curral de Cima,-6.746667,-35.281111,48,0,3,31:42,2020
2600036639,Curral de Cima,-6.721111,-35.278333,50,0,2,31:43,2060
2600036640,Curral de Cima,-6.716111,-35.282778,50,1,1,32:42,8200
2600036641,Mamanguape,-6.746389,-35.220833,50,1,4,31:44,3800
2600036642,Curral de Cima,-6.738333,-35.271944,35,1,2,31:43,4210
2600036645,Jacaraú,-6.597778,-35.316111,50,0,1,35:42,415
2600036653,Jacaraú,-6.545833,-35.353611,50,1,4,36:41,3520
2600036655,Caraúbas,-7.743611,-36.518611,43,0,4,6:12,1927
2600036656,Caraúbas,-7.897778,-36.484167,50,1,2,2:12,10590
2600036657,Caraúbas,-7.88,-36.480556,14,1,1,3:12,6210
2600036658,Caraúbas,-7.753333,-36.464722,36,1,3,6:13,3950
2600036659,Caraúbas,-7.906111,-36.472222,42,1,2,2:13,15840
2600036660,Caraúbas,-7.86,-36.505556,34,1,1,3:12,11910
2600036661,Caraúbas,-7.7975,-36.449167,20,1,3,5:13,9790
2600036662,Caraúbas,-7.755833,-36.535278,21,0,5,6:11,773
2600036663,Caraúbas,-7.761667,-36.534722,21,0,4,5:11,1367
2600036664,Caraúbas,-7.867222,-36.516389,48,1,1,3:12,6190
2600036665,Caraúbas,-7.87,-36.454444,30,1,3,3:13,3140
2600036666,Caraúbas,-7.746389,-36.539167,28,0,5,6:11,988
2600036668,Caraúbas,-7.865556,-36.490278,41,0,1,3:12,2710
2600036669,Caraúbas,-7.858056,-36.434722,29,1,2,3:14,3070
2600036670,Caraúbas,-7.794444,-36.4525,50,0,3,5:13,1374
2600036671,Caraúbas,-7.7875,-36.451389,40,1,3,5:13,12680
2600036672,Caraúbas,-7.743611,-36.478056,38,1,3,6:13,17410
2600036673,Caraúbas,-7.804444,-36.510278,16,1,4,4:12,3620
2600036674,Caraúbas,-7.801667,-36.511389,50,1,4,4:12,3400
2600036675,Caraúbas,-7.735278,-36.424722,30,1,1,6:14,6100
2600036677,Caraúbas,-7.860556,-36.525,40,0,2,3:11,2470
2600036679,Caraúbas,-7.844444,-36.558056,45,0,2,3:11,633
2600036680,Caraúbas,-7.735278,-36.5275,35,0,5,6:11,1496
2600036682,Caraúbas,-7.8675,-36.495556,42,1,1,3:12,5980
2600036683,Caraúbas,-7.754167,-36.497222,14,1,4,6:12,3300
2600036684,Caraúbas,-7.863889,-36.541944,35,1,2,3:11,5680
2600036685,Caraúbas,-7.763611,-36.502778,30,0,4,5:12,2830
2600036686,Caraúbas,-7.79,-36.476389,32,0,3,5:13,1504
2600036687,Caraúbas,-7.740833,-36.533333,34,1,5,6:11,6440
2600036689,Caraúbas,-7.713056,-36.551111,40,0,4,7:11,2790
2600036690,Caraúbas,-7.763056,-36.565556,31,1,5,5:10,4940
2600036693,Caraúbas,-7.686389,-36.5375,42,1,4,7:11,8460
2600036694,Caraúbas,-7.680278,-36.456667,45,1,4,7:13,4080
2600036695,Caraúbas,-7.727222,-36.495833,40,0,4,6:12,1933
2600036696,Caraúbas,-7.755556,-36.485,35,1,4,6:12,6580
2600036697,Caraúbas,-7.729444,-36.423333,27,1,1,6:14,5790
2600036698,Caraúbas,-7.773333,-36.480278,27,1,4,5:12,5900
2600036699,Caraúbas,-7.772222,-36.433889,40,1,2,5:14,6240
2600036700,Caraúbas,-7.807222,-36.466667,30,1,3,4:13,15280
2600036702,Caraúbas,-7.775833,-36.523611,30,1,4,5:11,7060
2600036703,Caraúbas,-7.840278,-36.467778,51,1,3,3:13,10590
2600036704,Caraúbas,-7.893611,-36.481667,52,1,2,2:12,14120
2600036705,Caraúbas,-7.893889,-36.47,52,1,2,2:13,7590
2600036706,Caraúbas,-7.901389,-36.4675,52,0,2,2:13,2280
2600036707,Caraúbas,-7.904167,-36.492222,36,1,2,2:12,9920
2600036708,Caraúbas,-7.881667,-36.488889,50,0,2,2:12,2570
2600036709,Caraúbas,-7.896389,-36.501111,45,1,2,2:12,3370
2600036712,Caraúbas,-7.855,-36.529722,53,1,2,3:11,8760
2600036713,Caraúbas,-7.838611,-36.558333,45,0,5,4:11,1278
2600036714,Caraúbas,-7.883333,-36.549444,52,1,4,2:11,4040
2600036715,Caraúbas,-7.863333,-36.513333,48,0,1,3:12,1741
2600036716,Caraúbas,-7.863611,-36.514167,48,0,1,3:12,2131
2600036717,Caraúbas,-7.863611,-36.514167,48,0,1,3:12,2080
2600036718,Caraúbas,-7.861111,-36.509444,46,1,1,3:12,9870
2600036719,Caraúbas,-7.857778,-36.548611,25,1,2,3:11,4150
2600036720,Caraúbas,-7.711111,-36.49,24,0,4,7:12,2760
2600036722,Caraúbas,-7.745278,-36.538333,50,0,5,6:11,995
2600036723,Caraúbas,-7.744722,-36.5375,50,0,5,6:11,1210
2600036724,Caraúbas,-7.759722,-36.553889,40,0,5,6:11,1740
2600036725,Caraúbas,-7.780278,-36.423056,30,1,2,5:14,6930
2600036727,Caraúbas,-7.816667,-36.469167,23,0,3,4:13,1257
2600036728,Caraúbas,-7.792778,-36.497778,18.5,1,4,5:12,4320
2600036729,Caraúbas,-7.710278,-36.545556,24,1,4,7:11,5310
2600036731,Tacima,-6.562778,-35.546111,50,1,3,35:36,9620
2600036732,Tacima,-6.484722,-35.585,50,1,3,37:35,6610
2600036736,Tacima,-6.548056,-35.518889,50,1,3,36:37,13470
2600036737,Tacima,-6.5775,-35.489167,50,0,3,35:37,1803
2600036743,Tacima,-6.486667,-35.621111,36,1,1,37:34,11100
2600036747,Riachão,-6.506944,-35.617222,50,1,1,37:34,9510
2600036748,Tacima,-6.499722,-35.609444,45,1,1,37:34,6600
2600036749,Dona Inês,-6.586944,-35.563889,50,0,5,35:35,2550
2600036751,Tacima,-6.5575,-35.489722,50,1,3,36:37,11310
2600036752,Tacima,-6.54,-35.465,50,1,5,36:38,8420
2600036754,Tacima,-6.4625,-35.610556,52,1,3,38:34,6010
2600036756,Tacima,-6.484167,-35.614722,50,1,1,37:34,5190
2600036757,Tacima,-6.595833,-35.510833,50,0,3,35:37,946
2600036760,Tacima,-6.484167,-35.626944,50,1,1,37:34,7990
2600036763,Tacima,-6.488611,-35.645,65,1,1,37:33,4160
2600036764,Tacima,-6.508056,-35.600278,50,0,1,37:34,251
2600036768,Tacima,-6.578056,-35.540278,40,1,3,35:36,7950
2600036774,Arara,-6.823889,-35.751944,46.3,1,4,29:31,3780
2600036775,Casserengue,-6.726667,-35.809722,36.6,1,1,31:29,6720
2600036776,Casserengue,-6.722778,-35.8125,50,1,1,31:29,6260
2600036784,Solânea,-6.709444,-35.741111,48,1,4,32:31,18040
2600036788,Solânea,-6.735278,-35.777778,22.9,1,5,31:30,9130
2600036789,Solânea,-6.798889,-35.767778,35,1,2,30:30,8600
2600036790,Casserengue,-6.6825,-35.868333,31,1,5,32:28,7960
2600036793,Casserengue,-6.741111,-35.806944,50,1,1,31:29,7420
2600036796,Congo,-7.693056,-36.678611,30,1,5,7:8,3370
2600036797,Congo,-7.691389,-36.670833,23,0,5,7:8,1980
2600036798,Congo,-7.876389,-36.600833,39,1,5,3:9,4680
2600036799,Congo,-7.806667,-36.655556,43,0,4,4:8,2000
2600036800,Congo,-7.798889,-36.658889,37,1,4,5:8,4070
2600036803,Congo,-7.708333,-36.691389,45,1,3,7:7,6150
2600036804,Congo,-7.802222,-36.658056,40,0,4,4:8,2930
2600036806,Congo,-7.763333,-36.648611,50,1,4,5:8,7950
2600036807,Congo,-7.771111,-36.673056,55,0,4,5:8,2300
2600036808,Congo,-7.765278,-36.617778,30,1,1,5:9,5870
2600036809,Congo,-7.783333,-36.681111,48,0,2,5:7,1639
2600036810,Congo,-7.794444,-36.658889,39,1,4,5:8,8200
2600036811,Congo,-7.854444,-36.586111,40,1,3,3:10,4390
2600036813,Congo,-7.858333,-36.654444,52,1,1,3:8,3230
2600036815,Congo,-7.7975,-36.657778,30,1,4,5:8,7330
2600036816,Congo,-7.854444,-36.608611,40,1,5,3:9,5230
2600036817,Congo,-7.698333,-36.688889,30,0,3,7:7,1339
2600036820,Caraúbas,-7.731389,-36.613889,45,1,4,6:9,4650
2600036822,Congo,-7.866111,-36.6425,14,1,1,3:8,7300
2600036823,Cruz do Espírito Santo,-7.118056,-35.075278,20,0,4,22:48,225
2600036824,Cruz do Espírito Santo,-7.099167,-35.079167,20,0,4,22:48,203
2600036825,Cruz do Espírito Santo,-7.114722,-35.072222,24,0,4,22:48,240
2600036826,Cruz do Espírito Santo,-7.115278,-35.071389,20,0,4,22:48,323
2600036827,Cruz do Espírito Santo,-7.051944,-35.123611,85,0,2,23:46,46
2600036828,Cruz do Espírito Santo,-7.108333,-35.097222,12,0,4,22:47,96
2600036829,Cruz do Espírito Santo,-7.116944,-35.073611,20,0,4,22:48,203
2600036830,Cruz do Espírito Santo,-7.196111,-35.120278,21,0,4,20:46,67
2600036833,Cruz do Espírito Santo,-7.224444,-35.119167,45,0,1,19:47,126
2600036834,Cruz do Espírito Santo,-7.214167,-35.120278,38,0,4,19:46,97
2600036835,Cruz do Espírito Santo,-7.12,-35.085556,14,0,2,21:47,164
2600036836,Cruz do Espírito Santo,-7.115,-35.070556,24,0,4,22:48,346
2600036837,Cruz do Espírito Santo,-7.118611,-35.075833,18,0,4,22:48,293
2600036838,Cruz do Espírito Santo,-7.1125,-35.066944,30,0,4,22:48,351
2600036839,Cruz do Espírito Santo,-7.099722,-35.078333,22,0,4,22:48,75
2600036840,Cruz do Espírito Santo,-7.115,-35.07,25,0,4,22:48,208
2600036841,Cruz do Espírito Santo,-7.099444,-35.073056,55,0,4,22:48,510
2600036842,Cruz do Espírito Santo,-7.109444,-35.083056,16,0,4,22:47,258
2600036844,Cruz do Espírito Santo,-7.1225,-35.086667,22,0,2,21:47,308
2600036845,Cruz do Espírito Santo,-7.115833,-35.0725,19,0,4,22:48,194
2600036846,Cruz do Espírito Santo,-7.113056,-35.074167,13,0,4,22:48,937
2600036847,Cruz do Espírito Santo,-7.110833,-35.068611,11,0,4,22:48,787
2600036848,Cruz do Espírito Santo,-7.114722,-35.073056,24,0,4,22:48,306
2600036849,Cruz do Espírito Santo,-7.118056,-35.086111,12,0,4,22:47,520
2600036850,Cruz do Espírito Santo,-7.124167,-35.076944,17,0,2,21:48,761
2600036851,Sapé,-7.148889,-35.1525,36,0,5,21:46,1221
2600036852,Cruz do Espírito Santo,-7.120278,-35.0875,19,0,2,21:47,1345
2600036853,Cruz do Espírito Santo,-7.123056,-35.092778,16,1,2,21:47,4200
2600036854,Cruz do Espírito Santo,-7.108333,-35.095833,12,0,4,22:47,89
2600036855,Cruz do Espírito Santo,-7.099444,-35.065,14,0,4,22:48,222
2600036856,Cruz do Espírito Santo,-7.1,-35.064167,18,0,4,22:48,272
2600036857,Cruz do Espírito Santo,-7.140833,-35.121667,60,0,5,21:46,1321
2600036858,Cruz do Espírito Santo,-7.119722,-35.076944,18,0,4,22:48,321
2600036859,Cruz do Espírito Santo,-7.113333,-35.083056,12,0,4,22:47,927
2600036860,Cruz do Espírito Santo,-7.119167,-35.079444,48,0,4,22:48,1259
2600036861,Cruz do Espírito Santo,-7.098889,-35.071111,5,0,4,22:48,180
2600036862,Cruz do Espírito Santo,-7.098611,-35.072222,15,0,4,22:48,52
2600036863,Cruz do Espírito Santo,-7.098889,-35.074444,7,0,4,22:48,121
2600036864,Cruz do Espírito Santo,-7.098889,-35.074444,9,0,4,22:48,110
2600036866,Cruz do Espírito Santo,-7.183056,-35.143333,46,0,4,20:46,1186
2600036867,Cruz do Espírito Santo,-7.1125,-35.068056,18,0,4,22:48,1352
2600036868,Cruz do Espírito Santo,-7.191944,-35.135278,25,0,4,20:46,70
2600036869,Cruz do Espírito Santo,-7.128611,-35.089444,18,0,2,21:47,679
2600036870,Cruz do Espírito Santo,-7.118333,-35.086667,18,0,4,22:47,186
2600036871,Cruz do Espírito Santo,-7.115278,-35.071389,31,0,4,22:48,292
2600036872,Cruz do Espírito Santo,-7.135278,-35.079444,14,0,2,21:48,1367
2600036873,Cruz do Espírito Santo,-7.128333,-35.069167,15,0,2,21:48,610
2600036874,Cruz do Espírito Santo,-7.127778,-35.068611,12,0,2,21:48,167
2600036875,Cruz do Espírito Santo,-7.1275,-35.068056,8,0,2,21:48,557
2600036876,Cruz do Espírito Santo,-7.136389,-35.081389,14,0,2,21:47,525
2600036877,Cruz do Espírito Santo,-7.135,-35.080278,14,0,2,21:47,160
2600036878,Cruz do Espírito Santo,-7.129167,-35.090556,18,0,2,21:47,1240
2600036879,Cruz do Espírito Santo,-7.109167,-35.081944,16,0,4,22:47,294
2600036880,Cruz do Espírito Santo,-7.14,-35.089722,8,0,2,21:47,1073
2600036881,Cruz do Espírito Santo,-7.139444,-35.088333,10,0,2,21:47,784
2600036882,Cruz do Espírito Santo,-7.138889,-35.086111,28,0,2,21:47,558
2600036884,Cruz do Espírito Santo,-7.141667,-35.0925,12,0,2,21:47,1371
2600036885,Cruz do Espírito Santo,-7.1275,-35.108889,20,0,2,21:47,1874
2600036887,Cruz do Espírito Santo,-7.098056,-35.078611,30,0,4,22:48,90
2600036888,Cruz do Espírito Santo,-7.099167,-35.071111,25,0,4,22:48,164
2600036889,Cruz do Espírito Santo,-7.095278,-35.064167,45,0,4,22:48,41
2600036890,Cruz do Espírito Santo,-7.110833,-35.067778,40,0,4,22:48,217
2600036891,Cruz do Espírito Santo,-7.114722,-35.069167,25,0,4,22:48,213
2600036892,Cruz do Espírito Santo,-7.141111,-35.090833,11,0,2,21:47,1295
2600036893,Cruz do Espírito Santo,-7.138333,-35.084722,18,0,2,21:47,1225
2600036894,Cruz do Espírito Santo,-7.099167,-35.088333,65,0,4,22:47,260
2600036895,Santa Rita,-7.095833,-35.045,40,0,4,22:48,102
2600036896,Cruz do Espírito Santo,-7.141389,-35.089444,15,0,2,21:47,1323
2600036897,Cruz do Espírito Santo,-7.100278,-35.070833,20,0,4,22:48,137
2600036898,Cruz do Espírito Santo,-7.116944,-35.085556,12,0,4,22:47,333
2600036899,Cruz do Espírito Santo,-7.120833,-35.077222,12,0,2,21:48,619
2600036900,Cruz do Espírito Santo,-7.118611,-35.081389,20,0,4,22:47,505
2600036901,Santa Rita,-7.0975,-35.047222,12,0,4,22:48,201
2600036902,Cruz do Espírito Santo,-7.121667,-35.088333,12,0,2,21:47,1057
2600036903,Cruz do Espírito Santo,-7.110833,-35.071111,23,0,4,22:48,287
2600036904,Cruz do Espírito Santo,-7.107222,-35.095833,9,0,4,22:47,192
2600036905,Cruz do Espírito Santo,-7.113333,-35.067222,8,0,4,22:48,271
2600036906,Cruz do Espírito Santo,-7.114444,-35.085278,15,0,4,22:47,1747
2600036907,Cruz do Espírito Santo,-7.099167,-35.075833,12,0,4,22:48,157
2600036908,Cruz do Espírito Santo,-7.114167,-35.07,18,0,4,22:48,162
2600036909,Cruz do Espírito Santo,-7.119444,-35.078611,18,0,4,22:48,731
2600036910,Cruz do Espírito Santo,-7.099444,-35.066944,11,0,4,22:48,143
2600036911,Cruz do Espírito Santo,-7.100833,-35.074722,18,0,4,22:48,146
2600036912,Cruz do Espírito Santo,-7.151667,-35.084722,16,0,2,21:47,392
2600036913,Cruz do Espírito Santo,-7.141667,-35.054444,28,0,2,21:48,348
2600036914,Cruz do Espírito Santo,-7.138056,-35.050278,50,0,2,21:48,178
2600036915,Cruz do Espírito Santo,-7.133611,-35.046389,8,0,2,21:48,304
2600036917,Cruz do Espírito Santo,-7.159167,-35.158611,35,0,5,21:46,254
2600036918,Cuitegi,-6.894722,-35.550833,30,0,1,27:36,876
2600036919,Cuitegi,-6.915556,-35.502778,40,1,2,27:37,3400
2600036921,Cuitegi,-6.896944,-35.513333,35,0,2,27:37,1866
2600036922,Cuitegi,-6.895833,-35.52,30,0,1,27:36,985
2600036923,Cuitegi,-6.894444,-35.524167,30,0,1,27:36,688
2600036925,Cuitegi,-6.906111,-35.524722,30,0,1,27:36,409
2600036926,Cuitegi,-6.895,-35.539444,37,0,1,27:36,418
2600036927,Pilõezinhos,-6.881111,-35.5375,46,0,1,27:36,414
2600036928,Pilõezinhos,-6.88,-35.538333,45,0,5,28:36,381
2600036929,Cuitegi,-6.888611,-35.507222,25,0,2,27:37,1963
2600036931,Guarabira,-6.890833,-35.496944,48,1,2,27:37,5350
2600036933,Cuitegi,-6.898056,-35.514722,30,0,2,27:37,2920
2600036935,Cuitegi,-6.895556,-35.523889,30,0,1,27:36,768
2600036936,Cuitegi,-6.905556,-35.525,35,0,1,27:36,345
2600036937,Cuitegi,-6.906667,-35.523333,40,0,1,27:36,1572
2600036938,Cuitegi,-6.886111,-35.534722,37,0,1,27:36,1048
2600036939,Cuitegi,-6.8825,-35.536389,30,0,1,27:36,1857
2600036940,Cuitegi,-6.894167,-35.496944,30,0,2,27:37,1669
2600036941,Cuitegi,-6.888611,-35.504722,30,0,2,27:37,1578
2600036943,Esperança,-6.992222,-35.874167,40,1,2,25:28,10360
2600036946,Esperança,-6.956111,-35.866667,60,1,5,26:28,17820
2600036947,Esperança,-7.0175,-35.835833,48,0,2,24:29,1172
2600036950,Esperança,-6.968056,-35.913611,50,1,3,25:27,15970
2600036951,Esperança,-6.986111,-35.85,43,1,2,25:28,7410
2600036952,Esperança,-6.996111,-35.8875,50,1,3,25:27,12450
2600036953,Esperança,-7.018889,-35.894167,50,1,3,24:27,7710
2600036961,Esperança,-7.011944,-35.865833,57,1,2,24:28,10650
2600036962,Esperança,-6.998056,-35.880833,50,1,3,25:27,17510
2600036964,Esperança,-7.022222,-35.817778,50,1,2,24:29,5270
2600036966,Esperança,-6.968611,-35.851667,47,1,2,25:28,6810
2600036967,Esperança,-6.976667,-35.895556,50,1,3,25:27,10340
2600036968,Esperança,-6.948889,-35.938056,50,1,3,26:26,16940
2600036969,Esperança,-7.019444,-35.859722,62,1,2,24:28,9600
2600036972,Esperança,-6.995833,-35.887222,50,1,3,25:27,10230
2600036973,Remígio,-7.006389,-35.812222,52,1,2,24:29,7450
2600036974,Esperança,-6.993889,-35.852222,38,1,2,25:28,8830
2600036975,Fagundes,-7.4025,-35.769722,30,0,5,14:30,229
2600036977,Fagundes,-7.420278,-35.809722,40,0,3,14:29,563
2600036978,Itatuba,-7.416389,-35.724722,4,0,5,14:31,839
2600036979,Fagundes,-7.336667,-35.746111,35,0,5,16:31,230
2600036982,Fagundes,-7.336389,-35.804722,50,0,5,16:29,1660
2600036984,Fagundes,-7.454167,-35.775833,27,0,5,13:30,474
2600036985,Fagundes,-7.444444,-35.758611,40,0,3,13:31,216
2600036989,Fagundes,-7.4175,-35.816111,18,0,3,14:29,384
2600036990,Fagundes,-7.413056,-35.822222,25,0,3,14:29,702
2600036992,Fagundes,-7.356944,-35.799167,45,0,4,16:30,227
2600036993,Fagundes,-7.342778,-35.74,51,0,5,16:31,38
2600036994,Fagundes,-7.437222,-35.7825,40,0,5,14:30,591
2600036995,Fagundes,-7.426389,-35.801667,45,0,3,14:29,349
2600036996,Itatuba,-7.350556,-35.69,43,0,1,16:32,219
2600036998,Itatuba,-7.420278,-35.720556,28,0,5,14:31,400
2600037000,Fagundes,-7.351667,-35.776667,60,0,4,16:30,225
2600037001,Fagundes,-7.431667,-35.784444,12,0,5,14:30,227
2600037002,Fagundes,-7.412778,-35.754167,36,0,5,14:31,651
2600037003,Itatuba,-7.351389,-35.69,42,0,1,16:32,222
2600037004,Fagundes,-7.378333,-35.734444,45,0,1,15:31,223
2600037008,Fagundes,-7.414167,-35.750833,19,0,5,14:31,174
2600037011,Fagundes,-7.382222,-35.728611,10,0,1,15:31,229
2600037013,Fagundes,-7.413333,-35.736944,45,0,5,14:31,229
2600037015,Fagundes,-7.4525,-35.770556,25,0,5,13:30,391
2600037016,Fagundes,-7.443611,-35.749167,32,0,3,13:31,353
2600037017,Fagundes,-7.453889,-35.774722,26,0,5,13:30,483
2600037019,Fagundes,-7.420556,-35.745,40,0,5,14:31,595
2600037020,Fagundes,-7.349722,-35.737222,28,0,5,16:31,398
2600037023,Itatuba,-7.397222,-35.702778,32,0,1,15:32,212
2600037026,Itatuba,-7.424167,-35.725278,37,0,5,14:31,223
2600037027,Itatuba,-7.449167,-35.742778,37,0,3,13:31,597
2600037028,Itatuba,-7.441944,-35.737778,17,0,3,13:31,435
2600037031,Itatuba,-7.408889,-35.698889,40,0,3,14:32,587
2600037032,Itatuba,-7.433889,-35.728333,41,0,5,14:31,161
2600037033,Fagundes,-7.3875,-35.7775,36,0,2,15:30,752
2600037034,Fagundes,-7.348611,-35.808611,35,0,5,16:29,231
2600037037,Fagundes,-7.434444,-35.744444,46,0,5,14:31,524
2600037039,Fagundes,-7.451667,-35.763056,60,0,5,13:30,414
2600037040,Fagundes,-7.431944,-35.795556,45,0,5,14:30,478
2600037041,Fagundes,-7.366944,-35.802778,42,0,2,15:29,230
2600037044,Itatuba,-7.410556,-35.725278,46,0,5,14:31,397
2600037045,Fagundes,-7.353611,-35.7825,35,0,4,16:30,160
2600037047,Fagundes,-7.346111,-35.801944,50,0,5,16:29,246
2600037048,Itatuba,-7.440833,-35.723056,42,0,3,13:31,219
2600037049,Itatuba,-7.346944,-35.693056,44,0,1,16:32,384
2600037051,Itatuba,-7.420556,-35.723333,48,0,5,14:31,223
2600037053,Itatuba,-7.473056,-35.733889,37,0,3,13:31,850
2600037055,Itatuba,-7.445,-35.707222,45,0,1,13:32,1664
2600037057,Fagundes,-7.336111,-35.8025,50,0,5,16:29,220
2600037058,Fagundes,-7.433611,-35.745833,70,0,5,14:31,524
2600037059,Fagundes,-7.336111,-35.745278,31,0,5,16:31,206
2600037060,Fagundes,-7.356111,-35.818889,25,0,5,16:29,406
2600037061,Fagundes,-7.426111,-35.76,59,0,5,14:31,357
2600037063,Itatuba,-7.432222,-35.728611,45,0,5,14:31,397
2600037064,Fagundes,-7.475833,-35.757222,30,0,3,13:31,338
2600037065,Itapororoca,-6.841111,-35.175,37,0,2,28:45,2230
2600037066,Itapororoca,-6.835833,-35.269167,37,0,4,29:43,284
2600037067,Itapororoca,-6.808333,-35.257222,37,0,4,29:43,2660
2600037069,Itapororoca,-6.820556,-35.310556,34,0,2,29:42,374
2600037070,Itapororoca,-6.79,-35.291944,35,0,3,30:42,2170
2600037071,Itapororoca,-6.8375,-35.266944,56,0,4,29:43,819
2600037072,Itapororoca,-6.811389,-35.235556,45,0,4,29:44,515
2600037073,Itapororoca,-6.825,-35.1925,36,0,5,29:45,2860
2600037075,Itapororoca,-6.804167,-35.209722,36,0,4,29:44,1648
2600037076,Itapororoca,-6.8,-35.209444,42,1,4,30:44,3170
2600037077,Itapororoca,-6.801389,-35.216111,42,0,4,29:44,2470
2600037078,Itapororoca,-6.779722,-35.222778,32,0,4,30:44,330
2600037079,Itapororoca,-6.769722,-35.264722,50,1,4,30:43,6170
2600037081,Itapororoca,-6.829722,-35.284722,50,0,2,29:42,262
2600037095,Logradouro,-6.512222,-35.420556,50,1,2,37:39,7560
2600037103,Logradouro,-6.558611,-35.434722,50,0,5,36:39,2610
2600037107,Araçagi,-6.981111,-35.312222,48,0,1,25:42,1662
2600037109,Mari,-7.068333,-35.322778,30,0,2,23:41,764
2600037115,Mari,-6.997778,-35.309722,45,0,1,25:42,1622
2600037120,Matinhas,-7.108889,-35.802222,42,0,1,22:29,1001
2600037121,Matinhas,-7.108889,-35.781389,45,0,4,22:30,267
2600037122,Matinhas,-7.108889,-35.766944,45,0,4,22:30,256
2600037125,Matinhas,-7.118889,-35.794167,40,0,4,22:30,364
2600037126,Matinhas,-7.127222,-35.783333,50,0,2,21:30,767
2600037128,Pedro Régis,-6.686667,-35.293333,35,0,1,32:42,659
2600037129,Pedro Régis,-6.668889,-35.283611,32,0,3,33:42,819
2600037130,Pedro Régis,-6.643056,-35.3175,37,0,3,33:42,271
2600037131,Pedro Régis,-6.656389,-35.314444,50,0,3,33:42,1885
2600037132,Pedro Régis,-6.674722,-35.310833,33,0,3,33:42,527
2600037133,Pedro Régis,-6.683056,-35.306389,50,0,1,32:42,801
2600037134,Cabaceiras,-7.435556,-36.315556,32,1,4,14:17,6390
2600037135,Cabaceiras,-7.466389,-36.341667,50,1,5,13:16,5550
2600037136,Cabaceiras,-7.396667,-36.321111,22,1,2,15:16,4780
2600037137,Cabaceiras,-7.382778,-36.346389,30,0,2,15:16,933
2600037138,Cabaceiras,-7.485556,-36.288056,50,0,3,12:17,903
2600037139,Cabaceiras,-7.428333,-36.349167,45,1,1,14:16,3170
2600037140,Cabaceiras,-7.415,-36.310278,50,1,4,14:17,4990
2600037141,Cabaceiras,-7.468056,-36.226667,56,1,5,13:19,4240
2600037142,Cabaceiras,-7.4525,-36.225833,52,1,5,13:19,10590
2600037143,Cabaceiras,-7.466944,-36.3225,48,1,5,13:16,3600
2600037144,Boqueirão,-7.459444,-36.2075,20,0,5,13:19,2620
2600037145,Boqueirão,-7.463333,-36.204167,20,1,5,13:19,3810
2600037146,Boqueirão,-7.452778,-36.216944,50,1,5,13:19,8210
2600037147,Cabaceiras,-7.478611,-36.320833,38,0,5,13:16,2320
2600037148,Cabaceiras,-7.426667,-36.363056,26,0,4,14:15,2180
2600037149,Cabaceiras,-7.596944,-36.303611,48,0,4,10:17,2610
2600037150,Cabaceiras,-7.429167,-36.3675,30,1,4,14:15,5770
2600037151,Cabaceiras,-7.421944,-36.372778,52,0,4,14:15,2390
2600037152,Cabaceiras,-7.403611,-36.245833,45,1,1,14:18,3400
2600037153,Cabaceiras,-7.413056,-36.368333,37,1,4,14:15,4180
2600037154,Cabaceiras,-7.505278,-36.331111,7.2,0,5,12:16,2480
2600037155,Cabaceiras,-7.505278,-36.321389,75,1,5,12:16,3740
2600037157,Cabaceiras,-7.497222,-36.305278,20,0,3,12:17,1492
2600037161,Cabaceiras,-7.494167,-36.320278,65,0,5,12:16,1205
2600037165,Cabaceiras,-7.405833,-36.318611,50,1,4,14:17,5230
2600037166,Cabaceiras,-7.464167,-36.23,32,1,5,13:19,5220
2600037167,Cabaceiras,-7.438611,-36.323056,54,0,1,14:16,2710
2600037168,Cabaceiras,-7.389722,-36.263333,38,0,1,15:18,1582
2600037169,Cabaceiras,-7.370278,-36.25,32,1,1,15:18,6110
2600037171,Cabaceiras,-7.428056,-36.377222,36,0,4,14:15,1770
2600037172,Cabaceiras,-7.433333,-36.379167,36,1,4,14:15,5280
2600037173,Cabaceiras,-7.443611,-36.389444,48,0,5,13:15,2330
2600037174,Cabaceiras,-7.387222,-36.238611,50,1,3,15:19,6410
2600037175,Cabaceiras,-7.476944,-36.248889,48,0,5,13:18,2190
2600037177,Cabaceiras,-7.386944,-36.334167,18,1,2,15:16,4520
2600037178,Cabaceiras,-7.488611,-36.301111,50,0,3,12:17,1721
2600037179,Cabaceiras,-7.41,-36.296111,46,0,4,14:17,2690
2600037181,Cabaceiras,-7.485833,-36.322778,51,1,5,12:16,3380
2600037182,Cabaceiras,-7.473333,-36.2925,50,1,3,13:17,3560
2600037183,Cabaceiras,-7.418056,-36.381944,31,1,4,14:15,4990
2600037184,Cabaceiras,-7.51,-36.310556,50,0,3,12:17,1752
2600037185,Cabaceiras,-7.467222,-36.334167,25,1,5,13:16,7940
2600037188,São João do Cariri,-7.445,-36.411944,30,0,4,13:14,1145
2600037190,São João do Cariri,-7.4475,-36.410833,29,0,4,13:14,2900
2600037191,Cabaceiras,-7.533333,-36.266111,30,0,5,11:18,2020
2600037192,Cabaceiras,-7.4775,-36.246111,46,0,5,13:18,1580
2600037193,Cabaceiras,-7.502222,-36.266667,50,1,1,12:18,6720
2600037194,Cabaceiras,-7.490556,-36.238333,50,0,5,12:19,1729
2600037195,Cabaceiras,-7.490278,-36.238333,44,0,5,12:19,1634
2600037196,Cabaceiras,-7.438611,-36.358611,50,0,1,14:16,2430
2600037197,São Domingos do Cariri,-7.600278,-36.312778,50,0,3,9:17,1339
2600037202,Cabaceiras,-7.455278,-36.303889,50,0,3,13:17,2100
2600037203,Cabaceiras,-7.405,-36.285833,20,0,4,14:17,1182
2600037204,Cabaceiras,-7.485,-36.296111,50,1,3,12:17,3320
2600037206,Boa Vista,-7.365556,-36.236667,36,0,3,15:19,1142
2600037207,Cabaceiras,-7.391389,-36.283333,50,1,4,15:17,4370
2600037208,Cabaceiras,-7.463056,-36.393333,45,0,5,13:15,2950
2600037209,Cabaceiras,-7.509167,-36.375,35,0,3,12:15,2460
2600037210,Cabaceiras,-7.385278,-36.336944,30,0,2,15:16,2960
2600037211,Cabaceiras,-7.506389,-36.394444,60,1,3,12:15,6560
2600037212,Cabaceiras,-7.403333,-36.355833,32,1,1,14:16,5740
2600037213,Cabaceiras,-7.411389,-36.289722,36,1,4,14:17,5740
2600037214,Cabaceiras,-7.425833,-36.258056,50,1,1,14:18,17580
2600037215,Cabaceiras,-7.535278,-36.257222,36,1,5,11:18,3540
2600037216,Cabaceiras,-7.398333,-36.321667,42,1,2,15:16,5410
2600037218,Cabaceiras,-7.562778,-36.295,50,0,4,10:17,2820
2600037219,Cabaceiras,-7.489167,-36.3275,45,0,5,12:16,2770
2600037220,Cabaceiras,-7.486389,-36.299444,45,0,3,12:17,2690
2600037221,Cabaceiras,-7.38,-36.258333,50,0,1,15:18,2590
2600037222,Boqueirão,-7.466111,-36.2125,40,1,5,13:19,6060
2600037223,Cabaceiras,-7.387222,-36.323889,20,1,2,15:16,4740
2600037224,Cabaceiras,-7.392778,-36.32,42,0,2,15:16,2170
2600037226,Cabaceiras,-7.491389,-36.288056,46,1,3,12:17,3020
2600037227,Cabaceiras,-7.492222,-36.289167,74,0,3,12:17,2500
2600037228,Cabaceiras,-7.493333,-36.29,56,1,3,12:17,3810
2600037229,Cabaceiras,-7.492778,-36.288056,50,0,3,12:17,1490
2600037230,Cabaceiras,-7.489444,-36.286389,56,0,3,12:17,2560
2600037231,Cabaceiras,-7.487222,-36.284444,56,1,3,12:17,5020
2600037232,Cabaceiras,-7.389722,-36.324167,46,1,2,15:16,5160
2600037235,Cabaceiras,-7.420556,-36.362222,42,1,4,14:15,5530
2600037236,Cabaceiras,-7.414722,-36.372222,23,1,4,14:15,4110
2600037238,Cabaceiras,-7.4225,-36.370278,46,0,4,14:15,3000
2600037239,Cabaceiras,-7.516944,-36.327222,54,0,5,12:16,1851
2600037241,Cabaceiras,-7.455278,-36.253333,50,0,5,13:18,2750
2600037242,Cabaceiras,-7.530833,-36.361111,50,0,1,11:15,878
2600037245,Cabaceiras,-7.464444,-36.365833,25,1,5,13:15,7450
2600037246,Cabaceiras,-7.551111,-36.325278,50,1,1,11:16,4280
2600037247,Cabaceiras,-7.418889,-36.240833,21,1,1,14:18,8340
2600037249,Barra de Santana,-7.568333,-35.858889,47,0,4,10:28,1006
2600037251,Gado Bravo,-7.5775,-35.766667,50,0,1,10:30,224
2600037253,Gado Bravo,-7.612778,-35.82,57,0,4,9:29,1149
2600037254,Gado Bravo,-7.599444,-35.843333,40,0,4,10:28,1004
2600037255,Gado Bravo,-7.512778,-35.851667,30,0,2,12:28,1005
2600037256,Gado Bravo,-7.579167,-35.768611,50,0,1,10:30,421
2600037259,Gado Bravo,-7.619722,-35.862222,41,0,5,9:28,621
2600037260,Gado Bravo,-7.496389,-35.841111,18,0,2,12:28,357
2600037262,Gado Bravo,-7.518611,-35.840556,48,0,2,12:28,631
2600037264,Barra de Santana,-7.575278,-35.834167,50,0,2,10:29,473
2600037265,Gado Bravo,-7.51,-35.8375,30,0,5,12:29,611
2600037266,Gado Bravo,-7.583889,-35.814444,48,0,2,10:29,1323
2600037269,Gado Bravo,-7.598889,-35.773056,64,0,1,10:30,1032
2600037273,Gado Bravo,-7.576667,-35.775556,52,0,1,10:30,1198
2600037274,Gado Bravo,-7.608056,-35.830833,50,0,4,9:29,890
2600037275,Gado Bravo,-7.621111,-35.833333,30,0,4,9:29,474
2600037276,Gado Bravo,-7.533056,-35.825556,49,0,2,11:29,985
2600037279,Gado Bravo,-7.5875,-35.798056,30,0,1,10:30,821
2600037280,Gado Bravo,-7.632222,-35.833889,34,0,4,9:29,1128
2600037281,Gado Bravo,-7.513333,-35.856389,41,0,2,12:28,1002
2600037282,Gado Bravo,-7.510556,-35.830556,45,0,5,12:29,779
2600037283,Gado Bravo,-7.528056,-35.839444,50,0,2,11:29,1196
2600037284,Gado Bravo,-7.620833,-35.848889,50,0,5,9:28,628
2600037286,Gado Bravo,-7.584444,-35.763611,30,0,1,10:30,885
2600037287,Gado Bravo,-7.559167,-35.785833,60,0,3,11:30,759
2600037288,Gado Bravo,-7.596667,-35.830833,60,0,2,10:29,693
2600037289,Gado Bravo,-7.576389,-35.805278,40,0,2,10:29,227
2600037290,Gado Bravo,-7.508333,-35.833333,50,0,5,12:29,884
2600037291,Gado Bravo,-7.615,-35.855278,36,0,5,9:28,846
2600037292,Gado Bravo,-7.6125,-35.8025,40,0,4,9:29,420
2600037293,Gado Bravo,-7.588889,-35.840556,60,0,4,10:28,946
2600037294,Gado Bravo,-7.578333,-35.791667,50,0,1,10:30,751
2600037295,Gado Bravo,-7.610556,-35.84,40,0,5,9:28,518
2600037296,Gado Bravo,-7.607222,-35.786389,40,0,2,9:30,460
2600037297,Gado Bravo,-7.583333,-35.790278,70,0,1,10:30,524
2600037298,Gado Bravo,-7.573056,-35.763611,55,0,1,10:30,233
2600037299,Gado Bravo,-7.5875,-35.859444,50,0,4,10:28,1013
2600037300,Gado Bravo,-7.500833,-35.833611,45,0,5,12:29,1078
2600037301,Gado Bravo,-7.585556,-35.794722,36,0,1,10:30,867
2600037303,Lucena,-6.909167,-34.9025,105,0,1,27:52,541
2600037304,Lucena,-6.97,-34.858056,100,0,3,25:53,532
2600037305,Lucena,-6.912222,-34.906111,106,0,1,27:52,341
2600037306,Lucena,-6.897778,-34.871944,90,0,4,27:53,404
2600037307,Lucena,-6.898056,-34.871944,180,0,4,27:53,293
2600037308,Lucena,-6.966667,-34.855556,150,0,3,25:53,590
2600037309,Lucena,-6.911944,-34.861111,90,0,4,27:53,1010
2600037310,Lucena,-6.966667,-34.855556,120,0,3,25:53,536
2600037311,Lucena,-6.933889,-34.868056,90,0,4,26:53,1064
2600037312,Lucena,-6.928333,-34.884167,180,0,1,26:52,435
2600037314,Lucena,-6.958333,-34.870833,84,0,4,26:53,591
2600037315,Lucena,-6.904444,-34.859444,126,0,4,27:53,1039
2600037316,Lucena,-6.950833,-34.865278,130,0,4,26:53,580
2600037317,Santa Rita,-6.911389,-34.986667,18,0,3,27:50,277
2600037319,Lucena,-6.951944,-34.878333,131,0,4,26:53,556
2600037320,Lucena,-6.908611,-34.880278,20,0,1,27:52,449
2600037321,Lucena,-6.955833,-34.880278,15,0,1,26:52,1528
2600037322,Lucena,-6.909444,-34.882222,21,0,1,27:52,741
2600037323,Lucena,-6.897222,-34.8875,19,0,1,27:52,1934
2600037324,Lucena,-6.955833,-34.879444,120,0,4,26:53,558
2600037325,Santa Rita,-6.911389,-34.987778,99,0,3,27:50,548
2600037326,Lucena,-6.895,-34.933333,90,0,5,27:51,457
2600037327,Lucena,-6.942778,-34.868056,18,0,4,26:53,399
2600037329,Lucena,-6.931667,-34.890833,211,0,1,26:52,300
2600037331,Mamanguape,-6.859722,-35.101944,66,0,2,28:47,82
2600037332,Mamanguape,-6.860278,-35.098611,16,0,2,28:47,89
2600037334,Mamanguape,-6.848333,-35.096389,65,0,2,28:47,559
2600037335,Mamanguape,-6.602222,-35.144167,35,0,2,34:46,160
2600037336,Mamanguape,-6.600278,-35.146111,70,0,2,34:46,335
2600037338,Mamanguape,-6.6,-35.139444,60,0,5,35:46,339
2600037339,Mamanguape,-6.639167,-35.118611,110,0,3,34:47,156
2600037340,Mamanguape,-6.621389,-35.109722,100,0,3,34:47,69
2600037341,Mamanguape,-6.624444,-35.125,86,0,2,34:46,65
2600037342,Mamanguape,-6.65,-35.139444,56,0,2,33:46,184
2600037343,Mamanguape,-6.665833,-35.143056,65,0,2,33:46,124
2600037344,Mamanguape,-6.6725,-35.178611,30,0,5,33:45,137
2600037345,Mamanguape,-6.820556,-35.139167,61,0,3,29:46,45
2600037346,Mamanguape,-6.763889,-35.137778,60,0,3,30:46,77
2600037348,Mamanguape,-6.6825,-35.206389,27,0,5,32:44,1154
2600037349,Marcação,-6.769444,-35.008611,110,0,5,30:49,807
2600037350,Marcação,-6.768333,-35.0075,130,0,5,30:49,641
2600037351,Marcação,-6.768056,-35.024167,90,0,5,30:49,459
2600037352,Marcação,-6.705833,-35.005278,60,0,5,32:49,742
2600037353,Marcação,-6.705833,-35.005278,17,0,5,32:49,1118
2600037354,Marcação,-6.715,-35.038333,40,0,5,32:49,686
2600037355,Marcação,-6.765556,-34.978056,80,0,2,30:50,224
2600037356,Marcação,-6.720278,-34.948333,40,0,5,31:51,952
2600037357,Marcação,-6.746111,-35.055833,70,0,3,31:48,1543
2600037358,Mulungu,-6.962222,-35.3625,65,0,3,25:40,146
2600037359,Mulungu,-6.938333,-35.380556,24,1,3,26:40,4440
2600037360,Mulungu,-7.028889,-35.44,45,1,2,24:39,3640
2600037363,Mulungu,-7.012222,-35.448611,40,1,5,24:38,47700
2600037364,Mulungu,-6.993889,-35.385278,60,1,3,25:40,3780
2600037365,Mulungu,-7.016667,-35.405,52,1,2,24:39,10760
2600037367,Mulungu,-6.943056,-35.343333,50,1,1,26:41,6610
2600037369,Mulungu,-7.013056,-35.391111,50,1,3,24:40,3160
2600037371,Mulungu,-6.985278,-35.443056,42,1,1,25:38,3290
2600037372,Mulungu,-7.023333,-35.440278,45,0,5,24:38,1913
2600037374,Mulungu,-7.018611,-35.389444,40,0,3,24:40,2960
2600037377,Mulungu,-6.989444,-35.446944,40,1,1,25:38,3410
2600037379,Alagoinha,-6.989444,-35.478889,48,1,1,25:38,3700
2600037382,Mulungu,-6.959444,-35.406667,37,0,1,26:39,1370
2600037383,Mulungu,-6.963889,-35.406111,40,0,2,25:39,1610
2600037388,Mulungu,-6.985833,-35.410833,38,1,2,25:39,55000
2600037390,Mulungu,-6.969444,-35.396667,49,0,3,25:40,1920
2600037394,Mulungu,-7.026667,-35.419167,32,1,2,24:39,6340
2600037396,Mulungu,-7.03,-35.428333,32,1,2,24:39,6090
2600037397,Mulungu,-7.019444,-35.430278,50,0,2,24:39,1136
2600037398,Mulungu,-7.013333,-35.428333,50,0,2,24:39,1654
2600037401,Mulungu,-6.959722,-35.433056,50,1,1,26:39,9110
2600037402,Mulungu,-7.061111,-35.476389,48,1,5,23:38,10420
2600037404,Mulungu,-7.046667,-35.43,65,1,2,23:39,8760
2600037405,Mulungu,-7.046111,-35.430833,25,0,2,23:39,1087
2600037407,Mulungu,-7.044167,-35.429444,65,1,2,23:39,11210
2600037408,Mulungu,-7.000278,-35.512778,52,1,3,24:37,3250
2600037411,Alagoinha,-6.997778,-35.522222,60,0,5,25:36,2540
2600037415,Mulungu,-7.013333,-35.495556,45,1,3,24:37,6960
2600037416,Mulungu,-7.033611,-35.491944,60,1,3,24:37,5970
2600037417,Mulungu,-7.035278,-35.474444,60,0,5,24:38,2300
2600037421,Mulungu,-6.951944,-35.362222,50,0,3,26:40,2140
2600037424,Mulungu,-7.035278,-35.433056,42,1,2,24:39,4300
2600037426,Mulungu,-7.025,-35.503056,55,0,3,24:37,933
2600037427,Mulungu,-6.996111,-35.393056,40,0,3,25:40,1667
2600037430,Mulungu,-7.007778,-35.416944,50,1,2,24:39,4530
2600037431,Mulungu,-7.025556,-35.443333,45,1,5,24:38,3950
2600037432,Pilõezinhos,-6.855278,-35.547222,30,0,5,28:36,185
2600037434,Pilõezinhos,-6.841389,-35.555,40,0,5,28:36,241
2600037435,Pilõezinhos,-6.841111,-35.555556,40,0,5,28:36,285
2600037436,Pilõezinhos,-6.842222,-35.566944,22,0,2,28:35,560
2600037437,Pilõezinhos,-6.835556,-35.561111,34,0,3,29:35,848
2600037438,Pilõezinhos,-6.829444,-35.547222,45,0,3,29:36,861
2600037439,Pilõezinhos,-6.832222,-35.540556,40,0,3,29:36,812
2600037440,Pilõezinhos,-6.845278,-35.541944,30,0,5,28:36,783
2600037441,Pilõezinhos,-6.845278,-35.536944,28,0,5,28:36,341
2600037442,Pilõezinhos,-6.8425,-35.5425,37,0,5,28:36,1215
2600037443,Pilõezinhos,-6.846111,-35.536944,30,0,5,28:36,281
2600037444,Guarabira,-6.847222,-35.519722,52,0,4,28:37,1546
2600037445,Pilõezinhos,-6.8325,-35.520556,50,0,3,29:36,908
2600037446,Pilõezinhos,-6.843333,-35.532778,35,0,5,28:36,271
2600037448,Pilõezinhos,-6.835556,-35.572222,50,0,3,29:35,1183
2600037449,Pilõezinhos,-6.851111,-35.556111,55,0,5,28:36,279
2600037450,Pilõezinhos,-6.861389,-35.571667,40,0,2,28:35,319
2600037451,Guarabira,-6.847222,-35.518889,50,0,4,28:37,1316
2600037452,Pilõezinhos,-6.843611,-35.528611,35,0,5,28:36,1033
2600037453,Pilõezinhos,-6.844444,-35.527778,23,0,5,28:36,748
2600037454,Pilõezinhos,-6.8325,-35.521111,28,0,3,29:36,238
2600037455,Pirpirituba,-6.759167,-35.464444,30,0,2,31:38,1617
2600037456,Borborema,-6.770833,-35.53,40,1,2,30:36,5460
2600037457,Pirpirituba,-6.768333,-35.468056,30,1,2,30:38,3720
2600037458,Pirpirituba,-6.778333,-35.442778,37,0,2,30:38,1529
2600037460,Belém,-6.771944,-35.498611,47,1,4,30:37,7570
2600037462,Pirpirituba,-6.779722,-35.496667,37,0,4,30:37,1510
2600037463,Pirpirituba,-6.7975,-35.556944,35,0,2,30:36,2310
2600037464,Pirpirituba,-6.781389,-35.499167,37,0,4,30:37,1860
2600037465,Pirpirituba,-6.761667,-35.4225,36,1,2,30:39,3050
2600037468,Guarabira,-6.82,-35.496944,50,0,2,29:37,588
2600037469,Pirpirituba,-6.784444,-35.495278,30,1,4,30:37,12750
2600037471,Pirpirituba,-6.815556,-35.494444,40,0,2,29:37,1010
2600037472,Pirpirituba,-6.795278,-35.497222,27,1,4,30:37,7180
2600037473,Pirpirituba,-6.78,-35.495833,37,0,4,30:37,1980
2600037475,Pirpirituba,-6.763889,-35.468333,42,1,2,30:38,10370
2600037477,Bom Jesus,-6.833611,-38.639167,37,0,3,29:-41,989
2600037479,Bom Jesus,-6.834722,-38.624167,36,0,3,29:-41,1327
2600037481,Bom Jesus,-6.811389,-38.616389,50,0,3,29:-41,1155
2600037482,Bom Jesus,-6.817222,-38.650556,36,0,5,29:-42,1303
2600037485,Bom Jesus,-6.790833,-38.609167,25,0,3,30:-41,2540
2600037486,Bom Jesus,-6.8675,-38.645556,41,0,2,28:-42,1672
2600037487,Bom Jesus,-6.7975,-38.631111,24,0,3,30:-41,2280
2600037489,Bom Jesus,-6.813333,-38.645556,35,0,5,29:-42,903
2600037490,Bom Jesus,-6.814722,-38.653333,4.5,0,5,29:-42,1699
2600037491,Bom Jesus,-6.831667,-38.650833,50,0,5,29:-42,819
2600037492,Bom Jesus,-6.815,-38.653056,50,0,5,29:-42,1651
2600037493,Bom Jesus,-6.81,-38.633056,40,0,3,29:-41,645
2600037494,Bom Jesus,-6.8175,-38.651389,37,0,5,29:-42,466
2600037495,Bom Jesus,-6.818333,-38.656944,50,0,5,29:-42,1206
2600037496,Bom Jesus,-6.815833,-38.654444,18,0,5,29:-42,1639
2600037498,Bom Jesus,-6.816944,-38.65,50,0,5,29:-42,658
2600037501,Guarabira,-6.851667,-35.490556,50,0,4,28:37,787
2600037502,Guarabira,-6.841667,-35.492222,25,0,4,28:37,943
2600037505,Guarabira,-6.841944,-35.492778,50,0,4,28:37,1022
2600037507,Guarabira,-6.844722,-35.488611,50,0,4,28:37,1906
2600037509,Guarabira,-6.852778,-35.463333,60,0,1,28:38,1906
2600037510,Guarabira,-6.945278,-35.446389,50,1,2,26:38,9870
2600037512,Guarabira,-6.816944,-35.473056,40,0,3,29:38,1424
2600037513,Guarabira,-6.848056,-35.489444,45,0,4,28:37,589
2600037514,Guarabira,-6.865556,-35.49,40,0,4,28:37,416
2600037518,Guarabira,-6.875,-35.410833,45,0,1,28:39,1074
2600037519,Guarabira,-6.818333,-35.463889,37,0,3,29:38,2100
2600037520,Guarabira,-6.937222,-35.430278,50,1,1,26:39,9380
2600037521,Guarabira,-6.934722,-35.431667,34,0,1,26:39,2750
2600037523,Guarabira,-6.955556,-35.454444,50,1,2,26:38,6910
2600037524,Guarabira,-6.853889,-35.487222,36,0,4,28:37,725
2600037525,Araçagi,-6.844722,-35.384722,33,0,2,28:40,2180
2600037526,Guarabira,-6.837222,-35.435,45,0,2,29:39,1078
2600037527,Guarabira,-6.934167,-35.461667,38,1,2,26:38,6750
2600037528,Guarabira,-6.846667,-35.495556,38,0,4,28:37,435
2600037529,Guarabira,-6.915278,-35.383889,50,1,3,27:40,3020
2600037530,Guarabira,-6.847778,-35.440833,50,0,1,28:38,234
2600037531,Guarabira,-6.847778,-35.441389,35,0,1,28:38,244
2600037532,Guarabira,-6.834444,-35.483333,50,0,2,29:37,1287
2600037534,Guarabira,-6.869444,-35.416389,50,1,1,28:39,4770
2600037538,Araçagi,-6.874167,-35.386944,48,0,2,28:40,2730
2600037541,Guarabira,-6.857222,-35.498333,50,0,4,28:37,1541
2600037542,Guarabira,-6.848333,-35.439722,50,0,1,28:39,639
2600037545,Guarabira,-6.904444,-35.452778,54,1,4,27:38,5290
2600037546,Guarabira,-6.858611,-35.438611,28,1,1,28:39,6070
2600037547,Guarabira,-6.858056,-35.438333,23,0,1,28:39,1545
2600037548,Guarabira,-6.878889,-35.406389,50,1,1,28:39,4080
2600037549,Guarabira,-6.855278,-35.425833,50,0,1,28:39,1325
2600037550,Guarabira,-6.8525,-35.490556,55,0,4,28:37,699
2600037552,Guarabira,-6.854167,-35.486389,22,0,4,28:37,434
2600037555,Cuitegi,-6.896667,-35.490556,40,0,2,27:37,1487
2600037556,Guarabira,-6.862778,-35.495278,38,0,4,28:37,1854
2600037558,Guarabira,-6.941111,-35.466944,60,1,2,26:38,8540
2600037559,Guarabira,-6.876389,-35.435556,50,0,1,28:39,1869
2600037560,Guarabira,-6.853333,-35.4875,50,0,4,28:37,1355
2600037561,Guarabira,-6.846667,-35.495833,40,0,4,28:37,563
2600037562,Guarabira,-6.879722,-35.498056,48,0,4,28:37,929
2600037565,Guarabira,-6.848056,-35.496389,40,0,4,28:37,1064
2600037566,Guarabira,-6.875,-35.4325,30,0,1,28:39,2800
2600037567,Guarabira,-6.876944,-35.429167,50,1,1,28:39,4610
2600037569,Guarabira,-6.853611,-35.480278,50,0,4,28:37,888
2600037571,Guarabira,-6.827778,-35.494444,50,0,2,29:37,502
2600037572,Araçagi,-6.808056,-35.438333,48,0,2,29:39,2820
2600037573,Guarabira,-6.816389,-35.4675,42,1,3,29:38,3120
2600037575,Guarabira,-6.848333,-35.488889,57,0,4,28:37,936
2600037576,Guarabira,-6.848333,-35.488611,60,0,4,28:37,639
2600037578,Guarabira,-6.817778,-35.435,54,1,2,29:39,6200
2600037579,Guarabira,-6.819722,-35.427778,38,0,2,29:39,773
2600037581,Guarabira,-6.847778,-35.443889,60,0,1,28:38,1530
2600037582,Guarabira,-6.85,-35.441667,49,0,1,28:38,1037
2600037583,Guarabira,-6.846389,-35.436667,50,0,1,28:39,424
2600037584,Guarabira,-6.844722,-35.436111,50,0,1,28:39,1848
2600037585,Guarabira,-6.842222,-35.405833,50,0,1,28:39,2800
2600037587,Guarabira,-6.849167,-35.390556,54,1,2,28:40,4120
2600037588,Guarabira,-6.855833,-35.410556,50,0,1,28:39,2800
2600037589,Guarabira,-6.858611,-35.403333,39,0,1,28:39,1013
2600037590,Guarabira,-6.841944,-35.416667,32,0,1,28:39,975
2600037598,Guarabira,-6.850278,-35.492222,40,0,4,28:37,399
2600037602,Guarabira,-6.849722,-35.444167,50,0,1,28:38,1339
2600037603,Guarabira,-6.845,-35.489167,49,0,4,28:37,1443
2600037604,Guarabira,-6.851944,-35.489722,49,0,4,28:37,693
2600037605,Guarabira,-6.853056,-35.490278,60,0,4,28:37,813
2600037606,Guarabira,-6.8425,-35.494444,33,0,4,28:37,1763
2600037608,Gurinhém,-7.173056,-35.412778,36,1,3,20:39,5800
2600037609,Gurinhém,-7.095278,-35.478611,30,1,5,22:38,3980
2600037614,Gurinhém,-7.063889,-35.391944,26,1,3,23:40,8560
2600037615,Gurinhém,-7.243056,-35.447778,45,1,2,18:38,5220
2600037616,Gurinhém,-7.2275,-35.459722,45,1,4,19:38,4810
2600037617,Gurinhém,-7.101944,-35.416111,30,1,2,22:39,3920
2600037618,Gurinhém,-7.188611,-35.436389,50,1,3,20:39,3050
2600037619,Gurinhém,-7.206111,-35.463333,27,1,4,19:38,3860
2600037620,Gurinhém,-7.128333,-35.371944,38,1,4,21:40,5340
2600037621,Gurinhém,-7.097222,-35.377778,36,1,1,22:40,3940
2600037624,Gurinhém,-7.145556,-35.469167,22,1,4,21:38,5890
2600037625,Gurinhém,-7.164722,-35.468056,35,0,5,20:38,1324
2600037627,Gurinhém,-7.133333,-35.361389,48,0,4,21:40,1892
2600037628,Gurinhém,-7.182778,-35.446111,48,1,5,20:38,5500
2600037630,Gurinhém,-7.215278,-35.462778,30,1,4,19:38,4550
2600037634,Gurinhém,-7.050556,-35.403056,40,0,2,23:39,763
2600037636,Gurinhém,-7.134167,-35.356667,50,1,4,21:41,7450
2600037637,Gurinhém,-7.133056,-35.373056,49,1,4,21:40,3720
2600037639,Gurinhém,-7.112222,-35.4775,30,1,5,22:38,10180
2600037642,Gurinhém,-7.074167,-35.439167,60,1,2,23:39,6270
2600037643,Gurinhém,-7.071389,-35.443056,50,1,5,23:38,4330
2600037645,Gurinhém,-7.144167,-35.437222,45,0,3,21:39,1017
2600037651,Gurinhém,-7.176111,-35.391111,50,1,1,20:40,3900
2600037652,Gurinhém,-7.150833,-35.393056,60,1,4,21:40,6380
2600037656,Gurinhém,-7.123889,-35.421667,50,1,3,21:39,6440
2600037657,Gurinhém,-7.130556,-35.357222,50,0,4,21:41,502
2600037659,Gurinhém,-7.178611,-35.404167,30,0,3,20:39,2500
2600037665,Montadas,-7.083611,-35.956944,50,1,1,22:26,5650
2600037666,Montadas,-7.099444,-35.949722,42,1,1,22:26,4740
2600037671,Montadas,-7.0975,-35.974167,50,1,4,22:25,15070
2600037672,Montadas,-7.081389,-35.951667,50,1,1,22:26,4550
2600037674,Nova Olinda,-7.418889,-38.046111,54,0,2,14:-27,981
2600037675,Nova Olinda,-7.475278,-38.028056,35,0,1,13:-26,1033
2600037677,Nova Olinda,-7.490556,-37.996944,50,0,4,12:-25,937
2600037684,Nova Olinda,-7.480556,-37.993611,45,0,4,12:-25,414
2600037685,Nova Olinda,-7.492222,-38.009444,45,0,4,12:-26,672
2600037687,Nova Olinda,-7.462222,-38.023056,45,0,1,13:-26,1097
2600037688,Nova Olinda,-7.490278,-37.988056,50,0,4,12:-25,845
2600037689,Nova Olinda,-7.409167,-38.067778,40,0,2,14:-27,1114
2600037691,Nova Olinda,-7.481667,-38.018889,50,0,4,12:-26,1617
2600037693,Nova Olinda,-7.441111,-38.021667,50,0,1,13:-26,1043
2600037695,Nova Olinda,-7.489444,-37.983889,48,0,4,12:-25,765
2600037697,Nova Olinda,-7.460278,-38.033056,40,0,1,13:-26,1206
2600037699,Nova Olinda,-7.4775,-38.025833,50,0,1,13:-26,844
2600037706,Remígio,-6.943333,-35.858889,40,1,5,26:28,5130
2600037714,Remígio,-6.965556,-35.796667,39,1,4,25:30,3340
2600037717,Remígio,-6.978889,-35.780278,50,0,4,25:30,307
2600037718,Remígio,-6.9475,-35.881389,40,1,2,26:27,14940
2600037719,Remígio,-6.947778,-35.879167,45,1,5,26:28,14870
2600037721,Riachão do Poço,-7.179722,-35.295,20,0,3,20:42,601
2600037722,Riachão do Poço,-7.180556,-35.275556,40,0,2,20:43,537
2600037723,Riachão do Poço,-7.150833,-35.258889,50,0,3,21:43,1190
2600037724,Riachão do Poço,-7.133611,-35.285556,40,0,5,21:42,933
2600037725,Riachão do Poço,-7.141389,-35.300556,40,0,5,21:42,1316
2600037726,Riachão do Poço,-7.140556,-35.2725,50,0,3,21:43,424
2600037727,Riachão do Poço,-7.158611,-35.260833,60,0,3,21:43,471
2600037728,Riachão do Poço,-7.152778,-35.261389,50,0,3,21:43,1450
2600037730,Riachão do Poço,-7.165,-35.265833,50,0,2,20:43,512
2600037731,Riachão do Poço,-7.176667,-35.274722,50,0,2,20:43,406
2600037732,Riachão do Poço,-7.176944,-35.301667,20,0,3,20:42,1667
2600037734,Sobrado,-7.158333,-35.258889,50,0,3,21:43,464
2600037735,Riachão do Poço,-7.186389,-35.286944,40,0,3,20:42,1826
2600037736,Riachão do Poço,-7.171667,-35.270833,40,0,2,20:43,190
2600037737,Riachão do Poço,-7.145,-35.273056,50,0,3,21:43,849
2600037738,Riachão do Poço,-7.137778,-35.2625,30,0,3,21:43,1136
2600037739,Riachão do Poço,-7.125556,-35.279722,60,0,3,21:43,1833
2600037741,Riachão do Poço,-7.121944,-35.281944,50,0,5,21:42,1791
2600037742,Riachão do Poço,-7.159722,-35.264167,40,0,3,21:43,465
2600037743,Riachão do Poço,-7.184167,-35.298889,50,0,3,20:42,245
2600037744,Uiraúna,-6.462778,-38.427222,35,0,4,38:-36,702
2600037745,Uiraúna,-6.446667,-38.443056,35,0,2,38:-37,1575
2600037746,Uiraúna,-6.4475,-38.435556,15.5,0,4,38:-36,1703
2600037747,Uiraúna,-6.46,-38.44,50,0,4,38:-36,679
2600037749,Uiraúna,-6.462222,-38.425833,36,0,4,38:-36,2600
2600037750,Uiraúna,-6.471389,-38.424722,40,0,4,38:-36,1367
2600037751,Uiraúna,-6.471667,-38.425278,36,0,4,38:-36,1384
2600037752,Uiraúna,-6.471389,-38.425,58,0,4,38:-36,2270
2600037753,Uiraúna,-6.458333,-38.438611,50,0,4,38:-36,1828
2600037754,Uiraúna,-6.461111,-38.435,35,0,4,38:-36,806
2600037755,Uiraúna,-6.479722,-38.402222,53,0,4,38:-36,448
2600037756,Uiraúna,-6.455833,-38.410556,50,0,4,38:-36,1168
2600037758,Uiraúna,-6.422222,-38.409444,51.5,0,4,39:-36,859
2600037759,Uiraúna,-6.399444,-38.455,41,0,2,40:-37,832
2600037760,Joca Claudino,-6.454167,-38.518333,22,0,2,38:-38,545
2600037761,Poço Dantas,-6.420556,-38.516389,50,0,4,39:-38,1285
2600037762,Poço Dantas,-6.374167,-38.531944,51,0,5,40:-39,1409
2600037763,Poço Dantas,-6.362778,-38.534167,45,0,5,40:-39,1315
2600037765,Poço Dantas,-6.417222,-38.492222,50,0,4,39:-38,989
2600037768,Triunfo,-6.543889,-38.578333,50,0,4,36:-40,351
2600037770,Triunfo,-6.541389,-38.573889,45,1,4,36:-40,4030
2600037771,Triunfo,-6.539444,-38.554167,40,0,5,36:-39,1509
2600037774,São José dos Ramos,-7.261944,-35.396944,60,0,2,18:40,370
2600037775,Itabaiana,-7.323056,-35.341944,39,0,2,16:41,402
2600037777,Itabaiana,-7.311111,-35.3425,42,0,1,17:41,1730
2600037778,São José dos Ramos,-7.263333,-35.398333,52,0,2,18:40,514
2600037779,Itabaiana,-7.273056,-35.360278,33,0,2,18:40,430
2600037780,Itabaiana,-7.274722,-35.360833,50,0,2,18:40,494
2600037781,Itabaiana,-7.278611,-35.362778,39,0,2,18:40,814
2600037782,Itabaiana,-7.275556,-35.358889,45,0,2,18:41,414
2600037783,Itabaiana,-7.291667,-35.361667,33,0,1,17:40,620
2600037784,Itabaiana,-7.317222,-35.340278,92,0,1,17:41,812
2600037785,Itabaiana,-7.319722,-35.339722,79,0,1,17:41,426
2600037786,Itabaiana,-7.321389,-35.338889,39,0,2,16:41,682
2600037787,Itabaiana,-7.330833,-35.367222,25,0,1,16:40,394
2600037788,Itabaiana,-7.308611,-35.384167,33,0,1,17:40,530
2600037789,Itabaiana,-7.308889,-35.394722,45,0,1,17:40,692
2600037790,Itabaiana,-7.308889,-35.399722,52,0,1,17:40,322
2600037791,Itabaiana,-7.308056,-35.4,35,0,1,17:40,534
2600037792,Itabaiana,-7.285,-35.406111,50,0,4,17:39,416
2600037793,Itabaiana,-7.315556,-35.400556,40,0,4,17:39,540
2600037794,Salgado de São Félix,-7.334722,-35.406667,48,0,2,16:39,890
2600037795,Itabaiana,-7.333333,-35.3925,63,0,1,16:40,874
2600037797,Itabaiana,-7.328889,-35.333056,40,0,2,16:41,305
2600037799,Itabaiana,-7.3325,-35.341944,34,0,2,16:41,632
2600037800,Itabaiana,-7.332222,-35.334722,40,0,2,16:41,415
2600037801,Itabaiana,-7.334167,-35.333611,50,0,2,16:41,520
2600037802,Itabaiana,-7.333056,-35.325833,63,0,2,16:41,630
2600037803,Itabaiana,-7.295,-35.324444,39,0,1,17:41,416
2600037804,Itabaiana,-7.301111,-35.328056,40,0,1,17:41,532
2600037806,Itabaiana,-7.316389,-35.333056,30,0,1,17:41,504
2600037807,Itabaiana,-7.31,-35.325,39,0,1,17:41,459
2600037808,Itabaiana,-7.301944,-35.321389,52,0,1,17:41,522
2600037809,Itabaiana,-7.336389,-35.380556,52,0,1,16:40,425
2600037811,Itabaiana,-7.335833,-35.359444,39,0,2,16:41,742
2600037813,Itabaiana,-7.336667,-35.379444,39,0,1,16:40,640
2600037814,Itabaiana,-7.333611,-35.359167,39,0,2,16:41,830
2600037817,Itatuba,-7.394167,-35.595556,40,0,2,15:35,764
2600037818,Itatuba,-7.374167,-35.622778,50,0,4,15:34,334
2600037819,Itatuba,-7.3775,-35.626944,32,0,4,15:34,410
2600037821,Itatuba,-7.390556,-35.583611,40,0,2,15:35,328
2600037822,Itatuba,-7.427778,-35.644722,45,0,4,14:33,440
2600037823,Itatuba,-7.391667,-35.601944,45,0,4,15:34,209
2600037825,Itatuba,-7.428889,-35.651389,45.6,0,4,14:33,204
2600037826,Itatuba,-7.401667,-35.568889,20,0,1,14:35,701
2600037827,Itatuba,-7.382778,-35.627222,26,0,4,15:34,391
2600037830,Itatuba,-7.446111,-35.664167,47,0,5,13:33,1963
2600037831,Itatuba,-7.404444,-35.550278,35,0,3,14:36,533
2600037832,Itatuba,-7.374722,-35.61,60,0,4,15:34,755
2600037833,Itatuba,-7.371667,-35.613611,45,0,4,15:34,226
2600037834,Itatuba,-7.378333,-35.627778,31,0,4,15:34,225
2600037836,Itatuba,-7.429444,-35.691389,55,0,3,14:32,401
2600037837,Itatuba,-7.426667,-35.654167,34,0,4,14:33,409
2600037838,Itatuba,-7.376111,-35.624167,40,0,4,15:34,402
2600037839,Itatuba,-7.424444,-35.603333,40,0,2,14:34,229
2600037841,Itatuba,-7.376389,-35.630833,42,0,4,15:34,214
2600037842,Itatuba,-7.375556,-35.627778,71,0,4,15:34,221
2600037847,Itatuba,-7.418611,-35.615278,48,0,2,14:34,570
2600037848,Itatuba,-7.404167,-35.545278,41,0,3,14:36,432
2600037849,Itatuba,-7.405278,-35.544722,51,0,3,14:36,403
2600037850,Itatuba,-7.398056,-35.541944,55,0,2,15:36,1954
2600037851,Itatuba,-7.428333,-35.653611,45,0,4,14:33,572
2600037852,Itatuba,-7.3525,-35.619722,48,0,5,16:34,232
2600037853,Itatuba,-7.375556,-35.628056,50,0,4,15:34,425
2600037854,Itatuba,-7.375556,-35.627778,70,0,4,15:34,453
2600037856,Itatuba,-7.379167,-35.65,37,0,5,15:33,590
2600037857,Itatuba,-7.426667,-35.670556,45,0,4,14:33,792
2600037858,Ouro Velho,-7.614167,-37.156389,51,0,2,9:-4,1255
2600037859,Ouro Velho,-7.643889,-37.142222,46,0,3,8:-4,1676
2600037860,Ouro Velho,-7.632778,-37.148056,50,0,2,9:-4,2870
2600037861,Ouro Velho,-7.631944,-37.148056,30,1,2,9:-4,5470
2600037862,Ouro Velho,-7.619444,-37.171667,50,0,4,9:-5,850
2600037863,Ouro Velho,-7.620278,-37.150278,35,1,2,9:-4,4720
2600037864,Ouro Velho,-7.589444,-37.149444,28,0,5,10:-4,1813
2600037865,Ouro Velho,-7.598611,-37.164444,45,0,5,10:-5,1186
2600037866,Ouro Velho,-7.608056,-37.153889,25,0,2,9:-4,1987
2600037867,Ouro Velho,-7.619722,-37.146389,24,0,2,9:-4,2930
2600037868,Ouro Velho,-7.642222,-37.141944,50,1,3,8:-4,4170
2600037869,Ouro Velho,-7.624722,-37.146944,50,1,2,9:-4,4490
2600037870,Ouro Velho,-7.610278,-37.148611,30,0,2,9:-4,1878
2600037871,Ouro Velho,-7.606667,-37.132778,22,0,2,9:-4,1445
2600037872,Ouro Velho,-7.636389,-37.158889,16,0,2,9:-4,1294
2600037873,Ouro Velho,-7.630556,-37.089167,40,0,1,9:-3,1720
2600037875,Ouro Velho,-7.618889,-37.168333,40,0,4,9:-5,569
2600037876,Ouro Velho,-7.610833,-37.151944,50,0,2,9:-4,2410
2600037877,Ouro Velho,-7.611667,-37.152778,50,0,2,9:-4,1977
2600037878,Ouro Velho,-7.613889,-37.152778,33,0,2,9:-4,1540
2600037879,Ouro Velho,-7.614167,-37.151111,42,0,2,9:-4,1500
2600037880,Ouro Velho,-7.618611,-37.158611,35,0,2,9:-4,1804
2600037881,Ouro Velho,-7.618611,-37.148333,45,1,2,9:-4,3120
2600037882,Ouro Velho,-7.620833,-37.148333,50,0,2,9:-4,1721
2600037883,Ouro Velho,-7.598889,-37.15,30,1,5,10:-4,3100
2600037884,Ouro Velho,-7.595833,-37.165833,30,0,5,10:-5,1150
2600037885,Ouro Velho,-7.597222,-37.168611,36,0,5,10:-5,1404
2600037886,Ouro Velho,-7.588889,-37.149167,38,0,5,10:-4,1823
2600037887,Ouro Velho,-7.605833,-37.155278,50,1,2,9:-4,3670
2600037888,Ouro Velho,-7.633333,-37.174444,30,0,4,9:-5,1280
2600037889,Ouro Velho,-7.624722,-37.156111,30,0,2,9:-4,1190
2600037890,Ouro Velho,-7.629167,-37.163056,39,1,4,9:-5,5840
2600037891,Ouro Velho,-7.634167,-37.163056,50,0,4,9:-5,1494
2600037892,Ouro Velho,-7.622222,-37.183889,48,0,4,9:-5,1217
2600037893,Ouro Velho,-7.637778,-37.188889,45,0,4,9:-5,1088
2600037894,Ouro Velho,-7.632222,-37.185833,40,0,4,9:-5,1069
2600037895,Ouro Velho,-7.647778,-37.186111,27,0,3,8:-5,1499
2600037896,Ouro Velho,-7.640556,-37.175278,18,0,3,8:-5,2380
2600037897,Ouro Velho,-7.635833,-37.179722,30,1,4,9:-5,5230
2600037898,Ouro Velho,-7.649167,-37.157778,34,0,3,8:-4,1220
2600037899,Ouro Velho,-7.665,-37.177778,68,0,3,8:-5,1433
2600037900,Ouro Velho,-7.667778,-37.155278,25,0,3,8:-4,1854
2600037901,Prata,-7.675833,-37.151667,25,0,3,8:-4,1594
2600037902,Ouro Velho,-7.663889,-37.137778,42,0,3,8:-4,750
2600037903,Ouro Velho,-7.650556,-37.128889,28,0,3,8:-4,1942
2600037904,Ouro Velho,-7.621944,-37.149722,48,1,2,9:-4,4960
2600037905,Ouro Velho,-7.624444,-37.146111,50,0,2,9:-4,2650
2600037906,Ouro Velho,-7.616111,-37.121944,26,0,2,9:-4,1029
2600037907,Ouro Velho,-7.625,-37.114444,32,0,1,9:-3,1444
2600037908,Ouro Velho,-7.626944,-37.146389,50,1,2,9:-4,6070
2600037909,Ouro Velho,-7.643611,-37.141667,35,0,3,8:-4,946
2600037910,Ouro Velho,-7.623889,-37.148056,48,0,2,9:-4,1785
2600037911,Ouro Velho,-7.594444,-37.153333,26,0,5,10:-4,2620
2600037912,Ouro Velho,-7.595,-37.150833,47,0,5,10:-4,2530
2600037913,Ouro Velho,-7.598889,-37.158611,35,0,5,10:-4,1604
2600037914,Ouro Velho,-7.63,-37.167222,35,1,4,9:-5,6930
2600037915,Ouro Velho,-7.625556,-37.141389,36,0,2,9:-4,1128
2600037917,Pedras de Fogo,-7.395556,-35.132778,36,0,2,15:46,430
2600037921,Pedras de Fogo,-7.260556,-35.156944,42,0,1,18:46,670
2600037922,Pedras de Fogo,-7.274167,-35.164444,49,0,3,18:45,680
2600037924,Pedras de Fogo,-7.279167,-35.168333,39,0,3,18:45,810
2600037926,Pedras de Fogo,-7.235833,-35.129444,35,0,4,19:46,720
2600037929,Pedras de Fogo,-7.292222,-35.150556,40,0,2,17:46,680
2600037930,Pedras de Fogo,-7.315278,-35.183056,50,0,1,17:45,712
2600037931,Pedras de Fogo,-7.331667,-35.181667,45,0,1,16:45,1315
2600037933,Pedras de Fogo,-7.301667,-35.087222,42,0,2,17:47,730
2600037934,Pedras de Fogo,-7.331667,-35.088333,39,0,5,16:47,713
2600037937,Pedras de Fogo,-7.403611,-35.021389,30,0,3,14:49,783
2600037938,Pedras de Fogo,-7.378889,-34.979167,45,0,3,15:50,730
2600037939,Pedras de Fogo,-7.401667,-35.115833,50,0,3,14:47,620
2600037940,Pedras de Fogo,-7.4,-35.115556,23,0,3,14:47,714
2600037941,Pedras de Fogo,-7.402222,-35.0125,30,0,3,14:49,419
2600037942,Pedras de Fogo,-7.401944,-35.11,24,0,3,14:47,822
2600037944,Pedras de Fogo,-7.402778,-35.116111,35,0,3,14:47,733
2600037945,Pedras de Fogo,-7.401667,-35.1175,30,0,3,14:47,642
2600037946,Pedras de Fogo,-7.395,-35.133333,50,0,2,15:46,619
2600037948,Pedras de Fogo,-7.401944,-35.115,43,0,3,14:47,490
2600037950,Pedras de Fogo,-7.397778,-35.113611,52,0,1,15:47,430
2600037951,Pedras de Fogo,-7.4025,-35.114722,32,0,3,14:47,530
2600037953,Pedras de Fogo,-7.403333,-35.103056,43,0,3,14:47,716
2600037954,São Miguel de Taipu,-7.270556,-35.172222,72,0,3,18:45,943
2600037955,São Miguel de Taipu,-7.270278,-35.175833,35,0,3,18:45,1370
2600037956,São Miguel de Taipu,-7.293611,-35.191667,50,0,1,17:45,820
2600037957,Pedras de Fogo,-7.312222,-35.089444,52,0,2,17:47,670
2600037958,Pedras de Fogo,-7.328333,-35.006111,42,0,4,16:49,435
2600037959,São Miguel de Taipu,-7.297222,-35.197778,43,0,1,17:45,1972
2600037962,Pilões,-6.912222,-35.611389,28,0,5,27:34,328
2600037964,Pilões,-6.852222,-35.610833,25,0,3,28:34,525
2600037965,Pilões,-6.874722,-35.578889,45,0,2,28:35,948
2600037968,Pilões,-6.889444,-35.578611,40,0,2,27:35,1204
2600037971,Pilões,-6.867778,-35.612222,40,0,3,28:34,1009
2600037972,Pilões,-6.854444,-35.611389,52,0,3,28:34,894
2600037974,Salgado de São Félix,-7.356111,-35.446667,45,0,3,16:38,1914
2600037979,Salgado de São Félix,-7.364444,-35.47,45,0,1,15:38,1834
2600037980,Salgado de São Félix,-7.427222,-35.433056,40,0,4,14:39,1825
2600037983,Salgado de São Félix,-7.432778,-35.542778,45,0,3,14:36,1742
2600037987,Salgado de São Félix,-7.456389,-35.413056,41,0,4,13:39,352
2600037989,Itabaiana,-7.426667,-35.389444,40,0,4,14:40,345
2600037992,Salgado de São Félix,-7.350833,-35.422222,40,0,2,16:39,414
2600037993,Salgado de São Félix,-7.426111,-35.409167,60,0,4,14:39,430
2600037996,Santa Cecília,-7.745556,-35.880833,60,0,2,6:27,715
2600037998,Santa Cecília,-7.751944,-35.895278,50,0,2,6:27,512
2600037999,Alcantil,-7.651667,-35.986944,42,1,2,8:25,10000
2600038002,Alcantil,-7.695833,-35.996667,50,1,5,7:25,12270
2600038004,Alcantil,-7.638056,-35.987778,37,1,4,9:25,10960
2600038005,Alcantil,-7.666667,-35.9875,51,1,2,8:25,7150
2600038007,Santa Cecília,-7.7,-35.974722,48,1,5,7:25,4660
2600038009,Alcantil,-7.694444,-35.995556,49,1,5,7:25,9100
2600038011,Queimadas,-7.478333,-35.934444,25,0,2,13:26,423
2600038012,Queimadas,-7.492778,-35.853056,18,0,2,12:28,114
2600038013,Queimadas,-7.462778,-35.906111,40,0,3,13:27,593
2600038014,Queimadas,-7.470556,-35.853333,50,0,1,13:28,1854
2600038015,Queimadas,-7.480833,-35.916944,13,0,1,12:27,511
2600038016,Queimadas,-7.352778,-35.9725,42,0,2,16:25,992
2600038017,Queimadas,-7.479444,-35.9475,16,0,2,13:26,328
2600038018,Queimadas,-7.326389,-35.9275,36,0,3,16:26,278
2600038019,Queimadas,-7.4825,-35.942778,24,0,5,12:26,1080
2600038020,Queimadas,-7.466389,-35.992222,40,0,5,13:25,312
2600038021,Queimadas,-7.3625,-35.9525,40,0,1,15:26,390
2600038022,Queimadas,-7.470278,-35.914444,15,0,3,13:27,356
2600038025,Queimadas,-7.331667,-35.916667,41,0,3,16:27,201
2600038026,Queimadas,-7.370556,-35.946667,48,0,1,15:26,685
2600038027,Queimadas,-7.369722,-35.946389,48,0,1,15:26,1254
2600038028,Queimadas,-7.347778,-35.936389,21,0,3,16:26,798
2600038031,Queimadas,-7.503333,-35.890833,50,0,1,12:27,535
2600038032,Queimadas,-7.421111,-35.849444,48,0,4,14:28,340
2600038034,Queimadas,-7.4725,-35.920278,13,0,2,13:26,280
2600038035,Queimadas,-7.358056,-35.9275,36,0,3,16:26,706
2600038036,Queimadas,-7.465278,-35.976111,22,0,5,13:25,680
2600038037,Barra de Santana,-7.474167,-35.979444,20,0,5,13:25,78
2600038038,Queimadas,-7.505278,-35.903333,50,0,1,12:27,1822
2600038039,Queimadas,-7.465,-35.899167,42,0,3,13:27,401
2600038041,Queimadas,-7.466111,-35.867778,33,0,1,13:28,339
2600038042,Queimadas,-7.468889,-35.850833,36,0,1,13:28,356
2600038043,Queimadas,-7.422778,-35.955833,50,0,2,14:26,1095
2600038045,Queimadas,-7.3975,-35.971111,40,0,1,15:25,915
2600038046,Queimadas,-7.423611,-35.972778,22,0,5,14:25,541
2600038048,Queimadas,-7.300833,-35.888333,60,0,5,17:27,528
2600038049,Queimadas,-7.3,-35.888333,60,0,5,17:27,653
2600038053,Queimadas,-7.483889,-35.944444,21,0,5,12:26,442
2600038056,Queimadas,-7.480278,-35.934167,26,0,5,12:26,398
2600038057,Queimadas,-7.480556,-35.933611,35,0,5,12:26,394
2600038058,Fagundes,-7.458889,-35.813333,36,0,1,13:29,787
2600038059,Queimadas,-7.415,-35.976944,53,0,5,14:25,108
2600038060,Queimadas,-7.411944,-35.979444,40,0,5,14:25,423
2600038061,Queimadas,-7.430556,-35.995278,50,0,5,14:25,598
2600038062,Queimadas,-7.338889,-35.893889,24,0,3,16:27,1101
2600038064,Queimadas,-7.473611,-35.921944,25,0,2,13:26,216
2600038066,Queimadas,-7.337778,-35.894444,53,0,3,16:27,1503
2600038067,Queimadas,-7.338611,-35.893889,53,0,3,16:27,925
2600038069,Barra de Santana,-7.488611,-35.976944,36,0,2,12:25,544
2600038070,Queimadas,-7.383056,-35.85,49,0,1,15:28,460
2600038071,Queimadas,-7.442222,-35.968611,30,0,5,13:25,315
2600038073,Queimadas,-7.438056,-35.889722,30,0,1,14:27,321
2600038074,Queimadas,-7.439167,-35.890556,20,0,1,14:27,1039
2600038076,Queimadas,-7.483056,-35.958611,36,0,5,12:26,469
2600038077,Queimadas,-7.481667,-35.960556,50,0,2,12:25,308
2600038078,Queimadas,-7.48,-35.937778,30,0,5,12:26,285
2600038079,Queimadas,-7.453056,-35.8725,34,0,1,13:28,322
2600038081,Queimadas,-7.446111,-35.915556,40,0,3,13:27,526
2600038082,Queimadas,-7.466389,-35.848889,45,0,1,13:28,326
2600038085,Queimadas,-7.355556,-35.923611,48,0,3,16:26,1057
2600038086,Campina Grande,-7.353333,-35.987778,34,0,2,16:25,1139
2600038087,Queimadas,-7.480556,-35.939167,18,0,5,12:26,509
2600038088,Queimadas,-7.35,-35.916111,21,0,3,16:27,560
2600038091,Fagundes,-7.436111,-35.816111,40,0,3,14:29,676
2600038092,Queimadas,-7.468889,-35.878611,40,0,1,13:28,447
2600038094,Queimadas,-7.462222,-35.876111,45,0,1,13:28,301
2600038095,Queimadas,-7.331667,-35.939167,50,0,3,16:26,881
2600038096,Queimadas,-7.451667,-35.911389,31,0,3,13:27,416
2600038097,Queimadas,-7.468889,-35.878611,48,0,1,13:28,142
2600038098,Queimadas,-7.463333,-35.846111,48,0,1,13:28,298
2600038099,Fagundes,-7.438611,-35.806111,25,0,3,14:29,214
2600038100,Queimadas,-7.465833,-35.859444,30,0,1,13:28,208
2600038101,Queimadas,-7.414167,-35.865,40,0,4,14:28,1197
2600038102,Queimadas,-7.480278,-35.966944,25,0,2,12:25,650
2600038104,Queimadas,-7.465,-35.898333,35,0,3,13:27,449
2600038105,Queimadas,-7.4175,-35.890278,40,0,1,14:27,489
2600038106,Queimadas,-7.416111,-35.89,30,0,1,14:27,821
2600038107,Queimadas,-7.353056,-35.925278,50,0,3,16:26,1261
2600038108,Queimadas,-7.498611,-35.893889,15,0,1,12:27,824
2600038109,Queimadas,-7.390556,-35.955556,50,0,1,15:26,528
2600038110,Queimadas,-7.4275,-35.975556,40,0,5,14:25,391
2600038111,Queimadas,-7.428333,-35.976389,50,0,5,14:25,462
2600038112,Queimadas,-7.437222,-35.999444,40,0,5,14:25,313
2600038113,Queimadas,-7.4675,-35.968611,30,0,5,13:25,364
2600038114,Queimadas,-7.421389,-35.904444,27,0,1,14:27,795
2600038115,Queimadas,-7.428333,-35.919167,22,0,1,14:27,794
2600038116,Queimadas,-7.418611,-35.933056,26,0,2,14:26,372
2600038117,Queimadas,-7.403889,-35.909444,60,0,1,14:27,836
2600038118,Queimadas,-7.3825,-35.8525,50,0,1,15:28,693
2600038120,Queimadas,-7.389722,-35.955556,30,0,1,15:26,179
2600038121,Queimadas,-7.411389,-35.971944,40,0,5,14:25,432
2600038122,Fagundes,-7.438333,-35.804722,32,0,3,14:29,426
2600038123,Queimadas,-7.394444,-35.956111,50,0,1,15:26,476
2600038124,Queimadas,-7.389167,-35.846944,48,0,1,15:28,728
2600038127,Queimadas,-7.486944,-35.846389,31,0,2,12:28,541
2600038129,Queimadas,-7.341389,-35.921667,18,0,3,16:26,400
2600038131,Queimadas,-7.502222,-35.916111,48,0,1,12:27,777
2600038132,Queimadas,-7.351389,-35.879722,33,0,2,16:28,259
2600038133,Queimadas,-7.338611,-35.884722,42,0,3,16:27,621
2600038134,Rio Tinto,-6.815833,-34.914167,18,0,5,29:52,332
2600038135,Rio Tinto,-6.862778,-34.988889,40,0,5,28:50,45
2600038136,Rio Tinto,-6.863056,-34.989167,20,0,5,28:50,674
2600038137,Rio Tinto,-6.799167,-35.057222,105,0,4,30:48,1407
2600038139,Rio Tinto,-6.633056,-35.09,44,0,3,34:47,47
2600038140,Rio Tinto,-6.817222,-34.913611,20,0,5,29:52,542
2600038141,Rio Tinto,-6.646389,-35.043056,93,0,3,33:48,99
2600038142,Rio Tinto,-6.862222,-34.938889,31,0,4,28:51,116
2600038143,Rio Tinto,-6.795556,-34.919167,12,0,4,30:52,187
2600038145,Rio Tinto,-6.816111,-34.914167,18,0,5,29:52,542
2600038146,Rio Tinto,-6.784167,-34.921667,40,0,1,30:51,1608
2600038147,Rio Tinto,-6.815,-34.914167,20,0,5,29:52,431
2600038149,Rio Tinto,-6.816667,-34.913611,18,0,5,29:52,553
2600038150,Rio Tinto,-6.818611,-35.105278,18,0,2,29:47,152
2600038151,Rio Tinto,-6.816944,-34.914167,18,0,5,29:52,599
2600038152,Rio Tinto,-6.817222,-34.914167,20,0,5,29:52,839
2600038153,Rio Tinto,-6.816111,-34.913889,18,0,5,29:52,650
2600038154,Rio Tinto,-6.816944,-34.914444,20,0,5,29:52,652
2600038155,Rio Tinto,-6.796111,-34.918889,12,0,4,30:52,398
2600038156,Rio Tinto,-6.82,-35.068611,12,0,3,29:48,1022
2600038157,Rio Tinto,-6.816667,-34.914167,18,0,5,29:52,466
2600038158,Rio Tinto,-6.816111,-34.914444,18,0,5,29:52,624
2600038161,Rio Tinto,-6.795833,-34.918611,12,0,4,30:52,155
2600038162,Rio Tinto,-6.81,-34.935278,32,0,5,29:51,196
2600038163,Rio Tinto,-6.831389,-35.013056,40,0,2,29:49,42
2600038164,Rio Tinto,-6.831667,-34.912222,20,0,5,29:52,174
2600038165,Rio Tinto,-6.863333,-34.932778,100,0,4,28:51,90
2600038166,Rio Tinto,-6.675556,-35.094722,135,0,4,33:47,32
2600038167,Rio Tinto,-6.844722,-35.071111,104,0,1,28:48,127
2600038168,Rio Tinto,-6.833333,-35.047778,100,0,3,29:48,159
2600038169,Rio Tinto,-6.813889,-34.919722,45,0,5,29:52,587
2600038171,Marcação,-6.758056,-34.961389,60,0,1,31:50,603
2600038173,Marcação,-6.739444,-34.942222,90,0,5,31:51,946
2600038174,Rio Tinto,-6.813333,-34.914444,18,0,5,29:52,599
2600038175,Rio Tinto,-6.817222,-34.913333,20,0,5,29:52,609
2600038176,Rio Tinto,-6.813611,-34.914444,18,0,5,29:52,711
2600038177,Rio Tinto,-6.816111,-34.913611,18,0,5,29:52,727
2600038178,Rio Tinto,-6.817778,-34.913889,20,0,5,29:52,651
2600038179,Santana dos Garrotes,-7.462778,-37.963611,38.58,0,5,13:-25,779
2600038180,Santana dos Garrotes,-7.427222,-38.009722,33,0,4,14:-26,1410
2600038181,Santana dos Garrotes,-7.4275,-37.995833,25.43,0,5,14:-25,785
2600038183,Santana dos Garrotes,-7.380278,-38.040556,30,0,1,15:-27,411
2600038186,Santana dos Garrotes,-7.302778,-38.03,42.31,0,3,17:-26,1389
2600038189,Santana dos Garrotes,-7.339444,-37.930833,50,0,5,16:-24,1177
2600038190,Santana dos Garrotes,-7.399167,-38.020556,34,0,5,15:-26,576
2600038191,Santana dos Garrotes,-7.456667,-37.9475,30,0,1,13:-24,906
2600038193,Santana dos Garrotes,-7.466667,-37.951944,55,0,1,13:-24,642
2600038194,Santana dos Garrotes,-7.371667,-37.983333,50,0,4,15:-25,1004
2600038195,Santana dos Garrotes,-7.3975,-38.012222,50,0,5,15:-26,998
2600038197,São José dos Ramos,-7.199444,-35.32,50,0,3,20:41,496
2600038198,Gurinhém,-7.242222,-35.423889,50,0,3,18:39,1830
2600038199,São José dos Ramos,-7.199167,-35.324722,40,0,3,20:41,940
2600038201,São José dos Ramos,-7.249722,-35.38,50,0,2,18:40,1442
2600038202,São José dos Ramos,-7.244722,-35.387778,50,0,2,18:40,1930
2600038203,São José dos Ramos,-7.25,-35.380278,50,0,2,18:40,1842
2600038204,São José dos Ramos,-7.248611,-35.378333,50,0,2,18:40,1942
2600038205,São José dos Ramos,-7.238333,-35.367778,50,0,1,19:40,1495
2600038206,São José dos Ramos,-7.230556,-35.363056,41,0,1,19:40,1742
2600038207,São José dos Ramos,-7.248056,-35.379722,50,0,2,18:40,1892
2600038208,São José dos Ramos,-7.224722,-35.343611,50,0,3,19:41,1620
2600038209,São José dos Ramos,-7.252222,-35.345556,40,0,2,18:41,1920
2600038210,São José dos Ramos,-7.253889,-35.2925,50,0,2,18:42,1046
2600038212,Gurinhém,-7.240556,-35.425278,50,0,3,18:39,1760
2600038213,São José dos Ramos,-7.261944,-35.396944,45,0,2,18:40,1200
2600038216,São José dos Ramos,-7.246389,-35.299167,48,0,2,18:42,1182
2600038217,Arara,-6.876389,-35.736389,50,1,1,28:31,16260
2600038220,Serraria,-6.848333,-35.674167,52,1,2,28:33,13590
2600038221,Serraria,-6.853056,-35.6525,50,1,2,28:33,10700
2600038223,Serraria,-6.857222,-35.691111,50,1,3,28:32,35800
2600038224,Arara,-6.870833,-35.683611,51,1,3,28:32,20700
2600038228,Serraria,-6.859444,-35.6625,50,1,2,28:33,10050
2600038229,Serraria,-6.859444,-35.662778,50,1,2,28:33,12380
2600038230,Arara,-6.82,-35.701667,50,1,3,29:32,7830
2600038231,Serraria,-6.861667,-35.687222,60,1,3,28:32,18190
2600038232,Arara,-6.878611,-35.689722,50,1,3,28:32,29100
2600038233,Pilões,-6.883611,-35.645556,50,0,3,27:33,1529
2600038234,Serraria,-6.865,-35.666944,22,1,2,28:33,25500
2600038235,Serraria,-6.865556,-35.666944,40,1,2,28:33,25300
2600038236,Serraria,-6.866111,-35.666667,40,1,2,28:33,29500
2600038237,Serraria,-6.866389,-35.666111,40,1,2,28:33,29500
2600038240,Sobrado,-7.146667,-35.250556,50,0,3,21:43,2050
2600038241,Sobrado,-7.145278,-35.251111,50,0,3,21:43,2390
2600038248,Sobrado,-7.183611,-35.258056,40,0,2,20:43,575
2600038260,Sobrado,-7.161389,-35.2475,50,0,2,20:43,559
2600038262,Solânea,-6.764167,-35.703333,6.4,1,4,30:32,3660
2600038263,Solânea,-6.746389,-35.704722,0.8,1,2,31:32,15280
2600038267,Solânea,-6.770556,-35.667222,51.4,0,3,30:33,274
2600038268,Solânea,-6.755833,-35.670833,77,0,1,31:33,414
2600038270,Solânea,-6.762222,-35.701944,47.3,0,4,30:32,731
2600038271,Solânea,-6.757778,-35.656944,66,1,1,31:33,7990
2600038275,Solânea,-6.753889,-35.700833,26.22,0,2,31:32,1054
2600038277,Solânea,-6.776667,-35.651389,54.16,0,3,30:33,103
2600038278,Solânea,-6.778611,-35.667778,50.5,0,3,30:33,669
2600038279,Solânea,-6.756944,-35.674167,72,0,1,31:33,329
2600038280,Solânea,-6.753056,-35.667778,72,0,1,31:33,281
2600038281,Solânea,-6.758889,-35.661667,75,0,1,31:33,425
2600038284,Solânea,-6.756667,-35.656111,65,0,1,31:33,1001
2600038286,Santa Rita,-7.164444,-34.956389,180,0,5,20:51,328
2600038287,Santa Rita,-7.149722,-34.969444,120,0,4,21:50,294
2600038289,Santa Rita,-7.075833,-34.957778,18,0,5,23:51,55
2600038290,Santa Rita,-7.130278,-34.968889,142,0,4,21:50,326
2600038291,Santa Rita,-7.130278,-34.969167,60,0,4,21:50,297
2600038292,Santa Rita,-7.131389,-34.967778,150,0,4,21:50,283
2600038293,Santa Rita,-7.153333,-35.0075,116,0,2,21:49,106
2600038296,Santa Rita,-7.228611,-35.0325,12,0,3,19:49,69
2600038297,Santa Rita,-7.094167,-35.042222,23,0,4,22:48,97
2600038298,Santa Rita,-7.075833,-34.9575,10,0,5,23:51,104
2600038299,Santa Rita,-7.251667,-34.999722,15,0,3,18:50,172
2600038300,Santa Rita,-7.128333,-34.972222,170,0,4,21:50,370
2600038303,Santa Rita,-7.094444,-35.041944,29,0,4,22:48,107
2600038304,Santa Rita,-7.095833,-35.043056,25,0,4,22:48,117
2600038305,Santa Rita,-7.130556,-35.015556,25,0,2,21:49,2560
2600038306,Santa Rita,-7.151667,-34.965278,24,0,4,21:50,511
2600038308,Santa Rita,-7.138889,-34.983056,42,0,4,21:50,271
2600038309,Santa Rita,-6.9775,-34.983333,100,0,5,25:50,140
2600038311,Santa Rita,-6.974722,-34.980278,100,0,5,25:50,66
2600038312,Santa Rita,-7.044722,-34.903333,80,0,3,23:52,107
2600038313,Santa Rita,-7.046667,-34.905278,101,0,3,23:52,93
2600038314,Santa Rita,-6.987778,-34.874444,122,0,3,25:53,440
2600038317,Santa Rita,-7.029722,-34.871944,60,0,1,24:53,527
2600038318,Santa Rita,-7.078611,-34.959444,35,0,5,23:51,285
2600038319,Santa Rita,-7.078611,-34.959444,120,0,5,23:51,282
2600038320,Santa Rita,-7.093611,-35.008333,60,0,1,22:49,137
2600038322,Santa Rita,-7.250556,-34.982778,90,0,3,18:50,84
2600038323,Santa Rita,-7.2375,-35.021111,100,0,3,19:49,79
2600038324,Santa Rita,-7.139722,-35.012778,80,0,2,21:49,226
2600038325,Santa Rita,-7.139167,-35.032778,60,0,2,21:49,130
2600038326,Santa Rita,-7.127222,-35.039444,40,0,2,21:49,331
2600038327,Santa Rita,-7.083611,-34.9825,80,0,2,22:50,129
2600038328,Santa Rita,-7.074444,-34.979444,40,0,3,23:50,188
2600038329,Santa Rita,-7.073611,-34.977222,60,0,3,23:50,111
2600038330,Santa Rita,-7.081389,-34.9675,30,0,2,22:50,68
2600038332,Santa Rita,-7.056667,-34.951111,40,0,5,23:51,85
2600038333,Santa Rita,-7.0425,-34.936111,60,0,5,23:51,107
2600038334,Santa Rita,-7.078611,-34.960833,25,0,3,23:50,185
2600038335,Santa Rita,-7.048889,-34.898889,60,0,3,23:52,108
2600038336,Santa Rita,-7.122778,-34.981944,53,0,4,21:50,276
2600038337,Santa Rita,-7.126667,-34.969444,110,0,4,21:50,393
2600038338,Santa Rita,-7.133056,-34.963056,42,0,4,21:50,73
2600038339,Santa Rita,-7.1275,-34.950278,48,0,1,21:51,138
2600038340,Santa Rita,-7.162222,-34.975,30,0,2,20:50,127
2600038341,Santa Rita,-7.168889,-34.976944,46,0,2,20:50,39
2600038347,Santa Rita,-7.089167,-34.961111,92,0,2,22:50,317
2600038348,Santa Rita,-7.128056,-34.966389,50,0,4,21:50,271
2600038349,Santa Rita,-7.137222,-34.967778,200.5,0,4,21:50,598
2600038350,Santa Rita,-7.083333,-34.969444,30,0,2,22:50,136
2600038351,São Domingos do Cariri,-7.581111,-36.446389,45,1,2,10:13,6050
2600038352,São Domingos do Cariri,-7.586389,-36.3925,58,1,1,10:15,3330
2600038353,São Domingos do Cariri,-7.555278,-36.442778,45,0,1,11:13,2640
2600038354,Cabaceiras,-7.499167,-36.404167,40,1,3,12:14,4740
2600038355,São Domingos do Cariri,-7.5075,-36.398056,52,1,3,12:15,7240
2600038356,São Domingos do Cariri,-7.639722,-36.432778,50,0,1,9:14,1210
2600038357,São Domingos do Cariri,-7.516389,-36.373889,36,0,3,12:15,2440
2600038358,São Domingos do Cariri,-7.595,-36.394722,50,0,1,10:15,2780
2600038359,São Domingos do Cariri,-7.578611,-36.447222,45,1,2,10:13,7790
2600038360,São Domingos do Cariri,-7.654167,-36.396667,45,0,1,8:15,2340
2600038361,São Domingos do Cariri,-7.632778,-36.366111,45,1,3,9:15,17830
2600038362,Caraúbas,-7.660278,-36.451944,50,1,4,8:13,3110
2600038363,Caraúbas,-7.660556,-36.451667,30,1,4,8:13,3690
2600038364,São Domingos do Cariri,-7.585278,-36.376667,30,0,1,10:15,344
2600038365,São Domingos do Cariri,-7.6275,-36.416667,48,0,1,9:14,2850
2600038366,São Domingos do Cariri,-7.603056,-36.416944,60,1,1,9:14,3530
2600038367,São Domingos do Cariri,-7.590278,-36.424722,50,1,5,10:14,4820
2600038368,São Domingos do Cariri,-7.641944,-36.428333,45,0,5,8:14,1843
2600038369,Barra de São Miguel,-7.677222,-36.440556,60,0,4,8:13,1372
2600038371,São Domingos do Cariri,-7.649722,-36.430278,50,0,5,8:14,538
2600038372,São Domingos do Cariri,-7.643333,-36.436389,40,0,5,8:14,2070
2600038373,São Domingos do Cariri,-7.628333,-36.382778,45,0,3,9:15,1059
2600038374,São Domingos do Cariri,-7.631944,-36.391111,30,1,3,9:15,3110
2600038375,São Domingos do Cariri,-7.626944,-36.393333,50,0,3,9:15,1449
2600038376,São Domingos do Cariri,-7.638056,-36.391944,45,1,3,9:15,7490
2600038377,São Domingos do Cariri,-7.5425,-36.365278,60,0,1,11:15,2030
2600038378,São Domingos do Cariri,-7.589444,-36.428611,45,1,5,10:14,7990
2600038379,São Domingos do Cariri,-7.551111,-36.379167,50,1,1,11:15,3040
2600038381,Cabaceiras,-7.537778,-36.356667,43,0,1,11:16,1902
2600038383,São Domingos do Cariri,-7.550278,-36.377222,38,0,1,11:15,1591
2600038384,São Domingos do Cariri,-7.525556,-36.371389,60,1,1,11:15,3120
2600038385,São Domingos do Cariri,-7.577222,-36.416111,36,0,5,10:14,2710
2600038386,Cabaceiras,-7.546667,-36.349722,50,1,1,11:16,7570
2600038387,São Domingos do Cariri,-7.623889,-36.38,45,0,3,9:15,1963
2600038388,São Domingos do Cariri,-7.611944,-36.370278,45,0,3,9:15,2220
2600038390,São Domingos do Cariri,-7.654167,-36.458889,50,1,4,8:13,3150
2600038391,São Domingos do Cariri,-7.635833,-36.377778,45,1,3,9:15,8120
2600038393,São Domingos do Cariri,-7.583611,-36.423611,36,0,5,10:14,2900
2600038394,Cabaceiras,-7.493611,-36.4075,44,1,3,12:14,6890
2600038395,Barra de São Miguel,-7.676111,-36.4025,45,1,5,8:14,4950
2600038396,São Domingos do Cariri,-7.650833,-36.410833,45,0,5,8:14,1899
2600038397,São Domingos do Cariri,-7.597778,-36.433333,40,0,5,10:14,2340
2600038398,São Domingos do Cariri,-7.653611,-36.438611,50,1,5,8:14,3790
2600038399,São Miguel de Taipu,-7.242222,-35.179722,91,0,3,18:45,1665
2600038400,Cruz do Espírito Santo,-7.199444,-35.162778,50,0,5,20:45,1213
2600038401,São Miguel de Taipu,-7.264722,-35.202778,34,0,4,18:44,1715
2600038402,São Miguel de Taipu,-7.258333,-35.222778,35,0,4,18:44,1092
2600038404,São Miguel de Taipu,-7.24,-35.191389,30,0,3,18:45,390
2600038405,São Miguel de Taipu,-7.244444,-35.227778,60,0,4,18:44,543
2600038407,São Miguel de Taipu,-7.251111,-35.183056,50,0,3,18:45,486
2600038408,São Miguel de Taipu,-7.242222,-35.2175,50,0,4,18:44,2000
2600038409,São Miguel de Taipu,-7.2425,-35.217222,50,0,4,18:44,1730
2600038410,São Miguel de Taipu,-7.2425,-35.215833,50,0,4,18:44,1720
2600038412,São Miguel de Taipu,-7.2475,-35.209722,50,0,4,18:44,640
2600038413,São Miguel de Taipu,-7.242222,-35.187222,20,0,3,18:45,1352
2600038414,Sapé,-7.122222,-35.230833,60,0,2,21:44,935
2600038415,Sapé,-7.081944,-35.128889,25,0,4,22:46,64
2600038417,Sapé,-7.152222,-35.201111,46,0,2,21:44,1141
2600038418,Sapé,-7.082222,-35.242778,35,0,3,22:43,152
2600038419,Sapé,-7.130278,-35.2625,52,0,3,21:43,2620
2600038420,Sapé,-7.159167,-35.223056,62,0,2,21:44,1356
2600038421,Sapé,-7.155,-35.18,50,0,2,21:45,763
2600038422,Mari,-7.064722,-35.263611,40,0,4,23:43,604
2600038423,Sapé,-7.094167,-35.146111,35,0,4,22:46,916
2600038424,Sapé,-7.088333,-35.208056,30,0,5,22:44,403
2600038425,Sapé,-7.088333,-35.238056,60,0,5,22:44,309
2600038426,Sapé,-7.087222,-35.237778,50,0,5,22:44,322
2600038427,Sapé,-7.086944,-35.236944,50,0,5,22:44,344
2600038428,Sapé,-7.093611,-35.1725,50,0,5,22:45,1322
2600038429,Sapé,-7.118333,-35.168056,16,0,5,22:45,106
2600038430,Sapé,-7.119444,-35.233611,45,0,5,22:44,655
2600038432,Mari,-7.079444,-35.265556,10,0,4,23:43,155
2600038433,Sapé,-7.095833,-35.203333,26,0,5,22:44,282
2600038434,Sapé,-7.116667,-35.254722,53,1,3,22:43,6100
2600038435,Mari,-7.083889,-35.265556,36,0,3,22:43,984
2600038436,Sapé,-7.165278,-35.177778,12,0,5,20:45,274
2600038437,Sapé,-7.164722,-35.176667,50,0,5,20:45,654
2600038438,Sapé,-7.101111,-35.156389,40,0,4,22:46,176
2600038440,Sapé,-7.001389,-35.193333,60,0,2,24:45,633
2600038441,Sapé,-7.115833,-35.185,35,0,5,22:45,179
2600038442,Sapé,-7.114722,-35.165556,60,0,5,22:45,360
2600038443,Sapé,-7.104167,-35.213333,42,0,5,22:44,204
2600038445,Sapé,-6.951389,-35.214444,35,0,5,26:44,271
2600038447,Sapé,-7.048611,-35.198611,38,0,3,23:45,533
2600038448,Sapé,-7.034444,-35.217222,50,0,4,24:44,1344
2600038449,Sapé,-7.093056,-35.147222,30,0,4,22:46,780
2600038450,Sapé,-7.150278,-35.1875,43,0,2,21:45,254
2600038451,Sapé,-6.950556,-35.224722,50,0,5,26:44,485
2600038453,Sapé,-6.992222,-35.25,50,0,1,25:43,686
2600038454,Sapé,-7.009167,-35.246944,50,0,1,24:43,327
2600038455,Sapé,-7.025278,-35.209167,40,0,4,24:44,322
2600038456,Sapé,-7.049167,-35.199444,22,0,3,23:45,617
2600038457,Sapé,-7.053889,-35.201667,50,0,1,23:44,420
2600038458,Sapé,-6.991389,-35.250278,50,0,1,25:43,807
2600038459,Sapé,-7.070556,-35.133611,30,0,2,23:46,50
2600038460,Sapé,-7.116667,-35.203056,12,0,5,22:44,386
2600038461,Sapé,-7.118333,-35.203889,34,0,5,22:44,245
2600038462,Umbuzeiro,-7.691944,-35.779444,50,0,3,7:30,1033
2600038464,Umbuzeiro,-7.643333,-35.650833,51,0,3,8:33,241
2600038465,Umbuzeiro,-7.735,-35.804722,50,0,5,6:29,1720
2600038468,Umbuzeiro,-7.733056,-35.799444,50,0,3,6:30,244
2600038471,Umbuzeiro,-7.674722,-35.711111,50,0,3,8:32,518
2600038476,Umbuzeiro,-7.740278,-35.797222,50,0,3,6:30,714
2600038478,Riachão,-6.521389,-35.644167,27,1,2,36:33,4480
2600038479,Riachão,-6.521389,-35.644167,40,1,2,36:33,4200
2600038480,Riachão,-6.548056,-35.663889,40,1,2,36:33,9790
2600038481,Riachão,-6.550556,-35.668333,35,1,2,36:33,55000
2600038483,Riachão,-6.54,-35.615,40,0,3,36:34,2570
2600038489,Riachão,-6.52,-35.638611,40,1,1,37:34,8770
2600038490,Riachão,-6.526389,-35.649722,30,1,2,36:33,9990
2600038491,Riachão,-6.517222,-35.651111,45,1,1,37:33,6140
2600038492,Riacho de Santo Antônio,-7.681389,-36.157778,22,1,4,7:21,4940
2600038493,Alcantil,-7.671944,-36.127222,36,1,5,8:21,9480
2600038494,Riacho de Santo Antônio,-7.719722,-36.145278,13,1,4,7:21,16580
2600038496,Riacho de Santo Antônio,-7.623889,-36.108333,50,1,1,9:22,11090
2600038497,Barra de São Miguel,-7.6925,-36.170556,13.6,1,4,7:20,18380
2600038499,Riacho de Santo Antônio,-7.691667,-36.154167,50,1,4,7:21,17980
2600038501,Riacho de Santo Antônio,-7.681944,-36.161111,10,1,4,7:20,8640
2600038503,Campina Grande,-7.296389,-36.1075,30,1,4,17:22,4750
2600038505,Campina Grande,-7.298333,-36.113333,50,1,4,17:22,8430
2600038506,Boa Vista,-7.326111,-36.268611,50,0,4,16:18,1189
2600038509,Boa Vista,-7.281944,-36.292778,48,1,2,17:17,3910
2600038512,Boa Vista,-7.245,-36.291389,50,1,3,18:17,9720
2600038513,Boa Vista,-7.2725,-36.232222,18,1,3,18:19,4800
2600038515,Pocinhos,-7.186944,-36.184167,45,1,1,20:20,6360
2600038516,Pocinhos,-7.188333,-36.184167,42,1,1,20:20,6500
2600038518,Boa Vista,-7.285,-36.242222,48,1,1,17:18,3340
2600038519,Boa Vista,-7.285,-36.2425,48,1,1,17:18,11080
2600038520,Boa Vista,-7.286667,-36.246944,50,0,1,17:18,2170
2600038521,Boa Vista,-7.178056,-36.126667,50,1,4,20:21,11370
2600038523,Boa Vista,-7.293056,-36.245556,14,1,1,17:18,8120
2600038525,Bom Jesus,-6.810556,-38.631111,40,0,3,29:-41,584
2600038528,Boa Vista,-7.254722,-36.311111,50,1,3,18:17,9420
2600038529,Boa Vista,-7.263056,-36.2175,29,1,3,18:19,4080
2600038530,Boa Vista,-7.316389,-36.173611,38,0,5,17:20,2820
2600038532,Boa Vista,-7.307222,-36.320833,50,1,1,17:16,10510
2600038534,Boa Vista,-7.227222,-36.138056,26,1,4,19:21,18300
2600038536,Boa Vista,-7.232222,-36.326111,26,1,1,19:16,5910
2600038537,Boa Vista,-7.232778,-36.323611,50,1,1,19:16,17040
2600038538,Boa Vista,-7.251667,-36.279444,23.1,1,3,18:18,6660
2600038540,Boa Vista,-7.248056,-36.172222,55,1,4,18:20,16260
2600038541,Boa Vista,-7.254444,-36.240833,30,1,3,18:18,6560
2600038542,Boa Vista,-7.259444,-36.257222,50,1,3,18:18,11370
2600038544,Boa Vista,-7.195833,-36.111944,48,1,1,20:22,11300
2600038545,Boa Vista,-7.304722,-36.238611,39,1,5,17:19,7240
2600038546,Boa Vista,-7.368333,-36.336111,21,0,2,15:16,526
2600038547,Boa Vista,-7.368056,-36.336389,50,0,2,15:16,740
2600038548,Boa Vista,-7.224167,-36.284167,50,1,5,19:17,6670
2600038549,Boa Vista,-7.273333,-36.310833,48,0,3,18:17,1215
2600038550,Boa Vista,-7.271944,-36.298333,40,1,3,18:17,28100
2600038551,Cabaceiras,-7.312778,-36.333333,50,1,1,17:16,9350
2600038553,Boa Vista,-7.260833,-36.221944,40,0,3,18:19,2240
2600038557,Boa Vista,-7.308611,-36.175278,30,1,5,17:20,10100
2600038558,Boa Vista,-7.272222,-36.193333,50,0,4,18:20,2650
2600038559,Boa Vista,-7.266389,-36.194722,45,1,4,18:20,3100
2600038561,Boa Vista,-7.257222,-36.236389,45,1,3,18:19,7390
2600038562,Campina Grande,-7.289444,-36.107222,30,1,4,17:22,4260
2600038564,Boa Vista,-7.294444,-36.288611,50,0,2,17:17,2250
2600038565,Boa Vista,-7.250556,-36.242222,32,1,3,18:18,11670
2600038568,Boa Vista,-7.254722,-36.24,35,1,3,18:18,7420
2600038569,Boa Vista,-7.288889,-36.121111,50,1,5,17:21,7850
2600038570,Boa Vista,-7.2775,-36.301944,54,1,3,18:17,9920
2600038571,Boa Vista,-7.289444,-36.206667,20,1,5,17:19,5250
2600038572,Boa Vista,-7.298889,-36.291111,50,1,2,17:17,9820
2600038573,Boa Vista,-7.286944,-36.139167,25,0,5,17:21,1968
2600038575,Boa Vista,-7.245556,-36.3275,45,0,4,18:16,2580
2600038576,Boa Vista,-7.263333,-36.3075,40,0,3,18:17,1354
2600038577,Campina Grande,-7.277778,-36.115278,45,1,3,18:22,11370
2600038578,Boa Vista,-7.265,-36.130556,50,0,4,18:21,1875
2600038579,Boa Vista,-7.293333,-36.201389,16,1,5,17:19,6690
2600038580,Boa Vista,-7.248611,-36.161944,35,1,4,18:20,7520
2600038581,Boa Vista,-7.304167,-36.238889,30,1,5,17:19,4450
2600038583,Boa Vista,-7.303333,-36.300556,50,1,2,17:17,13270
2600038584,Boa Vista,-7.2875,-36.304444,50,1,2,17:17,13880
2600038586,Boa Vista,-7.336389,-36.135833,50,1,1,16:21,9450
2600038587,Boa Vista,-7.307222,-36.157778,53,0,5,17:21,893
2600038588,Boa Vista,-7.3125,-36.151111,50,1,5,17:21,6100
2600038589,Boa Vista,-7.326667,-36.158889,50,0,1,16:21,1722
2600038590,Boa Vista,-7.292222,-36.304167,45,1,2,17:17,18080
2600038592,Boa Vista,-7.263056,-36.226944,50,1,3,18:19,8200
2600038593,Boa Vista,-7.248889,-36.153056,21,1,4,18:21,8340
2600038594,Boa Vista,-7.230556,-36.184167,30,1,2,19:20,7910
2600038596,Boa Vista,-7.313056,-36.307222,50,1,2,17:17,8650
2600038600,Boa Vista,-7.252778,-36.137222,50,1,4,18:21,14010
2600038601,Boa Vista,-7.254167,-36.251111,50,1,3,18:18,5250
2600038602,Boa Vista,-7.241111,-36.240278,52,1,3,18:18,20900
2600038604,Boa Vista,-7.230833,-36.150278,50,1,4,19:21,16960
2600038605,Boa Vista,-7.231389,-36.146944,43,1,4,19:21,5500
2600038606,Boa Vista,-7.271111,-36.141667,18,1,4,18:21,5860
2600038607,Pocinhos,-7.184167,-36.185556,35,1,1,20:20,12340
2600038608,Pocinhos,-7.181389,-36.186667,45,1,1,20:20,16400
2600038611,Boa Vista,-7.2425,-36.156111,30,1,4,18:21,10900
2600038613,Boa Vista,-7.248889,-36.3075,40,1,3,18:17,7940
2600038614,Boa Vista,-7.267778,-36.12,45,1,3,18:22,5650
2600038617,Boa Vista,-7.269444,-36.147778,42,1,4,18:21,12440
2600038618,Boa Vista,-7.268889,-36.116944,50,1,3,18:22,9630
2600038621,Campina Grande,-7.274722,-35.720556,37,0,2,18:31,1720
2600038622,Campina Grande,-7.291944,-35.732222,50,0,4,17:31,2890
2600038623,Campina Grande,-7.277778,-35.736389,49,1,2,18:31,3300
2600038624,Campina Grande,-7.289444,-35.734722,48.7,1,4,17:31,7190
2600038626,Campina Grande,-7.198889,-36.074722,45,1,5,20:23,10510
2600038627,Campina Grande,-7.2,-36.086667,46,1,3,19:22,9890
2600038630,Campina Grande,-7.202222,-36.078611,43,1,2,19:23,12220
2600038631,Campina Grande,-7.315556,-36.0975,24.9,1,4,17:22,3010
2600038633,Campina Grande,-7.302778,-35.7975,50,0,5,17:30,2820
2600038634,Campina Grande,-7.198611,-36.047222,45,1,5,20:23,12960
2600038635,Ingá,-7.309444,-35.719167,45,0,1,17:32,2480
2600038636,Campina Grande,-7.315556,-35.836944,50,1,5,17:29,9050
2600038637,Campina Grande,-7.253333,-35.837222,60,0,4,18:29,2700
2600038639,Campina Grande,-7.277778,-36.098611,20,0,3,18:22,1496
2600038640,Campina Grande,-7.259444,-35.984722,50,1,1,18:25,7910
2600038641,Campina Grande,-7.259722,-35.984722,19,1,1,18:25,3020
2600038642,Campina Grande,-7.230556,-36.052778,50,1,2,19:23,13880
2600038643,Campina Grande,-7.230833,-36.0525,9,1,2,19:23,11820
2600038645,Campina Grande,-7.276944,-35.833333,45,1,4,18:29,11350
2600038647,Campina Grande,-7.318889,-36.048333,32,1,3,17:23,18070
2600038648,Riacho de Santo Antônio,-7.719444,-36.116667,46,0,2,7:22,1727
2600038649,Alcantil,-7.674722,-36.019444,38,1,4,8:24,10510
2600038650,Alcantil,-7.605556,-36.000833,40,1,1,9:24,5480
2600038651,Alcantil,-7.749167,-36.11,16,1,1,6:22,18970
2600038652,Alcantil,-7.7525,-36.1075,18,0,1,6:22,2740
2600038653,Alcantil,-7.691111,-36.003333,48,1,1,7:24,26330
2600038654,Alcantil,-7.641944,-36.008611,35,1,4,8:24,10380
2600038655,Alcantil,-7.720556,-36.061944,42,1,2,6:23,10230
2600038656,Alcantil,-7.686389,-36.1175,7.7,1,2,7:22,15890
2600038657,Riacho de Santo Antônio,-7.611111,-36.077222,48,1,5,9:23,13250
2600038658,Alcantil,-7.676111,-36.106944,50,0,5,8:22,1871
2600038660,Alcantil,-7.739722,-36.079444,48,1,2,6:23,8070
2600038661,Alcantil,-7.741389,-36.049444,46,1,2,6:23,13600
2600038662,Alcantil,-7.68,-35.9975,39,1,2,8:25,7030
2600038663,Alcantil,-7.735278,-36.0575,52,1,2,6:23,9350
2600038664,Alcantil,-7.671389,-36.010556,52,0,4,8:24,2780
2600038665,Alcantil,-7.595,-36.045,37,1,1,10:23,8760
2600038666,Alcantil,-7.739167,-36.080278,46,1,1,6:22,8310
2600038667,Alcantil,-7.711389,-36.058611,42,0,1,7:23,2290
2600038670,Alcantil,-7.755833,-36.043333,35,1,2,6:23,4890
2600038671,Alcantil,-7.638611,-36.019444,42,1,1,9:24,12690
2600038672,Alcantil,-7.741667,-36.076389,42,1,2,6:23,5750
2600038673,Alcantil,-7.704444,-36.061667,30,1,1,7:23,15960
2600038674,Alcantil,-7.615556,-36.067778,42,1,5,9:23,3480
2600038675,Alcantil,-7.665,-36.000278,48,1,4,8:24,10940
2600038676,Alcantil,-7.701111,-36.061667,12,1,1,7:23,15520
2600038677,Alcantil,-7.679722,-36.058611,46,1,2,8:23,12950
2600038678,Alcantil,-7.676944,-36.101944,43,1,5,8:22,10390
2600038679,Alcantil,-7.662778,-36.081944,48,1,5,8:22,7540
2600038680,Alcantil,-7.678889,-36.066944,36,1,2,8:23,11510
2600038681,Alcantil,-7.658333,-36.020833,52,1,4,8:24,13830
2600038682,Alcantil,-7.693889,-36.031111,44,1,1,7:24,9470
2600038683,Alcantil,-7.720833,-36.032778,25,1,1,6:24,7360
2600038684,Alcantil,-7.768333,-36.115,36,1,5,5:22,6850
2600038687,Alcantil,-7.629444,-36.000278,48,1,1,9:24,10270
2600038688,Alcantil,-7.735,-36.081944,55,1,1,6:22,15760
2600038691,Alcantil,-7.598889,-36.027222,35,1,5,10:24,6510
2600038692,Alcantil,-7.715,-36.0825,42,1,2,7:22,16090
2600038693,Alcantil,-7.746111,-36.049167,50,1,2,6:23,14370
2600038695,Alcantil,-7.767778,-36.069722,52,1,4,5:23,8990
2600038696,Alcantil,-7.741667,-36.057222,40,1,2,6:23,5250
2600038697,Alcantil,-7.741667,-36.055556,36,0,2,6:23,2780
2600038698,Alcantil,-7.744167,-36.048889,42,1,2,6:23,6820
2600038699,Alcantil,-7.674722,-36.001111,56,1,4,8:24,15670
2600038700,Alcantil,-7.611944,-35.999722,45,1,4,9:25,10520
2600038701,Alcantil,-7.724444,-36.053889,40,1,2,6:23,8560
2600038702,Alcantil,-7.748333,-36.105833,30,1,1,6:22,15430
2600038703,Alcantil,-7.679167,-36.037222,42,1,4,8:24,14270
2600038704,Campina Grande,-7.319444,-36.048333,32,1,3,17:23,14300
2600038706,Campina Grande,-7.253611,-35.883056,47,1,2,18:27,5430
2600038707,Campina Grande,-7.256667,-35.879722,36.1,0,2,18:28,2400
2600038708,Queimadas,-7.309444,-35.851389,46.2,1,4,17:28,7380
2600038709,Campina Grande,-7.283333,-36.096667,40.7,1,4,17:22,3780
2600038710,Campina Grande,-7.196667,-35.954167,56.77,1,5,20:26,12380
2600038711,Campina Grande,-7.281944,-36.082222,42,0,4,17:22,2180
2600038712,Campina Grande,-7.312222,-35.761111,43.5,1,5,17:30,9130
2600038714,Massaranduba,-7.277778,-35.744722,45,0,2,18:31,1500
2600038715,Campina Grande,-7.181667,-35.903889,46.7,0,5,20:27,2570
2600038717,Campina Grande,-7.261944,-35.811389,30,1,4,18:29,3360
2600038719,Campina Grande,-7.290278,-36.037778,40,0,1,17:24,1252
2600038721,Campina Grande,-7.251389,-35.965,50,0,1,18:25,1160
2600038723,Campina Grande,-7.279444,-36.061667,1.5,1,5,18:23,9200
2600038726,Campina Grande,-7.18,-36.048889,48,1,5,20:23,15650
2600038728,Campina Grande,-7.226389,-36.006111,47,1,3,19:24,25500
2600038729,Campina Grande,-7.155556,-36.090556,24.35,1,5,21:22,17110
2600038730,Campina Grande,-7.251389,-35.841667,50,1,2,18:28,4770
2600038734,Campina Grande,-7.2475,-35.845556,66.17,0,2,18:28,1576
2600038735,Campina Grande,-7.279167,-35.9025,31.75,1,2,18:27,5170
2600038737,Campina Grande,-7.306389,-36.0525,54,1,3,17:23,11100
2600038739,Campina Grande,-7.311667,-35.823333,50,1,5,17:29,7250
2600038740,Queimadas,-7.290833,-35.955,44.1,1,5,17:26,14070
2600038742,Campina Grande,-7.296667,-35.800556,25.15,1,5,17:29,12320
2600038744,Campina Grande,-7.244722,-36.091667,50,1,3,18:22,9430
2600038745,Campina Grande,-7.306944,-35.759722,45,0,4,17:31,2600
2600038747,Campina Grande,-7.256111,-35.982778,12.3,1,1,18:25,3770
2600038749,Campina Grande,-7.3025,-35.735833,50,1,4,17:31,11910
2600038750,Puxinanã,-7.180278,-35.911389,27.3,0,5,20:27,1498
2600038752,Queimadas,-7.309444,-35.845556,50,1,4,17:28,3730
2600038753,Queimadas,-7.308889,-35.8425,46,1,4,17:28,5730
2600038754,Campina Grande,-7.322222,-36.008056,36,1,1,16:24,10750
2600038755,Cabaceiras,-7.374167,-36.214722,42,1,3,15:19,4930
2600038756,Ingá,-7.303333,-35.72,40,1,1,17:32,4120
2600038757,Campina Grande,-7.315278,-35.765833,50,0,5,17:30,2890
2600038758,Campina Grande,-7.183056,-35.903056,30,1,5,20:27,4960
2600038759,Campina Grande,-7.277778,-35.756667,65,1,2,18:31,3080
2600038760,Campina Grande,-7.295556,-35.769167,30,1,5,17:30,5820
2600038761,Campina Grande,-7.292222,-35.765556,44.11,1,5,17:30,8060
2600038763,Campina Grande,-7.302222,-35.810833,42,1,5,17:29,3820
2600038764,Campina Grande,-7.316944,-35.748056,40,1,4,17:31,15710
2600038765,Campina Grande,-7.274167,-35.911389,41.1,1,2,18:27,4410
2600038766,Campina Grande,-7.307778,-35.815,45,1,5,17:29,3760
2600038767,Campina Grande,-7.168333,-36.085833,6.2,1,1,20:22,13100
2600038769,Campina Grande,-7.160833,-36.085833,43.5,1,1,20:22,7310
2600038771,Fagundes,-7.345833,-35.779167,35,0,4,16:30,1620
2600038772,Campina Grande,-7.285556,-35.754167,27,1,4,17:31,5620
2600038773,Campina Grande,-7.285556,-35.753889,16.11,1,4,17:31,6740
2600038774,Campina Grande,-7.315556,-36.064444,20,1,3,17:23,4210
2600038775,Campina Grande,-7.320556,-36.063889,47,1,2,16:23,3280
2600038776,Campina Grande,-7.322222,-36.012778,40,1,1,16:24,11250
2600038777,Campina Grande,-7.246944,-35.843889,38,0,2,18:28,1020
2600038778,Campina Grande,-7.245,-35.843333,36.05,1,2,18:28,12070
2600038779,Campina Grande,-7.261944,-36.069167,47,1,5,18:23,12260
2600038780,Campina Grande,-7.294167,-35.828611,40,1,5,17:29,3060
2600038781,Campina Grande,-7.255556,-35.879722,50,0,2,18:28,2740
2600038782,Campina Grande,-7.276944,-35.786667,43.1,1,1,18:30,4410
2600038783,Campina Grande,-7.303611,-35.726389,30,1,4,17:31,5900
2600038784,Campina Grande,-7.213056,-35.985,19.6,1,4,19:25,4880
2600038785,Campina Grande,-7.334167,-36.001111,35,1,1,16:24,7620
2600038786,Campina Grande,-7.334167,-36.001111,35,0,1,16:24,518
2600038788,Campina Grande,-7.219444,-35.951111,39.6,1,3,19:26,7910
2600038789,Campina Grande,-7.281389,-35.812778,50,1,5,17:29,7580
2600038790,Campina Grande,-7.281667,-35.810278,50,1,5,17:29,9220
2600038791,Fagundes,-7.338889,-35.788056,35,0,4,16:30,851
2600038792,Campina Grande,-7.321389,-35.763611,45,1,4,16:30,5970
2600038793,Campina Grande,-7.277778,-35.815,45,1,4,18:29,10550
2600038794,Campina Grande,-7.321389,-35.753333,40,0,5,16:31,532
2600038795,Campina Grande,-7.288611,-35.744722,18,1,4,17:31,8380
2600038796,Campina Grande,-7.299167,-36.057778,51,1,3,17:23,3020
2600038798,Campina Grande,-7.272778,-35.791389,50,1,1,18:30,6350
2600038799,Campina Grande,-7.316111,-35.834167,54,1,5,17:29,13730
2600038800,Campina Grande,-7.276111,-35.816944,45,1,4,18:29,9610
2600038801,Campina Grande,-7.255,-35.969722,49,1,1,18:25,11200
2600038802,Campina Grande,-7.314444,-35.766667,45,1,5,17:30,4180
2600038804,Campina Grande,-7.275278,-35.720833,39,0,2,18:31,1860
2600038805,Campina Grande,-7.210556,-36.071667,50,1,2,19:23,16630
2600038806,Massaranduba,-7.276111,-35.781667,80,1,1,18:30,4290
2600038808,Campina Grande,-7.255556,-35.879444,50,0,2,18:28,2520
2600038809,Campina Grande,-7.181944,-35.916111,45,0,5,20:27,2640
2600038810,Campina Grande,-7.294167,-35.759722,51,1,4,17:31,8120
2600038813,Campina Grande,-7.333333,-36.09,24,1,3,16:22,7710
2600038815,Campina Grande,-7.311944,-36.0725,24,0,3,17:23,2480
2600038818,Campina Grande,-7.255,-35.862778,52,0,2,18:28,419
2600038819,Campina Grande,-7.181667,-36.041944,21.45,1,5,20:23,17180
2600038820,Campina Grande,-7.206389,-36.017222,48,1,3,19:24,24800
2600038821,Campina Grande,-7.209722,-35.991389,48,1,4,19:25,12450
2600038822,Campina Grande,-7.220556,-35.978056,40,1,4,19:25,20000
2600038823,Campina Grande,-7.245556,-35.993611,40,1,1,18:25,10920
2600038824,Campina Grande,-7.265833,-36.094722,29.85,1,3,18:22,17560
2600038825,Campina Grande,-7.313611,-36.066944,45,0,3,17:23,2500
2600038826,Campina Grande,-7.341389,-36.092222,33,0,3,16:22,2630
2600038827,Campina Grande,-7.351111,-36.095556,48,0,3,16:22,2560
2600038829,Campina Grande,-7.300556,-36.041667,50,1,3,17:23,28600
2600038830,Campina Grande,-7.320833,-36.024722,50,1,1,16:24,19100
2600038831,Campina Grande,-7.3325,-36.0775,47,1,2,16:23,9700
2600038832,Campina Grande,-7.283889,-36.0125,42,1,1,17:24,10770
2600038833,Campina Grande,-7.242222,-36.082222,51,1,3,18:22,10560
2600038834,Massaranduba,-7.250833,-35.837222,46.7,0,4,18:29,2220
2600038835,Campina Grande,-7.284444,-35.890278,50,1,5,17:27,13950
2600038836,Campina Grande,-7.187778,-35.900278,46,0,5,20:27,2560
2600038839,Campina Grande,-7.286667,-36.020278,32,0,1,17:24,1580
2600038840,Campina Grande,-7.286944,-36.020556,35,0,1,17:24,1750
2600038843,Campina Grande,-7.3225,-35.766944,52,1,4,16:30,5430
2600038844,Campina Grande,-7.298889,-35.804167,46.5,1,5,17:29,5560
2600038845,Campina Grande,-7.210278,-36.063611,50,1,2,19:23,15130
2600038846,Campina Grande,-7.221944,-36.064167,48,1,2,19:23,19860
2600038847,Caturité,-7.367222,-36.053056,40,0,2,15:23,2900
2600038848,Campina Grande,-7.298611,-35.775,45,1,5,17:30,6110
2600038849,Campina Grande,-7.195278,-35.981389,51.55,1,1,20:25,3320
2600038853,Caturité,-7.368333,-36.056667,25,0,2,15:23,2580
2600038854,Campina Grande,-7.166111,-36.050833,2.47,1,5,20:23,22200
2600038855,Campina Grande,-7.285,-35.725278,51,1,4,17:31,3900
2600038860,Campina Grande,-7.276944,-35.832222,45,1,4,18:29,4890
2600038861,Campina Grande,-7.284167,-35.758056,45,1,4,17:31,7710
2600038862,Gurinhém,-7.135278,-35.505278,45,1,2,21:37,4710
2600038863,Ingá,-7.292222,-35.614167,51,1,2,17:34,5180
2600038864,Ingá,-7.321944,-35.585556,30,1,4,16:35,4520
2600038865,Ingá,-7.298611,-35.613889,50,1,2,17:34,7510
2600038866,Ingá,-7.204444,-35.544722,27,0,2,19:36,2670
2600038868,Ingá,-7.290556,-35.620556,50.05,1,2,17:34,7200
2600038869,Ingá,-7.263611,-35.568889,40,1,5,18:35,6100
2600038870,Ingá,-7.268611,-35.618056,50,1,1,18:34,11130
2600038871,Ingá,-7.272222,-35.616944,46,1,1,18:34,7650
2600038872,Ingá,-7.324722,-35.638889,36,1,5,16:34,8500
2600038873,Ingá,-7.290556,-35.656111,32,0,1,17:33,2800
2600038874,Ingá,-7.203889,-35.650556,35,0,4,19:33,1203
2600038875,Ingá,-7.331389,-35.697778,40,0,1,16:32,1350
2600038876,Ingá,-7.203056,-35.549444,40,0,2,19:36,1430
2600038878,Ingá,-7.303611,-35.608333,42,0,2,17:34,2260
2600038879,Ingá,-7.208056,-35.576111,40,0,5,19:35,881
2600038880,Ingá,-7.325556,-35.583611,40,1,4,16:35,4890
2600038881,Ingá,-7.308611,-35.646667,48,0,1,17:33,2920
2600038882,Ingá,-7.318056,-35.708611,40,1,1,17:32,3450
2600038883,Ingá,-7.31,-35.703611,30,1,1,17:32,9770
2600038885,Ingá,-7.326389,-35.699167,42,1,1,16:32,19180
2600038886,Ingá,-7.307222,-35.681944,52,1,1,17:32,6830
2600038887,Ingá,-7.310556,-35.626389,40,1,2,17:34,7070
2600038888,Ingá,-7.215278,-35.56,30,1,5,19:35,5330
2600038889,Ingá,-7.273611,-35.646944,36,1,5,18:33,7800
2600038890,Ingá,-7.186111,-35.634444,40,0,2,20:34,1320
2600038893,Ingá,-7.290278,-35.608611,35,0,2,17:34,2850
2600038896,Ingá,-7.208889,-35.562222,36,1,5,19:35,6560
2600038898,Ingá,-7.289167,-35.611944,60,0,2,17:34,2470
2600038899,Ingá,-7.307778,-35.57,28,1,4,17:35,4040
2600038900,Ingá,-7.2775,-35.681111,12.8,1,4,18:32,5130
2600038901,Ingá,-7.273056,-35.670556,26,0,5,18:33,2360
2600038902,Ingá,-7.275,-35.674167,19.6,1,5,18:33,5700
2600038903,Ingá,-7.316389,-35.716111,20,1,1,17:32,3980
2600038904,Ingá,-7.290833,-35.653889,40,1,1,17:33,5090
2600038906,Ingá,-7.298889,-35.618333,40,1,2,17:34,5030
2600038907,Ingá,-7.328333,-35.668056,40,1,1,16:33,3580
2600038908,Ingá,-7.288889,-35.615,40,1,2,17:34,5370
2600038909,Ingá,-7.285,-35.63,37,1,2,17:34,10100
2600038910,Ingá,-7.188333,-35.638333,40,0,2,20:34,2070
2600038911,Ingá,-7.195278,-35.630278,32.2,1,2,20:34,4550
2600038912,Ingá,-7.192222,-35.644167,28,0,4,20:33,668
2600038913,Ingá,-7.209444,-35.661111,30,0,4,19:33,1620
2600038915,Ingá,-7.207222,-35.633056,47,0,1,19:34,2240
2600038916,Ingá,-7.2325,-35.626667,46,1,1,19:34,7710
2600038917,Juarez Távora,-7.1875,-35.5775,22,1,2,20:35,6610
2600038918,Ingá,-7.211944,-35.570278,50,1,5,19:35,5390
2600038919,Ingá,-7.261667,-35.559167,35,0,3,18:36,745
2600038921,Riachão do Bacamarte,-7.222222,-35.643056,50,1,4,19:33,4260
2600038922,Ingá,-7.275833,-35.652222,35,0,5,18:33,2350
2600038924,Ingá,-7.263611,-35.596667,50,1,5,18:35,5670
2600038925,Juarez Távora,-7.136389,-35.591944,50,1,4,21:35,3250
2600038928,Juarez Távora,-7.126111,-35.533889,50,1,2,21:36,9960
2600038930,Juarez Távora,-7.140833,-35.565833,30,1,4,21:35,4830
2600038931,Gurinhém,-7.18,-35.481389,40,1,1,20:37,3400
2600038932,Juarez Távora,-7.174167,-35.588889,55,1,2,20:35,3170
2600038934,Juarez Távora,-7.146111,-35.54,45,0,2,21:36,2300
2600038936,Juarez Távora,-7.151111,-35.613056,33,1,3,21:34,4020
2600038937,Juarez Távora,-7.174722,-35.538333,30,1,2,20:36,3800
2600038940,Gurinhém,-7.190556,-35.4875,50,1,1,20:37,9760
2600038941,Ingá,-7.204167,-35.591111,47,1,5,19:35,4940
2600038942,Gurinhém,-7.188056,-35.510833,22,1,1,20:37,3540
2600038944,Gurinhém,-7.1925,-35.5025,27,1,1,20:37,3120
2600038952,Juarez Távora,-7.147778,-35.558056,40,1,2,21:36,3210
2600038954,Juarez Távora,-7.138056,-35.544167,33,1,2,21:36,3160
2600038955,Juarez Távora,-7.17,-35.589722,55,1,2,20:35,9590
2600038956,Gurinhém,-7.142222,-35.496944,50,1,2,21:37,5660
2600038958,Lagoa Seca,-7.143056,-35.896389,24,0,5,21:27,2430
2600038960,Lagoa Seca,-7.1525,-35.860278,19,0,5,21:28,270
2600038964,Lagoa Seca,-7.171667,-35.869444,48,0,2,20:28,280
2600038967,Lagoa Seca,-7.154722,-35.903889,47,0,5,21:27,926
2600038968,Lagoa Seca,-7.153611,-35.904167,28,0,5,21:27,860
2600038969,Lagoa Seca,-7.165833,-35.854722,18,0,2,20:28,585
2600038970,Lagoa Seca,-7.168889,-35.846667,32,0,2,20:28,808
2600038978,Lagoa Seca,-7.161111,-35.853333,60,0,2,20:28,498
2600038982,Lagoa Seca,-7.157222,-35.905,40,0,5,21:27,807
2600038983,Lagoa Seca,-7.153889,-35.904444,40,0,5,21:27,1495
2600038984,Lagoa Seca,-7.170833,-35.846944,50,0,2,20:28,545
2600038989,Lagoa Seca,-7.162222,-35.848889,50,0,2,20:28,546
2600038991,Lagoa Seca,-7.156111,-35.849444,45,0,5,21:28,2180
2600038992,Lagoa Seca,-7.161944,-35.848889,50,0,2,20:28,542
2600038994,Lagoa Seca,-7.165278,-35.906667,53,0,5,20:27,2490
2600038995,Lagoa Seca,-7.155556,-35.899444,49,0,5,21:27,782
2600038998,Lagoa Seca,-7.14,-35.856667,50,0,5,21:28,648
2600038999,Lagoa Seca,-7.139167,-35.859167,50,0,5,21:28,1290
2600039000,Lagoa Seca,-7.139722,-35.859722,50,0,5,21:28,1273
2600039002,Lagoa Seca,-7.152222,-35.844444,41,0,5,21:28,828
2600039007,Lagoa Seca,-7.170556,-35.864444,50,0,2,20:28,1843
2600039008,Lagoa Seca,-7.153056,-35.862778,39,0,5,21:28,799
2600039009,Lagoa Seca,-7.153056,-35.8625,42,0,5,21:28,431
2600039013,Lagoa Seca,-7.177778,-35.855,35,0,2,20:28,3000
2600039015,Lagoa Seca,-7.1375,-35.893611,51.8,0,5,21:27,1156
2600039016,Lagoa Seca,-7.175278,-35.835,40,0,4,20:29,777
2600039018,Lagoa Seca,-7.158056,-35.915,50,0,5,21:27,888
2600039019,Lagoa Seca,-7.1525,-35.862222,16,0,5,21:28,291
2600039020,Lagoa Seca,-7.105556,-35.890278,13.4,1,3,22:27,12910
2600039021,Lagoa Seca,-7.156944,-35.896944,49,0,5,21:27,566
2600039027,Lagoa Seca,-7.163056,-35.836389,40,0,4,20:29,1285
2600039028,Lagoa Seca,-7.161944,-35.835556,50,0,4,20:29,1722
2600039033,Lagoa Seca,-7.158611,-35.914167,53,0,5,21:27,591
2600039034,Lagoa Seca,-7.171111,-35.849167,33,0,2,20:28,1157
2600039035,Lagoa Seca,-7.148611,-35.811389,50,0,3,21:29,714
2600039036,Lagoa Seca,-7.148333,-35.811389,50,0,3,21:29,692
2600039039,Lagoa Seca,-7.161944,-35.854444,60,0,2,20:28,598
2600039042,Lagoa Seca,-7.159722,-35.856389,50,0,5,21:28,887
2600039044,Lagoa Seca,-7.171111,-35.83,62,0,4,20:29,2350
2600039046,Lagoa Seca,-7.162778,-35.8575,10,0,2,20:28,684
2600039047,Lagoa Seca,-7.151667,-35.8575,30,0,5,21:28,447
2600039049,Lagoa Seca,-7.144722,-35.865,50,0,5,21:28,747
2600039050,Lagoa Seca,-7.153611,-35.866111,6,0,5,21:28,344
2600039055,Lagoa Seca,-7.165278,-35.910556,42,0,5,20:27,2190
2600039057,Lagoa Seca,-7.170278,-35.847222,50,0,2,20:28,485
2600039058,Lagoa Seca,-7.156667,-35.907778,38,0,5,21:27,760
2600039059,Lagoa Seca,-7.173333,-35.863611,50,0,2,20:28,969
2600039060,Lagoa Seca,-7.135,-35.8625,45,0,5,21:28,1766
2600039062,Massaranduba,-7.241111,-35.708333,60,0,4,18:32,1979
2600039063,Massaranduba,-7.184444,-35.738889,50,0,3,20:31,1874
2600039064,Massaranduba,-7.266389,-35.72,51,0,4,18:32,1986
2600039066,Massaranduba,-7.186389,-35.740556,31,0,3,20:31,940
2600039067,Massaranduba,-7.125556,-35.730833,28.7,1,1,21:31,3840
2600039068,Massaranduba,-7.1575,-35.696944,43,0,1,21:32,994
2600039069,Massaranduba,-7.256389,-35.714167,37,1,4,18:32,3600
2600039071,Matinhas,-7.150833,-35.784444,45,1,2,21:30,3090
2600039073,Massaranduba,-7.169722,-35.764444,50,0,1,20:30,667
2600039076,Massaranduba,-7.200833,-35.724722,50,1,3,19:31,5430
2600039077,Massaranduba,-7.159722,-35.703889,50,0,1,21:32,1121
2600039078,Massaranduba,-7.160556,-35.704722,47.55,1,2,20:32,7220
2600039080,Lagoa Seca,-7.164167,-35.8125,45.3,1,4,20:29,45500
2600039081,Massaranduba,-7.270278,-35.726389,25.35,0,2,18:31,728
2600039085,Massaranduba,-7.149722,-35.69,34.5,0,1,21:32,1837
2600039086,Massaranduba,-7.161111,-35.786389,50,0,1,20:30,1805
2600039087,Massaranduba,-7.138333,-35.740833,0.5,1,1,21:31,6460
2600039088,Massaranduba,-7.201111,-35.739167,45,0,3,19:31,2040
2600039089,Massaranduba,-7.116667,-35.723333,52,0,1,22:31,1874
2600039092,Massaranduba,-7.166389,-35.74,50,1,3,20:31,3930
2600039094,Massaranduba,-7.156944,-35.744444,45,1,1,21:31,8540
2600039095,Massaranduba,-7.201111,-35.7125,48,1,2,19:32,3110
2600039096,Massaranduba,-7.205,-35.705833,45,1,2,19:32,9720
2600039097,Massaranduba,-7.129444,-35.719722,50,1,1,21:32,3720
2600039098,Massaranduba,-7.262222,-35.715278,50,0,4,18:32,2490
2600039101,Serra Redonda,-7.191667,-35.668889,35,0,4,20:33,1215
2600039103,Serra Redonda,-7.165,-35.69,45,0,2,20:32,543
2600039104,Serra Redonda,-7.158611,-35.682222,17.56,0,1,21:32,2500
2600039105,Serra Redonda,-7.191389,-35.680556,4.77,1,2,20:32,3600
2600039107,Serra Redonda,-7.201667,-35.676944,40,0,4,19:33,2510
2600039112,Serra Redonda,-7.153611,-35.673333,50,0,5,21:33,860
2600039113,Serra Redonda,-7.199444,-35.692222,48,1,2,20:32,4040
2600039117,Serra Redonda,-7.179167,-35.686667,35.73,1,2,20:32,8460
2600039119,Serra Redonda,-7.176944,-35.661944,36,0,4,20:33,879
2600039120,Serra Redonda,-7.173611,-35.641667,7.36,0,4,20:33,938
2600039121,Serra Redonda,-7.1775,-35.625833,36,0,2,20:34,1146
2600039126,Serra Redonda,-7.163056,-35.655,26,1,4,20:33,4470
2600039127,Serra Redonda,-7.164444,-35.673611,44.1,0,4,20:33,889
2600039128,Serra Redonda,-7.158611,-35.675278,48,0,5,21:33,2140
2600039130,Serra Redonda,-7.145,-35.659167,28.84,1,5,21:33,7250
2600039134,Serra Redonda,-7.164722,-35.610833,45,1,2,20:34,3950
2600039141,Olivedos,-6.995278,-36.260833,50,1,4,25:18,19080
2600039143,Olivedos,-6.984444,-36.301389,33.5,1,4,25:17,11630
2600039145,Olivedos,-6.967222,-36.264167,34,1,4,25:18,32700
2600039146,Olivedos,-6.91,-36.246111,30,1,2,27:18,4700
2600039148,Olivedos,-6.890278,-36.240278,20,1,2,27:18,12550
2600039151,Olivedos,-6.885,-36.2325,40,0,1,27:19,2120
2600039153,Olivedos,-6.928611,-36.204167,43,1,4,26:19,24900
2600039155,Olivedos,-6.892778,-36.235,12,1,1,27:19,7260
2600039157,Olivedos,-6.945833,-36.321111,50,1,3,26:16,6390
2600039159,Olivedos,-7.078889,-36.2525,5.6,0,1,23:18,1276
2600039160,Olivedos,-7.081389,-36.27,50,1,1,22:18,21000
2600039161,Olivedos,-6.972222,-36.295556,14.3,1,4,25:17,7970
2600039162,Olivedos,-6.93,-36.24,40,1,3,26:18,21100
2600039163,Olivedos,-6.992222,-36.245278,43,1,4,25:18,22700
2600039165,Olivedos,-6.909444,-36.208056,30,1,1,27:19,4780
2600039166,Olivedos,-6.985,-36.225833,25,1,3,25:19,9060
2600039167,Olivedos,-6.933611,-36.228333,49,0,4,26:19,2990
2600039169,Olivedos,-6.946389,-36.219167,35,1,4,26:19,31900
2600039171,Olivedos,-6.997222,-36.236944,52,1,3,25:19,12480
2600039172,Olivedos,-7.023333,-36.201389,36,1,2,24:19,10430
2600039173,Picuí,-6.541667,-36.444167,50,1,4,36:13,9260
2600039175,Itabaiana,-7.389167,-35.327778,43,1,5,15:41,9510
2600039176,Itabaiana,-7.373889,-35.345556,50,1,5,15:41,8510
2600039177,Itabaiana,-7.371389,-35.336944,30,1,5,15:41,4350
2600039181,Itabaiana,-7.365,-35.33,50,1,5,15:41,6730
2600039183,Itabaiana,-7.384167,-35.317222,50,1,4,15:42,9690
2600039184,Itabaiana,-7.388333,-35.321944,50,1,5,15:41,6580
2600039188,Itabaiana,-7.369722,-35.351944,52,0,5,15:41,2470
2600039189,Itabaiana,-7.339722,-35.331667,50,1,2,16:41,3470
2600039195,Juripiranga,-7.379722,-35.193889,52,0,3,15:45,150.4
2600039196,Juripiranga,-7.373056,-35.194167,53,0,3,15:45,178.8
2600039197,Pilar,-7.252778,-35.266111,54,0,4,18:43,395
2600039198,Pilar,-7.252778,-35.265556,62,0,4,18:43,331
2600039199,Pilar,-7.243889,-35.285,25,0,2,18:42,925
2600039200,Pilar,-7.239167,-35.282778,46,0,5,19:42,930
2600039201,Pilar,-7.300556,-35.266389,40,0,3,17:43,1638
2600039202,Pilar,-7.318889,-35.259444,50,0,3,17:43,328
2600039203,Pilar,-7.292778,-35.233056,35,0,1,17:44,280
2600039204,Pilar,-7.256111,-35.253056,30,0,4,18:43,437
2600039205,Salgado de São Félix,-7.3925,-35.458611,25,1,1,15:38,16620
2600039206,Salgado de São Félix,-7.401944,-35.455278,45,1,5,14:38,8330
2600039207,Salgado de São Félix,-7.391111,-35.472222,25,0,1,15:38,2980
2600039214,Salgado de São Félix,-7.3825,-35.440556,35,1,1,15:38,5640
2600039218,Salgado de São Félix,-7.426111,-35.408889,45,0,4,14:39,2870
2600039219,Salgado de São Félix,-7.384444,-35.416111,18,1,1,15:39,3840
2600039220,Salgado de São Félix,-7.383056,-35.415278,50,0,1,15:39,2690
2600039224,Mogeiro,-7.329722,-35.495556,23,1,3,16:37,4110
2600039226,Mogeiro,-7.299444,-35.475833,1,1,4,17:38,7980
2600039231,Gurinhém,-7.231944,-35.485,40,0,5,19:37,1824
2600039233,Mogeiro,-7.2975,-35.485,39.6,1,1,17:37,10730
2600039234,Mogeiro,-7.3,-35.486944,58.8,0,1,17:37,2490
2600039235,Mogeiro,-7.311111,-35.449444,49.5,1,4,17:38,13580
2600039237,São José dos Ramos,-7.253056,-35.346389,23,0,2,18:41,2410
2600039241,São José dos Ramos,-7.245278,-35.305556,17,0,2,18:42,642
2600039242,São José dos Ramos,-7.245833,-35.372778,27,0,2,18:40,1075
2600039243,São José dos Ramos,-7.259444,-35.4,49,1,2,18:40,3810
2600039244,São José dos Ramos,-7.246389,-35.423333,37,1,3,18:39,3820
2600039245,Mogeiro,-7.248889,-35.533056,40,1,3,18:36,3600
2600039246,Mogeiro,-7.313056,-35.470556,30,1,4,17:38,12560
2600039247,Gurinhém,-7.215278,-35.486944,27,1,5,19:37,3480
2600039249,Gurinhém,-7.201944,-35.515278,36,1,5,19:37,5270
2600039250,Mogeiro,-7.301667,-35.521667,40,1,4,17:36,7480
2600039251,Mogeiro,-7.299444,-35.521389,13.95,1,4,17:36,4450
2600039252,Gurinhém,-7.203333,-35.491667,15,0,5,19:37,2090
2600039254,Itatuba,-7.394167,-35.536111,30,1,2,15:36,7740
2600039255,Mogeiro,-7.231667,-35.512222,34,1,5,19:37,3350
2600039259,Mogeiro,-7.308333,-35.477222,45,1,4,17:38,11280
2600039260,Gurinhém,-7.191389,-35.478611,18,0,5,20:38,1679
2600039261,Gurinhém,-7.253056,-35.450556,25,0,2,18:38,2430
2600039262,Gurinhém,-7.253333,-35.452222,30,1,2,18:38,9740
2600039265,Mogeiro,-7.317222,-35.466667,35,1,4,17:38,10810
2600039266,Mogeiro,-7.318333,-35.444167,37,1,4,17:38,7360
2600039267,Mogeiro,-7.269722,-35.541667,45,0,3,18:36,620
2600039268,Gurinhém,-7.203889,-35.511667,36,1,5,19:37,4640
2600039270,Mogeiro,-7.224722,-35.511944,48,1,5,19:37,3080
2600039271,Gurinhém,-7.2075,-35.489444,44.5,1,5,19:37,3970
2600039273,Mogeiro,-7.301944,-35.552222,60,0,4,17:36,2680
2600039274,Mogeiro,-7.311111,-35.556389,39,1,4,17:36,5800
2600039276,Mogeiro,-7.300278,-35.495,45,1,1,17:37,12430
2600039277,Mogeiro,-7.258889,-35.553056,50,1,3,18:36,3590
2600039278,Mogeiro,-7.321944,-35.550278,33.55,0,1,16:36,878
2600039279,Gurinhém,-7.203889,-35.498611,26,1,5,19:37,3080
2600039280,Mogeiro,-7.313611,-35.405278,52,0,4,17:39,1259
2600039281,Mogeiro,-7.214722,-35.509167,50,1,5,19:37,5830
2600039284,Mogeiro,-7.314444,-35.436389,24.2,1,4,17:39,3020
2600039285,Mogeiro,-7.258056,-35.483611,50,1,3,18:37,5630
2600039286,Gurinhém,-7.200278,-35.497778,36,0,5,19:37,1054
2600039287,Mogeiro,-7.295,-35.506389,40,1,1,17:37,3550
2600039288,Mogeiro,-7.329444,-35.495556,30,1,3,16:37,11390
2600039289,Mogeiro,-7.313889,-35.4725,45,1,4,17:38,12990
2600039290,Mogeiro,-7.293889,-35.529444,37,0,4,17:36,1619
2600039291,Mogeiro,-7.223611,-35.5025,21,0,5,19:37,1334
2600039292,Mogeiro,-7.29,-35.494444,48,1,1,17:37,5010
2600039295,Mogeiro,-7.309444,-35.479444,30,1,4,17:38,8960
2600039296,Mogeiro,-7.313333,-35.486667,50,1,1,17:37,5030
2600039297,Mogeiro,-7.21,-35.511111,45,1,5,19:37,5910
2600039299,Mogeiro,-7.246389,-35.518056,38,1,3,18:37,3410
2600039300,Mogeiro,-7.2525,-35.5275,28,1,3,18:36,3780
2600039301,Mogeiro,-7.271944,-35.528611,28,0,3,18:36,1680
2600039303,Gurinhém,-7.231944,-35.485278,50,0,5,19:37,2470
2600039304,Gurinhém,-7.226389,-35.487778,50,1,5,19:37,3110
2600039305,Mogeiro,-7.214167,-35.504444,48,1,5,19:37,5280
2600039306,Serra Branca,-7.586944,-36.806389,46,1,3,10:4,4730
2600039307,Serra Branca,-7.621111,-36.7375,50,1,1,9:6,3240
2600039308,Serra Branca,-7.454167,-36.601111,50,1,5,13:9,4070
2600039309,Serra Branca,-7.487778,-36.616389,45,1,1,12:9,5050
2600039310,Serra Branca,-7.486944,-36.616667,45,1,1,12:9,6830
2600039311,Serra Branca,-7.675278,-36.759444,50,0,1,8:6,929
2600039312,Serra Branca,-7.451944,-36.611944,37,1,5,13:9,10450
2600039314,Serra Branca,-7.451389,-36.671944,45,0,2,13:8,2080
2600039315,Serra Branca,-7.506944,-36.598333,51,0,3,12:10,1077
2600039316,Serra Branca,-7.5,-36.643611,50,0,5,12:8,1542
2600039318,Serra Branca,-7.488611,-36.651389,40,0,5,12:8,1913
2600039319,Coxixola,-7.676389,-36.694722,43,1,5,8:7,3440
2600039321,Serra Branca,-7.6075,-36.824167,50,0,2,9:4,1221
2600039322,Serra Branca,-7.446667,-36.609444,45,1,5,13:9,8380
2600039323,Serra Branca,-7.486944,-36.645278,50,0,5,12:8,739
2600039324,Serra Branca,-7.491111,-36.663056,50,1,5,12:8,6340
2600039325,Serra Branca,-7.621667,-36.778056,50,0,3,9:5,836
2600039326,Serra Branca,-7.500278,-36.638889,40,0,1,12:9,1971
2600039327,Serra Branca,-7.638889,-36.745278,32,0,1,9:6,1602
2600039329,Serra Branca,-7.588333,-36.818333,27,1,3,10:4,5230
2600039330,Serra Branca,-7.495833,-36.667222,37,0,5,12:8,2450
2600039331,Serra Branca,-7.5,-36.674444,29,0,5,12:8,1334
2600039332,Serra Branca,-7.451389,-36.673611,42,0,2,13:8,1891
2600039333,Serra Branca,-7.480278,-36.660278,44,0,5,12:8,1975
2600039335,Serra Branca,-7.544722,-36.633611,42,1,1,11:9,3750
2600039336,Serra Branca,-7.503333,-36.640556,35,0,5,12:8,1369
2600039337,Serra Branca,-7.599167,-36.784444,45,0,1,10:5,1248
2600039338,Serra Branca,-7.545,-36.652222,40,0,1,11:8,2280
2600039339,Coxixola,-7.645,-36.667222,38,1,5,8:8,3970
2600039340,Serra Branca,-7.510278,-36.652222,40,0,5,12:8,2950
2600039341,Serra Branca,-7.452778,-36.597222,45,1,1,13:10,4750
2600039342,Serra Branca,-7.459722,-36.711111,50,1,2,13:7,5610
2600039343,Serra Branca,-7.445278,-36.717778,40,1,2,13:7,4860
2600039344,Serra Branca,-7.548889,-36.635,800,0,1,11:9,2400
2600039345,Serra Branca,-7.478056,-36.670556,22,1,2,13:8,7780
2600039346,Serra Branca,-7.486389,-36.576667,50,0,3,12:10,2720
2600039349,Serra Branca,-7.485278,-36.645278,34,0,5,12:8,1632
2600039350,Serra Branca,-7.539722,-36.644444,40,0,1,11:8,1660
2600039351,Serra Branca,-7.546944,-36.659722,40,1,1,11:8,3850
2600039352,Serra Branca,-7.449722,-36.678333,50,0,2,13:8,2100
2600039353,Serra Branca,-7.620833,-36.782778,50,0,3,9:5,1364
2600039354,Serra Branca,-7.676944,-36.788333,45,0,3,8:5,335
2600039355,Serra Branca,-7.601667,-36.812222,40,0,2,9:4,1466
2600039356,Serra Branca,-7.606667,-36.817778,50,0,2,9:4,907
2600039357,Serra Branca,-7.604444,-36.815278,50,0,2,9:4,530
2600039358,Serra Branca,-7.511667,-36.798889,50,1,1,12:5,3650
2600039360,Serra Branca,-7.484167,-36.669167,33,1,5,12:8,4090
2600039361,Serra Branca,-7.484444,-36.663611,55,1,5,12:8,3350
2600039362,Serra Branca,-7.484444,-36.661389,46,1,5,12:8,3380
2600039366,Serra Branca,-7.499722,-36.641944,45,0,5,12:8,1339
2600039367,Serra Branca,-7.456111,-36.648889,37,1,2,13:8,4670
2600039369,Serra Branca,-7.449444,-36.668056,50,1,2,13:8,3640
2600039370,Serra Branca,-7.458611,-36.711389,45,1,2,13:7,4280
2600039371,Serra Branca,-7.413611,-36.692778,45,0,4,14:7,2250
2600039372,Serra Branca,-7.575,-36.644444,45,0,1,10:8,1701
2600039373,Serra Branca,-7.516667,-36.588333,40,1,3,12:10,4450
2600039374,Serra Branca,-7.509444,-36.591667,25,0,3,12:10,1626
2600039375,Serra Branca,-7.443333,-36.666667,46,0,2,13:8,1214
2600039376,Serra Branca,-7.673889,-36.794444,40,1,3,8:5,7040
2600039377,Serra Branca,-7.478889,-36.659722,50,0,2,13:8,2660
2600039378,Serra Branca,-7.572778,-36.779722,27,0,1,10:5,2820
2600039380,Serra Branca,-7.448889,-36.626667,45,1,5,13:9,18220
2600039381,Serra Branca,-7.452222,-36.628333,45,1,5,13:9,6210
2600039382,Serra Branca,-7.450833,-36.628889,35,1,5,13:9,10340
2600039384,Serra Branca,-7.443889,-36.629444,45,0,5,13:9,1886
2600039385,Serra Branca,-7.443611,-36.628611,50,1,5,13:9,3460
2600039386,Serra Branca,-7.442778,-36.627778,40,0,5,13:9,1271
2600039387,Serra Branca,-7.447222,-36.629444,50,1,5,13:9,10030
2600039388,Serra Branca,-7.425278,-36.671944,40,0,3,14:8,1786
2600039389,Serra Branca,-7.424722,-36.665833,25,0,3,14:8,609
2600039390,Serra Branca,-7.501389,-36.628611,50,0,1,12:9,2740
2600039392,Serra Branca,-7.498056,-36.620556,50,1,1,12:9,3020
2600039393,Serra Branca,-7.501111,-36.623611,50,0,1,12:9,1198
2600039395,Serra Branca,-7.443056,-36.636111,45,0,5,13:9,1855
2600039396,Serra Branca,-7.579444,-36.806389,25,0,3,10:4,979
2600039397,Serra Branca,-7.616667,-36.783333,48,0,3,9:5,582
2600039398,Serra Branca,-7.616389,-36.774722,50,1,3,9:5,4300
2600039400,Serra Branca,-7.666667,-36.739722,45,0,1,8:6,1400
2600039401,Serra Branca,-7.664444,-36.735833,45,0,1,8:6,807
2600039402,Serra Branca,-7.619722,-36.735556,33,1,1,9:6,3060
2600039403,Riachão do Bacamarte,-7.243056,-35.645833,49,1,5,18:33,8780
2600039404,Riachão do Bacamarte,-7.246667,-35.663333,40,1,5,18:33,4430
2600039405,Riachão do Bacamarte,-7.225556,-35.673611,18,0,4,19:33,1280
2600039406,Riachão do Bacamarte,-7.218889,-35.671111,31,0,4,19:33,1784
2600039408,Riachão do Bacamarte,-7.220556,-35.677222,50,0,4,19:33,1733
2600039412,Riachão do Bacamarte,-7.250556,-35.658611,50,0,5,18:33,2310
2600039414,Riachão do Bacamarte,-7.219444,-35.651944,50,0,4,19:33,2950
2600039415,Riachão do Bacamarte,-7.219167,-35.658611,40,0,4,19:33,1032
2600039416,Riachão do Bacamarte,-7.227222,-35.65,50,0,4,19:33,2960
2600039418,Riachão do Bacamarte,-7.245833,-35.691389,48,1,4,18:32,4390
2600039419,Riachão do Bacamarte,-7.259722,-35.691667,40,0,4,18:32,366
2600039420,Riachão do Bacamarte,-7.254444,-35.665556,50,1,5,18:33,8250
2600039422,Arara,-6.844167,-35.724722,60,1,1,28:31,9580
2600039423,Arara,-6.8425,-35.724722,47,1,1,28:31,21900
2600039424,Serraria,-6.831111,-35.701389,50,0,3,29:32,774
2600039425,Arara,-6.819722,-35.701389,50,1,3,29:32,13140
2600039429,Arara,-6.835556,-35.718333,35,1,3,29:32,6360
2600039430,Arara,-6.867222,-35.726667,50,1,1,28:31,8800
2600039432,Serra Branca,-7.508889,-36.672222,27,0,5,12:8,2890
2600039433,Serra Branca,-7.478333,-36.604167,40,0,5,13:9,2660
2600039434,Serra Branca,-7.553611,-36.663056,45,1,1,11:8,4070
2600039435,Serra Branca,-7.513889,-36.668333,33,0,5,12:8,1602
2600039436,Serra Branca,-7.519167,-36.669167,45,1,5,12:8,7840
2600039437,Serra Branca,-7.548889,-36.719444,36,1,2,11:7,4290
2600039438,Serra Branca,-7.466944,-36.601389,36,0,5,13:9,2500
2600039439,Serra Branca,-7.466111,-36.608333,40,0,5,13:9,2840
2600039440,Serra Branca,-7.464444,-36.609444,45,1,5,13:9,4910
2600039442,Serra Branca,-7.480278,-36.660833,10,0,5,12:8,2360
2600039443,Serra Branca,-7.439722,-36.605556,50,1,2,14:9,4060
2600039444,Serra Branca,-7.408333,-36.703333,45,1,4,14:7,5690
2600039446,Serra Branca,-7.449444,-36.678889,40,0,2,13:8,2470
2600039447,Serra Branca,-7.513889,-36.597222,51,1,3,12:10,3100
2600039448,São João do Cariri,-7.437222,-36.596667,50,1,2,14:10,3380
2600039449,Serra Branca,-7.625278,-36.743056,45,1,1,9:6,4310
2600039450,Serra Branca,-7.482222,-36.669444,30,0,5,12:8,2900
2600039451,Serra Branca,-7.684444,-36.7575,22,0,4,7:6,2010
2600039453,Serra Branca,-7.587778,-36.771944,50,0,1,10:5,1109
2600039454,Serra Branca,-7.516667,-36.595556,18,1,3,12:10,3180
2600039455,Serra Branca,-7.490833,-36.653056,38,1,5,12:8,5580
2600039456,Serra Branca,-7.556111,-36.659444,55,0,1,11:8,2550
2600039457,Serra Branca,-7.5025,-36.634444,45,1,1,12:9,7430
2600039458,Serra Branca,-7.505278,-36.736389,50,0,5,12:6,571
2600039459,Serra Branca,-7.453611,-36.678333,45,0,2,13:8,2250
2600039460,Serra Branca,-7.638889,-36.760833,17,0,3,9:5,2750
2600039461,Serra Branca,-7.638333,-36.759722,20,0,1,9:6,2790
2600039462,Serra Branca,-7.638889,-36.758611,50,1,1,9:6,3180
2600039463,Serra Branca,-7.552222,-36.801667,31,1,5,11:4,3240
2600039465,Serra Branca,-7.647222,-36.785,40,0,3,8:5,631
2600039466,Serra Branca,-7.457222,-36.632222,25,1,5,13:9,5630
2600039467,Serra Branca,-7.545833,-36.641111,50,1,1,11:8,3810
2600039469,Serra Branca,-7.685833,-36.751944,21,0,4,7:6,1713
2600039470,Serra Branca,-7.492222,-36.615278,48,1,1,12:9,3950
2600039471,Serra Branca,-7.557778,-36.654167,45,0,1,11:8,2100
2600039472,Serra Branca,-7.594167,-36.774444,50,1,1,10:5,4570
2600039473,Serra Branca,-7.478889,-36.614444,34,0,5,13:9,1281
2600039474,Serra Branca,-7.478056,-36.613056,18,0,5,13:9,1481
2600039475,Serra Branca,-7.555278,-36.661389,26,1,1,11:8,4190
2600039476,Serra Branca,-7.510556,-36.683611,33,1,4,12:7,4020
2600039477,Coxixola,-7.646667,-36.666111,42,1,5,8:8,3880
2600039478,Coxixola,-7.6575,-36.683889,48,0,5,8:7,927
2600039479,Serra Branca,-7.515833,-36.647778,46,0,5,12:8,957
2600039480,Serra Branca,-7.518611,-36.663333,46,0,5,12:8,2480
2600039481,Serra Branca,-7.626667,-36.761944,50,0,3,9:5,802
2600039482,Serra Branca,-7.554167,-36.655833,48,0,1,11:8,1883
2600039483,Serra Branca,-7.678333,-36.728889,45,0,1,8:6,1811
2600039484,Serra Branca,-7.596111,-36.771389,45,0,1,10:5,1942
2600039485,Serra Branca,-7.445556,-36.601667,50,1,5,13:9,7180
2600039486,Pocinhos,-7.121389,-36.103333,45,1,5,21:22,14460
2600039487,Pocinhos,-6.978333,-36.011389,50,1,5,25:24,3780
2600039488,Pocinhos,-7.143611,-36.083889,50,1,5,21:22,18650
2600039493,Pocinhos,-6.973889,-36.000833,30,1,5,25:24,6990
2600039494,Pocinhos,-6.988056,-36.067778,45.87,1,5,25:23,15760
2600039495,Pocinhos,-7.017778,-36.095833,35,0,3,24:22,1540
2600039497,Pocinhos,-7.002778,-36.098056,60,1,3,24:22,11490
2600039498,Pocinhos,-6.996944,-36.096667,100,0,2,25:22,1970
2600039499,Pocinhos,-6.997778,-36.143889,50,1,3,25:21,16610
2600039501,Pocinhos,-7.069444,-36.0625,14.1,1,4,23:23,18060
2600039502,Algodão de Jandaíra,-6.966389,-36.074167,50,1,5,25:23,17370
2600039505,Pocinhos,-7.030556,-36.138611,30,1,5,24:21,12210
2600039507,Pocinhos,-6.992778,-36.065,50,1,5,25:23,12160
2600039509,Pocinhos,-7.001389,-36.124444,30,1,5,24:21,7600
2600039510,Pocinhos,-6.9375,-35.9925,70,1,2,26:25,21900
2600039514,Pocinhos,-7.154444,-36.068889,30.58,0,1,21:23,1740
2600039517,Pocinhos,-7.153333,-36.066944,53.8,1,1,21:23,18700
2600039521,Pocinhos,-7.165278,-36.218333,50,1,4,20:19,16360
2600039525,Pocinhos,-7.044722,-36.127222,45,1,2,23:21,15920
2600039526,Pocinhos,-7.086389,-36.059167,50,0,5,22:23,2350
2600039527,Pocinhos,-7.015,-36.13,28,1,5,24:21,3410
2600039528,Pocinhos,-7.119167,-36.154722,28,1,4,22:21,13240
2600039529,Pocinhos,-7.130833,-36.163056,53.83,1,5,21:20,9450
2600039532,Pocinhos,-7.051944,-36.201667,25,1,5,23:19,27100
2600039535,Pocinhos,-7.176944,-36.185833,50,1,1,20:20,9860
2600039537,Pocinhos,-7.142222,-36.112222,4.75,1,5,21:22,24300
2600039543,Pocinhos,-7.068056,-36.168611,110,1,5,23:20,11120
2600039545,Pocinhos,-7.072222,-36.115833,50.09,1,5,23:22,18360
2600039546,Pocinhos,-6.979167,-36.04,60,1,5,25:24,13820
2600039548,Pocinhos,-7.081389,-36.153889,1.44,1,4,22:21,23600
2600039550,Pocinhos,-7.141389,-36.103889,32.98,1,5,21:22,22300
2600039553,Pocinhos,-7.051944,-36.07,49,1,4,23:23,23000
2600039555,Pocinhos,-7.141667,-36.105556,35.92,1,5,21:22,6770
2600039557,Pocinhos,-6.979444,-36.135,50,1,3,25:21,7810
2600039558,Pocinhos,-7.016389,-36.063611,50,1,1,24:23,18430
2600039559,Pocinhos,-6.966111,-36.119167,50,1,2,25:22,18850
2600039561,Pocinhos,-7.146667,-36.075278,61.3,1,1,21:23,3590
2600039562,Pocinhos,-7.053056,-36.146667,39,0,2,23:21,821
2600039563,Pocinhos,-7.049444,-36.158056,50,1,2,23:21,14850
2600039564,Pocinhos,-7.054444,-36.149444,50,0,2,23:21,2660
2600039565,Pocinhos,-7.055278,-36.145556,50,0,2,23:21,560
2600039566,Pocinhos,-7.080278,-36.155,68,0,4,22:21,572
2600039567,Pocinhos,-6.978333,-36.035278,42,0,5,25:24,2600
2600039571,Pocinhos,-7.04,-36.028889,26,1,5,24:24,9930
2600039575,Pocinhos,-7.076944,-36.068333,105,1,4,23:23,3480
2600039577,Pocinhos,-7.077778,-36.066389,50,1,4,23:23,3060
2600039578,Pocinhos,-7.068056,-36.202778,110,1,5,23:19,10210
2600039581,Pocinhos,-7.050833,-36.054722,35,1,4,23:23,10130
2600039582,Pocinhos,-7.085,-36.061667,48.45,0,5,22:23,2450
2600039586,Olivedos,-7.068889,-36.212778,50,1,5,23:19,15110
2600039587,Pocinhos,-6.972222,-36.146389,50,1,3,25:21,29800
2600039590,Pocinhos,-6.986944,-36.181944,48.18,1,3,25:20,35500
2600039591,Pocinhos,-7.018889,-36.094444,50,1,3,24:22,5530
2600040402,Barra de São Miguel,-7.730277,-36.210277,23,1,2,6:19,6250
2600040403,Barra de São Miguel,-7.801666,-36.259166,42,1,2,4:18,5330
2600040404,Barra de São Miguel,-7.703333,-36.274166,50,1,2,7:18,3220
2600040405,Barra de São Miguel,-7.725833,-36.274166,39,1,5,6:18,5555.55
2600040407,Barra de São Miguel,-7.773611,-36.151388,50,1,3,5:21,13390
2600040408,Barra de São Miguel,-7.748333,-36.292222,42,1,1,6:17,3890
2600040410,Bananeiras,-6.705555,-35.660833,50,1,5,32:33,5840
2600040412,Bananeiras,-6.636666,-35.66,50,1,3,34:33,5650
2600040413,Bananeiras,-6.686111,-35.646666,35,0,5,32:33,587
2600040415,Bananeiras,-6.735833,-35.641666,80,0,1,31:33,258
2600040416,Bananeiras,-6.756944,-35.554166,50,0,1,31:36,1078
2600040418,Bananeiras,-6.751944,-35.566111,28,0,1,31:35,1322
2600040419,Bananeiras,-6.728055,-35.592777,82,0,1,31:35,155
2600040422,Bananeiras,-6.736944,-35.626666,93,0,2,31:34,199
2600040423,Bananeiras,-6.632222,-35.543333,49,1,1,34:36,7210
2600040424,Bananeiras,-6.6275,-35.561666,55,1,1,34:35,8580
2600040427,Bananeiras,-6.7425,-35.631666,84,0,2,31:34,224
2600040428,Bananeiras,-6.7425,-35.629444,56,0,2,31:34,104
2600040429,Bananeiras,-6.755555,-35.634166,50,0,2,31:34,368
2600040431,Bananeiras,-6.75,-35.639166,35,0,2,31:34,351
2600040432,Barra de São Miguel,-7.739444,-36.223889,30,1,2,6:19,3860
2600040433,Barra de São Miguel,-7.732778,-36.240833,50,1,5,6:18,5040
2600040435,Barra de São Miguel,-7.712778,-36.242778,51,1,2,7:18,11250
2600040436,Barra de São Miguel,-7.71,-36.256389,57,1,2,7:18,5830
2600040437,Barra de São Miguel,-7.728889,-36.285278,30,1,1,6:17,4470
2600040439,Barra de São Miguel,-7.768333,-36.183056,25,1,3,5:20,5950
2600040441,Barra de São Miguel,-7.752222,-36.275556,18,1,5,6:18,3420
2600040442,Riacho de Santo Antônio,-7.6925,-36.146111,20,0,4,7:21,3000
2600040443,Barra de São Miguel,-7.805833,-36.290556,25,1,5,4:17,5360
2600040444,Barra de São Miguel,-7.744167,-36.234722,35.4,1,2,6:19,6340
2600040445,Boqueirão,-7.644167,-36.197778,46,1,2,8:20,5580
2600040447,Barra de São Miguel,-7.736111,-36.166944,30,1,3,6:20,9980
2600040448,Barra de São Miguel,-7.741944,-36.236944,50,1,2,6:19,3980
2600040449,Barra de São Miguel,-7.745833,-36.228611,28,1,2,6:19,4920
2600040450,Barra de São Miguel,-7.716667,-36.245278,48,0,2,7:18,2320
2600040451,Barra de São Miguel,-7.708333,-36.249722,48,0,2,7:18,1234
2600040452,Barra de São Miguel,-7.695556,-36.278889,45,0,2,7:18,1518
2600040453,Barra de São Miguel,-7.715556,-36.249722,30,1,2,7:18,5120
2600040454,Barra de São Miguel,-7.779722,-36.260556,12,1,1,5:18,12290
2600040455,Barra de São Miguel,-7.779722,-36.260556,40,0,1,5:18,2240
2600040456,Barra de São Miguel,-7.766944,-36.289444,35,1,4,5:17,7180
2600040457,Barra de São Miguel,-7.566667,-36.233611,20,0,5,10:19,2770
2600040459,Barra de São Miguel,-7.765278,-36.271944,50,1,1,5:18,15280
2600040460,Barra de São Miguel,-7.730833,-36.303056,50,1,1,6:17,6660
2600040461,Barra de São Miguel,-7.565278,-36.229167,47,1,5,10:19,3170
2600040462,Barra de São Miguel,-7.726389,-36.2775,19,1,5,6:18,5940
2600040463,Barra de São Miguel,-7.752778,-36.302222,14,0,1,6:17,2690
2600040464,Barra de São Miguel,-7.741667,-36.293611,37,1,1,6:17,12220
2600040467,Barra de São Miguel,-7.731667,-36.176111,56,1,3,6:20,8360
2600040468,Barra de São Miguel,-7.780556,-36.153333,25,1,3,5:21,12960
2600040469,Barra de São Miguel,-7.798889,-36.291111,30,1,4,5:17,5280
2600040470,Barra de São Miguel,-7.728056,-36.206389,17.5,1,2,6:19,6840
2600040471,Barra de São Miguel,-7.695556,-36.241944,14,1,2,7:18,6070
2600040472,Barra de São Miguel,-7.693333,-36.241389,24,1,2,7:18,7560
2600040473,Barra de São Miguel,-7.699444,-36.219444,35,0,4,7:19,1977
2600040474,Riacho de Santo Antônio,-7.699444,-36.128611,35,0,4,7:21,1099
2600040475,Barra de São Miguel,-7.573611,-36.268056,23.5,1,1,10:18,5480
2600040476,Barra de São Miguel,-7.596944,-36.265556,21,1,1,10:18,3080
2600040478,Barra de São Miguel,-7.706944,-36.315556,30,0,5,7:17,1413
2600040479,Barra de São Miguel,-7.769444,-36.232778,51,1,1,5:19,19170
2600040480,Barra de São Miguel,-7.791944,-36.259167,18,1,1,5:18,3270
2600040481,Barra de São Miguel,-7.709167,-36.326111,18,1,1,7:16,6060
2600040482,Barra de São Miguel,-7.708333,-36.323611,28,1,1,7:16,11220
2600040483,Barra de São Miguel,-7.688889,-36.221667,25,1,4,7:19,6020
2600040484,Barra de São Miguel,-7.790556,-36.281389,33,1,4,5:17,9630
2600040485,Barra de São Miguel,-7.777778,-36.262778,13,0,1,5:18,1903
2600040487,Barra de São Miguel,-7.760278,-36.276944,19.5,0,1,5:18,2640
2600040488,Barra de São Miguel,-7.554444,-36.2425,27,0,5,11:18,971
2600040490,Barra de São Miguel,-7.766111,-36.240277,48,1,1,5:18,12080
2600040491,Barra de São Miguel,-7.732778,-36.311111,45,0,1,6:17,3000
2600040492,Barra de São Miguel,-7.743056,-36.261667,30,0,5,6:18,2170
2600040493,Barra de São Miguel,-7.743889,-36.261389,30,1,5,6:18,5790
2600040494,Barra de São Miguel,-7.719722,-36.330556,32,1,1,7:16,7110
2600040498,Barra de São Miguel,-7.808333,-36.256389,42,1,2,4:18,4650
2600040499,Barra de São Miguel,-7.699444,-36.320833,32,0,1,7:16,880
2600040500,Barra de São Miguel,-7.691111,-36.230278,24,1,4,7:19,10280
2600040501,Barra de São Miguel,-7.569722,-36.231944,32,1,5,10:19,3110
2600040502,Barra de São Miguel,-7.733889,-36.28,45,0,1,6:17,993
2600040504,Sobrado,-7.204444,-35.296667,50,0,5,19:42,1015
2600040505,Sobrado,-7.183333,-35.268611,50,0,2,20:43,782
2600040506,Sobrado,-7.180556,-35.242222,46,0,2,20:43,179
2600040507,Sobrado,-7.173056,-35.228056,32,1,2,20:44,4530
2600040508,Sobrado,-7.2025,-35.255,50,0,1,19:43,375
2600040509,Sobrado,-7.174444,-35.225278,50,0,2,20:44,257.4
2600040510,Sobrado,-7.206389,-35.251389,50,0,1,19:43,1200
2600040511,Sobrado,-7.166389,-35.239722,51,0,2,20:44,653
2600040512,Sobrado,-7.164722,-35.255556,50,0,2,20:43,550
2600040514,Sobrado,-7.183889,-35.253889,50,0,2,20:43,308
2600040515,Sobrado,-7.160556,-35.241111,50,0,2,20:43,606
2600040517,Sobrado,-7.146667,-35.250556,50,0,3,21:43,1613
2600040519,Sobrado,-7.146111,-35.236111,30,0,2,21:44,2415
2600040520,Sobrado,-7.143056,-35.236667,50,0,2,21:44,743
2600040521,Sobrado,-7.183056,-35.257222,38,0,2,20:43,556
2600040522,Sobrado,-7.177222,-35.238611,48,0,2,20:44,312
2600040523,Sobrado,-7.181111,-35.260833,50,0,2,20:43,594
2600054348,São Bentinho,-6.879722,-37.785,41,0,5,28:-20,652
2600054583,Várzea,-6.773888,-37.0975,50,0,2,30:-3,1100
2600054584,Várzea,-6.767222,-37.100833,50,0,2,30:-3,863
2600054585,Várzea,-6.773333,-37.091666,50,1,2,30:-3,5710
2600054587,Várzea,-6.770833,-37.096944,35,0,2,30:-3,2010
2600054930,Triunfo,-6.605277,-38.611944,498,0,3,34:-41,330
